city,page,site,goods,value,quantity,units
BARNSTABLE,314,Saddle Harness and Trunk Manufactorics,Saddle Harness and Trunk,350,,
BARNSTABLE,314,Establishments for m.  Salt,salt,5250,21000,bush
BARNSTABLE,314,Establishments for m.  Rnil-road Cars and other Vehicles,vehicles,4200,,
BARNSTABLE,314,Chair and Cabinet Ware Manufactories,Chair and Cabinet Ware,450,,
BARNSTABLE,314,Tin  Ware  Manufactories,ware,400,,
BARNSTABLE,314,Tannees,leather tanned and curried,1000,,
BARNSTABLE,314,distributed,Boots,5788,596,pairs
BARNSTABLE,314,distributed,shoes,,3650,pairs
BARNSTABLE,314,distributed,boots and shoes,,,
BARNSTABLE,314,distributed,Bricks,337,75000,
BARNSTABLE,314,distributed,Blocks and Pumps,600,,
BARNSTABLE,314,distributed,Fire Wood prepared,4620,1155,cords
BARNSTABLE,314,distributed,Boats built,600,15,
BARNSTABLE,314,Vessels employed in the Mackerel and Cod Fisheries,mackerel,15800,2400,bbls
BARNSTABLE,314,distributed,Sheep total,657,438,head
BARNSTABLE,314,distributed,Wool total,292,876,lbs
BARNSTABLE,314,distributed,Beans,25,1,bush
BARNSTABLE,314,distributed,Horses,13085,308,head
BARNSTABLE,314,distributed,neat  cattle,17824,1094,head
BARNSTABLE,314,distributed,swine,93,715,head
BARNSTABLE,314,distributed,Indian Corn or Maize raised,9034,13552,bush
BARNSTABLE,314,distributed,wheat,61,47,bush
BARNSTABLE,314,distributed,rye,2385,3181,bush
BARNSTABLE,314,distributed,barley,189,315,bush
BARNSTABLE,314,distributed,oats,1020,2720,bush
BARNSTABLE,314,distributed,potatoes,4050,16200,bush
BARNSTABLE,314,distributed,onions,1683,76500,bunches
BARNSTABLE,314,distributed,other esculen t vegetables,2297,9188,bush
BARNSTABLE,314,distributed,hay,24412,2980,tons
BARNSTABLE,314,distributed,Fruit raised,994,2746,bush
BARNSTABLE,314,distributed,Butter,8088,40440,lbs
BARNSTABLE,314,distributed,cheese,172,2150,lbs
BREWSTER,315,Paper Manufactories,stock consumed,3000,50,tons
BREWSTER,315,Paper Manufactories,paper,,50,tons
BREWSTER,315,Establishments  for ·m.  Salt,salt,4500,20500,bush
BREWSTER,315,Tin Ware Manufactories,ware,2000,,
BREWSTER,315,Tanneries,leather tanned and curried,3000,,
BREWSTER,315,distributed,Boots,1410,260,pairs
BREWSTER,315,distributed,shoes,,950,pairs
BREWSTER,315,distributed,boots and shoes,,,
BREWSTER,315,distributed,Blacking,1350,,
BREWSTER,315,Vessels employed in the Mackerel and Cod Fisheries,codfish,5400,2400,quintals
BREWSTER,315,Vessels employed in the Mackerel and Cod Fisheries,salt con­ sumed,,2600,bush
BREWSTER,315,distributed,Sheep total,300,150,head
BREWSTER,315,distributed,Wool total,150,450,lbs
BREWSTER,315,distributed,Horses,3785,90,head
BREWSTER,315,distributed,neat cattle,5055,337,head
BREWSTER,315,distributed,swine,824,103,head
BREWSTER,315,distributed,Indian Corn or Maize raised,2294,2925,bush
BREWSTER,315,distributed,rye,337,450,bush
BREWSTER,315,distributed,oats,120,300,bush
BREWSTER,315,distributed,potatoes,900,3030,bush
BREWSTER,315,distributed,other  esculent vegetables,1150,2500,bush
BREWSTER,315,distributed,hay,5250,525,tons
BREWSTER,315,distributed,Fruit raised,330,830,bush
BREWSTER,315,distributed,Butter,1298,7790,lbs
BREWSTER,315,distributed,cheese,40,550,lbs
CHATHAM,315,Establishments for m.. Salt,salt,3600,18000,bush
CHATHAM,315,distributed,Boots,900,150,pairs
CHATHAM,315,distributed,shoes,,400,pairs
CHATHAM,315,distributed,boots and shoes,,,
CHATHAM,315,distributed,Boats built,50,6,
CHATHAM,315,Vessels employed in the Mackerel and Cod Fisheries,mackerel,2000,400,bbls
CHATHAM,315,Vessels employed in the Mackerel and Cod Fisheries,cod.fish,17000,7600,quintals
CHATHAM,315,Vessels employed in the Mackerel and Cod Fisheries,salt consumed,,10000,bush
CHATHAM,315,distributed,Sheep total,300,300,head
CHATHAM,315,distributed,Wool total,200,600,lbs
CHATHAM,316,distributed,Horses,5000,100,head
CHATHAM,316,distributed,neat cattle,7800,650,head
CHATHAM,316,distributed,swine,2400,300,head
CHATHAM,316,distributed,Indian Corn or Maize raised,3000,4000,bush
CHATHAM,316,distributed,wheat,200,200,bush
CHATHAM,316,distributed,rye,1125,1500,bush
CHATHAM,316,distributed,barley,375,500,bnsh
CHATHAM,316,distributed,oats,200,500,bnsh
CHATHAM,316,distributed,potatoes,1250,5000,bush
CHATHAM,316,distributed,hay,6300,850,tons
CHATHAM,316,distributed,Butter,5000,30000,lbs
DENNIS,316,Forges .,Forges .,,,
DENNIS,316,Establishmen ts  for· m.   Salt,salt,8650,34600,bush
DENNIS,316,Establishmen ts  for· m.   Salt,Epsom Salts,2010,,
DENNIS,316,distributed,Boots,797,85,pairs
DENNIS,316,distributed,boots and shoes,,,
DENNIS,316,distributed,Fire Wood prepa red,525,110,cords
DENNIS,316,Vessels  employed  in the  Mackerel  and Cod Fisheries,mackerel,28840,3605,bbls
DENNIS,316,Vessels  employed  in the  Mackerel  and Cod Fisheries,h,27875,11150,quintals
DENNIS,316,Vessels  employed  in the  Mackerel  and Cod Fisheries,salt consumed  .,,19344,bush
DENNIS,316,distributed,Sheep total,50,25,head
DENNIS,316,distributed,vool produced,17,50,lbs
DENNIS,316,distributed,Horses,3955,13,head
DENNIS,316,distributed,neat cattle,6752,422,head
DENNIS,316,distributed,swine,7470,415,head
DENNIS,316,distributed,Indian Corn or Maize raised,3914,6523,bush
DENNIS,316,distributed,rye,940,1254,bush
DENNIS,316,distributed,oats,202,506,bush
DENNIS,316,distributed,potatoes,1985,6616,bush
DENNIS,316,distributed,squashes,2000,100,tons
DENNIS,316,distributed,other esculent vegetables,498,1658,bush
DENNIS,316,distributed,hay,9506,1044,tons
DENNIS,316,distributed,Fruit raised,101,203,bush
DENNIS,316,distributed,Butter,1533,9200,lbs
DENNIS,316,Lamp Black  Factories:,lamp black,2600,30000,lbs
DENNIS,316,energy imports,Codfish Oil,2475,225,bbls
DENNIS,316,distributed,Beans,210,120,bush
DENNIS,316,Shad and Alewive Fisheries,shad,1250,125,bbls
DENNIS,316,Shad and Alewive Fisheries,alewives,855,295,bbls
DENNIS,316,Shad and Alewive Fisheries,salt consumed,,420,bush
EASTHAM,317,Establishments  for m.  Salt,salt,4330,17320,bush
EASTHAM,317,distributed,Boots,450,50,pairs
EASTHAM,317,distributed,shoes,,300,pairs
EASTHAM,317,distributed,Palm-leaf Hats,120,1000,
EASTHAM,317,Vessels employed in the Mackerel and Cod Fisheries,mackerel,5000,500,bbls
EASTHAM,317,Vessels employed in the Mackerel and Cod Fisheries,codfish,5000,2000,quintals
EASTHAM,317,Vessels employed in the Mackerel and Cod Fisheries,salt consumed,,2500,bush
EASTHAM,317,distributed,Horses,2955,95,head
EASTHAM,317,distributed,neat cattle,4826,388,head
EASTHAM,317,distributed,swine,950,130,head
EASTHAM,317,distributed,Indian Corn or Maize raised,4275,6577,bush
EASTHAM,317,distributed,rye,1211,1740,bush
EASTHAM,317,distributed,oats,30,75,bush
EASTHAM,317,distributed,potatoes,963,3444,bush
EASTHAM,317,distributed,other esculent vegetables,59,1883,bush
EASTHAM,317,distributed,hay,4404,682,tons
EASTHAM,317,distributed,Fruit raised,243,496,bush
EASTHAM,317,distributed,Butter,1096,7193,lbs
FALMOUTH,317,Woollen Mills,wool consumed,4700,40000,lbs
FALMOUTH,317,Woollen Mills,satinet,17000,7300,yds
FALMOUTH,317,Woollen Mills,flannel or blanketing,3300,52000,yds
FALMOUTH,317,Woollen Mills,woollen yarn  and not made into cloth,,4000,lbs
FALMOUTH,317,Saddle Harness and Trunk Manufactories,Saddle Harness and Trunk,1000,,
FALMOUTH,317,Estblishments  for  m.  Salt,salt,4920,24500,bush
FALMOUTH,317,Establishments for m.  Oil and Sperm Candles,oil,19347,40924,galls
FALMOUTH,317,Establishments for m.  Oil and Sperm Candles,candles,10875,43500,lbs
FALMOUTH,317,Tin Ware Manufactories,ware,100,,
FALMOUTH,318,Tanneries,leather tanned and curried,175,,
FALMOUTH,318,distributed,Boots,1855,132,pairs
FALMOUTH,318,distributed,shoes,,1300,pairs
FALMOUTH,318,distributed,boots and shoes,,,
FALMOUTH,318,distributed,Fire Wood prepared,16520,4130,cords
FALMOUTH,318,energy imports,Sperm Oil consumed in manufacturing,260,400,galls
FALMOUTH,318,distributed,v $,90,380,galls
FALMOUTH,318,energy imports,other kinds  oil,,400,tons
FALMOUTH,318,energy imports,anthracite coal con­ sumed in manufacturing,,9,
FALMOUTH,318,Vessels employed in the Whale Fishery,sperm oil imported,64458,70063,galls
FALMOUTH,318,Vessels employed in the Whale Fishery,whale oil,2589,7397,galls
FALMOUTH,318,Vessels employed in the Whale Fishery,whalebone,130,454,lbs
FALMOUTH,318,Vessels employed in the Mackerel and Cod Fisheries,ton­nage,2000,95,quintals
FALMOUTH,318,Vessels employed in the Mackerel and Cod Fisheries,cod fish,,800,bush
FALMOUTH,318,Vessels employed in the Mackerel and Cod Fisheries,salt  consumed,,800,
FALMOUTH,318,energy imports,Oil Casks,4250,3400,
FALMOUTH,318,distributed,Candle Boxes,240,1200,
FALMOUTH,318,distributed,Lamp Black,300,3,tons
FALMOUTH,318,distributed,Sheep total,1220,947,head
FALMOUTH,318,distributed,Wool total,994,2367,lbs
FALMOUTH,318,distributed,Horses,10000,201,head
FALMOUTH,318,distributed,neat  cattle,10890,726,head
FALMOUTH,318,distributed,swine,6368,398,head
FALMOUTH,318,distributed,Indian Corn or Maize raised,5691,8756,bush
FALMOUTH,318,distributed,whea,140,4130,bush
FALMOUTH,318,distributed,rye,661,826,bush
FALMOUTH,318,distributed,barly,749,1498,bush
FALMOUTH,318,distributed,oats,347,1158,bush
FALMOUTH,318,distributed,potatoes,5125,20500,bush
FALMOUTH,318,distributed,other  esculent  vegetables,2014,8055,bush
FALMOUTH,318,distributed,hay,14820,1235,tons
FALMOUTH,318,distributed,Fruit raised,1390,3089,bush
FALMOUTH,318,distributed,Butter,3782,21010,lbs
FALMOUTH,318,distributed,cheese,429,5360,lbs
HARWICH,318,Cotton Mills,spindles,1560,466,lbs
HARWICH,318,Cotton Mills,cotton consumed,120,11700,lbs
HARWICH,318,Cotton Mills,cotton yarn,,10400,lbs
HARWICH,318,Cotton Mills,cotton batting,,1500,
HARWICH,319,Woollen  Mills,wool consumed,,1100,lbs
HARWICH,319,Establishments  for  m.   Salt,salt,122,450,bush
HARWICH,319,Establishments for m.  Rail-road Cars and other Vehicles,vehicles,,,
HARWICH,319,Tanneries,leather  tanned  and curried,300,,
HARWICH,319,distributed,Boots,1300,300,pairs
HARWICH,319,distributed,shoes,,10,pairs
HARWICH,319,distributed,boots and shoes,,,
HARWICH,319,distributed,Fire Wood prepa red,350,100,cords
HARWICH,319,energy imports,Sperm Oil consumed in manufacturing,9,10,galls
HARWICH,319,energy imports,all other kinds  oil,5,10,galls
HARWICH,319,energy imports,Sperm Oil imported,360,400,galls
HARWICH,319,Vessels employed in the Mackerel and Cod Fisheries,mackerel,3900,650,bbls
HARWICH,319,Vessels employed in the Mackerel and Cod Fisheries,codfish,28400,14200,quintals
HARWICH,319,Vessels employed in the Mackerel and Cod Fisheries,salt consumed,,16100,bush
HARWICH,319,distributed,Wearing Apparel,1800,,
HARWICH,319,Forges,labor,700,,
HARWICH,319,distributed,Sails,3000,,
HARWICH,319,distributed,Horses,150,70,head
HARWICH,319,distributed,neat  cattle,60,300,head
HARWICH,319,distributed,Saxon y Sheep,350,100,head
HARWICH,319,distributed,Saxony wool produced  lbs.,3000,300,lbs
HARWICH,319,distributed,swine,1200,150,head
HARWICH,319,distributed,Indian Corn or Maize raised,1000,2000,bush
HARWICH,319,distributed,rye,300,500,bush
HARWICH,319,distributed,oats,250,100,bush
HARWICH,319,distributed,potatoes,50,1000,bush
HARWICH,319,distributed,other esculent vegetables,3600,200,bush
HARWICH,319,distributed,hay,,600,tons
HARWICH,319,distributed,Fruit raised,60,200,bush
HARWICH,319,distributed,Butter,562,4500,lbs
HARWICH,319,distributed,cheese,6,100,lbs
HARWICH,319,distributed,Wheelwrights' Work,500,,
HARWICH,319,distributed,Carpenters' Work,456,,
HARWICH,319,distributed,Painters' Work,546,,
HARWICH,319,distributed,.Blacking,1200,,
HARWICH,319,distributed,Poultry,189,1500,lbs
HARWICH,319,distributed,eggs,,20800,doz
ORLEANS,320,Establishments  for m.  Salt,salt m:d,4268,17072,bush
ORLEANS,320,Establishments for m.  Rail-road Cars and other Vehicles,vehicles,880,,
ORLEANS,320,Tin Ware  Manufactories,ware,600,,
ORLEANS,320,distributed,Boots,1765,207,pairs
ORLEANS,320,distributed,shoes,,1525,pairs
ORLEANS,320,distributed,Palm-leaf  Hats,40,160,
ORLEANS,320,distributed,Fire Wood prepared,750,130,cords
ORLEANS,320,distributed,Boats built,240,6,
ORLEANS,320,Vessels employed in the Mackerel and Cod Fisheries,mackerel,6000,1000,bbls
ORLEANS,320,Vessels employed in the Mackerel and Cod Fisheries,cod.fish:,7000,3500,quintals
ORLEANS,320,Vessels employed in the Mackerel and Cod Fisheries,salt consumed,,5000,bush
ORLEANS,320,distributed,Sheep total,400,342,head
ORLEANS,320,distributed,Wool total,370,1000,lbs
ORLEANS,320,distributed,Horses .,5000,147,head
ORLEANS,320,distributed,neat cattle,6000,491,head
ORLEANS,320,distributed,swine,2000,208,head
ORLEANS,320,distributed,Indian Corn or Maize raised,5600,9353,bush
ORLEANS,320,distributed,wheat,100,61,bush
ORLEANS,320,distributed,rye,1080,1621,bush
ORLEANS,320,distributed,barley,20,41,bush
ORLEANS,320,distributed,oats .,260,747,bush
ORLEANS,320,distributed,potatoes,1250,6220,bush
ORLEANS,320,distributed,ot her esculent vegetables,600,2613,bush
ORLEANS,320,distributed,hay,7500,1000,tons
ORLEANS,320,distributed,Fruit raised,500,1009,bush
ORLEANS,320,distributed,Butter,3083,23715,lbs
ORLEANS,320,distributed,cheese,40,825,lbs
ORLEANS,320,distributed,Poultry,555,37941,doz
ORLEANS,320,distributed,Eggs,4000,,
PROVINCETOWN,320,Establishments for m.  Salt,salt,6500,26000,bush
PROVINCETOWN,320,Establishments for m.   Oil and Sperm Candles,oil,8316,9450,galls
PROVINCETOWN,320,Establishments for m.   Oil and Sperm Candles,sperm  candles,2250,7500,lbs
PROVINCETOWN,321,distributed,Boots,4000,800,pairs
PROVINCETOWN,321,distributed,shoes,,2500,pairs
PROVINCETOWN,321,distributed,boots and shoes,,,
PROVINCETOWN,321,distributed,Blocks and Pump&,100,,
PROVINCETOWN,321,distributed,Boats built,7500,150,
PROVINCETOWN,321,Vessels employed in the Whale Fishery,sperm oil imported,92584,105210,galls
PROVINCETOWN,321,Vessels employed in the Whale Fishery,whale oil,10400,25800,galls
PROVINCETOWN,321,Vessels employed in the Mackerel and Cod Fisheries,mackerel,9000,1000,bbls
PROVINCETOWN,321,Vessels employed in the Mackerel and Cod Fisheries,codfish,45000,20000,quintals
PROVINCETOWN,321,Vessels employed in the Mackerel and Cod Fisheries,salt consumed,,35500,bush
PROVINCETOWN,321,distributed,Fishing boats,4500,150,
PROVINCETOWN,321,distributed,fish  taken,18750,,
PROVINCETOWN,321,distributed,Asses,30,1,head
PROVINCETOWN,321,distributed,Horses,240,6,head
PROVINCETOWN,321,distributed,neat  cattle,1125,75,head
PROVINCETOWN,321,distributed,swine,500,100,head
SANDWICH,321,Furnaces for m.  Hollow Ware and Castings other than Pig Iron,hollow ware and castings,18000,200,tons
SANDWICH,321,Axe Manufactories,axes and other edge tools,1800,1800,
SANDWICH,321,Glass Manufactories,glass,350000,,
SANDWICH,321,Saddle Harness and Trunk Manufactories,Saddle Harness and Trunk,1154,,
SANDWICH,321,Establishments  for m.  Salt,salt,400,1200,bush
SANDWICH,321,Establishments for m.  Rail-road Cars and other Vehicles,vehicles,2700,,
SANDWICH,321,energy imports,Fish Oil,2700,8505,galls
SANDWICH,321,Chair and Cabinet Ware Manufactories,Chair and Cabinet Ware,700,,
SANDWICH,321,Tin arid Copper Ware Manufactories,ware,2000,,
SANDWICH,322,distributed,Boots,2000,225,pairs
SANDWICH,322,distributed,shoes,,750,pairs
SANDWICH,322,distributed,boots and shoes,,,
SANDWICH,322,distributed,Bricks,1200,2001000,
SANDWICH,322,distributed,Building Stone quarried and prepared,315,,
SANDWICH,322,distributed,Fire Wood prepared,19636,4714,cords
SANDWICH,322,distributed,Casks,4500,6000,
SANDWICH,322,Iron  Axle  Manufactories,axles,2800,,
SANDWICH,322,Saw Mills,staves,2400,220000,
SANDWICH,322,energy imports,Sperm Oil consumed in manufacturing,300,300,galls
SANDWICH,322,energy imports,anthracite coal consumed in mnnufacturing,2150,375,tons
SANDWICH,322,energy imports,bituminous coal mined in the U. States,26000,3694,chaldrons
SANDWICH,322,distributed,all other   American production ·consumed in manufacturing excepting cotton wool and iron,4000,,
SANDWICH,322,energy imports,all other   foreign production consumed excepting as above,71675,,
SANDWICH,322,distributed,Sheep total,1322,881,head
SANDWICH,322,distributed,Wool total,,2572,lbs
SANDWICH,322,distributed,Horses,13217,291,head
SANDWICH,322,distributed,neat  cattle  l,19607,92,head
SANDWICH,322,distributed,swine,8126,538,head
SANDWICH,322,distributed,Indian Com or Maize raised,9104,12139,bush
SANDWICH,322,distributed,rye,2669,3141,bush
SANDWICH,322,distributed,barley,13,224,bush
SANDWICH,322,distributed,oats,570,1428,bush
SANDWICH,322,distributed,potatoes,4379,17517,bush
SANDWICH,322,distributed,other esculent vegetables,1000,2400,bush
SANDWICH,322,distributed,hay,27672,2689,tons
SANDWICH,322,distributed,Fruit raised,1427,2855,bush
SANDWICH,322,distributed,Butter,2567,15402,lbs
SANDWICH,322,distributed,cheese,39,494,lbs
TRURO,322,Establishments  for  m.   Salt,salt,3224,11515,bush
TRURO,322,distributed,Palm-leaf  Hats,2118,16299,
TRURO,322,Vessels employed in the Mackerel and Cod Fisheries .,mackerel,49925,6740,bbls
TRURO,322,Vessels employed in the Mackerel and Cod Fisheries .,codfish,14062,6250,quintals
TRURO,322,Vessels employed in the Mackerel and Cod Fisheries .,salt consumed,,16360,bush
TRURO,323,energy imports,Fish Oil,2337,6615,galls
TRURO,323,distributed,Sheep total,124,83,head
TRURO,323,distributed,Wool total,66,196,lbs
TRURO,323,distributed,Horses,1716,52,head
TRURO,323,distributed,neat  cattle,,357,head
TRURO,323,distributed,swine,,143,head
TRURO,323,distributed,Indian Corn  or Maize raised,1865,2870,bush
TRURO,323,distributed,rye,586,733,bush
TRURO,323,distributed,oats,24,60,bush
TRURO,323,distributed,potatoes,1002,2861,bush
TRURO,323,distributed,other  esculent vegetables,683,1708,bush
TRURO,323,distributed,hay,3918620,653,tons
TRURO,323,distributed,Butter,310,4034,lbs
WELLFLEET,323,Establishments  for m.  Salt,salt,1680,6000,bush
WELLFLEET,323,Tanneries,leathet tanned and curried,500,,
WELLFLEET,323,distributed,Boots,2000,800,pairs
WELLFLEET,323,distributed,shoes,,1000,pairs
WELLFLEET,323,distributed,boots and shoes,,,
WELLFLEET,323,Vessels employed in the Mackerel and Cod Fisheries,codfish,67900,2000,quintals
WELLFLEET,323,distributed,Sheep total,100,50,head
WELLFLEET,323,distributed,Wool total,40,100,lbs
WELLFLEET,323,distributed,Horses,2550,85,head
WELLFLEET,323,distributed,neat cattle .'aO,5000,3,head
WELLFLEET,323,distributed,swine,,100,head
WELLFLEET,323,distributed,Indian Corn Ol' Maize raised,637,2000,bush
WELLFLEET,323,distributed,rye,425,850,bush
WELLFLEET,323,distributed,potatoes·,5,1700,bush
WELLFLEET,323,distributed,other esculent  vegetables,5000,700,bush
WELLFLEET,323,distributed,hay,,850,tons
WELLFLEET,323,distributed,Fruit raised,400,1000,bush
WELLFLEET,323,distributed,Butter,480,4000,lbs
YARMOUTH,324,Saddle Harness and Trunk Manufactories,Saddle Harness and Trunk,1200,,
YARMOUTH,324,Cordage Manufactories,cordage,800,4,tons
YARMOUTH,324,Establishments for m.  Salt,salt,18099,72840,bush
YARMOUTH,324,Establishments for m'g Epsom Salts,salts,1837,350,bbls
YARMOUTH,324,Estali'shments  for m.  Rail-road Cars and other Vehicles,vehicles,1100,,
YARMOUTH,324,Chair and Cabinet Ware Manufactories,Chair and Cabinet Ware,200,,
YARMOUTH,324,Tin Ware  Man ufactories,ware,650,,
YARMOUTH,324,distributed,Boots,5360,600,pairs
YARMOUTH,324,distributed,shoes,,3625,pairs
YARMOUTH,324,distributed,Fire Wood prepared,3240,750,cords
YARMOUTH,324,Vessels employed in the Mackerel and Cod Fisheries,mackerel,18780,3412,bbls
YARMOUTH,324,Vessels employed in the Mackerel and Cod Fisheries,codfish,15280,6195,quintals
YARMOUTH,324,Vessels employed in the Mackerel and Cod Fisheries,salt consumed,,11840,bush
YARMOUTH,324,distributed,Horses,5875,137,head
YARMOUTH,324,distributed,neat cattle,71245,403,head
YARMOUTH,324,distributed,swine,4500,398,head
YARMOUTH,324,distributed,Indian Corn or Maize raised,3389,5645,bush
YARMOUTH,324,distributed,rye,876,1256,bush
YARMOUTH,324,distributed,barley,35,69,bush
YARMOUTH,324,distributed,oats,80,200,bush
YARMOUTH,324,distributed,potatoes,1588,6367,bush
YARMOUTH,324,distributed,other ·escu­ lent  vegetables,600,2000,bush
YARMOUTH,324,distributed,hay,8200,1025,tons
YARMOUTH,324,distributed,Fruit raised,80,200,bush
