city,page,site,goods,value,quantity,units
ADAMS,212,Cotton Mills,cotton consumed -,250971,729151,lbs
ADAMS,212,Cotton Mills,printing cloth,6250,4098417,yds
ADAMS,212,Cotton Mills,candle wicking,11583,50000,lbs
ADAMS,212,Cotton Mills,cotton yarn  and not made into cloth,1470,257400,yds
ADAMS,212,Cotton Mills,cotton batting,,21000,lbs
ADAMS,212,Calico Manunfactories,calico printed,50612,556174,yds
ADAMS,212,Woollen Mills,wool consumed,18000,354000,lbs
ADAMS,212,Woollen Mills,cassimere,221500,20000,yds
ADAMS,212,Woollen Mills,satinet,60000,386000,yds
ADAMS,212,Woollen Mills,eans,,200000,yds
ADAMS,212,Furnaces for   Hollow Ware and Castings other than Pig  Iron,hollow ware  and castings,9750,143,tons
ADAMS,212,Plough Manufactories,ploughs and other  agricultural tools,350,50,
ADAMS,212,Saddle Harness and Trunk Manufactories,Saddle Harness and Trunk,4200,,
ADAMS,212,Establishmen ts for   Rail-road Cars and other Vehicles,for   Rail-road Cars and other Vehicles,5100,,
ADAMS,212,Soap and Tallow Candle Manufactories,soap,200,4000,lbs
ADAMS,212,Soap and Tallow Candle Manufactories,tallow candles,200,2000,lbs
ADAMS,213,Chair and Cabinet Ware Manufactories,Chair and Cabinet Ware,4700,,
ADAMS,213,Tin Ware Manufactories,ware,3400,,
ADAMS,213,Tanneries,leather tanned and curried,33500,,
ADAMS,213,distributed,Boots,13830,2038,pairs
ADAMS,213,distributed,shoes,,3930,pairs
ADAMS,213,distributed,boots and shoes,,,
ADAMS,213,distributed,Bricks,1000,250000,
ADAMS,213,distributed,Marble quarried and prepared,8087,,
ADAMS,213,distributed,Lime,2502,1668,casks
ADAMS,213,distributed,Lumber prepared,4046,573500,feet
ADAMS,213,energy imports,Sperm Oil consumed  in  manufacturing,5472,6020,galls
ADAMS,213,energy imports,whale oil,240,400,galls
ADAMS,213,energy imports,other oil,1500,2450,galls
ADAMS,213,energy imports,all other   American production ex­ cepting  cotton wool  and  iron consumed in manufacturing,12000,,
ADAMS,213,energy imports,all other   foreign production consum­ ed excepting as above,30000,,
ADAMS,213,distributed,Sheep total,3500,2800,head
ADAMS,213,distributed,Wool total,3080,7700,lbs
ADAMS,213,distributed,Horses,15698,389,head
ADAMS,213,distributed,neat  cattle .,39055,2080,head
ADAMS,213,distributed,swine,1196,299,head
ADAMS,213,distributed,Indian Com or Maize raised,6049,10427,bush
ADAMS,213,distributed,wheat,112,90,bush
ADAMS,213,distributed,rye,387,595,bush
ADAMS,213,distributed,barley,237,475,bush
ADAMS,213,distributed,oats,3712,12374,bush
ADAMS,213,distributed,potatoes,4663,13325,bush
ADAMS,213,distributed,hay,25704,4284,tons
ADAMS,213,distributed,Fruit raised,,6240,bush
ADAMS,213,distributed,Butter,2846,22771,lbs
ADAMS,213,distributed,cheese,18728,374578,lbs
ADAMS,213,distributed,honey,155,930,lbs
ADAMS,213,distributed,beeswax,18,44,lbs
ALFORD,213,distributed,Boots,900,200,pairs
ALFORD,213,distributed,shoes,,240,pairs
ALFORD,213,distributed,o( boots and shoes,,,
ALFORD,214,distributed,Lumber  prepared,1089,121000,feet
ALFORD,214,energy imports,Firewood prepared,1216,1081,cords
ALFORD,214,distributed,Sheep total see species,1000,,
ALFORD,214,distributed,Wool total see species,62,,
ALFORD,214,distributed,Merino Sheep,,190,head
ALFORD,214,distributed,other  sheep,,477,head
ALFORD,214,distributed,merino wool produced  lbs.,,522,lbs
ALFORD,214,distributed,other wool  lbs.,,1249,lbs
ALFORD,214,distributed,Horses,5040,126,head
ALFORD,214,distributed,neat cattle,6288,401,head
ALFORD,214,distributed,swine,520,130,head
ALFORD,214,distributed,Indian Corn or Maize raised,2248,4496,bush
ALFORD,214,distributed,wheat,41,41,bush
ALFORD,214,distributed,rye,808,1616,bush
ALFORD,214,distributed,oats,2204,8897,bush
ALFORD,214,distributed,potatoes,1021,3064,bush
ALFORD,214,distributed,·other es­ culent vegetables,84,671,bush
ALFORD,214,distributed,hay,5785,1157,tons
ALFORD,214,distributed,· flax,27,270,lbs
ALFORD,214,distributed,Fruit raised,457,4573,bush
ALFORD,214,distributed,Butter,3263,25625,lbs
ALFORD,214,distributed,cheese,135,2703,lbs
ALFORD,214,distributed,honey .,44,440,lbs
BECKET,214,Tanneries,leather tanned and curried,6000,,
BECKET,214,distributed,Boots,750,200,pairs
BECKET,214,distributed,shoes,,200,pairs
BECKET,214,distributed,boots and shoes,,,
BECKET,214,distributed,all other,9500,,
BECKET,214,distributed,Lumber prepared,7140,1180000,feet
BECKET,214,distributed,Fire Wood prepared,2305,1854,cords
BECKET,214,distributed,Sheep total see species,7956,,
BECKET,214,distributed,Wool total see species,4752,,
BECKET,214,distributed,Merino Sheep,,3755,head
BECKET,214,distributed,other sheep,,223,head
BECKET,214,distributed,merino wool  prod uced   lbs.,,11477,lbs
BECKET,214,distributed,other wool   lbs.,,649,lbs
BECKET,214,distributed,Horses,7500,130,head
BECKET,214,distributed,neat  cattle,23452,1342,head
BECKET,214,distributed,swine,1056,176,head
BECKET,214,distributed,Indian Corn or Maize raised,639,969,bush
BECKET,214,distributed,wheat,10,8,bush
BECKET,214,distributed,rye,64,86,bush
BECKET,214,distributed,barley,12,23,bush
BECKET,214,distributed,oats,1098,3297,bush
BECKET,214,distributed,potatoes,,10706,bush
BECKET,214,distributed,oats,1098,3297,bush
BECKET,214,distributed,potatoes,3568,10706,bush
BECKET,214,distributed,hay,21049,3007,tons
BECKET,214,distributed,Fruit raised,500,5000,bush
BECKET,214,distributed,Butter,2999,23999,lbs
BECKET,214,distributed,cheese,2857,56550,lbs
CHESHIRE,215,Cotton Mills,spindles,21000,936,lbsyds
CHESHIRE,215,Cotton Mills,cotton consumed  lbs. printing cloth,,50000350000,lbs
CHESHIRE,215,Tanneries,Tanneries,11565,,
CHESHIRE,215,distributed,Boots,1500,350,pairs
CHESHIRE,215,distributed,shoes,,300,pairs
CHESHIRE,215,distributed,boots and shoes,,,
CHESHIRE,215,distributed,Lumber prepared,1750,250000,feet
CHESHIRE,215,distributed,Fire Wood prepared,240,300,cords
CHESHIRE,215,distributed,Sheep total see species,1900,,
CHESHIRE,215,distributed,Wool total see species,1700,,
CHESHIRE,215,distributed,Merino Sheep,,1234,head
CHESHIRE,215,distributed,other sheep,,705,head
CHESHIRE,215,distributed,merino wool produced  lbs.,,3800,lbs
CHESHIRE,215,distributed,other wool  lbs.,,2100,lbs
CHESHIRE,215,distributed,Horses,7568,145,head
CHESHIRE,215,distributed,neat cattle,23000,1400,head
CHESHIRE,215,distributed,swine,1160,290,head
CHESHIRE,215,distributed,Indian Corn or Maize raised,2518,5037,bush
CHESHIRE,215,distributed,wheat,100,100,bush
CHESHIRE,215,distributed,rye,270,450,bush
CHESHIRE,215,distributed,barley,260,650,bush
CHESHIRE,215,distributed,oats,2010,8040,bush
CHESHIRE,215,distributed,potatoes,2607,8693,bush
CHESHIRE,215,distributed,hay,17960,2990,tons
CHESHIRE,215,distributed,Fruit raised,360,3795,bush
CHESHIRE,215,distributed,Butter,1410,14100,lbs
CHESHIRE,215,distributed,cheese,15435,343000,lbs
CLARKSBURG,215,distributed,Lumber prepared,1799,257000,feet
CLARKSBURG,215,distributed,Fire Wood  prpared,5700,3800,cords
CLARKSBURG,215,distributed,bark prepared,345,115,cords
CLARKSBURG,215,distributed,Sheep total,958,479,head
CLARKSBURG,215,distributed,Wool total,368,954,lbs
CLARKSBURG,215,distributed,Horses,2000,50,head
CLARKSBURG,215,distributed,neat cattle,5945,330,head
CLARKSBURG,215,distributed,swine,357,51,head
CLARKSBURG,215,distributed,Indian Corn or Maize raised,643,1071,bush
CLARKSBURG,215,distributed,rye,67,90,bush
CLARKSBURG,215,distributed,oats,665,2216,bush
CLARKSBURG,215,distributed,potatoes,1345,4483,bush
CLARKSBURG,215,distributed,hay,5425,775,tons
CLARKSBURG,216,distributed,Butter,1545,12360,lbs
CLARKSBURG,216,distributed,cheese,13796,2750,lbs
CLARKSBURG,216,distributed,Maple Sugar,398,4976,lbs
CLARKSBURG,216,distributed,Cloth Boxes,1170,3900,
DALTON,216,Woollen Mills,wool consumed,90000,155000,lbs
DALTON,216,Woollen Mills,broadcloth,10000,50000,yds
DALTON,216,Woollen Mills,satinet,,18000,yds
DALTON,216,Paper  Manufactories,stock consumed,85000,200,tons
DALTON,216,Paper  Manufactories,paper,,140,tons
DALTON,216,Chair and  Cabinet  Ware  Man ufactories,Chair and  Cabinet  Ware,4800,,
DALTON,216,Tin Ware Manufactories,ware,500,,
DALTON,216,Tanneries,lether tanned and curried,1200,,
DALTON,216,distributed,Boots,2250,450,pairs
DALTON,216,distributed,shoes,,600,pairs
DALTON,216,distributed,boots  and shoes,,,
DALTON,216,distributed,· Bricks,450,100000,casks
DALTON,216,distributed,Lime,6000,6000,
DALTON,216,distributed,Lum ber prepared,6708,1118000,feet
DALTON,216,distributed,Fire Wood prepared,7001,4215,cords
DALTON,216,distributed,bark prepared,348,116,cords
DALTON,216,energy imports,Sperm Oil consumed in manufacturing,200,390,galls
DALTON,216,energy imports,all other   foreign production consumed except­ ing cotton wool and iron consumed in manufacturing,1600,,
DALTON,216,distributed,Sheep total see species,5889,7452,lbs
DALTON,216,distributed,Merino wool,,,
DALTON,216,distributed,Saxony Sheep,,80,head
DALTON,216,distributed,merino .,,2484,head
DALTON,216,distributed,other sheep,,45,head
DALTON,216,distributed,Saxony' wool produced . lbs.,,240,lbs
DALTON,216,distributed,Merino wool  lbs.,,7452,lbs
DALTON,216,distributed,other wool  lbs.,,162,lbs
DALTON,216,distributed,Wool total see species,3041,,
DALTON,216,distributed,Horses,4950,98,head
DALTON,216,distributed,neat cattle,7486,367,head
DALTON,216,distributed,swine,662,84,head
DALTON,216,distributed,Indian.Com or Maize raised,1209,1951,bush
DALTON,216,distributed,wheat,35,35,bush
DALTON,216,distributed,rye,58,87,bush
DALTON,216,distributed,barley,59,118,bush
DALTON,216,distributed,oats,1393,1980,bush
DALTON,216,distributed,buckwheat  raised,18,156,bush
DALTON,216,distributed,potatoes,3705,7312,bush
DALTON,216,distributed,hay,,11359,tons
DALTON,217,distributed,Fruit raised,75,150,bush
DALTON,217,distributed,Butte.r,1080,9000,lbs
DALTON,217,distributed,cheese,516,10325,lbs
DALTON,217,distributed,honey,100,500,lbs
DALTON,217,distributed,beeswax,10,75,lbs
DALTON,217,distributed,Maple Sugar,278,31475,lbs
DALTON,217,distributed,Barrels,1500,6000,
EGREMONT,217,Establishments for    Rail-road Cars  and other Vehicles,vehicles,8000,,
EGREMONT,217,Chair and Cabinet Ware Manufactories,Chair and Cabinet Ware,770,3,
EGREMONT,217,distributed,Boots,550,100,pairs
EGREMONT,217,distributed,shoes,,200,pairs
EGREMONT,217,distributed,boots and shoes,,,
EGREMONT,217,distributed,Sheep total see species,5211,4257,lbs
EGREMONT,217,distributed,me­ rino,8166,6348,lbs
EGREMONT,217,distributed,Saxony Sheep,,205,head
EGREMONT,217,distributed,merino,,1419,head
EGREMONT,217,distributed,other  sheep,,2116,head
EGREMONT,217,distributed,Saxony wool produced  lbs.,,410,lbs
EGREMONT,217,distributed,other  wool,,,
EGREMONT,217,distributed,all  the  wool,,,
EGREMONT,217,distributed,Horses,8950,212,head
EGREMONT,217,distributed,neat cattle,11247,551,head
EGREMONT,217,distributed,swine,1332,222,head
EGREMONT,217,distributed,Indian Corn or Maize raised,4680,9630,bush
EGREMONT,217,distributed,wheat,410,410,bush
EGREMONT,217,distributed,rye,3487,5580,bush
EGREMONT,217,distributed,oats,5202,20810,bush
EGREMONT,217,distributed,potatoes,2996,8591,bush
EGREMONT,217,distributed,other es­ culent  vegetables,20,300,bush
EGREMONT,217,distributed,hay,6760,1352,tons
EGREMONT,217,distributed,flax,80,800,lbs
EGREMONT,217,distributed,Frui t raised,640,10675,bush
EGREMONT,217,distributed,Butter,4362,34900,lbs
EGREMONT,217,distributed,cheese,375,7700,lbs
EGREMONT,217,distributed,honey,,300,lbs
EGREMONT,217,distributed,v $,,36,
FLORIDA,217,distributed,Lumber prepared,725,275000,feet
FLORIDA,217,distributed,E. . Fire Wood prepared,800,804,cords
FLORIDA,218,distributed,Horses,2460,59,head
FLORIDA,218,distributed,swine,8000,106,head
FLORIDA,218,distributed,Indian Corn or Maize raised,528,880,bush
FLORIDA,218,distributed,wheat,45,45,bush
FLORIDA,218,distributed,rye,93,124,bush
FLORIDA,218,distributed,barley,54,90,bush
FLORIDA,218,distributed,potatoes,750,10000,bush
FLORIDA,218,distributed,potatoes,54,10000,bush
FLORIDA,218,distributed,hay $,750,1200,tons
FLORIDA,218,distributed,Butter,1600,15000,lbs
FLORIDA,218,distributed,cheese,225,4500,lbs
FLORIDA,218,Cotton Mills,spindles,85000,6,lbs
FLORIDA,218,Cotton Mills,cotton consumed,,300000,yds
FLORIDA,218,Cotton Mills,sheetings m:d,,500000,yds
FLORIDA,218,Cotton Mills,printing  cloths,,950000,
FLORIDA,218,Woollen  Mills,wool  consumed .,60000,150000,lbs
FLORIDA,218,Woollen  Mills,cassimere,30000,60000,yds
FLORIDA,218,Woollen  Mills,satinet,,50000,yds
FLORIDA,218,Forges,bar iron anchors and other   wrought iron,26000,400,tons
FLORIDA,218,Furnaces  for   Pig Iron,pig iron :,27300,930,tons
FLORIDA,218,Axe Man ufactories,axes and other edge tools,800,1000,
FLORIDA,218,Establishments for   Chronometers Watches Gold and Silver Ware  and Jewelry,for   Chronometers Watches Gold and Silver Ware  and Jewelry,1500,,
FLORIDA,218,Saddle Harness: and Trunk Manufactories,Saddle Harness: and Trunk,1000,,
FLORIDA,218,Hat  and  Cap  Manufactories,hats and  caps,4000,2600,
FLORIDA,218,Cordage Manufactories,cordage,800,7000,lbs
FLORIDA,218,Establishments for    Rail-road Cars and  other Vehicles,vehicles,2,,
FLORIDA,218,Chair and Cabinet Ware Manufactories,Chair and Cabinet Ware,61000,,
FLORIDA,219,Tin Ware Manufactories,ware,7000,,
FLORIDA,219,Flouring  Mills,flour,2500,500,bbls
FLORIDA,219,Tanneries,leather tanned and curried,2200,,
FLORIDA,219,distributed,Boots,3000,700,pairs
FLORIDA,219,distributed,boots and shoes,,1500,pairs
FLORIDA,219,distributed,Bricks,1000,300000,
FLORIDA,219,distributed,Building   Stone  quarried   and  prepared,1000,,
FLORIDA,219,distributed,Marble quarried and prepared,1000,3100,
FLORIDA,219,distributed,Lumber prepared,1800,300000,feet
FLORIDA,219,distributed,Fire Wood prepared,6000,3000,cords
FLORIDA,219,energy imports,Sperm Oil consumed  in manufacturing,2100,2500,galls
FLORIDA,219,energy imports,other kinds   oil,950,1500,galls
FLORIDA,219,energy imports,anthracite coal consumed in manufacturing,450,65,tons
FLORIDA,219,energy imports,all other ·   foreign production excepting cotton wool and iron consumed  in manufacturing,30300,,
FLORIDA,219,distributed,Sheep total see species,6000,7000,lbs
FLORIDA,219,distributed,other  wool,,,
FLORIDA,219,distributed,Saxony  sheep,,462,head
FLORIDA,219,distributed,merino,,3000,head
FLORIDA,219,distributed,other  sheep,,2000,head
FLORIDA,219,distributed,Saxony wool produced  lbs.,,1000,lbs
FLORIDA,219,distributed,merino  lbs.,,9000,lbs
FLORIDA,219,distributed,Wool total see species,6000,,
FLORIDA,219,distributed,Horses,9000,352,head
FLORIDA,219,distributed,neat cattle,15140,1514,head
FLORIDA,219,distributed,swine,4000,404,head
FLORIDA,219,distributed,Indian Corn or Maize raised,11776,23552,bush
FLORIDA,219,distributed,wheat,1195,1195,bush
FLORIDA,219,distributed,rye,7550,14072,bush
FLORIDA,219,distributed,oats,7330,29322,bush
FLORIDA,219,distributed,potatoes,4652,18607,bush
FLORIDA,219,distributed,other  esculent vegetables,1547,6186,bush
FLORIDA,219,distributed,hay,27975,5595,tons
FLORIDA,219,distributed,Fruit raised,1530,7682,bush
FLORIDA,219,distributed,Butter,8863,69140,lbs
FLORIDA,219,distributed,cheese,2860,54172,lbs
FLORIDA,219,distributed,honey,128,1022,lbs
FLORIDA,219,distributed,beeswax,3,10,lbs
FLORIDA,219,Gin Distilleries,grain consumed,21000,20000,bush
FLORIDA,219,Gin Distilleries,gin,,70000,galls
FLORIDA,219,Last  and Boot  Tree Factories,lasts and boot trees,9000,14000,
HANCOCK,220,Woollen Mills,wool consumed,13200,20400,lbs
HANCOCK,220,Woollen Mills,satinet,,20400,yds
HANCOCK,220,Furnaces for   Hollow Ware and Castings other tha.n Pig Iron,hollow Wllre and cnstings,960,12,tons
HANCOCK,220,Cordage Manufactories,cordage,500,3000,lbs
HANCOCK,220,Tanneries,hides tanned,2025,575,
HANCOCK,220,Tanneries,leather tanned and curried,,,
HANCOCK,220,distributed,Boots,550,200,pairs
HANCOCK,220,distributed,shoes,,150,pairs
HANCOCK,220,distributed,boots and shoes,,,
HANCOCK,220,distributed,Wooden Ware,112,,
HANCOCK,220,distributed,Corn and other Brooms,650,10260,cords
HANCOCK,220,distributed,Fire Wood prepared,,1000,
HANCOCK,220,energy imports,Sperm Oil consumed in manufacturing,,150,galls
HANCOCK,220,distributed,Wool total see species,120505,1230,lbs
HANCOCK,220,distributed,merino,,3858,head
HANCOCK,220,distributed,other  sheep,,1,head
HANCOCK,220,distributed,Wool total see species,10765,,
HANCOCK,220,distributed,Saxony  wool  produced  lbs.,,1230,lbs
HANCOCK,220,distributed,Saxony  wool  produced,,,
HANCOCK,220,distributed,merino  lbs.,,10500,lbs
HANCOCK,220,distributed,other wool  lbs.,,5400,lbs
HANCOCK,220,distributed,Wool total see species,5150,,
HANCOCK,220,distributed,Horses,4720,118,head
HANCOCK,220,distributed,neat cattle,11010,728,head
HANCOCK,220,distributed,swine,610,153,head
HANCOCK,220,distributed,Indian Coro or Maize raised,1680,3304,bush
HANCOCK,220,distributed,wheat,315,315,bush
HANCOCK,220,distributed,rye,468,930,bush
HANCOCK,220,distributed,barley,118,236,bush
HANCOCK,220,distributed,oats,2225,8545,bush
HANCOCK,220,distributed,potatoes,1191,4764,bush
HANCOCK,220,distributed,hay,5075,1015,tons
HANCOCK,220,distributed,flax,7,68,lbs
HANCOCK,220,distributed,Fruit raised,67,436,bush
HANCOCK,220,distributed,Butter,1376,13767,lbs
HANCOCK,220,distributed,cheese,2057,51430,lbs
HANCOCK,220,distributed,honey,16,132,lbs
HINSDALE,220,Woollen Mills,wool consumed,35000,50000,lbs
HINSDALE,220,Woollen Mills,broadcloth,,20000,yds
HINSDALE,221,Shovel Spade Fork and Hoe Manufactories,Shovel Spade Fork and Hoe,500,,
HINSDALE,221,Hat  and  Cap  Manufactories,hats and caps,100,50,
HINSDALE,221,Chair and Cabinet Ware Mannfactories,Chair and Cabinet Ware,500,,
HINSDALE,221,Tanneries,hides tanned,15000,4981,
HINSDALE,221,Tanneries,leather tanned and curried,,,
HINSDALE,221,distributed,Boots,3000,550,pairs
HINSDALE,221,distributed,shoes,,850,pairs
HINSDALE,221,distributed,shoes,,,
HINSDALE,221,distributed,Palm-leaf Hats,50,140,
HINSDALE,221,distributed,Lime,2040,2900,casks
HINSDALE,221,distributed,Lumber prepared,693,1005000,feet
HINSDALE,221,distributed,Fire Wood prepared,9077,5600,cords
HINSDALE,221,energy imports,char­ coal prepared,468,7800,bush
HINSDALE,221,distributed,hemlock bark pre­ pared,1056,353,cords
HINSDALE,221,energy imports,Sperm Oil consumed in manufacturing,113,150,galls
HINSDALE,221,energy imports,other oil,389,660,galls
HINSDALE,221,distributed,Horses,6646,151,head
HINSDALE,221,distributed,neat cattle,12130,592,head
HINSDALE,221,distributed,swine,692,126,head
HINSDALE,221,distributed,Indian Corn or Maize raised,929,1548,bush
HINSDALE,221,distributed,wheat,179,118,bush
HINSDALE,221,distributed,rye,153,204,bush
HINSDALE,221,distributed,barley,64,103,bush
HINSDALE,221,distributed,its,2633,16544,bush
HINSDALE,221,distributed,potatoes,5084,16947,bush
HINSDALE,221,distributed,peas raised,178,89,bush
HINSDALE,221,distributed,hay,21750,3625,tons
HINSDALE,221,distributed,flax,42,350,lbs
HINSDALE,221,distributed,Fruit raised,496,4578,bush
HINSDALE,221,distributed,Butter,2610,21750,lbs
HINSDALE,221,distributed,cheese,43,9915,lbs
HINSDALE,221,distributed,"""t. $",,595,lbs
HINSDALE,221,distributed,honey,,315,
LANESBOROUGH,221,Establishments for   Rail-road Cars and other Vehicles,vehicles,200,210,pairs
LANESBOROUGH,221,Establishments for   Rail-road Cars and other Vehicles,Boots,911,365,pairs
LANESBOROUGH,221,Establishments for   Rail-road Cars and other Vehicles,shoes,,,
LANESBOROUGH,221,Establishments for   Rail-road Cars and other Vehicles,boots and shoes,,,
LANESBOROUGH,222,distributed,Marble quarried and prepared,9417,2733,casks
LANESBOROUGH,222,distributed,Lime,1133,,
LANESBOROUGH,222,distributed,Lumber prepared,1832,216000,feet
LANESBOROUGH,222,distributed,Fire Wood prepared,1988,1141,cords
LANESBOROUGH,222,distributed,Sheep total see species,24875,,
LANESBOROUGH,222,distributed,Wool total see species,13036,,
LANESBOROUGH,222,distributed,Saxony Sheep,,6803,head
LANESBOROUGH,222,distributed,merino,,3769,head
LANESBOROUGH,222,distributed,Saxony wool produced  Ibs.,,17262,head
LANESBOROUGH,222,distributed,merino   lbs.,,11032,lbs
LANESBOROUGH,222,distributed,other wool · lbs.,,271,lbs
LANESBOROUGH,222,distributed,Horses,10192,207,head
LANESBOROUGH,222,distributed,neat cattle,16024,827,head
LANESBOROUGH,222,distributed,swine,1164,255,head
LANESBOROUGH,222,distributed,Indian Corn or Maize raised,3490,6980,bush
LANESBOROUGH,222,distributed,wheat,267,267,bush
LANESBOROUGH,222,distributed,rye,364,583,bush
LANESBOROUGH,222,distributed,barley,180,361,bush
LANESBOROUGH,222,distributed,oats,3178,10593,bush
LANESBOROUGH,222,distributed,potatoes  -,1910,7642,bush
LANESBOROUGH,222,distributed,other esr.ulent vegetables,271,1628,bush
LANESBOROUGH,222,distributed,hay,18255,3651,tons
LANESBOROUGH,222,distributed,flax,28,275,lbs
LANESBOROUGH,222,distributed,Fruit raised,966,5799,bush
LANESBOROUGH,222,distributed,Butter,2464,19715,lbs
LANESBOROUGH,222,distributed,cheese,4483,89625,lbs
LANESBOROUGH,222,distributed,honey,35,268,lbs
LANESBOROUGH,222,distributed,Maple Sugar,1242,17745,lbs
LEE,222,Cotton Mills,cotton consumed,13000,57200,lbs
LEE,222,Cotton Mills,sheetings,350,200000,yds
LEE,222,Cotton Mills,cotton batting,,5000,lbs
LEE,222,Woollen Mills,wool consumed,24000,40000,lbs
LEE,222,Woollen Mills,satinet,,42000,yds
LEE,222,Forges,bar iron anchors and other   wrought iron,17500,175,tons
LEE,222,Furnaces for   Hollow Ware and Castings other than Pig Iron,hollow ware and castings,5000,60,tons
LEE,222,Establishments for   Cotton Woollen and other Ma­ chinery,machinery,7000,,
LEE,222,distributed,axes and other edge tools,111000,,
LEE,223,Shovel  Spade Fork and Hoe Manufactories,Shovel  Spade Fork and Hoe,1000,,
LEE,223,Paper Manufactories,stock consumed,285000,1437,tons
LEE,223,Paper Manufactories,paper,,116475,reams
LEE,223,Wrapping  Paper   Manufactories,stock  consumed,4000014000,290,tons
LEE,223,Saddle Harness  and Trunk Manufactories,Saddle Harness  and Trunk,3000,,
LEE,223,Establishments for   Rail-road Cars and other Vehicles,vehicles,20000,,
LEE,223,Powder  Mills,powder,4500,37500,lbs
LEE,223,Chair and Cabinet  Ware Manufactories,Chair and Cabinet  Ware,1800,,
LEE,223,Tin Ware Manufactories,ware,3500,,
LEE,223,Tranneries,leather tanned and curried,6000,,
LEE,223,distributed,Boots,5605,750,pairs
LEE,223,distributed,shoes,,3330,pairs
LEE,223,distributed,boots and shoes,,,
LEE,223,distributed,Bricks,1200,200000,
LEE,223,distributed,Lime,1562,2500,casks
LEE,223,distributed,Lumber prepared,6192,948000,feet
LEE,223,distributed,Fire Wood prepared,10870,5565,cords
LEE,223,energy imports,char­ coal,4315,66500,bush
LEE,223,energy imports,Sperm Oil consumed in manufacturing,1400,13901,galls
LEE,223,energy imports,w hale oil,475,700,galls
LEE,223,energy imports,other oil,350,600,galls
LEE,223,energy imports,anth ·acite coal consumed in manufactu ring,180,20,tons
LEE,223,energy imports,forein bituminous coal,75,16,chaldrons
LEE,223,distributed,all other   American prod uction excepting cotton wool and iron consu med in man ufacturing,20618,16,chaldrons
LEE,223,distributed,all other    foreign  production  excepting  as  above consumed,180,,
LEE,223,energy imports,forein bituminous coal,75,,
LEE,223,distributed,all other   American prod uction excepting cotton wool and iron consu med in man ufacturing,20618,,
LEE,223,distributed,all other    foreign  production  excepting  as  above consumed,15700,,
LEE,223,distributed,Horses,19015,290,head
LEE,223,distributed,neat  cattle,26394,1276,head
LEE,223,distributed,swine,3869,489,head
LEE,224,distributed,Indian Corn or Maize raised,4447,6705,bush
LEE,224,distributed,wheat,117,94,bush
LEE,224,distributed,· rye,1773,2378,bush
LEE,224,distributed,barley,569,1138,bush
LEE,224,distributed,oats,4738,16920,bush
LEE,224,distributed,potatoes -,6547,17725,bush
LEE,224,distributed,other  esculent  vegetables,1095,3910,bush
LEE,224,distributed,hay,25637,3698,tons
LEE,224,distributed,buck wheat,100,300,bush
LEE,224,distributed,Fruit raised,955,41110,bush
LEE,224,distributed,Butter,7742,61935,lbs
LEE,224,distributed,cheese,1292,25850,lbs
LEE,224,distributed,honey,204,1630,lbs
LEE,224,distributed,beeswax,15,50,lbs
LEE,224,distributed,Maple Sugar,100,1000,lbs
LEE,224,Shops for turning Chair Stuff,stuff turned,6200,,
LEE,224,Tailors' Shops,clothing,3300,,
LENOX,224,Furnaces for   Pig Iron,pig iron,45000,1500,tons
LENOX,224,Saddle Harness and Trunk Manufactories,Saddle Harness and Trunk,600,,
LENOX,224,Tin Ware Manufactories,ware,500,,
LENOX,224,Tanneries,leather tanned and curried,1800,,
LENOX,224,distributed,Boots,2575,250,pairs
LENOX,224,distributed,shoes,,2860,pairs
LENOX,224,distributed,boots and shoes,,,
LENOX,224,distributed,Bricks,700,200000,
LENOX,224,distributed,Marble quarried and prepared,600,,
LENOX,225,distributed,Lime,7800,7800,casks
LENOX,225,distributed,Mineral and Iron Ore mined,4594,,
LENOX,225,distributed,Lumber prepared,4520,820000,feet
LENOX,225,distributed,Fire Wood prepared,3262,3026,cords
LENOX,225,energy imports,W hale Oil consumed in man nfact u ring,4626,100,galls
LENOX,225,distributed,Wool total see species,552203,,
LENOX,225,distributed,Asses and Mules,1015,9,head
LENOX,225,distributed,Horses,11478,214,head
LENOX,225,distributed,neat cattle,23311,1021,head
LENOX,225,distributed,sine,1045,262,
LENOX,225,distributed,India n Corn or Mnize raised,3258,6518,bush
LENOX,225,distributed,rye,1069,866,bush
LENOX,225,distributed,Barley,779,1247,bush
LENOX,225,distributed,oats,32,9542,bush
LENOX,225,distributed,potatoes,2983,10011,bnsh
LENOX,225,distributed,other  esculeh t  vegetables,3223,635,bush
LENOX,225,distributed,hay,193,1675,tons
LENOX,225,distributed,fl.ax,15360,86,lbs
LENOX,225,distributed,beans,10,37,bush
LENOX,225,distributed,Fruit raised,1863,11127,bush
LENOX,225,distributed,Butter,4489,36927,lbs
LENOX,225,distributed,cheese,797,15930,lbs
LENOX,225,distributed,honey,154,1020,lbs
LENOX,225,distributed,beeswax,8,27,lbs
LENOX,225,distributed,Lumber prepared,1200,150000,feet
LENOX,225,distributed,Sheep total,548,214,head
LENOX,225,distributed,wool prod uced,24673,820,lbs
LENOX,225,distributed,V. $. Horses,2293,24673,head
LENOX,225,distributed,neat cattle i,4879,28,head
LENOX,225,distributed,swine,293,79,head
LENOX,225,distributed,India n Corn or Maize raised:,324,675,bush
LENOX,225,distributed,buck­ wheat,270,720,bush
LENOX,225,distributed,rye,310,518,bush
LENOX,225,distributed,o:its,1264,5075,bush
LENOX,225,distributed,potatoes,1633,4355,bush
LENOX,225,distributed,other esculent vegetables,700,706,tons
LENOX,225,distributed,hay,4942,135,lbs
LENOX,225,distributed,flax,14,,
LENOX,225,distributed,Fruit raised,152,1517,bush
LENOX,225,distributed,Butter,1018,8140,lbs
LENOX,225,distributed,cheese,174,3485,lbs
LENOX,225,distributed,honey,138,1100,lbs
LENOX,225,distributed,beeswax,5,15,lbs
LENOX,226,distributed,Boots,364,66,pairs
LENOX,226,distributed,shoos,,133,pairs
LENOX,226,distributed,boots and shoes,,,
LENOX,226,distributed,Sheep total see species,2270,3804,lbs
LENOX,226,distributed,me­ rino,2026,250,lbs
LENOX,226,distributed,Saxony Sheep,,720,head
LENOX,226,distributed,other sheep,,80,head
LENOX,226,distributed,Saxony wool produced  lbs.,,2221,lbs
LENOX,226,distributed,other  wool,,,
LENOX,226,distributed,all  the wool,,,
LENOX,226,distributed,Horses,1330,38,head
LENOX,226,distributed,swine,3872,64,head
LENOX,226,distributed,Indian Corn or Maize raised,803,11285,bush
LENOX,226,distributed,wheat,34,29,bush
LENOX,226,distributed,rye,27,42,bush
LENOX,226,distributed,oats,864,2617,bush
LENOX,226,distributed,potatoes,723,2191,bush
LENOX,226,distributed,other csculent vege-. tables,32,96,bush
LENOX,226,distributed,bay,5712,714,tons
LENOX,226,distributed,lax,3,125,lbs
LENOX,226,distributed,Fruit raised,91,1840,bush
LENOX,226,distributed,Butter,437,3420,lbs
LENOX,226,distributed,cheese,1019,22650,lbs
LENOX,226,distributed,honey,27,295,lbs
LENOX,226,distributed,beeswax,8,25,lbs
LENOX,226,distributed,Maple Sugur,566,7075,lbs
LENOX,226,Woollen  Mills,wool consumed,750,1000,lbs
LENOX,226,Woollen  Mills,stinet,,111000,yds
LENOX,226,Furnaces for     Hollow Ware  and  Castings  other  tban Pig  Iron,hollow  wre  and  castings,4500,1150,tons
LENOX,226,Axe Manufoctories,axes and other edge tools,1400,1000,
LENOX,226,Plough  Mau ufactories,ploughs and  other agricultural tools,550,100,
LENOX,226,Paper Mn nnfoctories,stock consumed,28160,409,tons
LENOX,226,Paper Mn nnfoctories,paper,,234,tons
LENOX,226,Saddle Harness and Trunk Manufactorics,Saddle Harness and Trunk,11400,,
LENOX,226,Hat and Cap Mannfactories,hats and caps  .,550,400,
LENOX,227,Powder Mills,powder m?d,81000,40,tons
LENOX,227,Tanneries,leather tanned and curried,1800,,
LENOX,227,distributed,Boots,2621,581,pairs
LENOX,227,distributed,shoes,,1015,pairs
LENOX,227,distributed,boota and shooia,,,
LENOX,227,distributed,Palm-leaf Hats,50,150,
LENOX,227,distributed,Bricks,280,70000,
LENOX,227,distributed,Lime,5500,5500,casks
LENOX,227,distributed,Lumber prepared,21198,1175000,feet
LENOX,227,distributed,Fire Wood prt'pared,2634,1953,cords
LENOX,227,distributed,meriuo._,,6663,lbs
LENOX,227,distributed,Wool total see species,16101,9100,
LENOX,227,distributed,Saxony Sheep,,3624,head
LENOX,227,distributed,other sheep .,,447,head
LENOX,227,distributed,Saxony wool  produced  lbs.,,9100,lbs
LENOX,227,distributed,Saxony wool  produced,,,
LENOX,227,distributed,merino l lbs.,,1698,lbs
LENOX,227,distributed,other wool lS lbs.,,62,lbs
LENOX,227,distributed,Wool total see species,11756,,
LENOX,227,distributed,Horses,12217,282,head
LENOX,227,distributed,neat cattle,30348,1706,head
LENOX,227,distributed,swine,1789,365,head
LENOX,227,distributed,Indian Corn or Maize raised,4581,6027,bush
LENOX,227,distributed,wheat,319,319,bush
LENOX,227,distributed,rye,2999,4400,bush
LENOX,227,distributed,oats,4736,16291,bush
LENOX,227,distributed,potatoes,4320,14551,bush
LENOX,227,distributed,hay,38788,6433,tons
LENOX,227,distributed,Frnit raised,1462,11168,bush
LENOX,227,distributed,Butter,10837,76670,lbs
LENOX,227,distributed,cheese,8776,153050,lbs
LENOX,227,distributed,honey,96,765,lbs
LENOX,227,distributed,Cheese Boxes,1600,12000,
LENOX,227,distributed,Hoe and Fork Handles,300,3600,
LENOX,227,distributed,Barrels and Casks,18019070,6000,
OTIS,227,Forges,bar iron anchors and other   wrought iron,16506,150,tons
OTIS,227,Axe Manufactories,Axe,12542,,
OTIS,227,distributed,Hoes,20,60,
OTIS,227,Clock idanufactories,clocks,900,300,
OTIS,228,Flouring Mills .,Flouring Mills .,,,
OTIS,228,Tanneries,leather tanned and curried,5100,,
OTIS,228,distributed,Boots,1764,1522,pairs
OTIS,228,distributed,shoes,,614,pairs
OTIS,228,distributed,boots and shoes,,,
OTIS,228,distributed,Cheese Boxes,1444,12035,feet
OTIS,228,distributed,Lumber prepared,5190,865000,
OTIS,228,distributed,Fire Wood prepared,1085,1085,cords
OTIS,228,distributed,hemlock bark,2250,900,cords
OTIS,228,energy imports,charcoal,4400,44000,bush
OTIS,228,distributed,Sheep total,1702,1362,head
OTIS,228,distributed,wool prod uced,1021,3405,lbs
OTIS,228,distributed,Horses,6650,133,head
OTIS,228,distributed,neat  cattle,13747,1254,head
OTIS,228,distributed,swine,600,150,head
OTIS,228,distributed,Ind ian Corn or Maize raised J,914,523,bush
OTIS,228,distributed,rye,64,106,bush
OTIS,228,distributed,oats,934,3114,bush
OTIS,228,distributed,potatoe,1273,6367,bush
OTIS,228,distributed,other esculent vegeta bles,57,457,bush
OTIS,228,distributed,hay,13770,2295,tons
OTIS,228,distributed,Fruit raised,380,4754,bush
OTIS,228,distributed,Butter,749,7490,lbs
OTIS,228,distributed,cheese,4307,107678,lbs
OTIS,228,distributed,honey,60,480,lbs
OTIS,228,distributed,beeswax,5,14,lbs
OTIS,228,distributed,Maple Sugar,837,11987,lbs
PERU,228,distributed,Boots,2650,300,pairs
PERU,228,distributed,shoes,,1900,pairs
PERU,228,distributed,boots and shoes:,,,
PERU,228,distributed,Palm-leaf  Hats,110,440,feet
PERU,228,distributed,Lumber prepared,1325,225000,cords
PERU,228,distributed,Fire Wood prepared,1102,630,
PERU,228,distributed,Horses,4600,110,head
PERU,228,distributed,neat cattle,10263,557,head
PERU,228,distributed,swine,615,115,head
PERU,228,distributed,Ind ian Corn or Maize rais<'d,530,706,bush
PERU,228,distributed,ba rley,100,150,bush
PERU,228,distributed,oats,1051,3153,bnsh
PERU,228,distributed,potatoes,3175,9526,bush
PERU,228,distributed,hay,14760,2460,tons
PERU,228,distributed,Fruit raised,481,1926,bush
PERU,228,distributed,Butter,1402,11219,lbs
PERU,228,distributed,cheese,563,11270,lbs
PITTSFIELD,229,Cotton Mills,cotton consumed,40000,180000,lbs
PITTSFIELD,229,Cotton Mills,sheetings,188,637189,yds
PITTSFIELD,229,Cotton Mills,cotton bat ting,,2500,lbs
PITTSFIELD,229,Woolen Mills,wool  consumed,191000,420000,lbs
PITTSFIELD,229,Woolen Mills,broadcloth,60000,113000,yds
PITTSFIELD,229,Woolen Mills,sati­ net,113,130000,yds
PITTSFIELD,229,Woolen Mills,flannel or blanketing,,300,yds
PITTSFIELD,229,Furnaces for   Hollow Ware  and  Castings  other  than Pig Iron,hollow -ware and castings,24075,321,tons
PITTSFIELD,229,Establishments for   Cotton Woollen and other Machin­ ery,machinery,27650,,
PITTSFIELD,229,· Musical Instrnment Manufactocies,instruments,1000,,
PITTSFIELD,229,Saddle Harness and Trunk Manufactories,Saddle Harness and Trunk,5000,,
PITTSFIELD,229,Hat and Cap l\lannfactories,hats and  caps,7750,6500,
PITTSFIELD,229,Establishments for   Rail-road Cars and other Vchicles,for   Rail-road Cars and other Vchicles,28170,,
PITTSFIELD,229,Soap and 'allow Candle Man ufactories,soap,1050,33,tons
PITTSFIELD,229,Soap and 'allow Candle Man ufactories,tallow  candles,222,2000,lbs
PITTSFIELD,229,Establishments for   Fire Arms,arms  mus­ kets,23100,1500,
PITTSFIELD,229,Establishments for   Fire Arms,rifles,,10,
PITTSFIELD,229,Establishments for   Fire Arms,and pistols,,10,
PITTSFIELD,229,Chair and Cabinet Ware Manufactories,Chair and Cabinet Ware,12500,,
PITTSFIELD,229,Tin Ware Manufactories,ware,4500,,
PITTSFIELD,229,Comb Manufactories,combs,83,,
PITTSFIELD,229,Tanneries,hides tanned,18700,3740,
PITTSFIELD,229,Tanneries,leather tanned and curried,,,
PITTSFIELD,229,distributed,Boots .,8552,1550,pairs
PITTSFIELD,229,distributed,shoes,,21308,pairs
PITTSFIELD,229,distributed,boots and shoes,,,
PITTSFIELD,230,distributed,Bricks,2180,645000,
PITTSFIELD,230,distributed,Building Stone quarried and prepared,1698,,
PITTSFIELD,230,distributed,l\larble quarried and pr*?parcd,4901,7100,casks
PITTSFIELD,230,distributed,Lime,5100,,
PITTSFIELD,230,distributed,pum ps,,350,
PITTSFIELD,230,distributed,Mechanics' Tools,5250,,
PITTSFIELD,230,distributed,Wooden Ware,640,,
PITTSFIELD,230,distributed,Com and other Brooms,1670,8350,
PITTSFIELD,230,distributed,Lumber prepared,794,1163000,feet
PITTSFIELD,230,distributed,nil other    i C.,463154301,4431,cords
PITTSFIELD,230,distributed,Fire Wood prepared,10032,,
PITTSFIELD,230,energy imports,Sperm  Oil  consumed  in  man ufacturing,3400,3495,galls
PITTSFIELD,230,energy imports,whale oil,23,30,galls
PITTSFIELD,230,energy imports,all other kinds  oil,3605,5830,galls
PITTSFIELD,230,energy imports,anthracite coal consumed in manufac­ turing,1015,139,tons
PITTSFIELD,230,distributed,nil other   American production con­ sumd  in man ufacturing  excepting cotton wool  and iron,144,,
PITTSFIELD,230,energy imports,all other   foreign production except­ ing as above consumed,39,,
PITTSFIELD,230,distributed,Sheep total see species,27853,5005,lbs
PITTSFIELD,230,distributed,Saxony wool prod uced,,,
PITTSFIELD,230,distributed,Saxony Sheep,,1820,head
PITTSFIELD,230,distributed,merino,,8369,head
PITTSFIELD,230,distributed,other sheep,,333,head
PITTSFIELD,230,distributed,Saxony wool prod uced  lbs.,,5005,lbs
PITTSFIELD,230,distributed,merino  lbs.,,21200,lbs
PITTSFIELD,230,distributed,other wool   lbs.,,1332,lbs
PITTSFIELD,230,distributed,Wool total see species,13415,,
PITTSFIELD,230,distributed,Horses,27170,494,head
PITTSFIELD,230,distributed,neat cattle,35245,1855,head
PITTSFIELD,230,distributed,swine,7700,857,head
PITTSFIELD,230,distributed,Indian Corn or Maize raised,7835,13059,bush
PITTSFIELD,230,distributed,wheatt,328,328,bush
PITTSFIELD,230,distributed,rye,2752,3365,bush
PITTSFIELD,230,distributed,barley,478,767,bush
PITTSFIELD,230,distributed,oats,8439,24795,bush
PITTSFIELD,230,distributed,potntoes -,9000,23100,bush
PITTSFIELD,230,distributed,beans,387,258,bush
PITTSFIELD,230,distributed,peas,263,102,bush
PITTSFIELD,230,distributed,buck wheat,1150,657,bush
PITTSFIELD,230,distributed,other escu­ lent  vegetables,2,3434,bush
PITTSFIELD,230,distributed,millet,46900,6,bush
PITTSFIELD,230,distributed,hay,36,6700,tons
PITTSFIELD,230,distributed,Fruit  raised,903,3614,bush
PITTSFIELD,230,distributed,Butter prod uced,10367,82930,lbs
PITTSFIELD,230,distributed,cheese,1213,20221,lbs
PITTSFIELD,230,distributed,honey,240,1440,lbs
PITTSFIELD,230,distributed,beeswax,18,65,lbs
PITTSFIELD,231,distributed,·Maple Sugar,1162,14400,lbs
PITTSFIELD,231,distributed,Seeds raised,871,,
PITTSFIELD,231,distributed,Pouhry raised,1550,,
PITTSFIELD,231,distributed,Eggs produced,2438,,
RICHMOND,231,Furnaces for   Pig Iron,pig iron,22981,821,
RICHMOND,231,Fork and Hoe Manufactories,Fork and Hoe,5000,,
RICHMOND,231,Tanneries,leather  tanned  and curried,1000,,
RICHMOND,231,distributed,Boots,,300,pairs
RICHMOND,231,distributed,shoes,,400,pairs
RICHMOND,231,distributed,Lime,1777,2370,casks
RICHMOND,231,distributed,Iron Ore mined,6875,,
RICHMOND,231,distributed,Corn and other Drooms,1676,13792,
RICHMOND,231,distributed,Horses,6661,175,head
RICHMOND,231,distributed,neat cattle,8239,531,head
RICHMOND,231,distributed,swine,492,164,head
RICHMOND,231,distributed,Ind ian Corn or l\Taize raised  bush,1972,39451,bush
RICHMOND,231,distributed,wheat,208,208,bush
RICHMOND,231,distributed,rye,554,924,bush
RICHMOND,231,distributed,•,237,5931,bush
RICHMOND,231,distributed,barley  bl,2705,9017,bush
RICHMOND,231,distributed,oats,1174,4699,bush
RICHMOND,231,distributed,potatoes,81,310,tons
RICHMOND,231,distributed,other   escu lent   vegetables,15883,2269,lbs
RICHMOND,231,distributed,hay,12,100,
RICHMOND,231,distributed,fl.ax,,,
RICHMOND,231,distributed,Fruit raised,462,4617,bush
RICHMOND,231,distributed,Butter,2446,19571,lbs
RICHMOND,231,distributed,cheese,565,11300,lbs
RICHMOND,231,distributed,honey,8,60,lbs
SANDISFIELD,231,Woollen Mills,wool consumed,10000,16000,lbs
SANDISFIELD,231,Woollen Mills,broadcloth,4000,6000,yds
SANDISFIELD,231,Woollen Mills,satinet S,,0,yds
SANDISFIELD,232,Establishments for   Rail-road Oars and other Vehicles,vehicles,5170,,
SANDISFIELD,232,Chair  and  Cabinet Ware Man ufnctories,Chair  and  Cabinet Ware,1000,,
SANDISFIELD,232,Flouring Mills,flour,2400,600,bbls
SANDISFIELD,232,Tanneries,leather tanned and curried,43560,,
SANDISFIELD,232,distributed,Boots,9303,4768,pairs
SANDISFIELD,232,distributed,shoes,,820,pairs
SANDISFIELD,232,distributed,boots and shoes,,,
SANDISFIELD,232,distributed,Bricks,245,70000,
SANDISFIELD,232,distributed,Buildi ng Stone quarried and rrepared,400,,
SANDISFIELD,232,distributed,Wooden Warc,16699,,
SANDISFIELD,232,distributed,Lumber prepared,2107,472800,feet
SANDISFIELD,232,distributed,Fire Wood  ·prepared,1125,685,cords
SANDISFIELD,232,distributed,bark,3900,1300,cords
SANDISFIELD,232,energy imports,Sperm  Oil consumed  in  manufact uring,24,24,galls
SANDISFIELD,232,energy imports,whale oil,112,310,galls
SANDISFIELD,232,energy imports,all other kinds  oil,150,150,galls
SANDISFIELD,232,distributed,all other    American  prod uction con­ sumed  in  man ufacturing   excepting  cotton  wool  and  iron,9100,,
SANDISFIELD,232,distributed,Sheep total see species,4632,,
SANDISFIELD,232,distributed,nil the wool,2364,,
SANDISFIELD,232,distributed,Merino Sheep,,978,head
SANDISFIELD,232,distributed,other  sheep,,1538,head
SANDISFIELD,232,distributed,merino  wool  produced  lbs.,,1891,lbs
SANDISFIELD,232,distributed,other wool  lbs.,,4585,lbs
SANDISFIELD,232,distributed,Horses,9900,221,head
SANDISFIELD,232,distributed,neat  cattle,391,2461,head
SANDISFIELD,232,distributed,swine,1651,309,head
SANDISFIELD,232,distributed,Iudia n Corn or Maize raised,1186,1977,bush
SANDISFIELD,232,distributed,rye,219,351,bush
SANDISFIELD,232,distributed,barley,29,58,bush
SANDISFIELD,232,distributed,oats,1928,6427,bush
SANDISFIELD,232,distributed,potatoes,5437,16411,bush
SANDISFIELD,232,distributed,other esculent vegeta bles,20905,3597,bush
SANDISFIELD,232,distributed,hay .,35,4181,tons
SANDISFIELD,232,distributed,flax,,280,lbs
SANDISFIELD,232,distributed,Fruit raised,1210,24156,bush
SANDISFIELD,232,distributed,Butter,4178,40530,lbs
SANDISFIELD,232,distributed,cheese,14174,283480,lbs
SANDISFIELD,232,distributed,honey,37,300,lbs
SANDISFIELD,232,distributed,Maple Sugar,10239,146271,lbs
SANDISFIELD,232,distributed,Horse Shoes &C.,1200,1200,
SANDISFIELD,232,distributed,V.  Horse Shoes &C.  $,,,head
SAVOY,233,Tanneries,leather  tanned,18000,,
SAVOY,233,distributed,Lumber prepared,3500,700000,feet
SAVOY,233,distributed,Fire Wood prepared,700,563,cords
SAVOY,233,distributed,Sheep total,3258,1629,head
SAVOY,233,distributed,wool  produced,1612,4887,lbs
SAVOY,233,distributed,Horses,5770,140,head
SAVOY,233,distributed,neat  cattle,16925,928,head
SAVOY,233,distributed,swine,918,153,head
SAVOY,233,distributed,Indian Corn or Maize raised,825,1100,bush
SAVOY,233,distributed,wheat,118,79,bush
SAVOY,233,distributed,rye,44,53,bush
SAVOY,233,distributed,barley,250,374,bush
SAVOY,233,distributed,oats,1703,5163,bush
SAVOY,233,distributed,potatoes,4200,12600,bush
SAVOY,233,distributed,other esculent  v·egetables,150,600,bush
SAVOY,233,distributed,Fruit raised,369,1845,bush
SAVOY,233,distributed,Butter,3076,24710,lbs
SAVOY,233,distributed,cheese,3500,70540,lbs
SAVOY,233,distributed,Maple Sugar,469,5870,lbs
SHEFFIELD,233,Plough .Manufactories,ploughs and other agricultural tools,320,60,
SHEFFIELD,233,Establishments for   Chronometers Watches Gold and Silver Ware and Jewelry,for   Chronometers Watches Gold and Silver Ware and Jewelry,500,,
SHEFFIELD,233,Saddle Harness and Tnmk Manufactories,Saddle Harness and Tnmk,1100,,
SHEFFIELD,233,Hat and Cap .Manufactories,hats and caps,1500,500,
SHEFFIELD,233,Establishments for   Rail-road Cars and other Vehicles,vehicles,1750,,
SHEFFIELD,233,Chair and Cabinet Ware .Manufactories,Chair and Cabinet Ware .,500,,
SHEFFIELD,233,Flouring Mills,flour,7000,2000,bbls
SHEFFIELD,234,Tanneries,hides tanned,1687,750,
SHEFFIELD,234,Tanneries,leather tanned and curried,,,
SHEFFIELD,234,distributed,Boots,1254,128,pairs
SHEFFIELD,234,distributed,shoes,,680,pairs
SHEFFIELD,234,distributed,shoes,,,
SHEFFIELD,234,distributed,Marble quarried and prepared,25606,28,
SHEFFIELD,234,distributed,Lime,1880,1880,casks
SHEFFIELD,234,distributed,Lumber prepared,6014,440000,feet
SHEFFIELD,234,distributed,building timber,560,3000,feet
SHEFFIELD,234,distributed,Fire Wood prepared,5352,3221,cords
SHEFFIELD,234,energy imports,char­ coal,3543,60600,bush
SHEFFIELD,234,distributed,Sheep total see species,8365,,
SHEFFIELD,234,distributed,Asses and Mules,100,2,head
SHEFFIELD,234,distributed,horses,27532,514,head
SHEFFIELD,234,distributed,horses,50584,514,
SHEFFIELD,234,distributed,neat cattle,16437,3060,head
SHEFFIELD,234,distributed,swine,,1954,head
SHEFFIELD,234,distributed,Indian Corn or Maize raised,12842,25684,bush
SHEFFIELD,234,distributed,wheat,1266,1266,bush
SHEFFIELD,234,distributed,rye,9291,13936,bush
SHEFFIELD,234,distributed,oats,14771,49237,bush
SHEFFIELD,234,distributed,buckwheat,887,1775,bush
SHEFFIELD,234,distributed,peas,2,205,bush
SHEFFIELD,234,distributed,potatoes,5948,23792,bush
SHEFFIELD,234,distributed,other esculent vegetables,957,3431,bush
SHEFFIELD,234,distributed,hay,35930,7186,tons
SHEFFIELD,234,distributed,flax,27,215,lbs
SHEFFIELD,234,distributed,Fruit raised,3686,33023,bush
SHEFFIELD,234,distributed,hops,188,1500,lbs
SHEFFIELD,234,distributed,Butter,18150,145200,lbs
SHEFFIELD,234,distributed,cheese,7238,120640,lbs
SHEFFIELD,234,distributed,honey,107,642,lbs
SHEFFIELD,234,distributed,beeswax,7,27,lbs
SHEFFIELD,234,distributed,Barrels,800,800,
SHEFFIELD,234,distributed,Whiskey,4000,500,bbls
SHEFFIELD,234,distributed,cider brandy,1000,100,bbls
SHEFFIELD,234,distributed,Manganese,5000,100,tons
SHEFFIELD,234,distributed,Grass Seed raised,166,83,bush
SHEFFIELD,234,distributed,clover seed,665,101,bush
STOCKBRIDGE,234,Cotton Mills,spindles,40250,3550,lbs
STOCKBRIDGE,234,Cotton Mills,cotton consumed,,100000,
STOCKBRIDGE,234,Cotton Mills,cotton cloth,,600000,
STOCKBRIDGE,235,Woollen  Mills,wool  consumed,143000,208000,lbs
STOCKBRIDGE,235,Woollen  Mills,satinet,,275000,yds
STOCKBRIDGE,235,Furnaces for   Pig Iron,pig iron,53480,1337,tons
STOCKBRIDGE,235,Furnaces for   Hollow Ware and Castings other than Pig  Iron,hollow  ware  and  castings,2886,36,tons
STOCKBRIDGE,235,distributed,Saddles Harnesses and Trunks,500,,
STOCKBRIDGE,235,distributed,ar­ticles,1000,,
STOCKBRIDGE,235,Chair   and   Cabinet  Ware  Manufactories,Chair   and   Cabinet  Ware,10500,,
STOCKBRIDGE,235,Tanneries,leather  tanned and curried,3625,,
STOCKBRIDGE,235,distributed,Boots,3200,800,pairs
STOCKBRIDGE,235,distributed,shoes,,1000,pairs
STOCKBRIDGE,235,distributed,boots  and . shoes,,,
STOCKBRIDGE,235,distributed,Bricks,680,170000,
STOCKBRIDGE,235,distributed,Lime,250,400,casks
STOCKBRIDGE,235,distributed,Lumber  prepared,6000,50000,feet
STOCKBRIDGE,235,distributed,Fire Wood prepared,1350,600,cords
STOCKBRIDGE,235,energy imports,charcoal,4735,80000,bush
STOCKBRIDGE,235,distributed,Sheep total see species,4137,2192,lbs
STOCKBRIDGE,235,distributed,other  wool,,,
STOCKBRIDGE,235,distributed,Merino Sheep,,2086,head
STOCKBRIDGE,235,distributed,other sheep,,672,head
STOCKBRIDGE,235,distributed,merino  wool  produced   lbs.,,6362,lbs
STOCKBRIDGE,235,distributed,Wool total see species,3417,,
STOCKBRIDGE,235,distributed,Asses and Mules,300,3,head
STOCKBRIDGE,235,distributed,horses,12265,229,head
STOCKBRIDGE,235,distributed,horses,19887,229,
STOCKBRIDGE,235,distributed,neat cattle,4069,938,head
STOCKBRIDGE,235,distributed,swine,,433,head
STOCKBRIDGE,235,distributed,Indian Corn or Maize raised,5000,9000,bush
STOCKBRIDGE,235,distributed,wheat,500,400,bnsh
STOCKBRIDGE,235,distributed,rye,1400,2242,bush
STOCKBRIDGE,235,distributed,barley,90,200,bush
STOCKBRIDGE,235,distributed,oats,4690,14780,bush
STOCKBRIDGE,235,distributed,potatoes,2400,6000,bush
STOCKBRIDGE,235,distributed,other  esculent  vegetables,1450,5100,bush
STOCKBRIDGE,235,distributed,hay,17000,3400,tons
STOCKBRIDGE,235,distributed,Frui t raised,1593,11228,bush
STOCKBRIDGE,235,distributed,tobacco,25,200,lbs
STOCKBRIDGE,235,distributed,Butter,537,43035,lbs
STOCKBRIDGE,235,distributed,cheese,1431,28625,lbs
STOCKBRIDGE,235,distributed,_ honey,20,200,lbs
STOCKBRIDGE,236,distributed,Veneers,2000,100000,feet
STOCKBRIDGE,236,distributed,Carpets,220756,437,yds
STOCKBRIDGE,236,distributed,Maple Sugar,120200,1200,lbs
STOCKBRIDGE,236,distributed,Beans raised,300,200,bush
STOCKBRIDGE,236,distributed,Garden Seeds raised,319,,
TYRINGHAM,236,Cotton Mills,woollen mills,300,1,lbs
TYRINGHAM,236,Cotton Mills,wool consumed,,500,yds
TYRINGHAM,236,Cotton Mills,satinet,,500,
TYRINGHAM,236,Shovel Spade Fork and Hoe Manufactories,arti­ . cles,750,,
TYRINGHAM,236,Paper  Manufactories,stock  consu med,50000,80,tons
TYRINGHAM,236,Paper  Manufactories,paper,,20000,reams
TYRINGHAM,236,Wrapping Paper Manufactories,stock consumed,3000,75,tons
TYRINGHAM,236,Wrapping Paper Manufactories,paper,,15000,reams
TYRINGHAM,236,Chair  and Cabinet Ware Manufactories,Chair  and Cabinet Ware,300,,
TYRINGHAM,236,Comb Manufactories,combs,1000,,
TYRINGHAM,236,Tanneries,leather  tanned  and curried,2000,,
TYRINGHAM,236,distributed,Boots,1500,490,pairs
TYRINGHAM,236,distributed,shoes,,500,pairs
TYRINGHAM,236,distributed,boots and shoes,,,
TYRINGHAM,236,distributed,Stra'v Bonnets and Hats,400,1000,casks
TYRINGHAM,236,distributed,Lime,750,,
TYRINGHAM,236,distributed,Wooden Ware,800,37000,
TYRINGHAM,236,distributed,Rakes,3000,,
TYRINGHAM,236,distributed,Corn and other Brooms,300,2000,
TYRINGHAM,236,distributed,Lumber ·prepared:,800,100000,feet
TYRINGHAM,236,distributed,Fire .Wood prepared,1200,800,cords
TYRINGHAM,236,energy imports,charcoal,6000,100000,bush
TYRINGHAM,237,distributed,Horses,10000,200,head
TYRINGHAM,237,distributed,neat cattle,30600,1800,head
TYRINGHAM,237,distributed,swine,1675,335,head
TYRINGHAM,237,distributed,Indian Corn or Maize raised,1300,2600,bush
TYRINGHAM,237,distributed,rye,720,1200,bush
TYRINGHAM,237,distributed,barley,150,200,bush
TYRINGHAM,237,distributed,oats,2400,8000,bush
TYRINGHAM,237,distributed,potatoes,2400,12000,bush
TYRINGHAM,237,distributed,other esculent vegetables,200,700,bush
TYRINGHAM,237,distributed,hay,18000,3000,tons
TYRINGHAM,237,distributed,Fruit raised,750,3000,bush
TYRINGHAM,237,distributed,Butter,3600,30000,lbs
TYRINGHAM,237,distributed,cheese,8800,176000,lbs
TYRINGHAM,237,distributed,honey,125,1000,lbs
TYRINGHAM,237,distributed,beeswax,8800,100,lbs
TYRINGHAM,237,distributed,honey,125,1000,lbs
TYRINGHAM,237,distributed,beeswax,20,100,lbs
TYRINGHAM,237,distributed,Maple Sugar  :,1200,15000,lbs
TYRINGHAM,237,distributed,Garden Seeds raised,1500,,
WASHINGTON,237,distributed,Lumber prepared,11652,2236000,feet
WASHINGTON,237,distributed,Fire Wood prepared,14896,748,cords
WASHINGTON,237,energy imports,char­ coal,6250,126000,bush
WASHINGTON,237,distributed,hemlock bark,895,358,cords
WASHINGTON,237,distributed,Sheep total see species,6142,,
WASHINGTON,237,distributed,nil the wool,4340,,
WASHINGTON,237,distributed,Merino Sheep,,2904,head
WASHINGTON,237,distributed,other sheep,,167,head
WASHINGTON,237,distributed,merino wool  prod uced    l bs,,99241,head
WASHINGTON,237,distributed,other wool   lbs.,,501,lbs
WASHINGTON,237,distributed,Horses,8100,162,head
WASHINGTON,237,distributed,neat cattle,11632,727,head
WASHINGTON,237,distributed,swine,770,110,head
WASHINGTON,237,distributed,Indian Corn or Maize raised,616,1133,bush
WASHINGTON,237,distributed,wheat,34,34,bush
WASHINGTON,237,distributed,rye,237,339,bush
WASHINGTON,237,distributed,barley,79,157,bush
WASHINGTON,237,distributed,oats,1784,5946,bush
WASHINGTON,237,distributed,potatoes,4072,11682,bush
WASHINGTON,237,distributed,other esculcnt vegetables,79,318,bush
WASHINGTON,237,distributed,ha y,16324,2332,tons
WASHINGTON,237,distributed,Frui t raised,398,3139,bush
WASHINGTON,237,distributed,Butter,3917,31350,lbs
WASHINGTON,237,distributed,cheese,900500,15000,lbs
WASHINGTON,237,distributed,woollen cloth,127,240,yds
WASHINGTON,237,distributed,flannel,315,800,yds
WASHINGTON,238,Rolling Mills,iron  and not made into nails,,25,tons
WASHINGTON,238,distributed,nails,3125,5,tons
WASHINGTON,238,Forges,bar iron,4000,40,tons
WASHINGTON,238,Forges,instruments,300,,
WASHINGTON,238,Saddle Harness and Trunk Manufactories,Saddle Harness and Trunk,600,,
WASHINGTON,4,distributed,vehicles,4500,,
WASHINGTON,4,Chair and  Cabinet  Ware Manufactories,Chair and  Cabinet  Ware,600,,
WASHINGTON,4,Tin Ware Man ufactories,ware,1000,,
WASHINGTON,4,Flouring Mills,flour,2500,500,bbls
WASHINGTON,4,distributed,Marble quarried and prepared,29224,730,casks
WASHINGTON,4,distributed,Lime,547,,
WASHINGTON,4,distributed,Iron Ore mined,10200,,
WASHINGTON,4,distributed,Lumber prepared,2075,275000,feet
WASHINGTON,4,distributed,Fire Wood prepared .,8735,4730,cords
WASHINGTON,4,distributed,Sheep total see species,7417,,
WASHINGTON,4,distributed,Wool total see species,3974,,
WASHINGTON,4,distributed,Merino Sheep,,2464,head
WASHINGTON,4,distributed,other  sheep,,583,head
WASHINGTON,4,distributed,merino wool produced   lbs.,,7474,lbs
WASHINGTON,4,distributed,other wool  lbs.,,900,lbs
WASHINGTON,4,distributed,Horses,10160,189,head
WASHINGTON,4,distributed,neat  cattle,12433,621,head
WASHINGTON,4,distributed,swine,2622,355,head
WASHINGTON,4,distributed,Indian Corn or Maize raised,2750,5500,bush
WASHINGTON,4,distributed,wheat,175,175,bush
WASHINGTON,4,distributed,rye,1110,1850,bush
WASHINGTON,4,distributed,barley,29,580,bush
WASHINGTON,4,distributed,oats,4700,15550,bush
WASHINGTON,4,distributed,potatoes,2743,7387,bush
WASHINGTON,4,distributed,other  esculent  vegetables,200,1000,bush
WASHINGTON,4,distributed,hay,12186,2031,tons
WASHINGTON,4,distributed,flax,24,200,lbs
WASHINGTON,4,distributed,Fruit raised,,4842,bush
WASHINGTON,4,distributed,$,,1162,
WASHINGTON,4,distributed,Butter,3760,30070,lbs
WASHINGTON,4,distributed,cheese,668,11130,lbs
WASHINGTON,4,distributed,honey,64,515,lbs
WASHINGTON,4,distributed,beeswax,3,10,lbs
WILLIAMSTOWN,239,Cotton Mills,cotton consumed,30262,91800,lbs
WILLIAMSTOWN,239,Cotton Mills,printing cloth,4205,526304,yds
WILLIAMSTOWN,239,Cotton Mills,cotton yarn  and not made into cloth,1444,24740,lbs
WILLIAMSTOWN,239,Cotton Mills,cotton batting,,18914,lbs
WILLIAMSTOWN,239,Woollen Mills,wool consumed,10400,15000,lbs
WILLIAMSTOWN,239,Woollen Mills,satinet,,16000,yds
WILLIAMSTOWN,239,Saddle Harness and Trunk Manufactories,Saddle Harness and Trunk,1800,,
WILLIAMSTOWN,239,Establishmen ts for    Rail-road Cars and other Vehicles,vehicles,1625,,
WILLIAMSTOWN,239,Chair and Cabinet Ware Manufactories,Chair and Cabinet Ware,1800,,
WILLIAMSTOWN,239,Tin Ware  Manufactories,ware,700,,
WILLIAMSTOWN,239,Tanneries,leather tanned and curried,6800,,
WILLIAMSTOWN,239,distributed,Boots,37500,725,pairs
WILLIAMSTOWN,239,distributed,shoes,,45425,pairs
WILLIAMSTOWN,239,distributed,boots and shoes,,,
WILLIAMSTOWN,239,distributed,Bricks,400,100000,
WILLIAMSTOWN,239,distributed,Corn and other Brooms,90,700,feet
WILLIAMSTOWN,239,distributed,Lumber prepared,1528,254596,cords
WILLIAMSTOWN,239,distributed,Fire Wood prepared,2150,1036,
WILLIAMSTOWN,239,energy imports,Sperm Oil consumed in manufacturing,891,1000,galls
WILLIAMSTOWN,239,energy imports,whale oil,125,250,galls
WILLIAMSTOWN,239,distributed,Sheep total see species,10734,1905,lbs
WILLIAMSTOWN,239,distributed,me- · rino,10572,,
WILLIAMSTOWN,239,distributed,Saxony Sheep,,889,head
WILLIAMSTOWN,239,distributed,merino,,570,head
WILLIAMSTOWN,239,distributed,other  sheep S,,241,head
WILLIAMSTOWN,239,distributed,Saxony wool produced  lbs.,,2066,lbs
WILLIAMSTOWN,239,distributed,other wool   lbs.,,22681,lbs
WILLIAMSTOWN,239,distributed,all  the wool,,,
WILLIAMSTOWN,239,distributed,Horses,22225,426,head
WILLIAMSTOWN,239,distributed,neat cattle,24131,1599,head
WILLIAMSTOWN,239,distributed,swine,3346,649,head
WILLIAMSTOWN,239,distributed,Indian Corn or Maize raised,6823,13646,bush
WILLIAMSTOWN,239,distributed,wheat,366,366,bush
WILLIAMSTOWN,239,distributed,rye,939,1618,bush
WILLIAMSTOWN,239,distributed,bar­ ley,218,484,bush
WILLIAMSTOWN,239,distributed,oats,7036,23453,bush
WILLIAMSTOWN,239,distributed,potatoes,5437,21748,bush
WILLIAMSTOWN,239,distributed,buckwheat,353,940,bush
WILLIAMSTOWN,239,distributed,hay,33120,4416,tons
WILLIAMSTOWN,239,distributed,flax,112,1118,lbs
WILLIAMSTOWN,240,distributed,Butter,4747,36515,lbs
WILLIAMSTOWN,240,distributed,cheese,6605,132095,lbs
WILLIAMSTOWN,240,distributed,honey,210,1392,lbs
WILLIAMSTOWN,240,distributed,beeswax,210,112,lbs
WILLIAMSTOWN,240,distributed,honey,37,1392,lbs
WILLIAMSTOWN,240,distributed,beeswax,,112,lbs
WILLIAMSTOWN,240,distributed,Nail Kegs,750,6000,bbls
WILLIAMSTOWN,240,distributed,flour bbls.,350,2000,
WINDSOR,240,Chair  and  Cabinet  Ware  Manufactories,Chair  and  Cabinet  Ware,300,,
WINDSOR,240,distributed,Boots,150,40,pairs
WINDSOR,240,distributed,shoes,,50,pairs
WINDSOR,240,distributed,boots and shoes,,,
WINDSOR,240,distributed,Palm-leaf  Hats,1133,6799,casks
WINDSOR,240,distributed,Lime,488,650,
WINDSOR,240,distributed,all other,690,93000,feet
WINDSOR,240,distributed,Lumber prepared,414,,
WINDSOR,240,distributed,Fire Wood prepared,249,249,cords
WINDSOR,240,distributed,bark,1545,515,cords
WINDSOR,240,distributed,Sheep total see species,13530,,
WINDSOR,240,distributed,all the wool,8160,,
WINDSOR,240,distributed,Merino  Sheep,,6639,head
WINDSOR,240,distributed,other  sheep,,126,head
WINDSOR,240,distributed,merino wool  produced   lbs.,,20000,lbs
WINDSOR,240,distributed,other wool   lbs.,,400,lbs
WINDSOR,240,distributed,Horses,5618,157,head
WINDSOR,240,distributed,neat cattle,16310,1021,head
WINDSOR,240,distributed,swine,1000,198,head
WINDSOR,240,distributed,Indian Corn or Maize raised,1214,1618,bush
WINDSOR,240,distributed,wheat,357,238,bush
WINDSOR,240,distributed,rye,30,40,bush
WINDSOR,240,distributed,barley,507,1015,bush
WINDSOR,240,distributed,oats,1808,5427,bush
WINDSOR,240,distributed,buckwheat raised,207,415,bush
WINDSOR,240,distributed,potatoes,3871,11612,bush
WINDSOR,240,distributed,other esculent vegetables,275,550,bush
WINDSOR,240,distributed,hay,21246,3541,tons
WINDSOR,240,distributed,Fruit raised,1380,5522,bush
WINDSOR,240,distributed,Butter,2435,19477,lbs
WINDSOR,240,distributed,cheese,5344,118760,lbs
