city,page,site,goods,value,quantity,units
ATTLEBOROUGH,267,Cotton Mills,spindles,160937,12874,lbs
ATTLEBOROUGH,267,Cotton Mills,cotton consumed,4320,487851,yds
ATTLEBOROUGH,267,Cotton Mills,printing cloths,,1367743,yds
ATTLEBOROUGH,267,Cotton Mills,shirtings,,328590,lbs
ATTLEBOROUGH,267,Cotton Mills,cotton th read,,14400,
ATTLEBOROUGH,267,Calico  Ma nufactories,calico  printed,250000,2240000,yds
ATTLEBOROUGH,267,Furnaces for m.  Hollow Ware and Castings other  than Pig Iron,hollow ware and castings,3200,40,tons
ATTLEBOROUGH,267,Brass Found ries,Brass,3300,,
ATTLEBOROUGH,268,Metal Button Manufactories,buttons  .,41080,20546,tonsgroce
ATTLEBOROUGH,268,Clock  Manufactories,clocks,5950,850,
ATTLEBOROUGH,268,Establishments for m.  Chronometers Gold and Silver Ware and Jewelry,for m.  Chronometers Gold and Silver Ware and Jewelry,85000,,
ATTLEBOROUGH,268,Saddle Harness and Trunk Manufactories,Saddle Harness and Trunk,780,,
ATTLEBOROUGH,268,Establishmen ts for m.  Rail-road Cars and other Vehicles,vehicles,4000,,
ATTLEBOROUGH,268,Tin Ware Manufactories,ware,5200,,
ATTLEBOROUGH,268,Comb Manufactories,combs,500,,
ATTLEBOROUGH,268,Tanneries,leather tanned and curried,6000,,
ATTLEBOROUGH,268,distributed,Boots,3124,845,pairs
ATTLEBOROUGH,268,distributed,shoes  :,,1272,pairs
ATTLEBOROUGH,268,distributed,boots  and shoes,,,
ATTLEBOROUGH,268,distributed,Straw Bonnets and Hats,18955,21062,
ATTLEBOROUGH,268,distributed,straw braid  and not made into bonnets and hats,2610,,
ATTLEBOROUGH,268,distributed,Bricks,1430,260000,
ATTLEBOROUGH,268,distributed,Snuff Tobacco and Cigars,500,,
ATTLEBOROUGH,268,distributed,Whips,12,,
ATTLEBOROUGH,268,distributed,Blocks and Pumps,317,,
ATTLEBOROUGH,268,distributed,Lumber prepared,488,40000,feet
ATTLEBOROUGH,268,distributed,Fire Wood prepa red,9492,2712,cords
ATTLEBOROUGH,268,distributed,Boats built,600,20,
ATTLEBOROUGH,268,energy imports,Sperm  Oil  consumed  in manufacturing,3708,4121,galls
ATTLEBOROUGH,268,energy imports,other oil,147,190,galls
ATTLEBOROUGH,268,energy imports,anthracite coal con­ sumed in manufacturing,9562,1366,tons
ATTLEBOROUGH,268,distributed,all other   A merican prod uct ion consumed in manufacturing excepting cotton wool and iron,448,,
ATTLEBOROUGH,268,distributed,all other   for­ eign prod uction consumed excepting as above,72963,,
ATTLEBOROUGH,268,distributed,Sheep total,250,100,head
ATTLEBOROUGH,268,distributed,Wool total,137,456,lbs
ATTLEBOROUGH,268,distributed,Horses,161650,333,head
ATTLEBOROUGH,268,distributed,neat  cattle,201381,1328,head
ATTLEBOROUGH,268,distributed,swine,3348,558,head
ATTLEBOROUGH,269,distributed,Indian Com or Maize raised,6074,9345,bush
ATTLEBOROUGH,269,distributed,rye lS,1347,64,bush
ATTLEBOROUGH,269,distributed,barley,40,66,bush
ATTLEBOROUGH,269,distributed,oats,64,1715,bush
ATTLEBOROUGH,269,distributed,potatoes,7965,35400,bush
ATTLEBOROUGH,269,distributed,other es­ culent vegetables,449,1796,bush
ATTLEBOROUGH,269,distributed,millet,220,22,tons
ATTLEBOROUGH,269,distributed,hay,20712,2111,tons
ATTLEBOROUGH,269,distributed,Fruit raised,2932,9866,bush
ATTLEBOROUGH,269,distributed,Butter,4931,29585,lbs
ATTLEBOROUGH,269,distributed,cheese,864,12355,lbs
ATTLEBOROUGH,269,distributed,honey,25,150,lbs
ATTLEBOROUGH,269,distributed,beeswax,7,20,lbs
ATTLEBOROUGH,269,Establishments for m.  Hooks and Eyes,hooks and eyes,20222,138888,groce
ATTLEBOROUGH,269,Establisliments for m.  Shuttles,shuttles,7450,1750,doz
ATTLEBOROUGH,269,Establisliments for m.  Shuttles,shuttle  mountings,925,,
ATTLEBOROUGH,269,distributed,Paper Boxes,650,2662,doz
ATTLEBOROUGH,269,distributed,Thread Spools,22514800,900,groce
ATTLEBOROUGH,269,distributed,Spectacles,5250,1500,doz
ATTLEBOROUGH,269,distributed,Glass Steps,1400,350000,
ATTLEBOROUGH,269,distributed,Black Glass Buttons,1875,2500,tonsgroce
ATTLEBOROUGH,269,distributed,Spectacle Glasses,1372,2460,doz
ATTLEBOROUGH,269,distributed,Suspender Buckles,500,250,groce
ATTLEBOROUGH,269,distributed,Medals,1200,100,
ATTLEBOROUGH,269,distributed,Weavers' Reeds,1700,2000,
ATTLEBOROUGH,269,distributed,Window Sashes and Blinds,200,,
ATTLEBOROUGH,269,distributed,Wooden Boxes and Trunks,1500,,
ATTLEBOROUGH,269,distributed,Hoops,376,2700,
ATTLEBOROUGH,269,distributed,Sculpture and Stone Cutting,600,,
BERKLEV,269,distributed,Boots,1050,350,pairs
BERKLEV,269,distributed,shoes,,300,pairs
BERKLEV,269,distributed,boots and shoes,,,
BERKLEV,269,distributed,Straw Bonnets and Hats,6600,3300,
BERKLEV,269,distributed,Bricks,7790,1800000,
BERKLEV,269,distributed,Shingles,10000,2500000,
BERKLEV,270,distributed,Fire Wood prepared,3036,759,cords
BERKLEV,270,Alewives taken,shad and alewives,4735,435000,
BERKLEV,270,distributed,Sheep total,593,395,head
BERKLEV,270,distributed,Wool total,344,1148,lbs
BERKLEV,270,distributed,Horses,2655,73,head
BERKLEV,270,distributed,swine,5620,184,head
BERKLEV,270,distributed,Indian Corn or Maize raised,3472,4630,bush
BERKLEV,270,distributed,rye,840,989,bush
BERKLEV,270,distributed,oats,103,258,bush
BERKLEV,270,distributed,potatoes ..,3154,12618,bush
BERKLEV,270,distributed,other esculent vegetables,188,752,bush
BERKLEV,270,distributed,hay,7348,629,tons
BERKLEV,270,distributed,Fruit raised,863,2591,bush
BERKLEV,270,distributed,Butter,1111,6670,lbs
BERKLEV,270,distributed,cheese,453,5660,lbs
DARTMOUTH,270,Establishments for m.  Salt,salt,2960,14800,bush
DARTMOUTH,270,Mills for m.   Linseed Oil,oil,6400,8000,galls
DARTMOUTH,270,Tanneries,leather tanned and curried,2400,,
DARTMOUTH,270,distributed,Boots,1200,300,pairs
DARTMOUTH,270,distributed,shoes,,600,pairs
DARTMOUTH,270,distributed,boots and shoes,,,
DARTMOUTH,270,distributed,Lumber prepared,2800,350000,feet
DARTMOUTH,270,distributed,Fire Wood prepared,9000,2860,cords
DARTMOUTH,270,distributed,Boats built,600,3,
DARTMOUTH,270,Vessels employed in the Whale Fishery,sperm oil imported,108000,120000,galls
DARTMOUTH,270,Vessels employed in the Whale Fishery,whale oil im­ported,50000,150000,galls
DARTMOUTH,270,Vessels employed in the Whale Fishery,whalebone imported,30000,75000,lbs
DARTMOUTH,270,Vessels employed in the Mackerel and Cod Fisheries,codfish taken,3500,1400,quintals
DARTMOUTH,270,Vessels employed in the Mackerel and Cod Fisheries,salt consumed:,,1300,bush
DARTMOUTH,270,distributed,Sheep total see species,3300,,
DARTMOUTH,270,distributed,Wool total see species,1000,,
DARTMOUTH,270,distributed,Merino  Sheep,,500,head
DARTMOUTH,270,distributed,other sheep,,1083,head
DARTMOUTH,270,distributed,merino wool prod uced  lbs.,,1300,lbs
DARTMOUTH,270,distributed,other wool  lbs.,,2600,lbs
DARTMOUTH,271,distributed,Horses,16635,375,head
DARTMOUTH,271,distributed,neat  cattle,36407,1556,head
DARTMOUTH,271,distributed,swine,4600,704,head
DARTMOUTH,271,distributed,Indian Corn or Maize raised,10451,13064,bush
DARTMOUTH,271,distributed,rye,192,240,bush
DARTMOUTH,271,distributed,oats,2015,6045,bush
DARTMOUTH,271,distributed,potatoes,6465,25850,bush
DARTMOUTH,271,distributed,other esculent vegetables,2500,10000,bush
DARTMOUTH,271,distributed,hay,28030,2803,tons
DARTMOUTH,271,distributed,Fruit raised,2130,8500,bush
DARTMOUTH,271,distributed,Butter,3757,22100,lbs
DARTMOUTH,271,distributed,cheese,800,10000,lbs
DARTMOUTH,271,distributed,honey,50,250,lbs
DARTMOUTH,271,distributed,beeswax,5,30,lbs
DARTMOUTH,271,distributed,Milk,9500,75550,galls
DARTMOUTH,271,energy imports,Menhaden Oil,3000,250,bbls
DARTMOUTH,271,Carding Machines,wool carded,,1000,lbs
DIGHTON,271,Cotton Mills,spindles,49940,3550,lbs
DIGHTON,271,Cotton Mills,cotton consumed,22400,155186,yds
DIGHTON,271,Cotton Mills,printing cloth,,435253,yds
DIGHTON,271,Cotton Mills,nankin  cotton clot h,,315000,lbs
DIGHTON,271,Cotton Mills,cotton batting,,320000,
DIGHTON,271,Furnaces for m.  Hollow Ware and Castings other than Pig Iron,hollow ware and castings,7500,75,tons
DIGHTON,271,Axe Mannfactories,axes and other edge tools,680,800,
DIGHTON,271,distributed,Boots,4550,400,pairs
DIGHTON,271,distributed,shoes,,5000,pairs
DIGHTON,271,distributed,boots and shoes,,,
DIGHTON,271,distributed,Shingles,800,200000,
DIGHTON,271,distributed,Fire Wood prepa red,2960,918,cords
DIGHTON,271,energy imports,Charcoal,261,2900,bush
DIGHTON,271,energy imports,anth racite coal consumed in ma nufacturing,500,100,tons
DIGHTON,271,energy imports,Sperm Oil consumed in man ufactu ring,562,6251,
DIGHTON,271,distributed,Sheep total,504,391,head
DIGHTON,271,distributed,wool prod uced S,226,79,lbs
DIGHTON,271,distributed,Horses,6656,137,head
DIGHTON,271,distributed,neat cattle,8413,495,head
DIGHTON,271,distributed,swine,,378,head
DIGHTON,271,distributed,Indian Corn or Maize raised,3835,5688,bush
DIGHTON,271,distributed,wheat,8,10,bush
DIGHTON,271,distributed,rye,813,1031,bush
DIGHTON,271,distributed,barley,23,38,bush
DIGHTON,271,distributed,oats,598,1837,bush
DIGHTON,271,distributed,potatoes,5319,21181,bush
DIGHTON,271,distributed,other esculent vegetables,399,1607,bush
DIGHTON,271,distributed,hay,11035,998,tons
DIGHTON,272,distributed,Fruit raised,1952,9027,bush
DIGHTON,272,distributed,Butter,1811,9871,lbs
DIGHTON,272,distributed,cheese,1394,9075,lbs
DIGHTON,272,distributed,honey,14,135,lbs
DIGHTON,272,distributed,Hogshead Hoops,225,15000,
DIGHTON,272,Grist Mills,grain ground,,16000,bush
DIGHTON,272,Slaughter Houses,beef slaughtered,9390,187800,lbs
DIGHTON,272,distributed,Shad taken,2000,253500,
EASTON,272,Cotton Mills,spindles,6500,2256,lbs
EASTON,272,Cotton Mills,cotton consumed,10979,112023,yds
EASTON,272,Cotton Mills,printing cloth,11750,110000,lbs
EASTON,272,Cotton Mills,cotton yarn  and not made into cloth :,154,45061,lbs
EASTON,272,Cotton Mills,cotton thread,2520,19000,lbs
EASTON,272,Cotton Mills,cotton  batting,916,2575,lbs
EASTON,272,Cotton Mills,cord,,9000,lbs
EASTON,272,Cotton Mills,twine  and wicking,,6525,
EASTON,272,Furnaces for m.  Hollow Ware and Castings other than Pig Iron,hollow ware and castings,36250,350,tons
EASTON,272,Establishments  for m.  Cutlery,cutlery,11000,,
EASTON,272,Tack and Brad Manufactories,tacks and brads,6000,,
EASTON,272,Shovel Spade Fork and Hoe Manufactories,arti­cles,136000,,
EASTON,272,Saddle Harness and Trunk Manufuctories,Saddle Harness and Trunk,400,,
EASTON,272,Establishments for m.  Rail-road Cars and other Vehicles,vehicles,2000,,
EASTON,272,distributed,Boots,87718,36637,pairs
EASTON,272,distributed,shoes,,42810,pairs
EASTON,272,distributed,boots and shoes,,,
EASTON,273,distributed,Straw Bonnets and Hats,1150,4611,
EASTON,273,distributed,straw braid  and not made into bonnets and hats,500,,
EASTON,273,distributed,Mathematical  Instruments,4250,,
EASTON,273,distributed,Lumber prepared,2000,200000,feet
EASTON,273,distributed,Fire Wood  prepared,5751,1917,cords
EASTON,273,Box  Factories,boxes,875,3000,
EASTON,273,energy imports,Sperm Oil consumed in man nfactu ring,668,668,galls
EASTON,273,energy imports,whale oil,3150,32,galls
EASTON,273,energy imports,foreign bituminous coal,2925,350,chaldrons
EASTON,273,distributed,all o.t her   foreign prod uction consumed  excepti ng as above,140,,
EASTON,273,distributed,Sheep total,189,15,head
EASTON,273,distributed,wool prod uced,157,524,lbs
EASTON,273,distributed,Asses and Mules,5,1,head
EASTON,273,distributed,horses,9650,193,head
EASTON,273,distributed,horses,12000,193,
EASTON,273,distributed,neat cattle,2500,734,head
EASTON,273,distributed,swine,,234,head
EASTON,273,distributed,Indian Corn or Maise raised,3730,4974,bush
EASTON,273,distributed,rye,28,378,bush
EASTON,273,distributed,barley,118,159,bush
EASTON,273,distributed,oats,76,790,bush
EASTON,273,distributed,potatoes,579,29896,bush
EASTON,273,distributed,other es­ culent vegetables,1600,6400,bush
EASTON,273,distributed,hay,14769,1423,tons
EASTON,273,distributed,Fruit raised,2031,10155,bush
EASTON,273,distributed,Butter,1928,16073,lbs
EASTON,273,distributed,cheese,498,8307,lbs
EASTON,273,distributed,honey,12,100,lbs
EASTON,273,distributed,beeswax,4,18,lbs
FAIRHAVEN,273,Cotton Mills,spindles,2124,1148,lbs
FAIRHAVEN,273,Cotton Mills,cotton consumed .,,22940,yds
FAIRHAVEN,273,Cotton Mills,cotton cloth,,35398,lbs
FAIRHAVEN,273,Cotton Mills,candie wicking,,14057,
FAIRHAVEN,273,Brass Foundries,Brass,5000,,
FAIRHAVEN,273,Paper  Manufactorics,stock consumed,25,25,tons
FAIRHAVEN,273,Paper  Manufactorics,paper,,20,tons
FAIRHAVEN,274,Saddle Harness and Trunk Manufactorros,Saddle Harness and Trunk,300,,
FAIRHAVEN,274,Establ ish men ts for m.  Salt,salt,1500,3100,bush
FAIRHAVEN,274,Esta blishmen ts for m.  Oil  and Sperm  Candlrs,oil,48672,540,galls
FAIRHAVEN,274,Esta blishmen ts for m.  Oil  and Sperm  Candlrs,sperm eandles,11269,43341,lbs
FAIRHAVEN,274,Soap  Manufactorics,soap,1000,25,tons
FAIRHAVEN,274,Chair and Cabinet  Ware  Manufactories,Chair and Cabinet  Ware,600,,
FAIRHAVEN,274,Tin Ware Manufactorics,ware,2000,,
FAIRHAVEN,274,Tanneries,hides tanned,500,116,
FAIRHAVEN,274,Tanneries,leather  tanned  and curried,,,
FAIRHAVEN,274,distributed,Boots,4600,650,pairs
FAIRHAVEN,274,distributed,shoes,,1600,pairs
FAIRHAVEN,274,distributed,boots and shoes,,,
FAIRHAVEN,274,distributed,Building Stone quarried and prepared,500,,
FAIRHAVEN,274,distributed,Locks and  Pumps,2000,,
FAIRHAVEN,274,distributed,Lumber prepa red,,247000,feet
FAIRHAVEN,274,distributed,Fire Wood prepared,8755,2585,cords
FAIRHAVEN,274,distributed,Boats built,4900,98,
FAIRHAVEN,274,Cand le Boxes,Cand le Boxes,3960,,
FAIRHAVEN,274,energy imports,Sperm Oil consu med in  manufacturing,45,50,galls
FAIRHAVEN,274,energy imports,foreign bi tu mi nous coal consumed,720,90,tons
FAIRHAVEN,274,Vessels employed in t he W hale Fishery,sperm oil imported,479049,532944,galls
FAIRHAVEN,274,Vessels employed in t he W hale Fishery,whale oil,184271,614239,
FAIRHAVEN,274,distributed,Spermaceti,12504,50014,lbs
FAIRHAVEN,274,distributed,Harpoons Lances,1600,1600,
FAIRHAVEN,274,distributed,Sheep total,900,694,head
FAIRHAVEN,274,distributed,wool prod uced,440,1769,lbs
FAIRHAVEN,274,distributed,Horses,14700,294,head
FAIRHAVEN,274,distributed,neat  cattle,17260,863,head
FAIRHAVEN,274,distributed,swine,7890,789,head
FAIRHAVEN,274,distributed,Ind ian Corn or Maize raised,4128,6880,bush
FAIRHAVEN,274,distributed,wheat,12,100,bush
FAIRHAVEN,274,distributed,rye,585,731,bush
FAIRHAVEN,274,distributed,barley,108,216,bush
FAIRHAVEN,274,distributed,oats,1108,3358,bush
FAIRHAVEN,274,distributed,potatoes,5483,21930,bush
FAIRHAVEN,274,distributed,other esculen t vegetables,840,2800,bush
FAIRHAVEN,274,distributed,hay,18194,1654,tons
FAIRHAVEN,275,distributed,Fru it raised,1563,7815,bush
FAIRHAVEN,275,distributed,Bu tter,3300,22000,lbs
FAIRHAVEN,275,distributed,cheese,55,1100,lbs
FAIRHAVEN,275,energy imports,Oil casks,44850,44850,casks
FAIRHAVEN,275,distributed,Wearin g Apparel,10000,,
FAIRHAVEN,275,distributed,Poultry,438,4378,lbs
FAIRHAVEN,275,Cotton Mills,spindles,483161,38952,lbs
FAIRHAVEN,275,Cotton Mills,cotton consumed,9900,1559230,yds
FAIRHAVEN,275,Cotton Mills,prin ting cloth,,6790950,yds
FAIRHAVEN,275,Cotton Mills,nan ki ns,,240000,lbs
FAIRHAVEN,275,Cotton Mills,cotton yarn  and not made in to cloth,,66405,
FAIRHAVEN,275,Calico Man ufactories,cal ico prin ted,2000000,16640000,yds
FAIRHAVEN,275,Woollen Mills,wool consumed,130000,1600,lbs
FAIRHAVEN,275,Woollen Mills,cassi merc,15000,140000,yds
FAIRHAVEN,275,Woollen Mills,sati­ net,,20000,yds
FAIRHAVEN,275,Rolling Slitting and Nail  Mills,i ron,216000,2400,tons
FAIRHAVEN,275,Rolling Slitting and Nail  Mills,nails,260000,3250,tons
FAIRHAVEN,275,Furnaces for m.  Hollow Ware  and  Castin gs other  than Pig Iron,hollow ware  and  castings,44625,1275,tons
FAIRHAVEN,275,Establish men ts for m.  Cotton Woollen and other Machin­ ery,mach inery,124500,,
FAIRHAVEN,275,Establish men ts for m.  Steam Boilers,boilers,250,,
FAIRHAVEN,275,Brass Fonnd rics,m's,8000,6,
FAIRHAVEN,275,Brass Fonnd rics,B.,,,
FAIRHAVEN,275,Establ ish men ts for m.  Chronometers  Watehes Gold and Silver Wa re and Jewl ry,m's,500,,
FAIRHAVEN,275,Saddle Harness and Trun k Man ufactories,Saddle Harness and Trun k,12000,,
FAIRHAVEN,276,Hat and Cap Manufactories,hats and caps  .,4400,2400,
FAIRHAVEN,276,Estnblishmcnts  for  m.   R nil-road  Cars and other Vehicles,vehicles m'J,70,16,
FAIRHAVEN,276,Estnblishmcnts  for  m.   R nil-road  Cars and other Vehicles,K,,,
FAIRHAVEN,276,Estnbl ish ments for m.  Oil and Sperm Candles,Estnbl ish ments for m.  Oil and Sperm Candles,,,
FAIRHAVEN,276,Soap Man ufactories,soap,4000,160000,lbs
FAIRHAVEN,276,Chair  and  Cabinet Ware  Manufactories,Chair  and  Cabinet Ware,12100,,
FAIRHAVEN,276,Tin  Ware  and  Sheet Iron Mnnufactories,ware,10000,,
FAIRHAVEN,276,Tanneries,leather tanned and curried,9200,,
FAIRHAVEN,276,distributed,Boots,10750,1630,pairs
FAIRHAVEN,276,distributed,shoes,,4600,
FAIRHAVEN,276,distributed,boots  and shoes,,,
FAIRHAVEN,276,distributed,Snuff Tobacco and Cignrs,1450,,
FAIRHAVEN,276,distributed,Building Stone quarried and prepared,25000,,
FAIRHAVEN,276,distributed,Blocks and Pumps,1900,,
FAIRHAVEN,276,distributed,Mechanics' Tools .,650,,
FAIRHAVEN,276,distributed,Lumber prepared,1500,150000,feet
FAIRHAVEN,276,distributed,Fire Wood  prepared,6745,2530,cords
FAIRHAVEN,276,energy imports,charcoal,120,1200,bush
FAIRHAVEN,276,Vessels la uuchcd,ton nage,8500,150,
FAIRHAVEN,276,distributed,Boats built,2500,11,
FAIRHAVEN,276,energy imports,Sperm Oil  consumed in  man ufact uring,16449,11848,galls
FAIRHAVEN,276,energy imports,all other k inds  oil  cousumcd,1200,1700,galls
FAIRHAVEN,276,distributed,n ma n u facturing,54998,11986,tons
FAIRHAVEN,276,energy imports,bituminous coal mined in  the  U. States,27920,5005,tons
FAIRHAVEN,276,energy imports,foreign bitu minous coal,23850,4325,tons
FAIRHAVEN,276,distributed,nil other   A merican prod uction consumed in man ufact uring excepting  cotton wool  and  iron,150355,,
FAIRHAVEN,276,energy imports,all other art icles  foreign production consumed except. ing ns above,203200,,
FAIRHAVEN,276,distributed,Sheep total,1006,541,head
FAIRHAVEN,276,distributed,wool pred uced,383,1311,lbs
FAIRHAVEN,277,distributed,Horses,25917,367,head
FAIRHAVEN,277,distributed,neat cattle,10661,444,head
FAIRHAVEN,277,distributed,swine,3196,572,head
FAIRHAVEN,277,distributed,Indian Corn or Maize raised,2393,3942,bush
FAIRHAVEN,277,distributed,rye,107,143,bush
FAIRHAVEN,277,distributed,barley,142,223,bush
FAIRHAVEN,277,distributed,oats,55,165,bush
FAIRHAVEN,277,distributed,potatoes,3172,12105,bush
FAIRHAVEN,277,distributed,other escu­ Jent  vegetables,422,1890,bush
FAIRHAVEN,277,distributed,hay,7526,545,tons
FAIRHAVEN,277,distributed,Fruit raised,1046,4762,bush
FAIRHAVEN,277,distributed,Butter,1228,6091,lbs
FAIRHAVEN,277,distributed,cheese,7,100,lbs
FAIRHAVEN,277,distributed,honey,7,40,lbs
FAIRHAVEN,277,distributed,Wearing Apparel,45700,,
FAIRHAVEN,277,distributed,Millinery,3850,,
FAIRHAVEN,277,distributed,Blacksmit hs',15000,,
FAIRHAVEN,277,distributed,Marble,3000,,
FAIRHAVEN,277,energy imports,Oil and other Casks rri'd,2600,,
FAIRHAVEN,277,distributed,Weavers' Reeds,630,,
FAIRHAVEN,277,distributed,Vessels' Sails,6000,,
FAIRHAVEN,277,distributed,Com posi t ion  Molasses  and Water  Gates,3000,3000,
FAIRHAVEN,277,distributed,V.  Com posi t ion  Molasses  and Water  Gates  $,,3,head
FAIRHAVEN,277,distributed,B.,,,
FAIRHAVEN,277,distributed,Mill wright A rticles,4250,,
FAIRHAVEN,277,distributed,Palterns for Machine,51500,,
FAIRHAVEN,277,distributed,American Iron consumed in the m.  Nails Hoops Castings Machinery and Blncksmitlas' work,410150,11360,tons
FAIRHAVEN,277,distributed,Foreign Iron consumed in the m.  Castings Machinery and Blacksmtt hs' work,24850,314,tons
FAIRHAVEN,277,distributed,Foreign Steel commmcd in the m.  Machinery and Black­smiths' work,5400,18,tons
FAIRHAVEN,277,distributed,Milk,1400,,
FREETOWN,277,Rolling Slitting and Nail Mills,nails .,21000,210,tons
FREETOWN,277,Rolling Slitting and Nail Mills,B.,,15,
FREETOWN,277,Axe Man nfactories,axes and other edge tools,1650,2760,
FREETOWN,278,Shovel Spade Fork and Hoe Man ufactories,arti­ cles,1000,,
FREETOWN,278,Saddle Harness and Trunk Manufactorics,Saddle Harness and Trunk,200,,
FREETOWN,278,Chair  and  Cabinet  Ware  Manufactories,Chair  and  Cabinet  Ware,350,,
FREETOWN,278,Tanneries,hides tanned,802,310,
FREETOWN,278,Tanneries,leather tanned and curried,,,
FREETOWN,278,distributed,Boots,519,121,pairs
FREETOWN,278,distributed,shoes,,250,pairs
FREETOWN,278,distributed,boots and shoes,,,
FREETOWN,278,distributed,Lumber prepared,1506,83400,feet
FREETOWN,278,distributed,Fire Wood prepared,8010,2670,cords
FREETOWN,278,distributed,Anthracite  Coal  consumed in manufactu ring,180,30,tons
FREETOWN,278,Vessels employed in the Whale Fishery,sperm oil imported,4550,5461,galls
FREETOWN,278,Vessels employed in the Whale Fishery,whale oil,8993,26451,galls
FREETOWN,278,Vessels employed in the Whale Fishery,whalebone,1200,4000,lbs
FREETOWN,278,distributed,Sheep total,1032,851,head
FREETOWN,278,distributed,wool prod uced,592,1972,lbs
FREETOWN,278,distributed,Horses,5841,142,head
FREETOWN,278,distributed,neat cattle,9906,558,head
FREETOWN,278,distributed,swine,3029,352,head
FREETOWN,278,distributed,Indian Corn or Maize raised,3224,4606,bush
FREETOWN,278,distributed,Rye,583,718,bush
FREETOWN,278,distributed,barley,74,149,bush
FREETOWN,278,distributed,oats,116,386,bush
FREETOWN,278,distributed,potatoes,3544,17721,bush
FREETOWN,278,distributed,other es­ culent  vegetables,319,1594,bush
FREETOWN,278,distributed,hay,8370,837,tons
FREETOWN,278,distributed,Fruit raised,946,4732,bush
FREETOWN,278,distributed,Butter,1509,10059,lbs
FREETOWN,278,distributed,cheese,220,3140,lbs
MANSFIELD,278,Cotton Mills,spindles,46219,3896,lbs
MANSFIELD,278,Cotton Mills,cotton consumed,9000,170430,yds
MANSFIELD,278,Cotton Mills,cotton cloth,,770326,lbs
MANSFIELD,278,Cotton Mills,cotton yarn,,27000,
MANSFIELD,278,Woollen Mills.,wool consumed,11000,24000,lbs
MANSFIELD,278,Woollen Mills.,satinet,,27000,yds
MANSFIELD,279,Forges,bar iron anchors &.C.,2400,70,tons
MANSFIELD,279,Esta bl ishments  for  m.    Cutlery,cutlery,4000,6,
MANSFIELD,279,Esta bl ishments  for  m.    Cutlery,B.,,,
MANSFIELD,279,Tack and Brad Manufactorics,tacks and  brads,11250,75,tons
MANSFIELD,279,Saddle Harness and Trunk Manufactories,Saddle Harness and Trunk,1100,,
MANSFIELD,279,Establishments for m.  Rail-road Cars and other Vehicles,vehicles,12800,,
MANSFIELD,279,Tin Ware Manufactories,ware,4000,,
MANSFIELD,279,distributed,Boots,1800,200,pairs
MANSFIELD,279,distributed,shoes,,1500,pairs
MANSFIELD,279,distributed,boots and shoes,,,
MANSFIELD,279,distributed,Straw Bon nets and Hats,25165,20455,
MANSFIELD,279,distributed,straw braid  and not made into bonnets and hats,1000,,
MANSFIELD,279,distributed,Fire Wood prepared,2864,716,cords
MANSFIELD,279,energy imports,Sperm Oil consumed in manufact uring,936,936,galls
MANSFIELD,279,energy imports,anthracite coal consumed,65,10,tons
MANSFIELD,279,distributed,Sheep total,20,12,head
MANSFIELD,279,distributed,Wool total,13,40,lbs
MANSFIELD,279,distributed,Horses,6563,133,head
MANSFIELD,279,distributed,neat cattle,8610,453,head
MANSFIELD,279,distributed,swine,1438,191,head
MANSFIELD,279,distributed,Indian Corn or Maize raised,3098,4625,bush
MANSFIELD,279,distributed,rye,246,362,bnsh
MANSFIELD,279,distributed,oats,439,1188,bush
MANSFIELD,279,distributed,potatoes,4922,19688,bush
MANSFIELD,279,distributed,hay,10410,694,tons
MANSFIELD,279,distributed,Fruit raised,588,1470,bush
MANSFIELD,279,distributed,Butter,2911,19410,lbs
MANSFIELD,279,distributed,cheese,1084,13550,lbs
MANSFIELD,279,distributed,honey,8,50,lbs
MANSFIELD,279,distributed,beeswax,10,20,lbs
MANSFIELD,279,distributed,Baskets,5228,35200,
MANSFIELD,279,distributed,Boots and Shoes bottomed,,18100,pairs
MANSFIELD,279,distributed,labor in Sewing and Florence Braid,8187,,
MANSFIELD,280,Furnaces for m.  Hollow Ware nnd Castings other than Pig Iron,hollow-ware and castings,7500,75,tons
MANSFIELD,280,Brass Foundries,m's,60000,,
MANSFIELD,280,Saddle Harness and Trunk Mau ufactories,Saddle Harness and Trunk Mau ufactories,13500,,
MANSFIELD,280,Upholstery Manufactories,upholstery,1000,,
MANSFIELD,280,Cordage Man n factories,cordage,27000,300,tons
MANSFIELD,280,Esta bl ish men ts for m.  Salt,salt,3180,15900,bush
MANSFIELD,280,Esta bl ish men ts for m.  Salt,B.,,7,
MANSFIELD,280,Establishmen ts for m.  Co:chcs Chaises and other Vehi­ cles,vehicles,15000,,
MANSFIELD,280,Establish ments for m.  Oil and Sperm  Cand les,oil,734886,230439,galls
MANSFIELD,280,Establish ments for m.  Oil and Sperm  Cand les,sperm candles   l bs,274616,6873441,
MANSFIELD,280,Soap and Tallow Candle Man u factories,soap,4170,110400,lbs
MANSFIELD,280,Soap and Tallow Candle Man u factories,candles,9600,16000,
MANSFIELD,280,Tin Ware Man ufactories,ware,29800,18,
MANSFIELD,280,Tin Ware Man ufactories,B.,,,
MANSFIELD,280,Tanneries,leather tanned and curried,6700,,
MANSFIELD,280,distributed,Boots,21723,3025,pairs
MANSFIELD,280,distributed,shoes,,8427,
MANSFIELD,280,distributed,boots and shoes,,,
MANSFIELD,280,distributed,Cigars,2500,,
MANSFIELD,280,distributed,Blocks and Pumps,13200,,
MANSFIELD,280,distributed,Wooden  Ware,1100,,
MANSFIELD,280,distributed,Lumber prepared,5116,255080,feet
MANSFIELD,280,distributed,Fire Wood prepared,4715,943,cords
MANSFIELD,280,distributed,Boats built,20375,375,
MANSFIELD,280,energy imports,Sperm Oil consumed in manufacturing,140,158,galls
MANSFIELD,280,energy imports,whale oil,550,1575,galls
MANSFIELD,280,energy imports,all other kinds  oil,360,756,galls
MANSFIELD,280,energy imports,anthracite coal consumed  in manufactufing,4750,950,tons
MANSFIELD,281,Vessels employed in the Whale Fishery,sperm oil imported,4177255,4397111,galls
MANSFIELD,281,Vessels employed in the Whale Fishery,whale oil,2532885,8254480,galls
MANSFIELD,281,Vessels employed in the Whale Fishery,whalebone,1012878,2532445,lbs
MANSFIELD,281,distributed,Sheep total,160,80,head
MANSFIELD,281,distributed,Wool total,105,320,lbs
MANSFIELD,281,distributed,Horses,91500,1220,head
MANSFIELD,281,distributed,neat cattle,37500,1500,head
MANSFIELD,281,distributed,swine,9000,1800,head
MANSFIELD,281,distributed,Indian Corn or Maize raised,11500,2000,bush
MANSFIELD,281,distributed,rye,170,170,bush
MANSFIELD,281,distributed,barley,30,34,bush
MANSFIELD,281,distributed,oats,160,400,bush
MANSFIELD,281,distributed,potatoes $,4150,10500,bush
MANSFIELD,281,distributed,hay,10800,900,tons
MANSFIELD,281,distributed,Butter,140,700,lbs
MANSFIELD,281,distributed,Barrels,37672,134400,
NORTON,281,Cotton Mills,spindles,35896,2320,lbs
NORTON,281,Cotton Mills,cotton consumed,2000,200000,yds
NORTON,281,Cotton Mills,cotton cloth,1240,598272,lbs
NORTON,281,Cotton Mills,cotton batting,1300,12000,lbs
NORTON,281,Cotton Mills,pelisse  wadding,,16000,
NORTON,281,Furnaces for m.  Hollow Ware and Castings other than Pig Iron,hollow ware and castings,35000,450,tons
NORTON,281,Copper Man ufactorics,copper,316750,750,tons
NORTON,281,Establishments for m. 'Soap and Tallow Candles,soap,1200,300,bbls
NORTON,281,Tanneries,hides tanned,50,50,
NORTON,281,Tanneries,leather tanned and curried,,,
NORTON,281,distributed,Building St.one quarried nod prepa red,300,,
NORTON,281,distributed,Lumber prepared,1167,383000,feet
NORTON,281,distributed,Fire Wood prepared,4996,1660,cords
NORTON,282,distributed,Sheep total,421,276,head
NORTON,282,distributed,Wool total,169,665,lbs
NORTON,282,distributed,Asses,50,1,head
NORTON,282,distributed,horses,7712,169,head
NORTON,282,distributed,horses,10875,169,
NORTON,282,distributed,neat cattle,1465,654,head
NORTON,282,distributed,swine,,293,head
NORTON,282,distributed,Indian Corn or Maize raised,3154,6308,bush
NORTON,282,distributed,rye,543,724,bush
NORTON,282,distributed,oats,4528,600,bush
NORTON,282,distributed,potatoes,11600,18052,bush
NORTON,282,distributed,other esculent vegetables,1,800,bush
NORTON,282,distributed,hay,,1160,tons
NORTON,282,distributed,:flax,,10,lbs
NORTON,282,distributed,Fruit raised,417,2319,bush
NORTON,282,distributed,Butter,1227,7535,lbs
NORTON,282,distributed,cheese,676,8702,lbs
NORTON,282,distributed,honey,11,68,lbs
NORTON,282,distributed,beeswax,1,4,lbs
NORTON,282,distributed,Grave Stones,700,,
PAWTUCKET,282,Cotton Mills,cotton consumed,233682,751208,lbs
PAWTUCKET,282,Cotton Mills,printing  cloth,10000,1012450,yds
PAWTUCKET,282,Cotton Mills,sheeting,,125700,yds
PAWTUCKET,282,Cotton Mills,shirting,,1901500,yds
PAWTUCKET,282,Cotton Mills,cambric,,228870,yds
PAWTUCKET,282,Cotton Mills,cotton thread,,25000,lbs
PAWTUCKET,282,Calico Manufactories,calico printed,694606,4961472,yds
PAWTUCKET,282,Establishments for m.  Cotton Woollen and other Ma­ chinery,machinery m:d,60000,,
PAWTUCKET,282,Establishments for m.  Coaches Chaises and other Vehicles,vehicles,4500,,
PAWTUCKET,282,distributed,Lumber prepared,600,75000,feet
PAWTUCKET,282,distributed,all other,4400,,
PAWTUCKET,282,energy imports,Sperm Oil consumed in man ufacturing,2500,2920,galls
PAWTUCKET,282,energy imports,whale oil,560,700,galls
PAWTUCKET,282,energy imports,anthracite coal consumed in manufacturing,10000,1816,tons
PAWTUCKET,282,energy imports,·bituminous coal mined in the U. States,100,14,chaldrons
PAWTUCKET,282,energy imports,foreign bitu­ minous coal,4470,596,chaldrons
PAWTUCKET,282,distributed,all other   American production consumed in manufacturing excepting cotton wool and iron,73000,,
PAWTUCKET,282,distributed,all other   for­ eign production consumed excepting as above,76000,,
PAWTUCKET,282,distributed,Horses,9000,150,head
PAWTUCKET,282,distributed,neat cattle,3440,172,head
PAWTUCKET,282,distributed,swine,1000,188,head
PAWTUCKET,283,distributed,Indian Com or Maize raised,400,670,bush
PAWTUCKET,283,distributed,rye,50,68,bush
PAWTUCKET,283,distributed,potatoes,1680,5600,bush
PAWTUCKET,283,distributed,millet,72,6,tons
PAWTUCKET,283,distributed,hay,2240,140,tons
RAYNHAM,283,Rolling Slitting and Nail Mills,nails,210000,4949800,lbs
RAYNHAM,283,Forges,bar iron anchors &C.,21500,190,tons
RAYNHAM,283,Furnaces  for m.    Hollow Ware  and  Castings  other  than Pig Iron,hollow ware  and castings,9000,100,tons
RAYNHAM,283,Shovel Spade Fork and Hoe Manufactories,Shovel Spade Fork and Hoe,16500,,
RAYNHAM,283,Tanneries,hides tanned,1200,525,
RAYNHAM,283,Tanneries,leather tanned and curried,,,
RAYNHAM,283,distributed,Boots,31000,600,pairs
RAYNHAM,283,distributed,shoes,,40000,pairs
RAYNHAM,283,distributed,boots and shoes,,,
RAYNHAM,283,distributed,Straw Bonnets and Hats,800,2000,
RAYNHAM,283,distributed,straw braid  and not made into bonnets and hats,800,,
RAYNHAM,283,distributed,Bricks,375,95000,
RAYNHAM,283,distributed,Lumber prepared,2420,16000,feet
RAYNHAM,283,distributed,shingles,38000,112000,
RAYNHAM,283,distributed,Fire Wood prepared,5695,1610,cords
RAYNHAM,283,energy imports,Sperm Oil consumed in manufacturing,360,400,galls
RAYNHAM,283,energy imports,anthraci te coal consumed in man ufacturing,1380,230,tons
RAYNHAM,283,energy imports,bituminous  coal mined in the U. States,1760,8000,bush
RAYNHAM,283,distributed,Sheep total,287,164,head
RAYNHAM,283,distributed,wool prod uced,126,380,lbs
RAYNHAM,283,distributed,Horses,7450,149,head
RAYNHAM,283,distributed,neat cattle,5376,358,head
RAYNHAM,283,distributed,swine,3000,275,head
RAYNHAM,283,distributed,Indian Corn or Maize raised,2875,4781,bush
RAYNHAM,283,distributed,rye,333,444,bush
RAYNHAM,283,distributed,oats,525,1395,bush
RAYNHAM,283,distributed,potatoes,3885,15542,bush
RAYNHAM,283,distributed,other esculent vegetables,200,1800,bush
RAYNHAM,283,distributed,hay,10860,905,tons
RAYNHAM,284,distributed,Fruit raised,582,1455,bush
RAYNHAM,284,distributed,Butter,1616,9695,lbs
RAYNHAM,284,distributed,cheese,395,5650,lbs
RAYNHAM,284,distributed,honey,36,198,lbs
REHOBOTH,284,Cotton Mills,cotton consumed,16500,50000,lbs
REHOBOTH,284,Cotton Mills,printing cloth,,253867,yds
REHOBOTH,284,Cotton Mills,F. B.,,25,
REHOBOTH,284,Establishments  for  m.   Cotton  Batting,batting,7500,25011001,lbs
REHOBOTH,284,Plough  Manufactories,ploughs  and  other  agricultural tools,200,25,
REHOBOTH,284,distributed,Shoes,1105,1587,pairs
REHOBOTH,284,distributed,straw braid  and not made in to bon nets and hats,3738,,
REHOBOTH,284,distributed,Straw  Bonnets m'J,400,9200,
REHOBOTH,284,distributed,Whips,200,,
REHOBOTH,284,distributed,Mechanics'  Tools,2500,,
REHOBOTH,284,distributed,Wooden Ware,3000,,
REHOBOTH,284,distributed,Shingles,690,230000,
REHOBOTH,284,distributed,Ship timber,2055,411,tons
REHOBOTH,284,distributed,Fire Wood prepared,10664,3046,cords
REHOBOTH,284,energy imports,Sperm Oil consumed in man ufactu ring,260,300,galls
REHOBOTH,284,energy imports,anth raci te coal consumed in man ufacturing,275,50,tons
REHOBOTH,284,distributed,all other  . American  production consumed ex­ cepting cotton wool and iron,850,,
REHOBOTH,284,distributed,Sheep total,1531,875,head
REHOBOTH,284,distributed,Wool total,,2406,lbs
REHOBOTH,284,distributed,Horses,9640,241,head
REHOBOTH,284,distributed,neat cattle,21850,1051,head
REHOBOTH,284,distributed,swine,4037,577,head
REHOBOTH,284,distributed,Indian Corn or Maize raised,7511,11555,bush
REHOBOTH,284,distributed,rye,1049,1399,bnsh
REHOBOTH,284,distributed,barley,12,24,bush
REHOBOTH,284,distributed,oats,2144,6127,bush
REHOBOTH,284,distributed,potatoes,8923,35693,bush
REHOBOTH,284,distributed,other esculent vegetables,400,2500,bush
REHOBOTH,284,distributed,hay,21955,1955,tons
REHOBOTH,285,distributed,Fruit raised,3000,15000,bush
REHOBOTH,285,distributed,Butter,4271,25625,lbs
REHOBOTH,285,distributed,cheese,1841,23020,lbs
REHOBOTH,285,Sash and Blind Manufactories,sash lights,1415,35384,lights
REHOBOTH,285,Sash and Blind Manufactories,blinds,451,277,
REHOBOTH,285,distributed,Globes,500,50,
REHOBOTH,285,Cotton Twine Manufactories,twine,12000,75000,lbs
SEEKONK,285,Cotton Mills,spindles,56000,4564,yds
SEEKONK,285,Cotton Mills,printing  cloth,,1222300,
SEEKONK,285,Saddle Harness and Trunk Manufactories,Saddle Harness and Trunk,1000500,,
SEEKONK,285,Establishmen ts for m.  Rail-road Cars and other Vehicles,vehicles,2000,,
SEEKONK,285,Tanneries,leather tanned and curried,1000,,
SEEKONK,285,distributed,Boots,495,120,pairs
SEEKONK,285,distributed,shoes,,60,pairs
SEEKONK,285,distributed,boots and shoes,,,
SEEKONK,285,distributed,Snuff Tobacco and Cigars,500,,
SEEKONK,285,distributed,Building Stone quarried and prepared,1386,,
SEEKONK,285,distributed,Frames,600,1200,
SEEKONK,285,distributed,Plasters,560,7000,
SEEKONK,285,distributed,Lumber  prepared,908,227,tons
SEEKONK,285,distributed,Fire Wood prepared,4329,1237,cords
SEEKONK,285,energy imports,Sperm Oil consumed in manufacturing,765,850,galls
SEEKONK,285,energy imports,anthracite coal consumed in manufacturing,405,75,tons
SEEKONK,285,distributed,all other   American  production  consumed  excepting cotton  wool and iron,1325,,
SEEKONK,285,distributed,Sheep total see species,325,,
SEEKONK,285,distributed,Wool total see species,166,,
SEEKONK,285,distributed,Saxony Sheep,,6,head
SEEKONK,285,distributed,merino,,138,head
SEEKONK,285,distributed,Saxony wool produced  lbs.,,36,lbs
SEEKONK,285,distributed,merino  lbs.,,414,lbs
SEEKONK,286,distributed,Horses,12750,255,head
SEEKONK,286,distributed,neat cattle,22776,1064,head
SEEKONK,286,distributed,swine,2320,464,head
SEEKONK,286,distributed,Indian Corn or Maize raised,8775,14153,bush
SEEKONK,286,distributed,wheat,20,13,bush
SEEKONK,286,distributed,rye,1410,1762,bush
SEEKONK,286,distributed,barley,58,78,bush
SEEKONK,286,distributed,oats.,1283,3208,bush
SEEKONK,286,distributed,potatoes,8604,34570,bush
SEEKONK,286,distributed,other esculent vegetables,5134,14695,bush
SEEKONK,286,distributed,millet,370,37,tons
SEEKONK,286,distributed,hay,21692,1972,tons
SEEKONK,286,distributed,Fruit raised,1832,9162,bush
SEEKONK,286,distributed,Butter,4079,24475,lbs
SEEKONK,286,distributed,cheese,26262964,4370,lbs
SOMERSET,286,Establishments for m.  Rail-road Cars and other Vehicles,vehicles,400,,
SOMERSET,286,distributed,Boots,1482,4,pairs
SOMERSET,286,distributed,shoes,,2575,pairs
SOMERSET,286,Establishments  for  m.   Stone Ware,ware,9400,,
SOMERSET,286,Establishments for m.  Black Lead Crucibles,crucibles,2000,,
SOMERSET,286,Establishments for m.  Earthen Ware,ware,3300,,
SOMERSET,286,Vessels employed in the Whale . Fishery,tonnage  sperm oil imported,13300,36714497,galls
SOMERSET,286,Vessels employed in the Whale . Fishery,whale oil,8000,25000,galls
SOMERSET,286,Vessels employed in the Whale . Fishery,whalebone,2500,7400,lbs
SOMERSET,286,distributed,Sheep total see species,776,,
SOMERSET,286,distributed,Wool total see species,429,,
SOMERSET,286,distributed,Saxony Sheep,,25,head
SOMERSET,286,distributed,merino,,73,head
SOMERSET,286,distributed,· other sheep,,386,head
SOMERSET,286,distributed,Saxony wool produced  lbs.,,100,lbs
SOMERSET,286,distributed,merino  .lbs.,,260,lbs
SOMERSET,286,distributed,other wool  lbs.,,1190,lbs
SOMERSET,286,distributed,Horses,3925,83,head
SOMERSET,286,distributed,neat cattle,7976,432,head
SOMERSET,286,distributed,swine,3210,291,head
SOMERSET,286,distributed,Indian Corn or Maize raised,3972,6111,bush
SOMERSET,286,distributed,rye,484,691,bush
SOMERSET,286,distributed,barley,57,95,bush
SOMERSET,286,distributed,oats,1306,3920,bush
SOMERSET,286,distributed,potatoes,3598,11993,bush
SOMERSET,286,distributed,other esculent vegetables,1000,3000,tons
SOMERSET,286,distributed,hay,8650,692,
SOMERSET,287,distributed,Fruit raised,1334,9344,bush
SOMERSET,287,distributed,Butter,1597,9582,lbs
SOMERSET,287,distributed,cheese,222,3700,lbs
SWANZEY,287,Cotton Mills,spindles,11700,180,lbs
SWANZEY,287,Cotton Mills,cotton consumed,180,31200,yds
SWANZEY,287,Cotton Mills,printing cloth,,190000,lbs
SWANZEY,287,Cotton Mills,cotton yam  and not made into cloth,,600,
SWANZEY,287,Paper  Manufactories,stock consumed,1750,30,tons
SWANZEY,287,Paper  Manufactories,paper,,3500,reams
SWANZEY,287,Establishments for m.  Rail-road Cars and other Vehicles,vehicles,2550,,
SWANZEY,287,Tanneries,hides tanned,1500,475,
SWANZEY,287,Tanneries,leather tanned and curried,,,
SWANZEY,287,distributed,Shoes,8275,12340,pairs
SWANZEY,287,distributed,Bricks,3750,75000,
SWANZEY,287,distributed,Fire Wood prepared,2519,703,cords
SWANZEY,287,distributed,Boats built,100,1,
SWANZEY,287,energy imports,Sperm Oil consumed in manufacturing,242,350,galls
SWANZEY,287,energy imports,whale oil,52,130,galls
SWANZEY,287,energy imports,all other kinds  oil,30,30,galls
SWANZEY,287,energy imports,anthracite coal consumed  in  manufacturing,150,30,tons
SWANZEY,287,distributed,Sheep total,1321,893,head
SWANZEY,287,distributed,Wool total,814,2637,lbs
SWANZEY,287,distributed,Horses,6553,161,head
SWANZEY,287,distributed,neat cattle,13242,644,head
SWANZEY,287,distributed,swine,7730,748,head
SWANZEY,287,distributed,Indian Corn or Maize raised,6434,10473,bush
SWANZEY,287,distributed,rye,1088,1532,bush
SWANZEY,287,distributed,barley,52,75,bush
SWANZEY,287,distributed,oats,1879,5620,bush
SWANZEY,287,distributed,potatoes,5587,24885,bush
SWANZEY,287,distributed,other esculent vegetables,1763,6545,bush
SWANZEY,287,distributed,hay,12029,1320,tons
SWANZEY,287,distributed,Fruit raised,2326,11200,bush
SWANZEY,287,distributed,Butter,3439,19824,lbs
SWANZEY,287,distributed,cheese,61566,7925,lbs
TAUNTON,288,Cotton Mills,cotton consumed,209682,860122,lbs
TAUNTON,288,Cotton Mills,cotton cloth,42859,3310619,yds
TAUNTON,288,Cotton Mills,cotton Flannel,,398695,yds
TAUNTON,288,Woollen Mills,wool consumed,75000,100000,lbs
TAUNTON,288,Woollen Mills,cassimere,,80000,yds
TAUNTON,288,Rolling Slitting and Nail Mills,iron,320000,4000,tons
TAUNTON,288,Furnaces for  m.  Hollow Ware and Castings other than Pig Iron,hollow ware and castin.gs,29980,349,tons
TAUNTON,288,Establishments for m.  Cotton Woollen and other Ma­ chinery,machinery,172500,,
TAUNTON,288,Axe Manufactories,axes and other edge tools,500,500,
TAUNTON,288,Tack and Brad Man ufactories,tacks and brads,62000,350,tons
TAUNTON,288,Establishments for m.  Britannia Ware,ware,20000,,
TAUNTON,288,Paper Manufactories,stock consumed,18000,150,tons
TAUNTON,288,Paper Manufactories,paper,,130,tons
TAUNTON,288,Saddle Haruess and Trunk Manufactories,Saddle Haruess and Trunk,3500,,
TAUNTON,288,Establish ments for m.  Rail-road Cars and other Vehicles,vehicles,4000,,
TAUNTON,288,Establishments for m..  Soap,hard soap,1080,9000,lbs
TAUNTON,288,Establishments for m..  Soap,all the soap,,,
TAUNTON,288,Tin Ware Manufactories,ware,1500,,
TAUNTON,288,Tanneries,leather tanned and curried,2500,,
TAUNTON,288,distributed,Boots,10525,1650,pairs
TAUNTON,288,distributed,shoes,,6325,pairs
TAUNTON,288,distributed,boots and shoes,,,
TAUNTON,288,distributed,straw braid  and not made 'into bonnts and hats,28750,87000,
TAUNTON,289,distributed,Bricks,32083,8258000,
TAUNTON,289,distributed,Cigars,660,,
TAUNTON,289,distributed,Mechanics' Tools,140,,
TAUNTON,289,distributed,Wooden Ware,1400,,
TAUNTON,289,distributed,Lumber prepared,750,150,tons
TAUNTON,289,distributed,Fire Wood prepared,7954,2949,cords
TAUNTON,289,Vessels launched,ton nage,1000,50,
TAUNTON,289,distributed,Boats built,1000,20,
TAUNTON,289,energy imports,Sperm Oil consumed in man ufact nring,4819,5201,galls
TAUNTON,289,energy imports,other kinds  oil,1390,2650,galls
TAUNTON,289,energy imports,anth racite coal consu med in ma nufacturing,12736,2308,tons
TAUNTON,289,energy imports,bitu­ minous coal mined in the U. States,18490,2026,chaldrons
TAUNTON,289,distributed,all other   American prod uction consumed in man­ ufacturi ng excepti ng cotton wool and iron,11050,,
TAUNTON,289,energy imports,all other   foreign production consumed excepting as above,7000,,
TAUNTON,289,distributed,Sheep total,948,518,head
TAUNTON,289,distributed,Wool total,389,1316,lbs
TAUNTON,289,distributed,Asses and Mules,225,3,head
TAUNTON,289,distributed,horses,32399,588,head
TAUNTON,289,distributed,horses,23197,588,
TAUNTON,289,distributed,neat cattle,4790,1242,head
TAUNTON,289,distributed,swine,,862,head
TAUNTON,289,distributed,rye,5910,1593,bush
TAUNTON,289,distributed,barley,1,111,bush
TAUNTON,289,distributed,oats,83,806,bush
TAUNTON,289,distributed,potatoes,242,39654,bush
TAUNTON,289,distributed,other es­ culent vegetables,9913,10295,bush
TAUNTON,289,distributed,hay,2586,2423,tons
TAUNTON,289,distributed,Fruit  raised,2054,7666,bush
TAUNTON,289,distributed,Indian Corn or Maize raised  hush.,,9851,bush
TAUNTON,289,distributed,Butter,8619,50700,lbs
TAUNTON,289,distributed,cheese,2704,33800,lbs
TAUNTON,289,distributed,Nail  Casks,8000,75000,
TAUNTON,289,Knob Manufactories,wooden  knobs,1200,600,groce
TAUNTON,289,distributed,Flannel or Yarn Kersey,,40000,yds
TAUNTON,289,distributed,Fire Bricks,8000,266000,
TAUNTON,290,distributed,Stone Ware,4000,,
TAUNTON,290,distributed,Black  Lead Pots,1000,,
TAUNTON,290,distributed,Clay Stove Linings,1000,,
WESTPORT,290,Cotton  Mills,cotton  consumed,900,5875,lbs
WESTPORT,290,Cotton  Mills,cotton yarn   and  not  made into cloth,,4500,lbs
WESTPORT,290,Axe Manufactories,axes and other edge tools,200,300,
WESTPORT,290,Shovel Spade Fork  and Hoe Manufactories,Shovel Spade Fork  and Hoe,2500,,
WESTPORT,290,Establishments  for  m.  Salt,salt,25,75,bush
WESTPORT,290,Establishments for m.  Rail-road Cars and other Vehicles,vehicles,4500,,
WESTPORT,290,Tanneries,leather tanned and curried,1000,,
WESTPORT,290,distributed,Boots,1200,200,pairs
WESTPORT,290,distributed,shoes,,1000,pairs
WESTPORT,290,distributed,boots and shoes,,,
WESTPORT,290,distributed,Straw Bonnets and Hats,,75,
WESTPORT,290,distributed,'Blocks and Pumps,300,,
WESTPORT,290,distributed,Wooden  Ware,150,,
WESTPORT,290,distributed,Lumber prepared,3000,150000,feet
WESTPORT,290,distributed,Fire Wood prepared,11000,2629,cords
WESTPORT,290,energy imports,Sperm Oil consumed in manufacturing,300,315,galls
WESTPORT,290,energy imports,anthracite coal consumed in manufacturing,450,75,tons
WESTPORT,290,energy imports,bituminous  coal  mined   in  the  U.  States,350,35,chaldrons
WESTPORT,290,Vessels employed in the Whale Fishery,sperm oil  imported,2500,80640,galls
WESTPORT,290,Vessels employed in the Whale Fishery,whale oil,9400,28192,galls
WESTPORT,290,Vessels employed in the Whale Fishery,whalebone,2000,5000,lbs
WESTPORT,290,distributed,Sheep total see species,16263252,41108,lbs
WESTPORT,290,distributed,wool  produced,1350,,
WESTPORT,291,distributed,Horses,13000,279,head
WESTPORT,291,distributed,neat cattle,30130,1364,head
WESTPORT,291,distributed,swine,4504,1014,head
WESTPORT,291,distributed,Indian Corn or Maize raised,11015,15736,bush
WESTPORT,291,distributed,rye,401,446,bush
WESTPORT,291,distributed,barley,315,455,bush
WESTPORT,291,distributed,oats,3230,8971,bush
WESTPORT,291,distributed,potatoes,12180,36551,bush
WESTPORT,291,distributed,other esculent vegetables,2985,11959,bush
WESTPORT,291,distributed,hay,41846,1757,tons
WESTPORT,291,distributed,Fruit raised,3737,14947,bush
WESTPORT,291,distributed,Butter,6030,33502,lbs
WESTPORT,291,distributed,cheese,647,8090,lbs
WESTPORT,291,distributed,beeswax,25,15,lbs
WESTPORT,291,energy imports,Oil Casks,3125,2500,
WESTPORT,291,distributed,Truss Hoops,300,,
