city,page,site,goods,value,quantity,units
CHILMARK,325,distributed,Bricks,112,25000,
CHILMARK,325,distributed,"Mackerel,",1300,217,bbls
CHILMARK,325,distributed,"of  codfish,",651,35,bush
CHILMARK,325,distributed,salt consumed,250,,
CHILMARK,325,distributed,Sheep total,10036,6691,head
CHILMARK,325,distributed,Wool total,5324,15971,lbs
CHILMARK,325,distributed,Horses,13744,102,head
CHILMARK,325,distributed,neat cattle,1788,833,head
CHILMARK,325,distributed,swine,,149,head
CHILMARK,325,distributed,Indian Corn or Maize raised,2885,4327,bush
CHILMARK,325,distributed,rye,96,107,bush
CHILMARK,325,distributed,"barley,",42,56,bush
CHILMARK,325,distributed,oats,457,1372,bush
CHILMARK,325,distributed,potatoes,1704,8519,bush
CHILMARK,325,distributed,other es­ culent vegetables,702,4213,bush
CHILMARK,325,distributed,"hay,",10384,944,tons
CHILMARK,325,distributed,Fruit raised,123,370,bush
CHILMARK,325,distributed,Butter,2325,11625,lbs
CHILMARK,325,distributed,cheese,497,5520,lbs
CHILMARK,325,energy imports,Fish Oil,120,30,bbls
CHILMARK,325,distributed,salt consumed,,30,bush
EDGARTOWN,325,Hat and Cap  Manufactories,hats and  caps,800,300,
EDGARTOWN,325,"Establishments for m. of Salt,",salt,150,500,bush
EDGARTOWN,325,Oil and Sperm Candle Manufactories,oil,117000,200000,galls
EDGARTOWN,325,Oil and Sperm Candle Manufactories,sperm candles,17900,71500,lbs
EDGARTOWN,325,Tin  Ware Manufactories,of ware,500,,
EDGARTOWN,325,distributed,Boots,,40,pairs
EDGARTOWN,325,distributed,shoes,,250,pairs
EDGARTOWN,325,distributed,of Blocks and Pumps,750,,
EDGARTOWN,326,distributed,Fire Wood prepared,1050,168,cords
EDGARTOWN,326,distributed,"Boats built,",50,18,
EDGARTOWN,326,"Vessels employed in the hale Fishery,",sperm oil imported,60525,65935,galls
EDGARTOWN,326,"Vessels employed in the hale Fishery,","whale oil- """,18065,48825,galls
EDGARTOWN,326,"Vessels employed in the hale Fishery,",whalebone,7360,16000,lbs
EDGARTOWN,326,energy imports,Oil Casks,5000,4500,bbls
EDGARTOWN,326,distributed,Herrings,3400,81700,
EDGARTOWN,326,distributed,Sheep total,2565,2537,head
EDGARTOWN,326,distributed,wool  produced,5370,5074,lbs
EDGARTOWN,326,distributed,Horses,4633,86,head
EDGARTOWN,326,distributed,neat cattle,9721,487,head
EDGARTOWN,326,distributed,swine,2447,248,head
EDGARTOWN,326,distributed,Indian Corn or Maize raised,3500,5000,bush
EDGARTOWN,326,distributed,rye,566,756,bush
EDGARTOWN,326,distributed,"barley,",75,75,bush
EDGARTOWN,326,distributed,oats,166,536,bush
EDGARTOWN,326,distributed,potatoes,2000,6666,bush
EDGARTOWN,326,distributed,other escu­ lent  vegetables,900,3033,bush
EDGARTOWN,326,distributed,"hay,",6556,576,tons
EDGARTOWN,326,distributed,Fruit raised,3602196,450,bush
TISBURY,326,Tin  Ware  Manufactories,of ware,500,,
TISBURY,326,Tanneries,of leather tanned and curried,2400,,
TISBURY,326,distributed,Boots,2725,200,pairs
TISBURY,326,distributed,shoes,,1540,pairs
TISBURY,326,distributed,of boots and shoes,,,
TISBURY,326,distributed,Stockings and Mittens,625,2500,pairs
TISBURY,326,energy imports,of Oil Casks,1800,,
TISBURY,326,distributed,Fire Wood prepared,2500,500,cords
TISBURY,326,distributed,Boats built,935,15,
TISBURY,326,"Vessels employed in the Whale Fishery,",sperm oil imported,36100,43500,galls
TISBURY,326,"Vessels employed in the Whale Fishery,",whale Qillgalls,500,4001,galls
TISBURY,327,distributed,Horses,4640,116,head
TISBURY,327,distributed,neat cattle,7000,500,head
TISBURY,327,distributed,swine,3220,322,head
TISBURY,327,distributed,Indian Corn or Maize raised,2200,3288,bush
TISBURY,327,distributed,rye,228,304,bush
TISBURY,327,distributed,oats,273,630,bush
TISBURY,327,distributed,potatoes,1500,6000,bush
TISBURY,327,distributed,other esculent vegetables,1400,7000,bush
TISBURY,327,distributed,"hay,",6300,525,tons
