city,page,site,goods,value,quantity,units
AMESBURY,8,Woollen Mills,wool consumed,1400,414000,lbs
AMESBURY,8,Woollen Mills,cassimere,65000,2000,yds
AMESBURY,8,Woollen Mills,satinet and tweeds,1600,110000,yds
AMESBURY,8,Woollen Mills,Kentucky jeans,85750,5000,yds
AMESBURY,8,Woollen Mills,flannel or blanketing,,327000,yds
AMESBURY,8,Saddle  and  Harness Manufactories,Saddle  and  Harness,3715,,
AMESBURY,8,Hat and  Cap  Manufactories,hats  and caps,1800,4400,
AMESBURY,8,Chaise Wagon and Sleigh Manufactories,vehicles,66100,,
AMESBURY,9,Tin  Ware Manufactories,ware,1500,,
AMESBURY,9,Comb Manufactories,combs,300,,
AMESBURY,9,Tanneries,leather tanned. and curried,13150,,
AMESBURY,9,distributed,Boots,32440,2200,pairs
AMESBURY,9,distributed,shoes,,63700,pairs
AMESBURY,9,distributed,boots and shoes,,,
AMESBURY,9,distributed,Bricks,800,200000,
AMESBURY,9,distributed,Building Stone quarried and prepai:ed,133,,
AMESBURY,9,distributed,Mechanics Tools,400,,
AMESBURY,9,distributed,Lumber  prepared   market,2428,225000,feet
AMESBURY,9,distributed,Fire Wood prepared  market,3303,820,cords
AMESBURY,9,distributed,Boats built,300,1,
AMESBURY,9,distributed,Carriage Springs and Axletrees,7000,,
AMESBURY,9,distributed,Potter's ware,1000,,
AMESBURY,9,distributed,Horse Collars and Winkers,650,650,
AMESBURY,9,distributed,V.   Horse Collars and Winkers,,,head
AMESBURY,9,distributed,Carriage Bows,175,,
AMESBURY,9,energy imports,Sperm Oil consumed in manufactories,500,600,galls
AMESBURY,9,energy imports,other kinds  oil consumed,2000,3600,galls
AMESBURY,9,energy imports,anthra­ cite coal consumed in manufactories,1600,250,tons
AMESBURY,9,distributed,­ eign bituminous consumed,80,10,tons
AMESBURY,9,energy imports,all other    American production excepting cotton wool  and iron consumed  in manufactories,10675,,
AMESBURY,9,distributed,all other ar­ ticles  eign production excepting as above consumed in same,12000,,
AMESBURY,9,distributed,Sheep total,551,333,head
AMESBURY,9,distributed,wool prod uced,311,933,lbs
AMESBURY,9,distributed,Horses,7615,148,head
AMESBURY,9,distributed,neat cattle,15225,763,head
AMESBURY,9,distributed,swine,5086,316,head
AMESBURY,9,distributed,Indian Corn or Maize raised,4402,5869,bush
AMESBURY,9,distributed,wheat,600,316,bush
AMESBURY,9,distributed,rye,490,612,bush
AMESBURY,9,distributed,barley,317,317,bush
AMESBURY,9,distributed,oats,443,1265,bush
AMESBURY,9,distributed,potatoes,3483,20488,bush
AMESBURY,9,distributed,other esculent vegetables,1373,2758,bush
AMESBURY,9,distributed,mil­let,80,7,tons
AMESBURY,9,distributed,hay,14810,1673,tons
AMESBURY,10,distributed,Fruit  all  kinds raised,2972,19658,bush
AMESBURY,10,distributed,hops,5,30,lbs
AMESBURY,10,distributed,Butter produced,5177,30456,lbs
AMESBURY,10,distributed,cheese,800,13335,lbs
AMESBURY,10,distributed,honey,40,200,lbs
AMESBURY,10,distributed,beeswax,12,25,lbs
ANDOVER,10,Cotton Spindles,cotton consumed,,34000,lbs
ANDOVER,10,Woollen  Mills,wool consumed,470500,1042500,lbs
ANDOVER,10,Woollen  Mills,Flannel,160000,170205,yds
ANDOVER,10,Woollen  Mills,other goods,,,
ANDOVER,10,Mills    Worsted goods,goods,90000,450000,
ANDOVER,10,Furnaces    Castings other than pig iron,castings,10500,150,tons
ANDOVER,10,Establishmen ts     Woollen Machinery,ma­chinery,60000,,
ANDOVER,10,distributed,Axes and other edge tools,250,250,
ANDOVER,10,Saddle  and  Harness  Manufactories,Saddle  and  Harness,4250,,
ANDOVER,10,Hat and Cap Manufactories,hats and caps,2500,1200,
ANDOVER,10,distributed,Wagons Sleighs and other vehicles,2000,,
ANDOVER,10,distributed,N umber   Rail-road Cars,15000,30,
ANDOVER,10,Soap Manufactories,soap,3600,900,bbls
ANDOVER,10,Chair and Cabinet-ware Manufactories,Chair and Cabinet-ware,1500,,
ANDOVER,10,Tin Ware and  Sheet Iron Manufactories,ware,1000,,
ANDOVER,10,distributed,Boots,16000,730,pairs
ANDOVER,10,distributed,shoes,,29500,pairs
ANDOVER,10,distributed,Bricks,1395,310000,
ANDOVER,10,distributed,pumps,125,,
ANDOVER,10,distributed,Lumber prepared,2500,200000,feet
ANDOVER,11,distributed,Fire Wood prepared,15000,4730,cords
ANDOVER,11,energy imports,Sperm Oil consumed in manufactories,2875,3150,galls
ANDOVER,11,energy imports,other kinds  oil consumed,7658,10940,galls
ANDOVER,11,energy imports,anthra­ cite coal consumed,1620,270,tons
ANDOVER,11,energy imports,eign bituminous coal,96,12,chaldrons
ANDOVER,11,distributed,bleaching  powders,1250,50,casks
ANDOVER,11,distributed,soda  ash,420,12,casks
ANDOVER,11,distributed,dye stuffs con­ sumed,800,,
ANDOVER,11,energy imports,fire wood consumed,1000,,
ANDOVER,11,energy imports,all other   home production  excepting cotton wool and iron consumed,17000,,
ANDOVER,11,distributed,all other eign productions excepting as above consumed,28900,,
ANDOVER,11,distributed,Sheep total,1200,619,head
ANDOVER,11,distributed,Wool total,593,1914,lbs
ANDOVER,11,distributed,Horses,2100,459,head
ANDOVER,11,distributed,neat  cattle,45750,2300,head
ANDOVER,11,distributed,swine i,9936,86,head
ANDOVER,11,distributed,Indian Corn raised,12188,17164,bush
ANDOVER,11,distributed,wheat,127,127,bush
ANDOVER,11,distributed,rye,2113,2456,bush
ANDOVER,11,distributed,barley,817,1796,bush
ANDOVER,11,distributed,oats,3278,9769,bush
ANDOVER,11,distributed,potatoes,12875,51548,bush
ANDOVER,11,distributed,other esculent vegetables,1346,6731,bush
ANDOVER,11,distributed,hay,44009,4826,tons
ANDOVER,11,distributed,Fruit  all kinds raised,6200,15426,bush
ANDOVER,11,distributed,hops rais­ ed,44,400,lbs
ANDOVER,11,distributed,Butter produced,8977,59852,lbs
ANDOVER,11,distributed,cheese,1059,17655,lbs
ANDOVER,11,distributed,honey,31,175,lbs
ANDOVER,11,Mills    Shoe Thread Carpet Warp Baleing Twine Linen Yarn and Sail Twine,flax worked,73000,800000,lbs
ANDOVER,11,Mills    Shoe Thread Carpet Warp Baleing Twine Linen Yarn and Sail Twine,goods,115000,,
BEVERLV,11,ges,bar iron anchors cables and other   wrought iron,7000,50,tons
BEVERLV,11,Britannia Ware Manufactories,ware,10000,,
BEVERLV,11,Saddle Harness and Trunk Manufactories,Saddle Harness and Trunk,500,,
BEVERLV,12,Hat and Cap Manufactories,hats and caps,1400,500,
BEVERLV,12,Cordage Manufactories,cordage,3800,20,tons
BEVERLV,12,Establishments     Rail Road  Cars Coaches Chaises,same,1300,,
BEVERLV,12,Soap and Tallow Candle Manufactories,soap,7500,25000,lbs
BEVERLV,12,Soap and Tallow Candle Manufactories,tallow candles,600,6000,lbs
BEVERLV,12,Chair and Cabinet Ware Manufactories,.,4200,,
BEVERLV,12,Tin Ware Manufactories,.,1500,,
BEVERLV,12,Tanneries,leather tanned and curried,6000,,
BEVERLV,12,distributed,Boots,110885,3630,pairs
BEVERLV,12,distributed,shoes,,207250,pairs
BEVERLV,12,distributed,boots and shoes,,,
BEVERLV,12,distributed,Bricks,12000,2000000,
BEVERLV,12,distributed,Blacking,60,,
BEVERLV,12,distributed,Blocks and Pumps,800,,
BEVERLV,12,Brooms manufactured,Brooms manufactured,30,,
BEVERLV,12,distributed,Lumber prepared,800,100,tons
BEVERLV,12,energy imports,Firewood prepared,2500,500,cords
BEVERLV,12,distributed,Boats built,20,1,
BEVERLV,12,energy imports,Sperm Oil consumed in Factories,300,300,galls
BEVERLV,12,energy imports,whale oil,800,1000,galls
BEVERLV,12,energy imports,anthracite coal consumed in facto­ ries,175,25,tons
BEVERLV,12,energy imports,bituminous  coal    U. S. consumed,400,50,chaldrons
BEVERLV,12,energy imports,other   home production excepting cot­ ton wool and iron consumed by factories,50500,,
BEVERLV,12,distributed,eign productions excepting as above,200,,
BEVERLV,12,Vessels employed in Mackerel and Cod Fisheries,mackerel taken,200,20,bbls
BEVERLV,12,Vessels employed in Mackerel and Cod Fisheries,codfish,67333,30000,quintals
BEVERLV,12,Vessels employed in Mackerel and Cod Fisheries,salt consumed in fisheries,,36800,bush
BEVERLV,12,distributed,Sheep total,276,230,head
BEVERLV,12,distributed,Wool total,,690,lbs
BEVERLV,12,distributed,Horses,11650,233,head
BEVERLV,12,distributed,neat cattle,14360,718,head
BEVERLV,12,distributed,swine,3345,669,head
BEVERLV,12,distributed,Indian Corn or Maize raised,6476,9251,bush
BEVERLV,12,distributed,wheat,50,50,bush
BEVERLV,12,distributed,rye,824,1030,bush
BEVERLV,12,distributed,barley,643,1071,bush
BEVERLV,12,distributed,oats,128,320,bush
BEVERLV,12,distributed,potatoes,12000,30000,bush
BEVERLV,12,distributed,other  esculent  vegetables,3570,11900,bush
BEVERLV,12,distributed,hay,23400,2304,tons
BEVERLV,13,distributed,Fruit raised,12250,25000,bush
BEVERLV,13,distributed,Butter produced,6480,36000,lbs
BEVERLV,13,distributed,cheese,240,4000,lbs
BEVERLV,13,distributed,honey,70,700,lbs
BEVERLV,13,distributed,beeswax,18,60,lbs
BEVERLV,13,Mustard  Manufactories,mustard,2400,6000,lbs
BEVERLV,13,Fulling Mills,labor,500,,
BEVERLV,13,Carding Mills,labor,500,,
BEVERLV,13,Saw Mills,labor,3000,,
BEVERLV,13,Grist Mills,labor,1000,,
BEVERLV,13,Cod.fish oil  bbls.,Cod.fish oil,4622,314,bbls
BOXD,13,Cotton  Mills,spindles,5120,436,lbs
BOXD,13,Cotton  Mills,cotton  consumed,,30000,
BOXD,13,Cotton  Mills,cotton yarn,,,
BOXD,13,distributed,Boots,11241,925,pairs
BOXD,13,distributed,shoes,,15400,pairs
BOXD,13,distributed,boots and shoes,,,
BOXD,13,distributed,Lumber prepared,4566,148280,feet
BOXD,13,distributed,Fire Wood prepared,3291,1047,cords
BOXD,13,distributed,Bark pre­ pared,282,44,cords
BOXD,13,distributed,Sheep total see species,1300,,
BOXD,13,distributed,all wool,510,,
BOXD,13,distributed,Merino Sheep,,373,head
BOXD,13,distributed,other sheep,,234,head
BOXD,13,distributed,merino wool  lbs.,,1057,lbs
BOXD,13,distributed,other wool  lbs.,,718,lbs
BOXD,13,distributed,Horses,5100,115,head
BOXD,13,distributed,neat   cattle,16111,913,head
BOXD,13,distributed,swine,4335,314,head
BOXD,13,distributed,Indian Corn or Maize,4882,6975,bush
BOXD,13,distributed,rye,125156,187,bush
BOXD,13,distributed,barley,180,125,bush
BOXD,13,distributed,oats,87,2953,bush
BOXD,13,distributed,potatoes,1181,15255,bush
BOXD,13,distributed,other esculent vegetables,3051,400,bush
BOXD,13,distributed,hay,100,1791,tons
BOXD,14,distributed,Fruit,3000,27584,bush
BOXD,14,distributed,Butter,3107,18645,lbs
BOXD,14,distributed,cheese,602,10020,lbs
BOXD,14,distributed,shoe pegs,30,2200,bush
BRADD,14,distributed,Linen Thread,30000,75000,lbs
BRADD,14,Saddle Harness  and Trunk  Manufactories,Saddle Harness  and Trunk,2040,,
BRADD,14,Establishments    Rail-road Cars Coaches Wagons and other vehicles,article's,857,,
BRADD,14,Tanneries,Hides tanned,5300,1990,
BRADD,14,Tanneries,leather tanned and curried,,,
BRADD,14,distributed,Boots,147080,6450,pairs
BRADD,14,distributed,shoes,,270000,pairs
BRADD,14,distributed,boots and shoes,,,
BRADD,14,distributed,Bricks,900,200000,
BRADD,14,distributed,Fire Wood prepared,1845,410,cords
BRADD,14,distributed,Sheep total,526,263,head
BRADD,14,distributed,Wool produced,216,722,lbs
BRADD,14,distributed,Horses,6200,155,head
BRADD,14,distributed,neat cattle,16597,772,head
BRADD,14,distributed,swine,3210,214,head
BRADD,14,distributed,Indian Corn or Maize raised,4969,7098,bush
BRADD,14,distributed,wheat,71,71,bush
BRADD,14,distributed,rye,500,625,bush
BRADD,14,distributed,barley,48,79,bush
BRADD,14,distributed,oats,1956,4890,bush
BRADD,14,distributed,potatoes,4181,16723,bush
BRADD,14,distributed,other esculent vegetables,224,1120,tons
BRADD,14,distributed,hay,30549,2832,
BRADD,14,distributed,Fruit raised,3683,22095,bush
BRADD,14,distributed,Butter produced,5407,32679,lbs
BRADD,14,distributed,cheese,875,14587,lbs
BRADD,14,distributed,honey,86,520,lbs
BRADD,14,distributed,beeswax,,50,lbs
DANVERS,14,Rolling Slitting and Nail Mills,Rolling Slitting and Nail Mills,80000,1000,tons
DANVERS,14,Furnaces    Hollow Ware and castings other than pig iron,ware,4000,50,tons
DANVERS,15,Axe Manufactories,tools,3000,2500,
DANVERS,15,Saddle Harness and Trunk Manufactories,Saddle Harness and Trunk,8200,,
DANVERS,15,Soap and Tallow Candle Manufactories,soap,17500,624000,lbs
DANVERS,15,Soap and Tallow Candle Manufactories,candles,3000,36000,lbs
DANVERS,15,Chair and Cabinet-ware  Manufactories,Chair and Cabinet-ware,3000,,
DANVERS,15,Tin Ware Man ufactories,ware,17000,,
DANVERS,15,Glue Manufactories,glue,25000,,
DANVERS,15,Tanneries,hides tanned,638708,553760,
DANVERS,15,Tanneries,leather tanned and curried,,,
DANVERS,15,distributed,Boots and Shoes,671450,1150300,
DANVERS,15,distributed,Bricks,24600,4100000,
DANVERS,15,distributed,Stone prepared  building,8850,,
DANVERS,15,distributed,Blocks and Pnmps,500,,
DANVERS,15,distributed,Fire Wood prepared,15400,3726,cords
DANVERS,15,distributed,Sheep total,186,98,head
DANVERS,15,distributed,wool prod uced,87,257,lbs
DANVERS,15,distributed,Horses,32095,564,head
DANVERS,15,distributed,neat cattle,30435,1321,head
DANVERS,15,distributed,swine,12341,1003,head
DANVERS,15,distributed,Indian Corn or Maize raised,8357,13929,bush
DANVERS,15,distributed,rye,735,1315,bush
DANVERS,15,distributed,barley,223,344,bush
DANVERS,15,distributed,potatoes,1353502,31095,bush
DANVERS,15,distributed,other escu­ lent vegetables,9328,122160,bush
DANVERS,15,distributed,hay,30500,3097,tons
DANVERS,15,distributed,Fruit raised,15177,42420,bush
DANVERS,15,distributed,Butter,9798,52550,lbs
DANVERS,15,distributed,cheese,107,1450,lbs
DANVERS,15,distributed,honey,500,3500,lbs
DANVERS,15,distributed,Shoe Pegs,,1200,bush
DANVERS,15,Last  Manufactories,lasts,8000,40000,
DANVERS,15,distributed,Squashes raised,3000,200,tons
DANVERS,15,distributed,Beef and Pork sold  market,150000,,
DANVERS,15,distributed,Milk,7592,47452,galls
DANVERS,16,Hides prepared   Pickers,Hides prepared   Pickers,8000,,
DANVERS,16,distributed,Shoe and other Boxes,14500,37000,
DANVERS,16,distributed,Blinds and Sashes,750,15000,lights
DANVERS,16,distributed,Earthen Ware,4000,,
ESSEX,16,ges,bar iron anchors chain cables and other,2000,25,tons
ESSEX,16,ges,F.,,6,
ESSEX,16,Saddle Harness and Trunk Manufactories,article•,200,,
ESSEX,16,Cordage Manutactories,cordage,5300,10,tons
ESSEX,16,Establishments    Rail-road Cars and other vehicles,Rail-road Cars and other vehicles,1000,,
ESSEX,16,Tanneries,Tanneries,3200,,
ESSEX,16,distributed,Boots,4510,970,pairs
ESSEX,16,distributed,shoes,,2000,pairs
ESSEX,16,distributed,Pumps and Blocks,1200,,
ESSEX,16,distributed,Lumber prepared,890,137,tons
ESSEX,16,distributed,Fire Wood,984,246,cords
ESSEX,16,distributed,Boats built,300,10,
ESSEX,16,Clams dug  bbls.,Clams dug,8000,1600,bbls
ESSEX,16,distributed,Sheep total,164,82,head
ESSEX,16,distributed,Wool total,856116,356,lbs
ESSEX,16,distributed,rye,4281,217,bush
ESSEX,16,distributed,barley,217,431,bush
ESSEX,16,distributed,oats,215,507,bush
ESSEX,16,distributed,potatoes,187,11416,bush
ESSEX,16,distributed,other escu­ lent  vegetables,2854,3176,bush
ESSEX,16,distributed,hay,794,1744,tons
ESSEX,16,distributed,Horses,3465,77,head
ESSEX,16,distributed,neat cattle,15028,545,head
ESSEX,16,distributed,swine,2418,232,head
ESSEX,16,distributed,Fruit raised,344850,11495,bush
ESSEX,16,distributed,Butter,4352,26112,lbs
ESSEX,16,distributed,cheese,646,8070,lbs
ESSEX,16,distributed,honey,25,200,lbs
GEORGETOWN,17,Saddle Harness and Trunk Manufactories,Saddle Harness and Trunk,1550,,
GEORGETOWN,17,Establishments    Rail-road Cars Coaches and other vehicles,vehicles,1653,,
GEORGETOWN,17,Chair and Cabinet-ware Manufactories,Chair and Cabinet-ware,1000,,
GEORGETOWN,17,Tin Ware and Stove and Funnel Manufactories,Tin Ware and Stove and Funnel,500,,
GEORGETOWN,17,Tanneries,hides  tanned,18760,5524,
GEORGETOWN,17,Tanneries,leather tanned and curried,,,
GEORGETOWN,17,distributed,Boots,306198,26260,pairs
GEORGETOWN,17,distributed,shoes,,381820,pairs
GEORGETOWN,17,distributed,boots and shoes,,,
GEORGETOWN,17,distributed,Lumber prepared,1450,235,tons
GEORGETOWN,17,distributed,Fire Wood prepared,,283,cords
GEORGETOWN,17,distributed,Sheep total,197,110,head
GEORGETOWN,17,distributed,Wool total,117,385,lbs
GEORGETOWN,17,distributed,Horses,8825,190,head
GEORGETOWN,17,distributed,neat cattle,12000,615,head
GEORGETOWN,17,distributed,Indian Corn or Maize raised,2128,3273,bush
GEORGETOWN,17,distributed,wheat,133,108,bush
GEORGETOWN,17,distributed,rye,121,146,bush
GEORGETOWN,17,distributed,barley,29,45,bush
GEORGETOWN,17,distributed,oats,253,685,bush
GEORGETOWN,17,distributed,potatoes,4005,16020,bush
GEORGETOWN,17,distributed,other esculent vegetables,345,863,bush
GEORGETOWN,17,distributed,English Hay,7566,582,tons
GEORGETOWN,17,distributed,meadow hay,4242,707,tons
GEORGETOWN,17,distributed,Fruit,4873,12183,bush
GEORGETOWN,17,distributed,Butter,2705,19319,lbs
GEORGETOWN,17,distributed,cheese,451,7520,lbs
GEORGETOWN,17,distributed,honey,29,160,lbs
GEORGETOWN,17,distributed,beeswax,2,7,lbs
GEORGETOWN,17,distributed,Shoe Pegs,75,50,bush
GLOUCESTER,17,ges,bar iron  cables and other,7140,134,tons
GLOUCESTER,17,Saddle Harness and Trunk Manufactories,Saddle Harness and Trunk,200,,
GLOUCESTER,18,Upholstery Manufactories,Upholstery,800,,
GLOUCESTER,18,Cordage Manufactories,cordage,14000,80,tons
GLOUCESTER,18,Establish ments     Rail-road  Cars Coaches and other vehicles,vehicles,430,,
GLOUCESTER,18,Soap and Tallow Candle Manufactories,soap,4675,129500,lbs
GLOUCESTER,18,Soap and Tallow Candle Manufactories,candles,1980,22000,lbs
GLOUCESTER,18,Chair and Cabinet-ware Manufactories,Chair and Cabinet-ware,9375,,
GLOUCESTER,18,Tin  Ware  Manufactories,ware,8000,,
GLOUCESTER,18,distributed,Boots,21712,954,
GLOUCESTER,18,distributed,shoes,,25643,
GLOUCESTER,18,distributed,boots and shoes:,,,
GLOUCESTER,18,distributed,Palm-leaf  Hats,201,915,
GLOUCESTER,18,distributed,Snuff Tobacco and Cigars,712,,
GLOUCESTER,18,distributed,Stone quarried and prepared  building,1000,,
GLOUCESTER,18,distributed,Blacking,250,,
GLOUCESTER,18,distributed,Blocks and pum ps,1200,,
GLOUCESTER,18,Lumber prepared  fe&t,Lumber prepared  fe&t,1374,,
GLOUCESTER,18,distributed,Fire Wood prepared,2653,655,cords
GLOUCESTER,18,distributed,Boats built,470,35,
GLOUCESTER,18,Vessels employed in Mackerel and Cod  fisheries,mackerel taken,134838,17456,bbls
GLOUCESTER,18,Vessels employed in Mackerel and Cod  fisheries,cod­ fish,67023,28654,quintals
GLOUCESTER,18,Vessels employed in Mackerel and Cod  fisheries,salt consumed,,59840,bush
GLOUCESTER,18,distributed,Sheep total,70,35,head
GLOUCESTER,18,distributed,Wool total,28,77,lbs
GLOUCESTER,18,distributed,Horses,9561,192,head
GLOUCESTER,18,distributed,neat cattle,16478,839,head
GLOUCESTER,18,distributed,swine,5243,382,head
GLOUCESTER,18,distributed,Indian Corn or Maize raised,3249,4965,bush
GLOUCESTER,18,distributed,wheat,15,14,bush
GLOUCESTER,18,distributed,rye,215,280,bush
GLOUCESTER,18,distributed,barley,481,798,bush
GLOUCESTER,18,distributed,oats,18,50,bush
GLOUCESTER,18,distributed,potatoes,6050,26257,bush
GLOUCESTER,18,distributed,other  esculen t   vegetables,1852,5170,bush
GLOUCESTER,18,distributed,squashes,320,85500,lbs
GLOUCESTER,18,distributed,hay,16806,1624,tons
GLOUCESTER,18,distributed,Fruit raised,1732,7129,bush
GLOUCESTER,18,distributed,Butter,2519,16103,lbs
GLOUCESTER,18,distributed,cheese,6,100,lbs
GLOUCESTER,19,distributed,Fish  Casks      hhds.,4342,12003750,bbls
GLOUCESTER,19,distributed,Timber  prepared,368,46,tons
GLOUCESTER,19,distributed,Hake  and  Scale Fish,15246,12197,quintals
GLOUCESTER,19,distributed,halibut,28636,,
HAMILTON,19,Woollen Mills,wool consumed,40000,120000,lbs
HAMILTON,19,Woollen Mills,yarn  and not made into cloth,,100000,lbs
HAMILTON,19,distributed,Boots,,550,pairs
HAMILTON,19,distributed,shoes,,52220,pairs
HAMILTON,19,distributed,Fire Wood prepared,1420,355,cords
HAMILTON,19,distributed,Sheep total,283,189,head
HAMILTON,19,distributed,wool  produced,170,567,lbs
HAMILTON,19,distributed,Horses,4850,97,head
HAMILTON,19,distributed,neat cattle,16840,689,head
HAMILTON,19,distributed,swine,1136,242,head
HAMILTON,19,distributed,Indian  Corn  or Maize  raised,3204,4930,bush
HAMILTON,19,distributed,rye,229,349,bush
HAMILTON,19,distributed,barley,36,45,bush
HAMILTON,19,distributed,oats,368,920,bush
HAMILTON,19,distributed,potatoes,2540,10159,bush
HAMILTON,19,distributed,other  esculent vegetables,12816,600,bush
HAMILTON,19,distributed,hay,,1493,tons
HAMILTON,19,distributed,Fruit raised,1918,21266,bush
HAMILTON,19,Butter  l bs,cheese,3021,4495,lbs
HAVERHILL,19,Woollen  Mills,wool  consumed,87500,125000,lbs
HAVERHILL,19,Woollen  Mills,flannel  or  blanketing,,350000,yds
HAVERHILL,19,ges,bar  iron anchors  and  other,4455,491,tons
HAVERHILL,19,Tack and Awl Manufactories,tacks and awls,400,30000,
HAVERHILL,20,Silver Ware  Manufactories,Silver Ware,11300,,
HAVERHILL,20,Musical  Instrument  Manufactories,Musical  Instrument,3150,,
HAVERHILL,20,Saddle Harness and Trunk Manufactories,Saddle Harness and Trunk,2800,,
HAVERHILL,20,Upholstery   Manufactories,Upholstery,200,,
HAVERHILL,20,Hat  Manufactories,hats,38095,84000,
HAVERHILL,20,Establishments    Chaises Wagons and other vehicles,vehicles,16600,,
HAVERHILL,20,Soap Manufactories,soap,2000,320000,lbs
HAVERHILL,20,Chair and Cabinet-ware Manufactories,Chair and Cabinet-ware,4500,,
HAVERHILL,20,Tin Ware and  Sheet Iron  Manufactories,Tin Ware and  Sheet Iron,5000,,
HAVERHILL,20,Comb Manufactories,combs,3760,,
HAVERHILL,20,Grist Mills,run stones,,10,
HAVERHILL,20,Tanneries,leather   tanned,4000,,
HAVERHILL,20,Tanneries,leather   curried,82000,,
HAVERHILL,20,distributed,Shoes,898824,1860915,pairs
HAVERHILL,20,distributed,Bricks,1600,400000,
HAVERHILL,20,distributed,Cigars,300,,
HAVERHILL,20,distributed,Building Stone quarried  and prepared,1200,,
HAVERHILL,20,distributed,Lumber prepared    tons and,20173,217388000,tonsfeet
HAVERHILL,20,distributed,Fire Wood prepared .,6410,2048,cords
HAVERHILL,20,Machines     cutting  Sole  Leather,Machines     cutting  Sole  Leather,8000,,
HAVERHILL,20,distributed,Lasts,5000,35000,
HAVERHILL,20,energy imports,Sperm  Oil  consumed   in  Manufactories,2113,2348,galls
HAVERHILL,20,energy imports,whale oil .,1845,4100,galls
HAVERHILL,21,distributed,Horses,20209,340,head
HAVERHILL,21,distributed,neat  cattle,26913,1456,head
HAVERHILL,21,distributed,swine,10496,751,head
HAVERHILL,21,distributed,Indian Corn or Maize raised,7836,11195,bush
HAVERHILL,21,distributed,wheat,549,439,bush
HAVERHILL,21,distributed,rye,1144,1373,bush
HAVERHILL,21,distributed,barley,268,446,bush
HAVERHILL,21,distributed,oats,2144,6125,bush
HAVERHILL,21,distributed,potatoes,6221,31104,bush
HAVERHILL,21,distributed,other esculent vegetables,1364,5458,bush
HAVERHILL,21,distributed,beans,610,407,bush
HAVERHILL,21,distributed,hay,27665,2898,tons
HAVERHILL,21,distributed,Fruit raised,4648,29246,bush
HAVERHILL,21,distributed,Butter    lbs,5044,360281,lbs
HAVERHILL,21,distributed,cheese,1335,23211,lbs
HAVERHILL,21,distributed,honey,25,200,lbs
IPSWICH,21,Cotton  Mills,spindles,26040,2576,lbs
IPSWICH,21,Cotton  Mills,cotton  consumed,,68000,yds
IPSWICH,21,Cotton  Mills,cloth,,372000,
IPSWICH,21,Hosiery Manufactories,quantity,26800,3100,doz
IPSWICH,21,Upholstery  Manufactories,Upholstery,600,,
IPSWICH,21,Establishments    Rail-road Cars Coaches and other vehicles,vehicles,1000,,
IPSWICH,21,Soap and 'allow Candle  Manufactories,hard soap,300,2,tons
IPSWICH,21,Soap and 'allow Candle  Manufactories,other soap,,50,bbls
IPSWICH,21,Chair and Cabinet-ware Manufactories,Chair and Cabinet-ware,5750,,
IPSWICH,21,Tanneries,leather tanned and curried,16700,,
IPSWICH,21,distributed,Boots,57029,14800,pairs
IPSWICH,21,distributed,shoes,,52419,pairs
IPSWICH,21,distributed,Bricks,300,60000,
IPSWICH,21,distributed,Fire Wood prepared,709,170,cords
IPSWICH,21,distributed,other,2160,,
IPSWICH,22,energy imports,Sperm Oil consumed  in Man ufactories,270,300,galls
IPSWICH,22,energy imports,anthracite coal consumed,550,100,tons
IPSWICH,22,energy imports,other   American  production: excepting  cotton wool and  iron consumed in Manufactories,250,,
IPSWICH,22,Vessels employed in Mackerel and Cod Fisheries,cod fish taken,2450,980,quintals
IPSWICH,22,distributed,Sheep total,688,344,head
IPSWICH,22,distributed,Wool total,298,1075,lbs
IPSWICH,22,distributed,Horses,10765,224,head
IPSWICH,22,distributed,neat  cattle  :,22825,1236,head
IPSWICH,22,distributed,swine,4708,464,head
IPSWICH,22,distributed,Indian Corn or Maize raised,6610,10982,bush
IPSWICH,22,distributed,rye,962,11271,bush
IPSWICH,22,distributed,barley,340,680,bush
IPSWICH,22,distributed,oats,359,1169,bush
IPSWICH,22,distributed,potatoes,4411,22035,bush
IPSWICH,22,distributed,other escu­ lent  vegetables,515,2470,bush
IPSWICH,22,distributed,hay,31925,3770,tons
IPSWICH,22,distributed,Fruit raised,3153,16382,bush
IPSWICH,22,distributed,Butter,5278,32896,lbs
IPSWICH,22,distributed,cheese,498,8306,lbs
IPSWICH,22,distributed,honey,100,500,lbs
IPSWICH,22,Clams dug  bbls.,Clams dug,9000,2000,bbls
IPSWICH,22,distributed,Barrels,600,1000,
IPSWICH,22,distributed,Shaving Soap :,1600,,
IPSWICH,22,distributed,Veneers   Mahogany,12000,15000,
LYNN,22,distributed,Calico printed,70000,713000,yds
LYNN,22,Establishments   Iron Butts or Hinges,butts or hinges,10400,27000,doz
LYNN,22,Hat and Cap Mannfactories,Hat and Cap,2500,,
LYNN,22,distributed,vehicles,1000,,
LYNN,22,Soap and Tallow Candle  Manufactories,soap,6000,,
LYNN,22,Establishments       Fire  Arms,rifles,2500,,
LYNN,22,Chocolate Mills,chocolate,21000,,
LYNN,22,Chair and Cabinet-ware Man ufactories,Chair and Cabinet-ware,4000,,
LYNN,23,Tin Ware Manufactories,ware,2000,,
LYNN,23,Glue Manufactories,glue,1500,,
LYNN,23,Tanneries,leather tanned and curried,61000,,
LYNN,23,distributed,Boots,1468000,2000,pairs
LYNN,23,distributed,Shoes,,2404722,pairs
LYNN,23,distributed,boots and shoes,,,
LYNN,23,distributed,Bricks,,500000,
LYNN,23,distributed,Snuff Tobacco and Cigars,10990,,
LYNN,23,distributed,Building Stone quarried and prepared,1000,,
LYNN,23,distributed,Blocks and Pumps,1200,,
LYNN,23,distributed,Fire Wood prepared,2835,630,cords
LYNN,23,energy imports,Sperm Oil consumed in  Man ufactories,,95,galls
LYNN,23,energy imports,anthracite coal,,178,tons
LYNN,23,Vessels   employed   i n   Whale  Fishery,oil  imported,,4680,galls
LYNN,23,Vessels   employed   i n   Whale  Fishery,whale  oil,,54043,galls
LYNN,23,Vessels   employed   i n   Whale  Fishery,whalebone,,14000,lbs
LYNN,23,Vessels employed in Mackerel and Cod Fisheries,mackerel taken,8500,1000,bbls
LYNN,23,Vessels employed in Mackerel and Cod Fisheries,codfish,3325,750,quintals
LYNN,23,Vessels employed in Mackerel and Cod Fisheries,salt consumed,,3303,bush
LYNN,23,Vessels employed in Mackerel and Cod Fisheries,salt consumed,,3303,
LYNN,23,distributed,Horses,21916,333,head
LYNN,23,distributed,neat   cattle,9135,354,head
LYNN,23,distributed,swine,4365,291,head
LYNN,23,distributed,Indian Corn or Maize raised,2914,3642,bush
LYNN,23,distributed,rye,254,347,bush
LYNN,23,distributed,barley,680,716,bush
LYNN,23,distributed,oats .,180,400,bush
LYNN,23,distributed,potatoes,6792,20378,bush
LYNN,23,distributed,other escu­ lent vegetables,17400,334,tons
LYNN,23,distributed,hay,,1250,tons
LYNN,23,distributed,Fruit raised,3683,8186,bush
LYNN,23,distributed,Butter,,8425,lbs
LYNN,23,Woollen Goods printed   pieces,Woollen Goods printed   pieces,15000,,
LYNN,23,distributed,Ground Spice,6000,50000,lbs
LYNN,23,distributed,Lasts,6900,,
LYNN,23,distributed,Confectionary,10000,,
LYNN,23,distributed,Tailors' Crayons,335,500,
LYNN,23,distributed,Book Binders' Business,1200,,
LYNN,23,Morocco Mannfactories,Morocco,34000,,
LYNN,23,distributed,salted Pollock  Hake and Haddock,3400,,
LYNN,23,distributed,Fish taken and not salted,13950,,
LYNN,24,Paper  Hanging Manufactories,Paper  Hanging,55000,,
LYNN,24,distributed,Silk Cotton and Woollen dying,5700,,
LYNN,24,distributed,Sashes and Blinds,7000,,
LYNN,24,distributed,India Rubber Shoes,3000,6000,pairs
LYNNFIELD,24,Woollen Mills,wool consumed,8269,11000,lbs
LYNNFIELD,24,Woollen Mills,flannel or blanketing,,30350,yds
LYNNFIELD,24,Establishments    Rail-road Cars Coaches Chaises and other vehicles,vehicles,1000,,
LYNNFIELD,24,distributed,Shoes,23717,36661,pairs
LYNNFIELD,24,distributed,Lumber prepared,1038,90000,feet
LYNNFIELD,24,distributed,Fire Wood prepared,4098,1418,cords
LYNNFIELD,24,distributed,Sheep total,12,6,head
LYNNFIELD,24,distributed,Wool total,15,30,lbs
LYNNFIELD,24,distributed,Horses,2505,58,head
LYNNFIELD,24,distributed,neat cattle,6814,311,head
LYNNFIELD,24,distributed,swine,997,103,head
LYNNFIELD,24,distributed,Indian Corn or Maize raised,1404,2341,bush
LYNNFIELD,24,distributed,rye,283,354,bush
LYNNFIELD,24,distributed,barley,29,37,bush
LYNNFIELD,24,distributed,oats,128,321,bush
LYNNFIELD,24,distributed,potatoes,2128,7095,bush
LYNNFIELD,24,distributed,other esculent veg­ etables,112,750,bush
LYNNFIELD,24,distributed,hay,7464,714,tons
LYNNFIELD,24,distributed,Fruit raised,750,3755,bush
LYNNFIELD,24,distributed,Butter,1874,11026,lbs
MANCHESTER,24,Upholstery  Manufactories,Upholstery,1000,,
MANCHESTER,24,Chair  and  Cabinet-ware  Manufactories,Chair  and  Cabinet-ware,133680,,
MANCHESTER,24,Tanneries,Tanneries,3000,,
MANCHESTER,25,distributed,Boots,5580,163,pairs
MANCHESTER,25,distributed,Shoes,,5235,pairs
MANCHESTER,25,distributed,boots and shoes,,,
MANCHESTER,25,distributed,Bricks,800,150000,
MANCHESTER,25,distributed,Building Stone quarried and prepared,7003,,
MANCHESTER,25,distributed,Lumber prepared,360,30000,feet
MANCHESTER,25,distributed,Fire Wood prepared,1050,195,cords
MANCHESTER,25,energy imports,Whale  Oil  consumed  in  Manufacturing,1000,1000,galls
MANCHESTER,25,energy imports,anthracite coal,1400,400,tons
MANCHESTER,25,Vessels employed in Mackerel and Cod Fisheries,ton­ nage,800,858,bbls
MANCHESTER,25,Vessels employed in Mackerel and Cod Fisheries,mackerel taken,20635,85,quintals
MANCHESTER,25,Vessels employed in Mackerel and Cod Fisheries,cod fish taken,,9201,bush
MANCHESTER,25,Vessels employed in Mackerel and Cod Fisheries,salt consumed,,11188,
MANCHESTER,25,distributed,Horses,1760,35,head
MANCHESTER,25,distributed,neat cattle,4200,143,head
MANCHESTER,25,distributed,swine,1100,75,head
MANCHESTER,25,distributed,Indian Corn or Maize raised,700,997,bush
MANCHESTER,25,distributed,wheat,5,7,bush
MANCHESTER,25,distributed,rye,11,43,bush
MANCHESTER,25,distributed,barley,1800,284,bush
MANCHESTER,25,distributed,oats,570,27,bush
MANCHESTER,25,distributed,potatoes,4500,6905,bush
MANCHESTER,25,distributed,other esculent vegetables,190,1889,bush
MANCHESTER,25,distributed,hay,,380,tons
MANCHESTER,25,distributed,beans and peas,,100,bush
MANCHESTER,25,distributed,Fruit,580,2877,bush
MANCHESTER,25,distributed,Butter,630,4500,lbs
MANCHESTER,25,distributed,Number  Ship Wheels,300,10,
MARBLEHEAD,25,Cordage Manufactories,Cordage,25682,282083,lbs
MARBLEHEAD,25,Soap and Tallow Candle Manufactories,soap,500,10000,lbs
MARBLEHEAD,25,Tin Ware Manufactories,ware,1200,,
MARBLEHEAD,25,Glue Manufactories,glue and gums,12500,,
MARBLEHEAD,25,distributed,Shoes,196876,1689350,pairs
MARBLEHEAD,26,Vessels employed in Mackerel and Cod Fisheries,salt consumed,127878,64750,bush
MARBLEHEAD,26,distributed,Horses,4400,110,head
MARBLEHEAD,26,distributed,neat cattle,6400,320,head
MARBLEHEAD,26,distributed,swine,3000,600,head
MARBLEHEAD,26,distributed,Indian Corn or MaizE raised,600,15000,bush
MARBLEHEAD,26,distributed,rye,140,200,bush
MARBLEHEAD,26,distributed,oats,120,300,bush
MARBLEHEAD,26,distributed,other esculent Vegetables,55251657,12000,bush
MARBLEHEAD,26,distributed,hay,3000,550,tons
MARBLEHEAD,26,distributed,Fruit,8001295,2000,bush
MARBLEHEAD,26,Menhaden  bbls.,Menhaden,5000,1000,bbls
MARBLEHEAD,26,Menhaden  bbls.,salt  consumed,,1000,bush
MARBLEHEAD,26,Suits  Oil Cloth made,Suits  Oil Cloth made,2500,,
MARBLEHEAD,26,distributed,Hemp  and  Cotton  Lines,25360,2170,doz
MARBLEHEAD,26,distributed,Seamen's Hats,900,1200,
METHUEN,26,Cotton Mills,cotton consumed,104000,534415,lbs
METHUEN,26,Cotton Mills,ticking,,433134,yds
METHUEN,26,Cotton Mills,duck,,398934,yds
METHUEN,26,Cotton Mills,cottons,,,
METHUEN,26,Paper Manufactories,paper,20000,,
METHUEN,26,Saddle  Harness  and  Trunk   Manufactories,Saddle  Harness  and  Trunk,1600,,
METHUEN,26,Hat and Cap Manufactories,hats and  caps,35000,91000,
METHUEN,26,Establishments    Rail-road Cars Coaches Chaises and other vehicles,vehicles,2,,
METHUEN,26,Soap and Tallow Candle Manufactories,soap,1400,16180,lbs
METHUEN,26,Soap and Tallow Candle Manufactories,candles,165,1655,lbs
METHUEN,26,Chair and Cabinet-ware Manufactories,Chair and Cabinet-ware,1000,,
METHUEN,27,distributed,ware,1600,,
METHUEN,27,distributed,Shoes,108715,190078,pairs
METHUEN,27,distributed,Bricks,850,170000,
METHUEN,27,distributed,Lumber prepared,2000,400,tons
METHUEN,27,distributed,Fire Wood prepared,1974,564,cords
METHUEN,27,energy imports,Sperm  Oil  consumed  in  Manufacturing,2367,2505,galls
METHUEN,27,energy imports,whale oil,20,40,galls
METHUEN,27,energy imports,anthracite coal consum­ ed,367,82,tons
METHUEN,27,energy imports,bituminous coal mined in U. S.,36,4,tons
METHUEN,27,distributed,all other   American production con­ sumed in manufacturing,6000,,
METHUEN,27,distributed,Sheep total,582,291,head
METHUEN,27,distributed,Wool total,179,715,lbs
METHUEN,27,distributed,Horses,9900,189,head
METHUEN,27,distributed,neat cattle,19340,967,head
METHUEN,27,distributed,swine,2824,353,head
METHUEN,27,distributed,Indian Corn or Maize raised,5073,7247,bush
METHUEN,27,distributed,wheat,78,78,bush
METHUEN,27,distributed,rye,867,1156,bush
METHUEN,27,distributed,barley,240,480,bush
METHUEN,27,distributed,oats,1700,4577,bush
METHUEN,27,distributed,potatoes,5269,21078,bush
METHUEN,27,distributed,hay,414,2150,tons
METHUEN,27,distributed,Fruit raised,6193,15469,bush
METHUEN,27,distributed,Butter,4007,33395,lbs
METHUEN,27,distributed,cheese,898,17965,lbs
METHUEN,27,distributed,honey,18,187,lbs
METHUEN,27,distributed,beeswax,3,17,lbs
METHUEN,27,distributed,Cranberries,187,125,bush
MIDDLETON,27,Paper Manufactories,stock used,20592,250000,lbs
MIDDLETON,27,Paper Manufactories,paper,,188000,lbs
MIDDLETON,27,distributed,Shoes,35647,75645,pairs
MIDDLETON,27,distributed,Fire Wood prepared,2912,832,cords
MIDDLETON,27,distributed,Bituminous Coal mined in United States consumed in manufacturing,910,130,tons
MIDDLETON,27,distributed,Sheep total,190,98,head
MIDDLETON,27,distributed,Wool total,79,200,lbs
MIDDLETON,27,distributed,Horses,3700,71,head
MIDDLETON,27,distributed,neat  cattle,8395,437,head
MIDDLETON,27,distributed,swine,2594,172,head
MIDDLETON,28,distributed,Indian Corn or Maize raised,1886,3311,bush
MIDDLETON,28,distributed,wheat,18,12,bush
MIDDLETON,28,distributed,rye,97,122,bush
MIDDLETON,28,distributed,barley,66,111,bush
MIDDLETON,28,distributed,oats,105,264,bush
MIDDLETON,28,distributed,potatoes,2200,9090,bush
MIDDLETON,28,distributed,other  esculent vegetables,300,800,bush
MIDDLETON,28,distributed,hay,7763,946,tons
MIDDLETON,28,distributed,Fruit raised,557,7949,bush
MIDDLETON,28,distributed,Butter,1451,15320,lbs
MIDDLETON,28,distributed,cheese,132,2200,lbs
MIDDLETON,28,distributed,honey,15,100,lbs
NEWBURV,28,Saddle Harness and Trunk Manufactories,Saddle Harness and Trunk,500,,
NEWBURV,28,Establistiments        Rail-road  Cars  Coaches  Chaises and other Vehicles,Vehicles,6730,,
NEWBURV,28,Chair and Cabinet-ware Manufactories,Chair and Cabinet-ware,600,,
NEWBURV,28,Glue Manufactories and  the preparation  Gums,Glue,405,,
NEWBURV,28,Tanneries,hides tanned,8300,2375,
NEWBURV,28,Tanneries,leather  tanned,,,
NEWBURV,28,distributed,Boots,29305,2168,pairs
NEWBURV,28,distributed,Shoes,,42597,pairs
NEWBURV,28,distributed,boots and shoes,,,
NEWBURV,28,distributed,Bricks,6700,1360000,
NEWBURV,28,distributed,Snuff Tobacco and Cigars,8440,,
NEWBURV,28,distributed,Boats built,500,8,
NEWBURV,28,Oil consumed in Manufacturing  bbls.,Oil consumed in Manufacturing,250,20,bbls
NEWBURV,28,Vessels employed in Mackerel and Cod Fisheries,Mackerel taken,14000,2000,bbls
NEWBURV,28,Vessels employed in Mackerel and Cod Fisheries,Cod-fish taken,12000,6000,quintals
NEWBURV,28,Vessels employed in Mackerel and Cod Fisheries,salt  consumed,,9500,bush
NEWBURV,28,distributed,Sheep total,554,292,head
NEWBURV,28,distributed,Horses,10302,236,head
NEWBURV,28,distributed,neat  cattle,25228,1386,head
NEWBURV,28,distributed,swine  LO,3544,4,head
NEWBURV,28,distributed,Indian Corn or Maize raised,5639,9399,bush
NEWBURV,28,distributed,Wheat,147,147,bush
NEWBURV,28,distributed,Rye,582,831,bush
NEWBURV,28,distributed,Barley,226,453,bush
NEWBURV,28,distributed,Oats,209,626,bush
NEWBURV,28,distributed,Potatoes,12293,49172,bush
NEWBURV,28,distributed,other  esculent  vegetables,34094,21697,bush
NEWBURV,28,distributed,v:,,6528,tons
NEWBURV,28,distributed,Hay,,4623,
NEWBURV,29,distributed,Fruit raised,8299,41497,bush
NEWBURV,29,distributed,Butter,3850,24065,lbs
NEWBURV,29,distributed,Cheese,640,12810,lbs
NEWBURV,29,distributed,Honey,25,160,lbs
NEWBURYPORT,29,Cotton Mills,spindles,562500,39856,lbs
NEWBURYPORT,29,Cotton Mills,cotton  consumed,,1284000,yds
NEWBURYPORT,29,Cotton Mills,cloth No.,,403800000,yds
NEWBURYPORT,29,Cotton Mills,No.,,301500000,
NEWBURYPORT,29,Cotton Mills,all cloth,,,
NEWBURYPORT,29,ges,bar iron anchors cables and  other    wrought iron,15000,68,tons
NEWBURYPORT,29,Furnaces    Hollow Ware and Castings other than pig iron,hollow ware and castings,9375,125,tons
NEWBURYPORT,29,Establishments    Cotton Woollen and other Machine­ ry,machinery,13000,,
NEWBURYPORT,29,Establishments    Fire Engines,engines,3200,4,
NEWBURYPORT,29,Musical Instrument Man ufactories,instruments,1000,,
NEWBURYPORT,29,Establish ments     Chronometers Watches Gold  and Silver Ware and Jewelry,Establish ments     Chronometers Watches Gold  and Silver Ware and Jewelry,25200,,
NEWBURYPORT,29,Saddle Harness  and Trunk Manufactories,saddles,3200,,
NEWBURYPORT,29,Upholstery  Manufactories,Upholstery,1500,,
NEWBURYPORT,29,Hat and Cap Manufactories,hats and caps,7684,4400,
NEWBURYPORT,29,Cordage Manufactories,cordage,1200,4,tons
NEWBURYPORT,30,Establishments       Rail-road   Cars Coaches  Chaises and other Vehicles,vehicles,4200,,
NEWBURYPORT,30,Establishments    Soap and Tallow Candles,soap,7500,150000,lbs
NEWBURYPORT,30,Establishments    Soap and Tallow Candles,candles,2295,25500,lbs
NEWBURYPORT,30,Chair and Cabinet-ware Manufactories,Chair and Cabinet-ware,10400,,
NEWBURYPORT,30,Tin Ware Manufactories,ware,18700,,
NEWBURYPORT,30,Tanneries,C.,2000900,,
NEWBURYPORT,30,distributed,Boots,77795,3312,pairs
NEWBURYPORT,30,distributed,shoes,,100504,pairs
NEWBURYPORT,30,distributed,boots and shoes,,,
NEWBURYPORT,30,distributed,Straw Bonnets and Hats,500,200,
NEWBURYPORT,30,distributed,palm-leaf hats,40,100,
NEWBURYPORT,30,distributed,Snuff Tobacco and Cigars,29369,,
NEWBURYPORT,30,distributed,Blocks and Pumps,6000,,
NEWBURYPORT,30,distributed,Mechanics Tools,200,,
NEWBURYPORT,30,distributed,Wooden WarA including farming utensils,600010,,
NEWBURYPORT,30,distributed,Boats built,3000,30,
NEWBURYPORT,30,energy imports,Sperm Oil consumed in manufacturing,261,8200,galls
NEWBURYPORT,30,energy imports,anthracite coal consumed in manufacturing,,2650,tons
NEWBURYPORT,30,Vessels employed in Mackerel and Cod Fisheries,mackerel taken,56072,7009,bbls
NEWBURYPORT,30,Vessels employed in Mackerel and Cod Fisheries,codfish,44250,21000,quintals
NEWBURYPORT,30,Vessels employed in Mackerel and Cod Fisheries,salt  consumed,,34138,bush
NEWBURYPORT,30,distributed,Horses,22400,223,head
NEWBURYPORT,30,distributed,neat cattle,2700,90,head
NEWBURYPORT,30,distributed,swine,2000,120,head
NEWBURYPORT,30,distributed,Indian Corn or Maize  raised,60,100,bush
NEWBURYPORT,30,distributed,potatoes,400,2000,bush
NEWBURYPORT,30,distributed,other esculent vegetables,600,1200,bush
NEWBURYPORT,30,distributed,hay,1500,150,tons
NEWBURYPORT,30,distributed,Fruit raised,4250,10500,bush
NEWBURYPORT,30,distributed,Butter,75,600,lbs
NEWBURYPORT,30,distributed,honey,144,1200,lbs
NEWBURYPORT,30,distributed,ship painters' work done,6000,,
NEWBURYPORT,30,distributed,sail makers' work done,1500,,
NEWBURYPORT,31,distributed,riggers' work done,5000,,
NEWBURYPORT,31,distributed,mast makers' work done,2000,,
NEWBURYPORT,31,distributed,carved work done,400,,
NEWBURYPORT,31,distributed,caulkers' work done,500,324000,lbs
NEWBURYPORT,31,distributed,E. . Wool pulled,6000,,
ROCKPORT,31,distributed,Boots,6250,700,pairs
ROCKPORT,31,distributed,shoes,,6500,pairs
ROCKPORT,31,distributed,Straw  Bonnets  and  Hats,20,25,
ROCKPORT,31,distributed,Building  Stone  quarried  and  prepared,90000,,
ROCKPORT,31,Vessels employed in Mackerel and Cod fisheries,mackerel taken,12575,1725,bbls
ROCKPORT,31,Vessels employed in Mackerel and Cod fisheries,codfish,20185,17150,quintals
ROCKPORT,31,Vessels employed in Mackerel and Cod fisheries,salt  consumed,,4500,bush
ROCKPORT,31,distributed,Sheep total,50,20,head
ROCKPORT,31,distributed,Wool total,,60,lbs
ROCKPORT,31,distributed,Horses,1000,32,head
ROCKPORT,31,distributed,neat cattle,3500,130,head
ROCKPORT,31,distributed,swine,2000,500,head
ROCKPORT,31,distributed,Indian Corn or Maize raised,2250,3000,bush
ROCKPORT,31,distributed,wheat,400,350,bush
ROCKPORT,31,distributed,rye,600,575,bush
ROCKPORT,31,distributed,barley,400,450,bush
ROCKPORT,31,distributed,potatoes,250,5500,bush
ROCKPORT,31,distributed,other esculent vegetables,150,100,bush
ROCKPORT,31,distributed,hay,11250,750,tons
ROCKPORT,31,distributed,Butter,80,400,lbs
ROCKPORT,31,distributed,Lookinglass,3000,5000,lbs
ROWLEV,31,ges,bar iron anchors chain cables and other   wrought iron,600,2,tons
ROWLEV,31,distributed,Value  Vehicles,,350,
ROWLEV,31,Tanneries,Tanneries,12900,,
ROWLEV,32,distributed,Boots,69660,6000,pairs
ROWLEV,32,distributed,shoes,,95200,pairs
ROWLEV,32,distributed,Lumber prepared,1080,60000,feet
ROWLEV,32,distributed,Fire Wood prepared,687,158,cords
ROWLEV,32,distributed,Sheep total see species,364,323,
ROWLEV,32,distributed,other kinds  wool,154,,
ROWLEV,32,distributed,Merino sheep,,52,head
ROWLEV,32,distributed,other kinds  sheep,,123,head
ROWLEV,32,distributed,merino wool produced  lbs,,173,lbs
ROWLEV,32,distributed,all the wool,,,
ROWLEV,32,distributed,Horses,5395,130,head
ROWLEV,32,distributed,neat cattle,12427,736,head
ROWLEV,32,distributed,swine,2737,219,head
ROWLEV,32,distributed,Indian Corn or Maize raised,3320,4980,bush
ROWLEV,32,distributed,wheat,36,36,bush
ROWLEV,32,distributed,rye,565,706,bush
ROWLEV,32,distributed,barley,57,95,bush
ROWLEV,32,distributed,oats,223,558,bush
ROWLEV,32,distributed,potatoes,3648,18240,bush
ROWLEV,32,distributed,other  esculent vegetables,1216,2500,bush
ROWLEV,32,distributed,hay,13175,1774,tons
ROWLEV,32,distributed,dax,4,35,lbs
ROWLEV,32,distributed,Fruit raised,1975,18543,bush
ROWLEV,32,distributed,Butter,3769,26925,lbs
ROWLEV,32,distributed,cheese,809,13485,lbs
ROWLEV,32,distributed,honey,12,75,lbs
ROWLEV,32,distributed,Domestic Cloth,192,230,yds
ROWLEV,32,Clams  bbls.,Clams,200,50,bbls
SALEM,32,Brass Foundries,Brass,10000,,
SALEM,32,Establishments    Chemical Preparations,ar­ticles,66380,,
SALEM,32,Establishments    Chronometers Watches Gold and Silver Ware and Jewelry,Chronometers Watches Gold and Silver Ware and Jewelry,5400,,
SALEM,32,Saddle Harness and  Trunk  Manufactories,Saddle Harness and  Trunk,2550,,
SALEM,32,Upholstery Manufactories,Upholstery,5500,,
SALEM,32,Cordage Manufactorfos,cordage,62000,310,tons
SALEM,33,Establishments       Rail-road  Cars Coaches Chaises and other Vehicles,vehicles,11300,,
SALEM,33,Lead Manufactories,Lead,10000,90000,galls
SALEM,33,Lead Manufactories,oil,55000,54000,lbs
SALEM,33,Lead Manufactories,candles,14000,,
SALEM,33,Soap and Tallow Candle Manufactories,soap   bbls,5250,41076000,bblslbs
SALEM,33,Soap and Tallow Candle Manufactories,tallow  candles,2880,32000,lbs
SALEM,33,Chair and Cabinet-ware Manufactories,Chair and Cabinet-ware,17100,,
SALEM,33,Tin Ware Manufactories,ware,18800,,
SALEM,33,Establishments    White Lead,white lead,,900,tons
SALEM,33,Manufactories  the preparation  Gums,gums,300000,,
SALEM,33,Tanneries,hides tanned,642671,164940,
SALEM,33,Tanneries,leather tanned and curried,,,
SALEM,33,distributed,Boots,209779,2086,pairs
SALEM,33,distributed,shoes,,200563,pairs
SALEM,33,distributed,boots and shoes,,,
SALEM,33,distributed,Bricks,4280,830000,
SALEM,33,distributed,Snuff Tobacco and Cigars,72600,,
SALEM,33,distributed,Building Stone quarried and prepared,3600,,
SALEM,33,distributed,Blocks and Pumps,2600,,
SALEM,33,Vessels employed in Whale Fishery,sperm oil imported,39306,45705,galls
SALEM,33,Vessels employed in Whale Fishery,whale oil J,5686,8345,galls
SALEM,33,Vessels employed in Whale Fishery,whalebone imported,1459,4422,lbs
SALEM,33,Vessels employed in Mackerel and Cod Fisheries,codfish taken,7400,2650,quintals
SALEM,33,Vessels employed in Mackerel and Cod Fisheries,salt con­sumed,,2720,bush
SALEM,33,distributed,Horses,28000,350,head
SALEM,33,distributed,neat cattle,18750,750,head
SALEM,33,distributed,swine,2600,260,head
SALEM,33,distributed,Indian Corn or Maize raised,5550,9250,bush
SALEM,33,distributed,rye,40,50,bush
SALEM,33,distributed,barley,213,355,bush
SALEM,33,distributed,potatoes,3258,10860,bush
SALEM,33,distributed,other  esculent vegetables,3200,9500,bush
SALEM,33,distributed,hay,14950,1150,tons
SALEM,34,distributed,Fruit raised,5580,12400,bush
SALEM,34,Line  and Twine  Manufactories,quantity,9000,45,tons
SALISBURV,34,Woollen Mills,wool consumed,3500,505000,lbs
SALISBURV,34,Woollen Mills,cassimere,500,5000,yds
SALISBURV,34,Woollen Mills,fiannel or blanketing,400000,1000,yds
SALISBURV,34,Woollen Mills,other woollen goods   yds.,,500000,head
SALISBURV,34,distributed,Axes Hatchets and other edge tools,12100,50,
SALISBURV,34,Saddle Harness and Trunk Manufactories,Saddle Harness and Trunk,1000,,
SALISBURV,34,Establishments    Rail-road Oars Coaches Chaises and other Vehicles,vehicles,2810,,
SALISBURV,34,Soap and Tallow Candle Manufactories,soap,1689,45200,lbs
SALISBURV,34,Soap and Tallow Candle Manufactories,candles,225,2500,lbs
SALISBURV,34,Chair and Cabinet-ware Manufactories,Chair and Cabinet-ware,3500,,
SALISBURV,34,Tin Ware  Manufactories,ware,600,,
SALISBURV,34,Tin Ware  Manufactories,stoves and funnel,600,,
SALISBURV,34,Comb  Manufactories,combs,522,,
SALISBURV,34,Glue Manufactories and Manufactories  preparation  Gums,glue and gums,1600,,
SALISBURV,34,Tanneries,hides tanned,49100,14350,
SALISBURV,34,Tanneries,leather tanned and curried,,,
SALISBURV,34,distributed,Boots,4037,812,pairs
SALISBURV,34,distributed,shoes,,4180,pairs
SALISBURV,34,distributed,Mechanics' Tools,100,,
SALISBURV,34,distributed,Lumber prepared,750,64000,feet
SALISBURV,34,distributed,Fire Wood prepared,3915,950,cords
SALISBURV,35,distributed,Boats built,5720,310,
SALISBURV,35,energy imports,Sperm  Oil  consumed  in  Manufactorics,1640,1700,galls
SALISBURV,35,energy imports,lard oil consumed,5600,8000,galls
SALISBURV,35,energy imports,other kinds  oil,1625,125,bbls
SALISBURV,35,energy imports,anthracite coal consumed in man­ ufacturing,2200,400,tons
SALISBURV,35,energy imports,eign bituminous coal,1875,250,chaldrons
SALISBURV,35,energy imports,wood consumed,540,180,cords
SALISBURV,35,distributed,bar  iron  consumed,3060,6,tons
SALISBURV,35,distributed,castings,3000,6,tons
SALISBURV,35,distributed,estimated,10200,,
SALISBURV,35,energy imports,other   American production excepting cotton wool and iron consumed in manufactu ring,,,
SALISBURV,35,distributed,other    eign production excepting as above consumed,,,
SALISBURV,35,Vessels employed in Mackerel and Cod Fisheries,mackerel,7400,952,bbls
SALISBURV,35,Vessels employed in Mackerel and Cod Fisheries,salt  consumed,2336,2160,bush
SALISBURV,35,distributed,Sheep total,613,396,head
SALISBURV,35,distributed,Wool total,358,1100,lbs
SALISBURV,35,distributed,Horses,4775,110,head
SALISBURV,35,distributed,neat  cattle,18789,1056,head
SALISBURV,35,distributed,swine,6107,363,head
SALISBURV,35,distributed,Indian Com or Maize raised,3832,5749,bush
SALISBURV,35,distributed,wheat,119,95,bush
SALISBURV,35,distributed,rye,450,674,bush
SALISBURV,35,distributed,barley,12,18,bush
SALISBURV,35,distributed,oats,590,3590,bush
SALISBURV,35,distributed,potatoes,8266,33063,bush
SALISBURV,35,distributed,other esculent vegetables,1481,7296,bush
SALISBURV,35,distributed,hay,17106,2390,tons
SALISBURV,35,distributed,Fruit raised,3062,19679,bush
SALISBURV,35,distributed,Butter,4214,28095,lbs
SALISBURV,35,distributed,cheese,936,15600,lbs
SALISBURV,35,distributed,Beans raised,660,440,bush
SALISBURV,35,distributed,Hogsheads  and Barrels,7200,4900,
SALISBURV,35,distributed,Garden Seeds raised,11,,
SALISBURV,35,distributed,Poultry and Eggs,2769,,
SAUGUS,35,Woollen Mills,wool consumed,56250,75000,lbs
SAUGUS,35,Woollen Mills,flannel or blanketing,,225000,yds
SAUGUS,36,Establishments    Rail-road Cara Coaches Chaisea and other Vehicles,vehicles,420,,
SAUGUS,36,Tanneries,Tanneries,6949,,
SAUGUS,36,distributed,Boots,94240,100,pairs
SAUGUS,36,distributed,shoes,,182100,pairs
SAUGUS,36,distributed,boots and shoes,,,
SAUGUS,36,distributed,Bricks,1265,230000,
SAUGUS,36,distributed,Snuff Tobacco and Cigars,31550,,
SAUGUS,36,distributed,Lumber prepared,480,60,tons
SAUGUS,36,distributed,Fire Wood prepared,6116,1223,cords
SAUGUS,36,energy imports,Sperm Oil consumed in,226,260,galls
SAUGUS,36,energy imports,whale oil,243,486,galls
SAUGUS,36,energy imports,wood,830,410,cords
SAUGUS,36,energy imports,other   American production excepting cotton wool and iron consumed in,2000,,
SAUGUS,36,distributed,other   eign production excepting as above consumed,1254,,
SAUGUS,36,distributed,Horses,5345,107,head
SAUGUS,36,distributed,neat cattle,5616,231,head
SAUGUS,36,distributed,swine,2664,188,head
SAUGUS,36,distributed,Indian  Corn  or  Maize  raised,1123,1887,bush
SAUGUS,36,distributed,rye,155,200,bush
SAUGUS,36,distributed,potatoes,2924,8777,bush
SAUGUS,36,distributed,other esculent vegetables,1482,3584,bush
SAUGUS,36,distributed,hay,12434,1048,tons
SAUGUS,36,distributed,Fruit raised,6647394,2395,bush
SAUGUS,36,Wool Picking Mills,wool picked,,25000,lbs
SAUGUS,36,Cfee Mills,cfee ground,8330,104000,lbs
SAUGUS,36,Spice Mills,spice ground,15600,100000,lbs
SAUGUS,36,Cocoa  Mills,cocoa  ground,800,10000,lbs
SAUGUS,36,Wheel Hub Manufactories,hubs,250,1000,galls
SAUGUS,36,Wheel Hub Manufactories,E. . Milk sold,2431,118734,
SAUGUS,36,Grist Mills,corn ground,3000,6000,bush
TOPSFIELD,37,distributed,Boots,126983,555,pairs
TOPSFIELD,37,distributed,shoes,,174826,pairs
TOPSFIELD,37,distributed,boots and shoes,,,
TOPSFIELD,37,distributed,Fire Wood prepared,637,148,cords
TOPSFIELD,37,distributed,Sheep total,253,111,head
TOPSFIELD,37,distributed,Wool total,85,342,lbs
TOPSFIELD,37,distributed,Horses,6380,113,head
TOPSFIELD,37,distributed,neat cattle,14489,695,head
TOPSFIELD,37,distributed,swine,1995,264,head
TOPSFIELD,37,distributed,Indian Corn  or Maize raised,3175,5158,bush
TOPSFIELD,37,distributed,rye,276,358,bush
TOPSFIELD,37,distributed,barley,77,144,bush
TOPSFIELD,37,distributed,oats,3198,843,bush
TOPSFIELD,37,distributed,potatoes,138,13280,bush
TOPSFIELD,37,distributed,other escu­ lent vegetables,14383181,527,bush
TOPSFIELD,37,distributed,hay,2,1621,tons
TOPSFIELD,37,distributed,Fruit raised,2414,26885,bush
TOPSFIELD,37,distributed,Butter,3691,23271,lbs
TOPSFIELD,37,distributed,cheese,293,6520,lbs
TOPSFIELD,37,distributed,Pumpkins and Squashes,364,216840,lbs
TOPSFIELD,37,distributed,beans,210,110,bush
WENHAM,37,Establishments     Rail-road  Cars Coaches Chaises and  other  Vehicles,vehicles,560,,
WENHAM,37,distributed,Boots   pairs i shoes  pair,109580,23001522421,pairs
WENHAM,37,distributed,boots and shoes,,,
WENHAM,37,distributed,Fire Wood prepared,486,118,cords
WENHAM,37,distributed,Sheep total,66,22,head
WENHAM,37,distributed,Wool total,28,66,lbs
WENHAM,37,distributed,Horses,3865,78,head
WENHAM,37,distributed,neat cattle,7935,383,head
WENHAM,37,distributed,swine,901,135,head
WENHAM,37,distributed,Indian Com or Maize raised,2165,3527,bush
WENHAM,37,distributed,rye,180,241,bush
WENHAM,37,distributed,oats,119,405,bush
WENHAM,37,distributed,potatoes,231,8601,bush
WENHAM,37,distributed,other esculent vegetables,79,398,bush
WENHAM,37,distributed,hay,8595,911,tons
WENHAM,37,distributed,Fruit raised :,2308,14508,bush
WENHAM,37,distributed,Butter,2541,15123,lbs
WENHAM,37,distributed,cheese,115,1750,lbs
WENHAM,37,distributed,honey,44,220,lbs
WENHAM,38,Saddle Harness and Trunk Manufactories,Saddle Harness and Trunk,2305,,
WENHAM,38,Establishments     Rail-road  Cars Coaches Chaises and other Vehicles,vehcles,9410,,
WENHAM,38,Comb  Manufactories,combs,70700,,
WENHAM,38,Tanneries,hides tanned,4000,950,
WENHAM,38,Tanneries,leather tanned and curried,,,
WENHAM,38,distributed,Boots,33000,205,pairs
WENHAM,38,distributed,shoes,,591500,pairs
WENHAM,38,distributed,boots and shoes,,,
WENHAM,38,distributed,Fire Wood prepared,550,100,cords
WENHAM,38,distributed,Sheep total,315,210,head
WENHAM,38,distributed,Wool total,157,630,lbs
WENHAM,38,distributed,Horses,6440,161,head
WENHAM,38,distributed,neat  cattle,18180,11010,head
WENHAM,38,distributed,swine,864,288,head
WENHAM,38,distributed,Indian Corn or Maize raised,5177,8283,bush
WENHAM,38,distributed,wheat,699,699,bush
WENHAM,38,distributed,rye,575,700,bush
WENHAM,38,distributed,barley,144,288,bush
WENHAM,38,distributed,oats,1199,3199,bush
WENHAM,38,distributed,potatoes,4823,19292,bush
WENHAM,38,distributed,other esculent vegetables,741,2963,bush
WENHAM,38,distributed,hay,21399,2039,tons
WENHAM,38,distributed,Fruit raised,7961,31843,bush
WENHAM,38,distributed,Butter,4061,24364,lbs
WENHAM,38,distributed,cheese,1338,22310,lbs
WENHAM,38,distributed,honey,164,987,lbs
WENHAM,38,distributed,beeswax,16,50,lbs
