city,page,site,goods,value,quantity,units
BLANDFORD,170,Woollen   Mills,wool  consumed,18000,30000,lbs
BLANDFORD,170,Woollen   Mills,broadcloth,,121000,yds
BLANDFORD,171,Paper Manufactories,stock consumed,200,20,tons
BLANDFORD,171,Paper Manufactories,paper  ( coarse  wrapping),1200,,
BLANDFORD,171,Tanneries,leather tanned and curried,12000,,
BLANDFORD,171,distributed,Lumber prepared,520,130000,feet
BLANDFORD,171,Rake Manufactories,rakes,,3000,
BLANDFORD,171,distributed,Sheep total,1944,1944,head
BLANDFORD,171,distributed,wool  produced,1166,3888,lbs
BLANDFORD,171,distributed,Horses,6650,196,head
BLANDFORD,171,distributed,neat cattle,24390,2439,head
BLANDFORD,171,distributed,swine,1880,376,head
BLANDFORD,171,distributed,Indian Corn or Maize raised,184,3685,bush
BLANDFORD,171,distributed,wheat,58,39,bush
BLANDFORD,171,distributed,rye,328,655,bush
BLANDFORD,171,distributed,barley,46,91,bush
BLANDFORD,171,distributed,oats,1637,6547,bush
BLANDFORD,171,distributed,potatoes,3081,18487,bush
BLANDFORD,171,distributed,other esculent vegetables,192,769,bush
BLANDFORD,171,distributed,hay,16340,4085,tons
BLANDFORD,171,distributed,flax,11,110,lbs
BLANDFORD,171,distributed,Fruit raised,275,27502,bush
BLANDFORD,171,distributed,Butter,5316,53155,lbs
BLANDFORD,171,distributed,cheese,7681,192025,lbs
BLANDFORD,171,distributed,honey,21,213,lbs
BRIMFIELD,171,Cotton Mills,spindles,15000,1388,lbs
BRIMFIELD,171,Cotton Mills,cotton consumed,,83000,yds
BRIMFIELD,171,Cotton Mills,cloth  sheetings,,250000,
BRIMFIELD,171,Establishments    Cutlery,cutlery,300,,
BRIMFIELD,171,Saddle Harness and Trunk Manufactories,Saddle Harness and Trunk,1500,,
BRIMFIELD,171,Establishments   Coaches Chaises and other Vehi­ cles,vehicles,1500,,
BRIMFIELD,171,Tanneries,leather tanned and curried,12225,,
BRIMFIELD,171,distributed,Boots,19918,400,pairs
BRIMFIELD,171,distributed,shoes,2974,27850,pairs
BRIMFIELD,171,distributed,boots and shoes,,,
BRIMFIELD,171,distributed,other  labor on m.  shoes,,,
BRIMFIELD,172,distributed,Palm-leaf  Hats,2475,,
BRIMFIELD,172,distributed,Bricks,604,151000,
BRIMFIELD,172,distributed,Lumber  prepared,1266,91660,feet
BRIMFIELD,172,distributed,shingles,782,25000,
BRIMFIELD,172,distributed,rail-road sleepers prepared,390,3260,
BRIMFIELD,172,distributed,Fire Wood prepared·,2128,1064,cords
BRIMFIELD,172,energy imports,charcoal,450,7500,bush
BRIMFIELD,172,distributed,bark prepared,375,75,cords
BRIMFIELD,172,distributed,Sheep total see species,1768,,
BRIMFIELD,172,distributed,Horses,8738,178,head
BRIMFIELD,172,distributed,neat  cattle,32058,1777,head
BRIMFIELD,172,distributed,swine,8116,694,head
BRIMFIELD,172,distributed,Indian Corn or Maize raised,9050,12067,bush
BRIMFIELD,172,distributed,wheat,208,179,bush
BRIMFIELD,172,distributed,rye,1398,1747,bush
BRIMFIELD,172,distributed,barley,93,185,bush
BRIMFIELD,172,distributed,oats,4474,13159,bush
BRIMFIELD,172,distributed,potatoes -,9516,31720,bush
BRIMFIELD,172,distributed,other esculent vegetables,345,1200,bush
BRIMFIELD,172,distributed,hay :,22666,3238,tons
BRIMFIELD,172,distributed,beans,600,300,bush
BRIMFIELD,172,distributed,Fruit raised,2455,16964,bush
BRIMFIELD,172,distributed,Raw Silk,16,4,lbs
BRIMFIELD,172,distributed,Butter,4254,30385,lbs
BRIMFIELD,172,distributed,cheese,5729,104165,lbs
BRIMFIELD,172,Aqueduct and Copper Pump Manufactories,pumps,2000,,
BRIMFIELD,172,distributed,Blacksmiths' labor done,1500,,
BRIMFIELD,172,Grist Mills,grain ground,,15000,bush
BRIMFIELD,172,Saw Mills .,Saw Mills .,,,
BRIMFIELD,172,distributed,Vinegar,250,100,bbls
BRIMFIELD,172,Cider Mills .,Cider Mills .,,,
BRIMFIELD,172,distributed,Brandy,,75,bbls
CHESTER,172,Cotton Mills,cotton consumed,13500,58000,lbs
CHESTER,172,Cotton Mills,cotton cloth,,180000,yds
CHESTER,173,Chair and Cabinet Ware Manufactories,Chair and Cabinet Ware,600,,
CHESTER,173,Tanneries,hides tanned,34500,7750,
CHESTER,173,Tanneries,leather tanned and curried,,,
CHESTER,173,distributed,Boots,600,200,pairs
CHESTER,173,distributed,shoes,,250,pairs
CHESTER,173,distributed,boots and shoes,,,
CHESTER,173,distributed,Mechanics' Tools,4000,,
CHESTER,173,distributed,.  Wooden  Ware  incuding  Farming  Utensils,7700,,
CHESTER,173,distributed,Lumber prepared,8838,1473000,feet
CHESTER,173,distributed,Fire Wood prepared,3000,1700,cords
CHESTER,173,energy imports,Sperm Oil consumed in manufacturing,144,144,galls
CHESTER,173,energy imports,other kinds  oil,12,12,galls
CHESTER,173,distributed,Sheep total see species,36,,
CHESTER,173,distributed,Wool total see species,4772,,
CHESTER,173,distributed,Merino  Sheep,,3547,head
CHESTER,173,distributed,other  sheep,,64,head
CHESTER,173,distributed,merino  wool  lbs.,,11929,lbs
CHESTER,173,distributed,other wool  lbs.,,212,lbs
CHESTER,173,distributed,Horses,5775,142,head
CHESTER,173,distributed,neat cattle,20300,1150,head
CHESTER,173,distributed,swine,1325,221,head
CHESTER,173,distributed,Indian Corn or Maize raised,3017,4524,bush
CHESTER,173,distributed,wheat,163,163,bush
CHESTER,173,distributed,rye,278,416,bush
CHESTER,173,distributed,barley,20,40,bush
CHESTER,173,distributed,oats,1275,3821,bush
CHESTER,173,distributed,potato's,3107,12428,bush
CHESTER,173,distributed,other Esculent vegetables,210,690,bush
CHESTER,173,distributed,hay,19215,2745,tons
CHESTER,173,distributed,Fruit raised,1700,22000,bnsh
CHESTER,173,distributed,Butter,3830,30600,lbs
CHESTER,173,distributed,cheese,1075,21500,lbs
CHESTER,173,distributed,Shoe Pegs,,1625,bush
GRANVILLE,173,Establishments   Chronometers Wa tches Gold and Silver Ware  and  Jewelry,Chronometers Wa tches Gold and Silver Ware  and  Jewelry,1000,,
GRANVILLE,173,Tanneries,hides tanned,787,8,
GRANVILLE,173,Tanneries,leather tanned and curried,,1443,
GRANVILLE,173,Tanneries,U. $,,,
GRANVILLE,173,distributed,Fire Wood prepared,125,100,cords
GRANVILLE,174,distributed,Sheep total,1847,1847,head
GRANVILLE,174,distributed,wool  produced,1847,4541,lbs
GRANVILLE,174,distributed,Asses and Mules,390,13,head
GRANVILLE,174,distributed,horses,8039,188,head
GRANVILLE,174,distributed,horses,26071,188,
GRANVILLE,174,distributed,neat cattle,2130,1957,head
GRANVILLE,174,distributed,swine,,617,head
GRANVILLE,174,distributed,Indian Corn or Maize raised,2795,5491,bush
GRANVILLE,174,distributed,wheat,10,8,bush
GRANVILLE,174,distributed,rye,562,2249,bush
GRANVILLE,174,distributed,oats,3477,13909,bush
GRANVILLE,174,distributed,buckwheat raised,1283,308,lbs
GRANVILLE,174,distributed,pota­ toes,406,9145,bush
GRANVILLE,174,distributed,other esculent vegetables,20265,2032,bush
GRANVILLE,174,distributed,hay,8,2895,tons
GRANVILLE,174,distributed,flax raised,,65,lbs
GRANVILLE,174,distributed,Fruit raised,1469,5171,bush
GRANVILLE,174,distributed,Butter,5000,40000,lbs
GRANVILLE,174,distributed,cheese,3420,76000,lbs
GRANVILLE,174,distributed,0,67,405,lbs
GRANVILLE,174,distributed,honey,10,32,lbs
GRANVILLE,174,distributed,beeswax,,,
GRANVILLE,174,distributed,Powder  Kegs,2500,20000,
GRANVILLE,174,distributed,barrels,250,250,
GRANVILLE,174,distributed,Maple Sugar,82420,10300,lbs
HOLLAND,174,Establishments   Rail-road Cars Coaches Chaises and other  Vehicles,vehicles,200,,
HOLLAND,174,distributed,Palm-leaf Hats,200,1000,
HOLLAND,174,distributed,Bricks,380,95000,
HOLLAND,174,distributed,Lumber prepared,78,51000,feet
HOLLAND,174,distributed,Fire Wood prepared,82,85,cords
HOLLAND,174,distributed,Sheep total see species,640,,
HOLLAND,174,distributed,Wool total see species,595,,
HOLLAND,174,distributed,Saxony Sheep,,100,head
HOLLAND,174,distributed,merino,,200,head
HOLLAND,174,distributed,other sheep,,404,head
HOLLAND,174,distributed,Saxony wool produced  lbs.,,225,lbs
HOLLAND,174,distributed,merino  lbs.,,450,lbs
HOLLAND,174,distributed,other wool  lbs.,,890,lbs
HOLLAND,174,distributed,Horses,1340,58,head
HOLLAND,174,distributed,neat cattle,4587,322,head
HOLLAND,174,distributed,swine,320,81,head
HOLLAND,174,distributed,Indian Corn or Maize raised,1384,2129,bush
HOLLAND,174,distributed,wheat,9,6,bush
HOLLAND,174,distributed,rye,305,407,bush
HOLLAND,174,distributed,barley,2,4,bush
HOLLAND,174,distributed,oats,697,2111,bush
HOLLAND,174,distributed,potatoes,1895,51741,bush
HOLLAND,174,distributed,other  esculent  vegetables,289,479,bush
HOLLAND,174,distributed,bay,3346,561,tons
HOLLAND,175,distributed,Fruit  raised,288,5231,bush
HOLLAND,175,distributed,raw silk  oz.,2,6,
HOLLAND,175,distributed,Butter,892,5945,lbs
HOLLAND,175,distributed,cheese,608,12338,lbs
LONGMEADOW,175,Establishments   Chronometers Watches Gold and Silver Ware and Jewelry,Chronometers Watches Gold and Silver Ware and Jewelry,15005,,
LONGMEADOW,175,Establishments   Rail-road Oars Coaches Chaises and other Vehicles,vehicles,1183,,
LONGMEADOW,175,Tanneries,hides tan ned,5722,6128,
LONGMEADOW,175,Tanneries,leather tanned and curried,,,
LONGMEADOW,175,distributed,Boots,510,79,pairs
LONGMEADOW,175,distributed,shoes,,229,pairs
LONGMEADOW,175,distributed,boots and shoes,,,
LONGMEADOW,175,distributed,Bricks,7596,1688000,
LONGMEADOW,175,distributed,Bnilding Stone quarried,4800,,
LONGMEADOW,175,distributed,Corn and other Brooms,651,4100,
LONGMEADOW,175,distributed,Lumber prepared,5800,550000,feet
LONGMEADOW,175,distributed,Fire Wood prepared,3146,1148,cords
LONGMEADOW,175,distributed,other,150,,
LONGMEADOW,175,distributed,Sheep total,708,472,head
LONGMEADOW,175,distributed,wool  produced,385,1282,lbs
LONGMEADOW,175,distributed,Horses,12195,233,head
LONGMEADOW,175,distributed,neat  cattle,20918,1027,head
LONGMEADOW,175,distributed,swine,4330,433,head
LONGMEADOW,175,distributed,Ind ian Corn or Maize  raised,10086,16137,bush
LONGMEADOW,175,distributed,wheat,273,273,bush
LONGMEADOW,175,distributed,rye,3703,5433,bush
LONGMEADOW,175,distributed,oats,2546,8485,bush
LONGMEADOW,175,distributed,potatoes,4030,16120,bush
LONGMEADOW,175,distributed,Fruit raised,1084,11305,bush
LONGMEADOW,175,distributed,tobacco,1941,22210,lbs
LONGMEADOW,175,distributed,Butter,7910,56500,lbs
LONGMEADOW,175,distributed,cheese,332,5540,lbs
LONGMEADOW,175,distributed,honey,39,310,lbs
LONGMEADOW,175,distributed,Vinegar,125,50,bbls
LUDLOW,176,Cotton Mills,cotton consumed,106914,504799,lbs
LUDLOW,176,Cotton Mills,cloth,398,1787903,yds
LUDLOW,176,Cotton Mills,batting,,7951,lbs
LUDLOW,176,Woollen Mills,satinet,6000,12000,yds
LUDLOW,176,Plough Manufactories,ploughs and other agricuhural tools,700,150,
LUDLOW,176,Siddle Harness and Trun k Manufactories,Siddle Harness and Trun k,1000,,
LUDLOW,176,distributed,Boots,500,100,pairs
LUDLOW,176,distributed,shoes,,200,pairs
LUDLOW,176,distributed,boots  and shoes,,,
LUDLOW,176,distributed,Palm-leaf Hats,1961,8518,
LUDLOW,176,distributed,Building Stone quarried aud prepared,100,,
LUDLOW,176,distributed,Corn and other Brooms,334,2561,
LUDLOW,176,distributed,Lumber prepa red,973,89300,feet
LUDLOW,176,distributed,Fire Wood prepared,9628,3646,cords
LUDLOW,176,distributed,Sheep total,1550,826,head
LUDLOW,176,distributed,Wool total,699,2017,lbs
LUDLOW,176,distributed,Horses,11206,216,head
LUDLOW,176,distributed,neat cattle,16619,702,head
LUDLOW,176,distributed,swine,3911,272,head
LUDLOW,176,distributed,Indian Corn or Maize raised,6500,9414,bush
LUDLOW,176,distributed,wheat,583,981,bush
LUDLOW,176,distributed,rye,4142,5992,bush
LUDLOW,176,distributed,oats,1970,6908,bush
LUDLOW,176,distributed,potatoes,4062,14512,bush
LUDLOW,176,distributed,other esculent vegetables ',1187,1927,bush
LUDLOW,176,distributed,hay,12877,1802,tons
LUDLOW,176,distributed,fl.ax,16,80,lbs
LUDLOW,176,distributed,Fruit raised,1134,6904,bush
LUDLOW,176,distributed,hops,13,100,lbs
LUDLOW,176,distributed,Butter,4504,29965,lbs
LUDLOW,176,distributed,cheese,773,10915,lbs
LUDLOW,176,distributed,honey,227,1398,lbs
LUDLOW,176,distributed,beeswax,10,23,lbs
LUDLOW,176,Reed Manufactories,reeds,2500,3000,
MONSON,177,Cotton Mills,spindles,15700,3614,lbs
MONSON,177,Cotton Mills,cotton consumed,,222000,yds
MONSON,177,Cotton Mills,brown sheetings,,667000,
MONSON,177,Woollen Mills,satinet,130000,240000,yds
MONSON,177,Woollen Mills,F. B.,,39,
MONSON,177,Establish ments   Cotton WooJJen and other Ma­ chinery,Establish ments   Cotton WooJJen and other Ma­ chinery,111500,,
MONSON,177,Axe  Man n factorics  :,axes hatchets and  other  edge tools,500,500,
MONSON,177,Plough Man nfactories,ploughs and  other  agricultural tools,140,20,
MONSON,177,Establishments   Chronometers Watches Gold and Silver  Ware  and  Jewelry,Chronometers Watches Gold and Silver  Ware  and  Jewelry,4,,
MONSON,177,Saddle Harness and Trunk Manufactories,Saddle Harness and Trunk,550,,
MONSON,177,Chair and Cabinet Ware  Manufactories,Chair and Cabinet Ware,600,,
MONSON,177,Tin  Ware  Man ufactories,ware,1000,,
MONSON,177,Tanneries,leather tanned and curried,4000,75,cords
MONSON,177,Tanneries,bark  consumed,400,,
MONSON,177,distributed,Boots,1400,200,pairs
MONSON,177,distributed,shoes,,700,pairs
MONSON,177,distributed,boots and shoes,,4,
MONSON,177,distributed,M. B.,,,
MONSON,177,distributed,Palm-leaf  Hats,6250,45000,
MONSON,177,distributed,Building Stone quarried and prepa red,4000,,
MONSON,177,distributed,Lumber prepared,1465,142100,feet
MONSON,177,distributed,B.,,142,
MONSON,177,distributed,Fire Wood  prepared,3,2041,cords
MONSON,177,energy imports,Charcoal prepared,3000,50000,bush
MONSON,177,energy imports,Sperm  Oil   consumed   i n   man ufact u ri ng     galls,1370,14001,galls
MONSON,177,energy imports,other oil:,1880,2700,galls
MONSON,177,distributed,other    American prod uction except ing cotton wool and iron con­ sumed in manufactu ring,1797,,
MONSON,177,energy imports,other   foreign production  excepting as above consumed,9546,,
MONSON,178,distributed,Sheep total see species,5510,,
MONSON,178,distributed,Wool total see species,2695,,
MONSON,178,distributed,Merino Sheep,,703,head
MONSON,178,distributed,other sheep,,1869,head
MONSON,178,distributed,merino wool produced  lbs.,,2100,lbs
MONSON,178,distributed,other wool  lbs.,,5600,lbs
MONSON,178,distributed,Horses,6270,233,head
MONSON,178,distributed,neat cattle,33938,1791,head
MONSON,178,distributed,swine,2077,369,head
MONSON,178,distributed,Indian Corn or Maize raised,7554,10075,bush
MONSON,178,distributed,rye,1650,2200,bush
MONSON,178,distributed,oats,3129,9386,bush
MONSON,178,distributed,pota­ toes,8227,32909,bush
MONSON,178,distributed,hay,28460,3475,tons
MONSON,178,distributed,Fruit raised,2248,21810,bush
MONSON,178,distributed,Butter,6150,48855,lbs
MONSON,178,distributed,cheese,1986,39405,lbs
MONTGOMERY,178,distributed,Lumber prepared,503,62200,feet
MONTGOMERY,178,distributed,Rail-road sleepers,230,1500,
MONTGOMERY,178,distributed,Fire Wood  prepared,609,487,cords
MONTGOMERY,178,energy imports,charcoal,457,10150,bush
MONTGOMERY,178,distributed,bark,109,49,cords
MONTGOMERY,178,distributed,Sheep total see species,2746,,
MONTGOMERY,178,distributed,Wool total see species,1188,,
MONTGOMERY,178,distributed,Merino Sheep,,784,head
MONTGOMERY,178,distributed,other  sheep,,634,head
MONTGOMERY,178,distributed,merino wool  lbs.,,1740,lbs
MONTGOMERY,178,distributed,other wool  lbs.,,1641,lbs
MONTGOMERY,178,distributed,Horses,2660,60,head
MONTGOMERY,178,distributed,neat cattle,7400,414,head
MONTGOMERY,178,distributed,swine,645,112,head
MONTGOMERY,178,distributed,Indian Corn or Maize raised,1883,2897,bush
MONTGOMERY,178,distributed,wheat,9,9,bush
MONTGOMERY,178,distributed,rye,832,1109,bush
MONTGOMERY,178,distributed,oats,1140,3420,bush
MONTGOMERY,178,distributed,potatoes,1042,4169,bush
MONTGOMERY,178,distributed,other esculent vegetables,85,221,bush
MONTGOMERY,178,distributed,hay,7287,1041,tons
MONTGOMERY,178,distributed,beans,13,10,bush
MONTGOMERY,178,distributed,buckwheat,128,256,bush
MONTGOMERY,178,distributed,clover seed,1464,244,bush
MONTGOMERY,178,distributed,Fruit raised,920,9296,bush
MONTGOMERY,178,distributed,Butter,1548,12392,lbs
MONTGOMERY,178,distributed,cheese,200,4005,lbs
MONTGOMERY,178,distributed,honey,32,255,lbs
MONTGOMERY,178,distributed,beeswax,6,22,lbs
PALMER,179,Cotton Mills,cotton consumed,211538,470000,lbs
PALMER,179,Cotton Mills,printing and  bleaching  goods,,2840939,yds
PALMER,179,Woollen Mills,wool consumed,32000,55000,lbs
PALMER,179,Woollen Mills,satinet in'd,,59000,yds
PALMER,179,Furnaces   Hollow Ware and Castings other than Pig Iron,hollow ware and castings,10000,150,
PALMER,179,Establish ments   Cotton Woollen and other Machin­ ery,machinery,2000,,
PALMER,179,Scythe Manufactories,scythes,9000,14000,
PALMER,179,Saddle Harness.and Trunk Manufactories:,Saddle Harness.and Trunk,1000,,
PALMER,179,Establishments   Rail-road Cars Coaches and other Vehicles,vehicles,6260,,
PALMER,179,Soap and Tallow Candle Manufactories,st soap,350,175,bbls
PALMER,179,Chair and Cabinet Ware Manufactories,Chair and Cabinet Ware,1000,,
PALMER,179,Tin Ware  Manufactories,ware,2000,,
PALMER,179,distributed,Boots,2200,500,pairs
PALMER,179,distributed,shoes ·,,750,pairs
PALMER,179,distributed,boots and shoes,,,
PALMER,179,distributed,Palm-leaf Hats,1960,14000,
PALMER,179,distributed,Lumber prepared,900,80000,feet
PALMER,179,distributed,Fire Wood prepared,4362,2136,cords
PALMER,179,distributed,Reeds,800,,
PALMER,179,energy imports,Sperm  Oil  consumed  in  manufacturing,3495,3650,galls
PALMER,179,energy imports,whale oil,1008,1250,galls
PALMER,179,energy imports,other oil,840,1400,galls
PALMER,179,energy imports,anthracite coal consumd in manufactu ring,1000,100,tons
PALMER,179,energy imports,other   American produc­ tion excepting cotton wool and iron consumed in manufacturing,11000,,
PALMER,179,energy imports,other   foreign production except­ ing as above consumed,400,,
PALMER,180,distributed,Horses,10920,230,head
PALMER,180,distributed,neat cattle,18877,993,head
PALMER,180,distributed,swine,1812,302,head
PALMER,180,distributed,India n Corn or  Maize raised,6831,10930,bush
PALMER,180,distributed,wheat,35,35,bush
PALMER,180,distributed,rye G,2708,402,bush
PALMER,180,distributed,oats G,3228,1072,bush
PALMER,180,distributed,potatoes,4752,19010,bush
PALMER,180,distributed,other esculent vegetables,1506,3380,bush
PALMER,180,distributed,buck wheat,525,1050,bush
PALMER,180,distributed,hay,17216,2152,tons
PALMER,180,distributed,Fruit raised,832,6662,bush
PALMER,180,distributed,Butter,3136,25090,lbs
PALMER,180,distributed,cheese,1488,23800,lbs
PALMER,180,distributed,honey,39,311,lbs
RUSSELL,180,Cotton Mills,spindles,788,160,lbs
RUSSELL,180,Cotton Mills,cotton consumed,,8000,
RUSSELL,180,Cotton Mills,cotton twine,,,
RUSSELL,180,distributed,Lumber prepared,2950,570000,feet
RUSSELL,180,distributed,Fire Wood prepared,584,840,cords
RUSSELL,180,distributed,Horses,1477,47,head
RUSSELL,180,distributed,neat cattle,6541,435,head
RUSSELL,180,distributed,swine,375,75,head
RUSSELL,180,distributed,Indian Corn or Maize raised ],1103,902,bush
RUSSELL,180,distributed,wheat,19,13,bush
RUSSELL,180,distributed,rye,405,472,bush
RUSSELL,180,distributed,oats,675,1621,bush
RUSSELL,180,distributed,potatoes,6125,3375,bush
RUSSELL,180,distributed,hay,6,875,tons
RUSSELL,180,distributed,Fruit raised,326,1629,bush
SOUTHWICK,181,Powder Mills,powder,6250,2500,
SOUTHWICK,181,Tanneries,leather tanned and curried,1000,,
SOUTHWICK,181,distributed,Boots,500,100,pairs
SOUTHWICK,181,distributed,shoes,,300,pairs
SOUTHWICK,181,distributed,boots and shoes,,,
SOUTHWICK,181,distributed,Snuff Tobacco and Cigars,3458,,
SOUTHWICK,181,distributed,Whips,175,,
SOUTHWICK,181,distributed,Lumber prepared,145,14500,feet
SOUTHWICK,181,distributed,Fire Wood prepa red,1343,625,cords
SOUTHWICK,181,distributed,Sheep total,1572,1572,head
SOUTHWICK,181,distributed,wool  produced,1578,4729,lbs
SOUTHWICK,181,distributed,Horses,7340,151,head
SOUTHWICK,181,distributed,neat cattle,20362,977,head
SOUTHWICK,181,distributed,swine,1841,275,head
SOUTHWICK,181,distributed,Indian Corn or Maize raised,5108,10215,bush
SOUTHWICK,181,distributed,rye,6874,8378,bush
SOUTHWICK,181,distributed,oats,1902,6214,bush
SOUTHWICK,181,distributed,po­ tatoes,9976,11915,bush
SOUTHWICK,181,distributed,other esculent vegetables,332,1705,bush
SOUTHWICK,181,distributed,hay,12332,1748,tons
SOUTHWICK,181,distributed,buck- wheat,3350,8376,bush
SOUTHWICK,181,distributed,Fruit raised,2676,44004,bush
SOUTHWICK,181,distributed,tobacco,627,10400,lbs
SOUTHWICK,181,distributed,Butter,1631,13043,lbs
SOUTHWICK,181,distributed,cheese,370,4165,lbs
SOUTHWICK,181,distributed,honey,2160,18000,lbs
SPRINGFIELD,181,Cotton Mills,spindles :,1341774,63172,lbs
SPRINGFIELD,181,Cotton Mills,cotton consumed -,,6215566,yds
SPRINGFIELD,181,Cotton Mills,sheetings shirtings d rillings and prin t ing goods  -,,17861351,
SPRINGFIELD,181,Woollen Mills,satinet,30000,50000,yds
SPRINGFIELD,181,Woollen Mills,Ken tuck y jeans,55200,192000,yds
SPRINGFIELD,182,Furnaces     Hollow Ware  and  Castings other than Pig Iron,hollow ware  and  castings,61200,1200,tons
SPRINGFIELD,182,Establishments   Cotton Woollen  and other Ma­ chinery,machinery,105000,,
SPRINGFIELD,182,Establishments    Cutlery,Cutlery,40000,,
SPRINGFIELD,182,Lock Manufactories,locks,1000,200,
SPRINGFIELD,182,Plough  Manufactories,ploughs  and  other  agricultural tools,1150,175,
SPRINGFIELD,182,Brass Foundries,Brass,11500,,
SPRINGFIELD,182,Paper Manufactories,·stock consumed,100000,1000,tons
SPRINGFIELD,182,Paper Manufactories,. paper,,90000,reams
SPRINGFIELD,182,Brush  Manufactories,brushes,3000,,
SPRINGFIELD,182,Saddle Harness and Trunk Manufactories,Saddle Harness and Trunk,23750,,
SPRINGFIELD,182,Upholstery  M:mufactories,Upholstery  M:mufactories,1460,,
SPRINGFIELD,182,Hat and ·Cap Man ufactories,hats and caps,26400,16500,
SPRINGFIELD,182,Cordage Manufactories,cordage,4000,20,tons
SPRINGFIELD,182,Card Man ufactories,cards,15000,,
SPRINGFIELD,182,Establishments   Rail-road Cars Coaches Chaises and other Vehicles,vehicles,29425,,
SPRINGFIELD,182,Lead Mann factories,Lead,2000,,
SPRINGFIELD,182,Soap  and  Tallow   Candle  Manufactories,soap,9720,42,tons
lbs,182,Establishments       Fire  Arms,rifles  carbines fowling·pieces and pistols,45800,5100,
lbs,182,distributed,at the United  States Armory,144000,12000,
lbs,183,distributed,Bronze Cannon,17000,50,
lbs,183,Chair  and  Cabinet  Ware  Manufaetories,Chair  and  Cabinet  Ware,21800,,
lbs,183,Tin Warc Manufaetorics,ware and sheet iron,42000,,
lbs,183,Flouring Mills,flour,6000,1200,bbls
lbs,183,Tanneries,leather tanned and curried,5374,,
lbs,183,distributed,Boots,28258,5270,pairs
lbs,183,distributed,shoes,,11598,pairs
lbs,183,distributed,boots and shoes,,,
lbs,183,distributed,Bricks,28137,6600000,
lbs,183,distributed,Build ing  Stone  quarried  and prepared,2500,,
lbs,183,distributed,Blocks and Pum ps,2700,,
lbs,183,distributed,Mechanics' Tools,11000,,
lbs,183,distributed,Corn and other Brooms,3000,20000,
lbs,183,distributed,Lumber prepared,11700,1100000,feet
lbs,183,distributed,Fire Wood prepared,10327,2430,cords
lbs,183,energy imports,Sperm  Oil  consumed  in  man ufact u ring,12901,16550,galls
lbs,183,energy imports,whale oil,322,830,galls
lbs,183,energy imports,other oil,450,300,galls
lbs,183,energy imports,other   American pro­ duction excepting cotton woollen and iron consumed in man­ ufacturing,8120,,
lbs,183,energy imports,other   foreign production excepting as above consumed,430,,
lbs,183,distributed,Sheep total,1665,1110,head
lbs,183,distributed,wool prod uced,907,3022,lbs
lbs,183,distributed,Horses,27520,792,head
lbs,183,distributed,neat  cattle,16288,1341,head
lbs,183,distributed,swine,5946,991,head
lbs,183,Indian Corn or Maize raised  hush.,wheat,17698,691,bush
lbs,183,Indian Corn or Maize raised  hush.,rye,1036,14052,bush
lbs,183,Indian Corn or Maize raised  hush.,oats,9836,13937,bush
lbs,183,Indian Corn or Maize raised  hush.,buckwheat raised,5001,2560,bush
lbs,183,Indian Corn or Maize raised  hush.,beans raised,1280,460,bush
lbs,183,Indian Corn or Maize raised  hush.,potatoes,690,25581,bush
lbs,183,Indian Corn or Maize raised  hush.,other  esculent  vegetables,10232,10825,bush
lbs,183,Indian Corn or Maize raised  hush.,hay,2165,3885,tons
lbs,183,distributed,Fruit  raised,3746,9365,bush
lbs,183,distributed,tobacco,3920,49000,lbs
lbs,184,distributed,Butter,5869,41921,lbs
lbs,184,distributed,honey,131,1050,lbs
lbs,184,distributed,Hair Cloth,560,700,yds
lbs,184,distributed,Sashes and Blinds,11000,,
lbs,184,distributed,Flasks and Pouches,800,,
lbs,184,distributed,Wooden Aqueduct  Logs prepared,4328,,
TOLLAND,184,Establishments   Shovels Spades Forks and Hoes,Shovels Spades Forks and Hoes,2000,,
TOLLAND,184,Clock Manufactories,clocks,40000,20000,
TOLLAND,184,Tanneries,leather tanned and curried,19000,,
TOLLAND,184,distributed,Lumber prepared,1060,236000,feet
TOLLAND,184,distributed,Fire Wood prepared,50,100,cords
TOLLAND,184,distributed,hemlock bark,682,273,cords
TOLLAND,184,distributed,Sheep total,800,728,head
TOLLAND,184,distributed,Wool total,735,2100,lbs
TOLLAND,184,distributed,Horses,4261,100,head
TOLLAND,184,distributed,neat  cattle,17606,1275,head
TOLLAND,184,distributed,swine.,1060,185,head
TOLLAND,184,distributed,Ind ian Corn or Maize raised J,713,89,bush
TOLLAND,184,distributed,wheat,15,30,bush
TOLLAND,184,distributed,rye,95,158,bush
TOLLAND,184,distributed,barley,33,73,bush
TOLLAND,184,distributed,oats,643,2142,bush
TOLLAND,184,distributed,potatoes,1461,6645,bush
TOLLAND,184,distributed,other  escu lent  vegetables,100,600,bush
TOLLAND,184,distributed,hay,11295,2259,tons
TOLLAND,184,distributed,fl.ax,30,200,lbs
TOLLAND,184,distributed,Fruit raised,500,10135,bush
TOLLAND,184,distributed,Butter,1963,19630,lbs
TOLLAND,184,distributed,cheese,6360,159000,lbs
TOLLAND,184,distributed,honey,15,100,lbs
TOLLAND,184,distributed,maple sugar,840,12000,lbs
WALES,184,Woollen Mills,wool consumed,56000,70000,lbs
WALES,184,Woollen Mills,satinet,,80000,yds
WALES,185,Hoe Manufactories,hoes,175,,
WALES,185,Establishments   Rail·road Cars Coaches Chai and other Vehicles,vehicles,2110,,
WALES,185,distributed,leather tanned  and curried,1313,,
WALES,185,distributed,Boots,7000,1514,pairs
WALES,185,distributed,shoes,,3050,pairs
WALES,185,distributed,boots and shoes,,,
WALES,185,distributed,Straw Braid  and not made into  bonnets and hats,150,10000,
WALES,185,distributed,palm·leaf hats,2400,,
WALES,185,distributed,Bricks,150,100000,
WALES,185,distributed,Lumber prepared,525,70000,feet
WALES,185,distributed,shingles,137,75000,
WALES,185,distributed,Fire Wood prepared,589,372,cords
WALES,185,energy imports,Sperm Oil consumed in manufacturing,200,200,galls
WALES,185,energy imports,other oil,650,1000,galls
WALES,185,energy imports,other .  Ameri­ can production excepting cotton wool and iron consumed in manufactu ring,1200,,
WALES,185,distributed,other   foreign produc­ tion excepting as above consumed,2500,,
WALES,185,distributed,Horses,3360,56,head
WALES,185,distributed,swine,8750,60,head
WALES,185,distributed,Indian Corn or Maize raised,1800,2400,bush
WALES,185,distributed,rye,168,225,bush
WALES,185,distributed,oats $,1000,3000,bush
WALES,185,distributed,potatoes,2175,8700,bush
WALES,185,distributed,other escnlent vegetables,200,500,bush
WALES,185,distributed,hay,8000,1000,tons
WALES,185,distributed,Fruit raised,110,7700,bush
WALES,185,distributed,Butter,1562,12500,lbs
WALES,185,distributed,cheese,625,12500,lbs
WALES,185,distributed,Hoops prepared,150,10000,
WALES,185,distributed,Steel Carriage Springs,83,15,
WESTFIELD,185,Plough Manufactories,ploughs and other agricultural tools,1050,150,
WESTFIELD,186,Paper Manufactoriea,stock consumed,25000,110000,lbs
WESTFIELD,186,Paper Manufactoriea,paper,,6000,reams
WESTFIELD,186,Saddle Harness and Trunk Manufactories,Saddle Harness and Trunk,1200,,
WESTFIELD,186,Hat and Cap Manufactories,hats and caps,2500,1000,
WESTFIELD,186,Establis.hments   Wagons Sleighs and other Vehicles,vehicles,4500,,
WESTFIELD,186,Powder Mills,powder,9750,88500,lbs
WESTFIELD,186,Chair  and  Cabinet  Ware  Manufactories,Chair  and  Cabinet  Ware,2560,,
WESTFIELD,186,Tin Ware Man ufactories,ware,1500,,
WESTFIELD,186,Tanneries,leather tanned and curried,10500,,
WESTFIELD,186,distributed,Boots,5200,920,pairs
WESTFIELD,186,distributed,shoes,,4500,pairs
WESTFIELD,186,distributed,boots and shoes,,,
WESTFIELD,186,distributed,Bricks,11500,1300000,
WESTFIELD,186,distributed,W hips,100000,,
WESTFIELD,186,distributed,Mechanics' Tools ni'd,4500,,
WESTFIELD,186,distributed,Lumber prepared,1950,130000,feet
WESTFIELD,186,distributed,Fire Wood prepa red,7770,2590,cords
WESTFIELD,186,distributed,Asses,45,1,head
WESTFIELD,186,distributed,horses,18500,370,head
WESTFIELD,186,distributed,horses,33680,370,
WESTFIELD,186,distributed,neat  cattle,3765,1694,head
WESTFIELD,186,distributed,swine,,753,head
WESTFIELD,186,distributed,Indian Corn or Maize raised,13388,22313,bush
WESTFIELD,186,distributed,wheat,275,275,bush
WESTFIELD,186,distributed,rye,6730,9614,bush
WESTFIELD,186,distributed,bar­ ley,6,8,bush
WESTFIELD,186,distributed,potatoes,3010,23935,bush
WESTFIELD,186,distributed,hay,7181,2784,tons
WESTFIELD,186,distributed,Fruit raised,1500,6000,bush
WESTFIELD,186,distributed,tobacco,2158,43161,lbs
WESTFIELD,186,distributed,Butter,6460,53835,lbs
WESTFIELD,186,distributed,cheese,344,5738,lbs
WESTFIELD,186,distributed,honey,342,2852,lbs
WESTFIELD,186,distributed,beeswax,3725,149,lbs
WESTFIELD,187,Cotton Mills,cotton consumed,48500,160172,lbs
WESTFIELD,187,Cotton Mills,printing cloth,9000,802436,yds
WESTFIELD,187,Cotton Mills,ynrn  (satinet \Varps),,30000,lbs
WESTFIELD,187,Woollen Mills,wool conumed,1550,10500,lbs
WESTFIELD,187,Woollen Mills,satinet,2000,7000,yds
WESTFIELD,187,Woollen Mills,flannel or blanketing,,4000,yds
WESTFIELD,187,Paper Manufactorics,stock consumed,60000,150,tons
WESTFIELD,187,Paper Manufactorics,paper,,2,reams
WESTFIELD,187,Establishments   Wagons and Sleighs and Repairing Vehicles,Wagons and Sleighs and Repairing Vehicles,,,
WESTFIELD,187,Tanneries,hides tanned,3130,6360,
WESTFIELD,187,Tanneries,leather tanned and curried,,,
WESTFIELD,187,distributed,Boots,1500,200,pairs
WESTFIELD,187,distributed,shoes,,800,pairs
WESTFIELD,187,distributed,boots and shoes,,,
WESTFIELD,187,distributed,Bricks,1800,450000,
WESTFIELD,187,distributed,Snuff Tobacco and Cigars,4901,,
WESTFIELD,187,distributed,Building Stone quarried and  prepared,60000,,
WESTFIELD,187,distributed,Whips,50,1,
WESTFIELD,187,distributed,B.,,,
WESTFIELD,187,distributed,Corn and other Brooms,1292,7752,feet
WESTFIELD,187,distributed,E. . Lumber prepared,1320,1110000,
WESTFIELD,187,distributed,Fire Wood prepared,10880,2720,cords
WESTFIELD,187,distributed,Horses,25369,491,head
WESTFIELD,187,distributed,neat  cattle,43132,2193,head
WESTFIELD,187,distributed,swine,8053,1041,head
WESTFIELD,187,distributed,Indian Corn or Maize raised,16879,25967,bush
WESTFIELD,187,distributed,wheat,2999,2999,bush
WESTFIELD,187,distributed,rye,9267,13238,bush
WESTFIELD,187,distributed,oats,4504,13513,bush
WESTFIELD,187,distributed,potatoes S,721,3966,bush
WESTFIELD,187,distributed,beans,9922,270,bush
WESTFIELD,187,distributed,other esculent vegetables,405,5003,tons
WESTFIELD,187,distributed,hay,6082,,
WESTFIELD,187,distributed,Fruit raised,4581,10714,bush
WESTFIELD,187,distributed,tobacco,1809,30150,lbs
WESTFIELD,187,distributed,Teazles,700,600000,
WESTFIELD,188,distributed,Butter,15688,103923,lbs
WESTFIELD,188,distributed,cheese,520,7435,lbs
WESTFIELD,188,distributed,honey,131,785,lbs
WESTFIELD,188,distributed,Broom Seed raised,186,744,bush
WESTFIELD,188,distributed,Milk,5968,37300,galls
WILBRAHAM,188,Plough Manufactories,ploughs and other agricultural tools,4200,1200,
WILBRAHAM,188,Tanneries,hides tanned,750,150,
WILBRAHAM,188,Tanneries,leather  tanned  and curried,,,
WILBRAHAM,188,distributed,Boots,1378,454,pairs
WILBRAHAM,188,distributed,shoes,,470,pairs
WILBRAHAM,188,distributed,boots and shoes,,,
WILBRAHAM,188,distributed,Palm-leaf  Hats,116,700,
WILBRAHAM,188,distributed,Building Stone quarried and prepared,2000,,
WILBRAHAM,188,distributed,Corn and other Brooms,500,5000,
WILBRAHAM,188,distributed,Fire Wood prepa red,1200,600,cords
WILBRAHAM,188,distributed,Sheep total see species,4163,5500,lbs
WILBRAHAM,188,distributed,other  wool,,,
WILBRAHAM,188,distributed,Merino Sheep,,387,head
WILBRAHAM,188,distributed,other sheep,,1992,head
WILBRAHAM,188,distributed,merino  wool  prod uced   lbs.,,930,lbs
WILBRAHAM,188,distributed,Wool total see species,2251,,
WILBRAHAM,188,distributed,Horses,10000,252,head
WILBRAHAM,188,distributed,neat  cattle,22729,1337,head
WILBRAHAM,188,distributed,swine,1875,375,head
WILBRAHAM,188,distributed,Indian Corn or Maize raised,8182,13636,bush
WILBRAHAM,188,distributed,wheat,177,177,bush
WILBRAHAM,188,distributed,rye,4703,6270,bush
WILBRAHAM,188,distributed,oats>,4013,12038,bush
WILBRAHAM,188,distributed,potatoes,4979,19918,bush
WILBRAHAM,188,distributed,other esculent vegetables,157,908,bush
WILBRAHAM,188,distributed,hay,,2557,tons
WILBRAHAM,188,distributed,Fruit raised,3113,51832,bush
WILBRAHAM,188,distributed,tobacco,1455,29100,lbs
WILBRAHAM,188,distributed,Butter,3881,32340,lbs
WILBRAHAM,188,distributed,cheese,1101,22015,lbs
WILBRAHAM,188,distributed,honey,38,300,lbs
