city,page,site,goods,value,quantity,units
AMHERST,148,Cotton Mills,spindles,7500,672,lbs
AMHERST,148,Cotton Mills,cotton  consumed,150,120000,lbs
AMHERST,148,Cotton Mills,cotton yarn,,2500,
AMHERST,148,Cotton Mills,ba tting,,,
AMHERST,148,Wool len Mills,wool consumed,52600,102200,lbs
AMHERST,148,Wool len Mills,Kentucky jeans,,252000,yds
AMHERST,148,Paper Manufactories,stock consu med,6000,175,tons
AMHERST,148,Paper Manufactories,paper,,105,tons
AMHERST,148,Saddle Harness and Trunk Manufactories,Saddle Harness and Trunk,4375,,
AMHERST,148,Card Ma nufactories,cards,250,,
AMHERST,148,Establishments  m.  Rail-road  Cars Coaches Chaises and other Vehicles,vehicles,7250,,
AMHERST,148,Chair and Cabinet Ware Manufactories,Chair and Cabinet Ware,5450,,
AMHERST,148,Tanneries,hides ta nned,1600,650,
AMHERST,148,Tanneries,leather tanned and curried,,,
AMHERST,148,distributed,Boots,5870,918,pairs
AMHERST,148,distributed,shoes,,2833,pairs
AMHERST,148,distributed,boots and shoes,,,
AMHERST,148,distributed,Straw Bonnets and Hats,23000,14500,
AMHERST,148,distributed,palm­ leaf hats,56696,317236,
AMHERST,149,distributed,Bricks,225,85000,
AMHERST,149,distributed,Mechanics' Tools,14975,,
AMHERST,149,distributed,Brooms,5314,42510,
AMHERST,149,distributed,Lumber prepared,1600,200000,feet
AMHERST,149,distributed,Fire Wood prepared,2000,950,cords
AMHERST,149,distributed,other kinds  wool,2568,2749,lbs
AMHERST,149,distributed,Horses,15120,336,head
AMHERST,149,distributed,neat  cattle,30083,1668,head
AMHERST,149,distributed,swine,9375,625,head
AMHERST,149,distributed,Indian Corn or Maize raised,12683,18930,bush
AMHERST,149,distributed,wheat,389,311,bush
AMHERST,149,distributed,r ye,4940,6586,bnsh
AMHERST,149,distributed,oats,3116,8903,bush
AMHERST,149,distributed,beans raised,250,200,bush
AMHERST,149,distributed,buck wheat,250,500,bush
AMHERST,149,distributed,potatoes,4022,1691,bush
AMHERST,149,distributed,other esculen t vegetables,137,750,bush
AMHERST,149,distributed,hay,29250,3900,tons
AMHERST,149,distributed,Fruit  raised,1600,4805,bush
AMHERST,149,distributed,hops,100,950,lbs
AMHERST,149,distributed,tobacco,1630,29638,lbs
AMHERST,149,distributed,Butter,10306,62447,lbs
AMHERST,149,distributed,cheese,2245,37425,lbs
AMHERST,149,distributed,honey,53,422,lbs
AMHERST,149,distributed,Broom Seed raised,1131,4526,bush
AMHERST,149,distributed,broom  brush,3939,65659,lbs
AMHERST,149,distributed,Lace and Edging,750,6000,yds
AMHERST,149,distributed,Band and Hat Boxes,620,,
AMHERST,149,distributed,Type Cases,800,,
AMHERST,149,distributed,Children's Wagons,8500,7000,
AMHERST,149,distributed,velocipedes,1200,,
AMHERST,149,distributed,Washing Machines,318,,
AMHERST,149,distributed,Steel Springs,1600,,
AMHERST,149,Printing fices,work  done,3000,,
BELCHERTOWN,150,Cotton Wicking Mills,wicking,6000,,
BELCHERTOWN,150,Plough Manufactories,ploughs,410,30,
BELCHERTOWN,150,Plough Manufactories,ploughs and rakes,,,
BELCHERTOWN,150,Brass Foundries,Brass,450,21,
BELCHERTOWN,150,Brass Foundries,E. . Organs,300,,
BELCHERTOWN,150,Saddle Harness and Trunk Manufactories,Saddle Harness and Trunk,1200,,
BELCHERTOWN,150,Hat and Cap Mannfactories,hats and caps,900,475,
BELCHERTOWN,150,distributed,Wagons,40440,667,
BELCHERTOWN,150,distributed,sleighs,,21,
BELCHERTOWN,150,distributed,vehicles,,,
BELCHERTOWN,150,distributed,Chairs and Cabinet Ware,700,,
BELCHERTOWN,150,distributed,Boots m'u,1062,265,pairs
BELCHERTOWN,150,distributed,shoes,,200,pairs
BELCHERTOWN,150,distributed,boots and shoes,,,
BELCHERTOWN,150,distributed,Palm-leaf  Hats,15356,76782,
BELCHERTOWN,150,distributed,Bricks,525,150000,
BELCHERTOWN,150,distributed,Snuff Tobacco and Cigars,60,,
BELCHERTOWN,150,distributed,Lumber prepared,7942,722000,feet
BELCHERTOWN,150,distributed,Fire Wood prepared,2636,1764,cords
BELCHERTOWN,150,distributed,Sheep total see species,4219,631,lbs
BELCHERTOWN,150,distributed,Saxony wool prod uc­ ed,,2711,lbs
BELCHERTOWN,150,distributed,Saxony sheep,,224,head
BELCHERTOWN,150,distributed,merino sheep,,1250,head
BELCHERTOWN,150,distributed,other kinds  sheep,,937,head
BELCHERTOWN,150,distributed,Saxony wool prod uc­ ed  lbs.,,631,lbs
BELCHERTOWN,150,distributed,merino wool  lbs.,,3341,lbs
BELCHERTOWN,150,distributed,other kinds  wool,,,
BELCHERTOWN,150,distributed,Wool total see species,2235,,
BELCHERTOWN,150,distributed,Horses,18180,404,head
BELCHERTOWN,150,distributed,neat cattle,33138,1841,head
BELCHERTOWN,150,distributed,swine,2180,436,head
BELCHERTOWN,150,distributed,Indian Corn or Maize raised,12759,19676,bush
BELCHERTOWN,150,distributed,wheat,424,339,bush
BELCHERTOWN,150,distributed,rye,5265,7522,bush
BELCHERTOWN,150,distributed,bar­ ley,72,124,bush
BELCHERTOWN,150,distributed,oats,5235,14956,bush
BELCHERTOWN,150,distributed,buck­ wheat raised,612,1224,bush
BELCHERTOWN,150,distributed,potatoes,8118,24601,bush
BELCHERTOWN,150,distributed,other  esculent vegetables,770,2200,bush
BELCHERTOWN,150,distributed,hay,26526,4421,tons
BELCHERTOWN,151,distributed,Fruit raised,2961,8972,bush
BELCHERTOWN,151,distributed,tobacco,60,1000,lbs
BELCHERTOWN,151,distributed,Raw Silk raised,55,8,lbs
BELCHERTOWN,151,distributed,Butter,10092,72088,lbs
BELCHERTOWN,151,distributed,cheese,2504,40067,lbs
BELCHERTOWN,151,distributed,honey,583,4165,lbs
BELCHERTOWN,151,distributed,beeswax,34,80,lbs
BELCHERTOWN,151,distributed,Axe Handles,50,300,
BELCHERTOWN,151,distributed,Chestnuts,100,50,bush
BELCHERTOWN,151,distributed,Maple Sugar,168,2100,lbs
BELCHERTOWN,151,Sash and Blind Manufactories,Sash and Blind,600,,
BELCHERTOWN,151,distributed,Hollow Augers,50,20,
BELCHERTOWN,151,distributed,Curled Palm-leaf,,7,tons
BELCHERTOWN,151,distributed,Marble prepared,600,,
CHESTERFIELD,151,Furnaces  m.  Hollow Ware and Castings other than Pig Iron,Hollow ware and castings,2000970,12,tons
CHESTERFIELD,151,Furnaces  m.  Hollow Ware and Castings other than Pig Iron,C.,,,
CHESTERFIELD,151,Tanneries,leather tanned and curried,17400,,
CHESTERFIELD,151,distributed,Palm-leaf Hats,504,3600,
CHESTERFIELD,151,distributed,Wooden Ware including farming utensils not  other· wise enumerated,103,,
CHESTERFIELD,151,distributed,Lumber prepared,2080,520000,feet
CHESTERFIELD,151,distributed,Fire Wood prepared,802,757,cords
CHESTERFIELD,151,distributed,Horses,7380,164,head
CHESTERFIELD,151,distributed,neat cattle,17696,801,head
CHESTERFIELD,151,distributed,swine,1057,151,head
CHESTERFIELD,151,distributed,Indian  Corn or Maize  raised,2049,2745,bush
CHESTERFIELD,151,distributed,wheat,64,58,bush
CHESTERFIELD,151,distributed,rye ·,53,81,bush
CHESTERFIELD,151,distributed,barley,374,623,bush
CHESTERFIELD,151,distributed,oats,115,3046,bush
CHESTERFIELD,151,distributed,potatoes,2969,11875,bush
CHESTERFIELD,151,distributed,other  esculent  vegetables,54,357,bush
CHESTERFIELD,151,distributed,hay,14538350,2423,tons
CHESTERFIELD,152,distributed,Butter,2900,29000,lbs
CHESTERFIELD,152,distributed,cheese,673,13464,lbs
CHESTERFIELD,152,distributed,Broom Handles,218,29000,
CHESTERFIELD,152,distributed,Button  Moulds,640,16000,
CHESTERFIELD,152,distributed,Maple Sugar,2827,40388,lbs
CUMMINGTON,152,Woollen Mills,wool consumed,4250,11000,lbs
CUMMINGTON,152,Woollen Mills,satinet,,13000,yds
CUMMINGTON,152,Furnaces  m.  Hollow Ware and Castings other than Pig Iron,hollow ware and castings,1800,18,tons
CUMMINGTON,152,Tanneries,leather  tanned and curried,115800,,
CUMMINGTON,152,distributed,Boots,2270,515,pairs
CUMMINGTON,152,distributed,shoes,,725,
CUMMINGTON,152,distributed,boots and shoes,,,
CUMMINGTON,152,distributed,Palm-leaf  Hats,1620,11000,
CUMMINGTON,152,energy imports,Sperm  Oil  consu med  in  manufact u ring,,55,galls
CUMMINGTON,152,energy imports,lard oil,,80,galls
CUMMINGTON,152,energy imports,anth racite  coal  consu med in manu fact nring,,7,tons
CUMMINGTON,152,Merino  Sher.p,Sheep total see species,5836,76,lbs
CUMMINGTON,152,Merino  Sher.p,other  wool,,,
CUMMINGTON,152,Merino  Sher.p,Merino  Sher.p,,4143,head
CUMMINGTON,152,Merino  Sher.p,other  sheep,,26,head
CUMMINGTON,152,Merino  Sher.p,merino  wool  produced   lbs.,,11653,lbs
CUMMINGTON,152,Merino  Sher.p,Wool total see species,4496,,
CUMMINGTON,152,distributed,Horses,8962,190,head
CUMMINGTON,152,distributed,neat cattle,15737,922,head
CUMMINGTON,152,distributed,swine,3024,252,head
CUMMINGTON,152,distributed,Indian Corn or Maize raised,2457,3276,bush
CUMMINGTON,152,distributed,wheat,671,537,bush
CUMMINGTON,152,distributed,rye,39,53,bush
CUMMINGTON,152,distributed,ba rley,475,818,bush
CUMMINGTON,152,distributed,oats,788,2130,bush
CUMMINGTON,152,distributed,potatoes,3772,15090,bush
CUMMINGTON,152,distributed,etables,285,1141,bush
CUMMINGTON,152,distributed,hay,17612,2516,tons
CUMMINGTON,152,distributed,Fruit,1450,8700,bnsh
CUMMINGTON,152,distributed,raw silk,75,15,lbs
CUMMINGTON,152,distributed,Butter,3669,17580,lbs
CUMMINGTON,152,distributed,cheese,1282,15065,lbs
CUMMINGTON,152,distributed,Maple Sugar,2360,29500,lbs
CUMMINGTON,152,Scythe Smiths untrimmed cut,Scythe Smiths untrimmed cut,,,
CUMMINGTON,152,scythe  stones  prepared,scythe  stones  prepared,,,
CUMMINGTON,153,distributed,Broom Handles,200,25000,
CUMMINGTON,153,distributed,Cotton Wicking,465,30,
CUMMINGTON,153,Establishments  m.  Coaches Chaises Wagons and other Vehicles,vehicles,1780,,
CUMMINGTON,153,Tanneries,leather tanned and curried,500,,
CUMMINGTON,153,distributed,Boots,700,150,pairs
CUMMINGTON,153,distributed,shoes,,400,pairs
CUMMINGTON,153,distributed,boots and shoes,,,
CUMMINGTON,153,distributed,Palm-leaf  Hats,372,3000,
CUMMINGTON,153,distributed,Lumber prepared,2500,250000,feet
CUMMINGTON,153,distributed,Fire Wood prepared,740,370,cords
CUMMINGTON,153,distributed,Sheep total,651,651,head
CUMMINGTON,153,distributed,Wool total,438,1751,lbs
CUMMINGTON,153,distributed,Horses,3500,112,head
CUMMINGTON,153,distributed,neat  cattle,7336,707,head
CUMMINGTON,153,distributed,swine,531,167,head
CUMMINGTON,153,distributed,Indian Corn or Maize raised,4521,7530,bush
CUMMINGTON,153,distributed,wheat,139,139,bush
CUMMINGTON,153,distributed,rye,3195,4564,bush
CUMMINGTON,153,distributed,oats i,947,280,bush
CUMMINGTON,153,distributed,potatoes,470,5,bush
CUMMINGTON,153,distributed,other escnlen t vegetables,200,1200,bush
CUMMINGTON,153,distributed,hay,7296,912,tons
CUMMINGTON,153,distributed,Fruit raised,160,800,bush
CUMMINGTON,153,distributed,Butter,1986,16555,lbs
CUMMINGTON,153,distributed,cheese,240,400,lbs
CUMMINGTON,153,distributed,Broom Corn,6,6,tons
CUMMINGTON,153,Flouring Mills,grain ground,,12000,bush
ENFIELD,153,Cotton Mills,spindles,,1280,lbs
ENFIELD,153,Cotton Mills,cotton consumed -,,50000,yds
ENFIELD,153,Cotton Mills,satinet warps,,600000,
ENFIELD,153,Woollen  Mills,wool  consumed,20000,5000,lbs
ENFIELD,153,Woollen  Mills,satinet,12500,50000,yds
ENFIELD,153,Woollen  Mills,Kentucky jeans,,50000,yds
ENFIELD,154,Establishments  m.  Cotton Woollen and other Ma­ chinery,machinery  (looms),6000,,
ENFIELD,154,Plough Manufactories,ploughs  and other agricultural tools,240,30,
ENFIELD,154,Saddle Harness and 'f runk Manufactories,Saddle Harness and 'f runk,600,,
ENFIELD,154,Card  Manufactories,cards,35000,,
ENFIELD,154,Estahlish ments   m.  Wagons  Sleighs  and other Vehicles,vehicles,1300,,
ENFIELD,154,Chair nnd Cabinet Ware Manufactories,Chair nnd Cabinet Ware,500,,
ENFIELD,154,Tanneries,leather tanned and curried,10000,,
ENFIELD,154,distributed,Boots,22700,10750,pairs
ENFIELD,154,distributed,shoes,,1000,
ENFIELD,154,distributed,boots and shoes,,,
ENFIELD,154,distributed,Palm-leaf  Hats,13541,75000,
ENFIELD,154,distributed,Lumber prepa red,4000,425000,feet
ENFIELD,154,distributed,lumber and shingles,,,
ENFIELD,154,distributed,Fire Wood prepared,1407,804,cords
ENFIELD,154,energy imports,Sperm Oil consumed in man ufacturing,404,425,galls
ENFIELD,154,energy imports,whale  oil,150,300,galls
ENFIELD,154,energy imports,other  kinds  oil,341,425,galls
ENFIELD,154,distributed,all  other    American  prod uction ex­ cepting cotton wool  and  iron  consumed  in  man ufacturing,27420,,
ENFIELD,154,distributed,Sheep total see species,1378,717,lbs
ENFIELD,154,distributed,other  wool,,,
ENFIELD,154,distributed,Merino  Sheep,,450,head
ENFIELD,154,distributed,other  sheep,,239,head
ENFIELD,154,distributed,merino  wool  prod uced    lbs.,,1125,lbs
ENFIELD,154,distributed,Wool total see species,465,,
ENFIELD,154,distributed,Horses,6165,137,head
ENFIELD,154,distributed,neat cattle,12851,565,head
ENFIELD,154,distributed,swine,1158,187,head
ENFIELD,154,distributed,Indian Corn or Maize raised,3497,4662,bush
ENFIELD,154,distributed,buck­ wheat,105,209,bnsh
ENFIELD,154,distributed,rye  !l,142,196,bush
ENFIELD,154,distributed,ba rley,51,6,bush
ENFIELD,154,distributed,oats,1206,3619,bush
ENFIELD,154,distributed,potatoes,2387,9550,bush
ENFIELD,154,distributed,ot her escnlcn t vegetables,1000,1500,bush
ENFIELD,154,distributed,hay,9376,1172,tons
ENFIELD,155,distributed,Fruit raised,904,2712,bush
ENFIELD,155,distributed,Butter,1736,13889,lbs
ENFIELD,155,distributed,cheese,1816,30280,lbs
ENFIELD,155,distributed,Wagon  Hubs,267,800,
ENFIELD,155,distributed,Bedstead Posts,31,50,
ENFIELD,155,distributed,Shingle Mills,325,5,
GOSHEN,155,distributed,Sheep total see species,3405,,
GOSHEN,155,distributed,Wool total see species,3269,,
GOSHEN,155,distributed,Merino Sheep,,2500,head
GOSHEN,155,distributed,other sheep,,224,head
GOSHEN,155,distributed,merino wool    lbs.,,7500,lbs
GOSHEN,155,distributed,other wool  lbs.,,672,lbs
GOSHEN,155,distributed,Horses,3420,76,head
GOSHEN,155,distributed,neat cattle,8197,434,head
GOSHEN,155,distributed,swine,440,88,head
GOSHEN,155,distributed,Indian Corn or Maize raised,1052,1402,bush
GOSHEN,155,distributed,wheat,275,208,bnsh
GOSHEN,155,distributed,rye,102,128,bush
GOSHEN,155,distributed,barley,9,178,bush
GOSHEN,155,distributed,oats,400,1200,bush
GOSHEN,155,distributed,potatoes,2498,7495,bush
GOSHEN,155,distributed,other csculcnt vegetables,12,500,bush
GOSHEN,155,distributed,.millet,7476,1246,tons
GOSHEN,155,distributed,Fruit raised,400,1600,bush
GOSHEN,155,Butter  l bs,cheese i,1479,62,lbs
GOSHEN,155,distributed,Maple Sugar,1255,15693,lbs
GOSHEN,155,distributed,Bark prepared,1200,400,cords
GOSHEN,155,distributed,Lumber prepared,2855,571000,feet
GOSHEN,155,distributed,Broom Handles :,2625350,350000,
GOSHEN,155,energy imports,V.  wood  turned,,,
GRANBY,155,Woollen Mills,wool consumed,30250,46000,lbs
GRANBY,155,Woollen Mills,satinet,1000,55000,yds
GRANBY,155,Woollen Mills,flannel or blanketing,,2000,yds
GRANBY,155,Paper Manufactories,stock consumed,7200,142,tons
GRANBY,155,Paper Manufactories,paper,,90,tons
GRANBY,156,distributed,Palm-leaf Hats,819,4815,
GRANBY,156,distributed,Fire Wood prepared,6964,3095,cords
GRANBY,156,energy imports,Sperm Oil consumed in man ufacturing,92,115,galls
GRANBY,156,energy imports,other kinds  oil,361,550,galls
GRANBY,156,distributed,other   American production excepting cotton wool and iron consum­ ed in manufacturing,1624,,
GRANBY,156,distributed,other   eign productions excepting as above  consumed,1400,,
GRANBY,156,distributed,Horses,8650,71,head
GRANBY,156,distributed,neat cattle,23016,959,head
GRANBY,156,distributed,swine,2302,275,head
GRANBY,156,distributed,Indian Corn or Maize raised,741,10509,bush
GRANBY,156,distributed,wheat,102,68,bush
GRANBY,156,distributed,rye,3696,5280,bush
GRANBY,156,distributed,oats,1561,4729,bush
GRANBY,156,distributed,buckwheat raised,200,400,bush
GRANBY,156,distributed,onions,113,150,bush
GRANBY,156,distributed,turnips,100,400,bush
GRANBY,156,distributed,beans,75,50,bush
GRANBY,156,distributed,potatoes,2298,13195,
GRANBY,156,distributed,hay,16874,2596,
GRANBY,156,distributed,Fruit raised,1033,3129,bush
GRANBY,156,distributed,Butter,7343,52452,lbs
GRANBY,156,distributed,honey,765,898,lbs
GRANBY,156,distributed,beeswax,153,23,
GREENWICH,156,Woollen Mills,wool consumed,1500,2500,lbs
GREENWICH,156,Woollen Mills,cassimere,,1600,yds
GREENWICH,156,Scythe Man ufactories,scythes,6000,850,doz
GREENWICH,156,Brush Manufactories,brushes,200,,
GREENWICH,156,distributed,Wagons,350,,
GREENWICH,156,distributed,Boots,525,100,pairs
GREENWICH,156,distributed,shoes,,100,pairs
GREENWICH,156,distributed,boots and shoes,,,
GREENWICH,156,distributed,Palm-leaf  Hats,80003000,31000,
GREENWICH,156,distributed,. V.   Pails,,,
GREENWICH,157,distributed,Lumber prepared,2100,200000,feet
GREENWICH,157,distributed,lum­ ber and shingles,,,
GREENWICH,157,distributed,Sheep total,1058,846,head
GREENWICH,157,distributed,Wool total,837,2470,lbs
GREENWICH,157,distributed,Horses,6097,113,head
GREENWICH,157,distributed,neat cattle,11655,668,head
GREENWICH,157,distributed,swine,3354,301,head
GREENWICH,157,distributed,Indian Com or Maize raised,4250,5667,bush
GREENWICH,157,distributed,wheat,60,40,bush
GREENWICH,157,distributed,rye,2593,3458,bush
GREENWICH,157,distributed,oats,1375,3447,bnsh
GREENWICH,157,distributed,potatoes,2700,9120,bush
GREENWICH,157,distributed,beans rais­ ed,137,110,bush
GREENWICH,157,distributed,buck wheat,435,871,bush
GREENWICH,157,distributed,other esculent vegetables,100,1223,tons
GREENWICH,157,distributed,hay,8143,,
GREENWICH,157,distributed,Fruit raised,45,100,bush
GREENWICH,157,distributed,hops,200,1850,lbs
GREENWICH,157,distributed,tobacco,40,700,lbs
GREENWICH,157,distributed,Butter,2230,14865,lbs
GREENWICH,157,distributed,cheese,1100,20700,lbs
GREENWICH,157,Establishments  Plating Harness and Carriage Trimming,trimmings,5000,,
GREENWICH,157,distributed,Poultry,543,,
GREENWICH,157,distributed,Lead Pipe,1200,,
HADLEY,157,distributed,Cutlery,75,,
HADLEY,157,distributed,Broom Screws,100,,
HADLEY,157,distributed,Iron Butts or Hinges,40,100,
HADLEY,157,distributed,Corn Brooms,7000,100000,
HADLEY,157,Saddle Harness and Trunk Manufactories,Saddle Harness and Trunk,90,,
HADLEY,157,Card Manufactories,cards,495,,
HADLEY,157,Chair and  Cabinet  Ware  Manufactories,Chair and  Cabinet  Ware,700,,
HADLEY,157,Glue Maoufactories and Mann factories  the Preparation  Gu.ms,glue and gu ms,1000,,
HADLEY,157,distributed,leather tanned and curried,2500,,
HADLEY,157,distributed,Boots,3083,487,pairs
HADLEY,157,distributed,shoes,,1400,pairs
HADLEY,157,distributed,boots and shoes,,,
HADLEY,158,distributed,Palm-leaf  Hats,7707,46022,
HADLEY,158,distributed,Bricks,372,93000,
HADLEY,158,distributed,Pumps,205,,
HADLEY,158,distributed,Corn and  other  Brooms,83102,599369,
HADLEY,158,distributed,Lumber prepared,24304,1201000,feet
HADLEY,158,distributed,Fire Wood prepared,3151,1364,cords
HADLEY,158,distributed,Boats Built,173,5,
HADLEY,158,distributed,Sheep total,1764,1483,head
HADLEY,158,distributed,wool  produced,1389,3969,lbs
HADLEY,158,distributed,·,,,
HADLEY,158,distributed,Horses,16322,302,head
HADLEY,158,distributed,neat cattle,27048,1278,head
HADLEY,158,distributed,swine,8360,831,head
HADLEY,158,distributed,Indian Corn or Maize raised,17886,26696,bush
HADLEY,158,distributed,wheat,606,485,bush
HADLEY,158,distributed,rye,5452,7,bush
HADLEY,158,distributed,i,3044,20,bush
HADLEY,158,distributed,oa ts,3327,9223,bush
HADLEY,158,distributed,potatoes,500,10082,bush
HADLEY,158,distributed,other esculent vegetables,24739,1999,tons
HADLEY,158,distributed,hay,,3059,
HADLEY,158,distributed,Fruit  raised,1310,3749,bush
HADLEY,158,distributed,tobacco,,16990,lbs
HADLEY,158,distributed,Butter,6155,49238,lbs
HADLEY,158,distributed,cheese,810,13495,lbs
HADLEY,158,distributed,honey,73,431,lbs
HADLEY,158,distributed,Broom Brush  raised,31232,503859,lbs
HADLEY,158,distributed,broom seed,7843,31372,
HADLEY,158,distributed,Beans raised,103,15,bush
HADLEY,158,distributed,Felloes  :,2225,43500,
HADLEY,158,distributed,wagon hubs,50,100,
HADLEY,158,distributed,Bungs,75,25000,
HADLEY,158,distributed,Cultivators,60,12,
HADLEY,158,distributed,Childrens' Wagons,1800,3600,
HADLEY,158,distributed,Wire drawn,6000,4000,lbs
HATFIELD,158,distributed,Boots,331,415,pairs
HATFIELD,158,distributed,shoes,,350,pairs
HATFIELD,158,distributed,boots  and shoes,,,
HATFIELD,158,distributed,Palm-leaf  Hats,1862,11175,
HATFIELD,158,distributed,Brooms and Brushes,40950,312000,
HATFIELD,159,distributed,Lumber prepared,13500,136000,feet
HATFIELD,159,distributed,Fire Wood prepared,1275,850,cords
HATFIELD,159,distributed,Sheep total,2330,932,head
HATFIELD,159,distributed,Wool total,913,3262,lbs
HATFIELD,159,distributed,Horses,8410,190,head
HATFIELD,159,distributed,neat  cattle,34411,1089,head
HATFIELD,159,distributed,swine,4665,311,head
HATFIELD,159,distributed,Indian Corn or Maize raised,10560,15840,bush
HATFIELD,159,distributed,wheat,1893,1893,bush
HATFIELD,159,distributed,rye,2030,2706,bush
HATFIELD,159,distributed,oats,1090,3272,bush
HATFIELD,159,distributed,potatoes,1685,5056,bush
HATFIELD,159,distributed,hay,20315,2216,tons
HATFIELD,159,distributed,Fruit raised,500,1500,bush
HATFIELD,159,distributed,Butter,6250,50000,lbs
HATFIELD,159,distributed,cheese,192,3200,lbs
MIDDLEFIELD,159,Woollen Mills,wool consumed,5,85000,lbs
MIDDLEFIELD,159,Woollen Mills,broadcloth,3200,30000,yds
MIDDLEFIELD,159,Woollen Mills,sntinet,,6200,yds
MIDDLEFIELD,159,Tanneries,hides tanned,4000,750,
MIDDLEFIELD,159,Tanneries,leather tanned and curried,,,
MIDDLEFIELD,159,distributed,Wooden Bowls,600,15000,feet
MIDDLEFIELD,159,distributed,Lumber prepared,1452,264000,feet
MIDDLEFIELD,159,distributed,Fire Wood prepared,225,150,cords
MIDDLEFIELD,159,distributed,Horses,4200,105,head
MIDDLEFIELD,159,distributed,neat  cattle,11223,558,head
MIDDLEFIELD,159,distributed,swine,500,125,head
MIDDLEFIELD,159,distributed,Indian Corn or Maize raised,1168,1558,bush
MIDDLEFIELD,159,distributed,wheat,73,58,bush
MIDDLEFIELD,159,distributed,rye,47,64,bush
MIDDLEFIELD,159,distributed,ba rley,152,1253,bush
MIDDLEFIELD,159,distributed,oats,692,1483,bush
MIDDLEFIELD,159,distributed,potatoes,2268,5671,bush
MIDDLEFIELD,159,distributed,other esculen t vegetables,5,300,bush
MIDDLEFIELD,159,distributed,hay,15772,2462,tons
MIDDLEFIELD,159,distributed,Fruit raised,468,7792,bush
MIDDLEFIELD,159,distributed,Butter,2622,21846,lbs
MIDDLEFIELD,159,distributed,cheese,483,9650,lbs
NORTHAMPTON,160,Woollen Mills,broadcloth,,71786,yds
NORTHAMPTON,160,Woollen Mills,cassimere,,20428,yds
NORTHAMPTON,160,Silk Manufactories,sewing silk,41500,6100,lbs
NORTHAMPTON,160,Furnaces  m.  Hollow Ware and Castings other than Pig  Iron,hollow  ware  and  castings,5000,100,tons
NORTHAMPTON,160,Paper Manufactories,stock consumed,64250,468000,lbs
NORTHAMPTON,160,Paper Manufactories,pa­ per,,28500,reams
NORTHAMPTON,160,Establishmen ts  m.  Gold and Silver Ware and Jewelry,art icles,1800,,
NORTHAMPTON,160,Saddle Harness and Trun k Mauufactorics,Saddle Harness and Trun k Mauufactorics,3000,,
NORTHAMPTON,160,Hat and Cap Manufoctories,hats and caps,2850,1800,
NORTHAMPTON,160,Establishments    m.   Coaches  Chaises  Wagons  and other Vehicles,vehicles,2100,,
NORTHAMPTON,160,Soap and Tallow  Candle  Man ufactories,soap,650,250,bbls
NORTHAMPTON,160,Chair  and  Cabinet  Ware  Manufactories,Chair  and  Cabinet  Ware,8300,,
NORTHAMPTON,160,Tin Ware Manufactories,ware,3800,,
NORTHAMPTON,160,Tanneries,leather tanned and curried,4000,,
NORTHAMPTON,160,distributed,Boots,5780,1400,pairs
NORTHAMPTON,160,distributed,shoes,,2700,pairs
NORTHAMPTON,160,distributed,boots and shoes,,,
NORTHAMPTON,160,distributed,Straw Bonnets and Hats,15000,8000,
NORTHAMPTON,160,distributed,Bricks,1900,475000,
NORTHAMPTON,160,distributed,Corn and other Brooms,2263,16100,
NORTHAMPTON,160,distributed,Lumber prepared,6093,677000,feet
NORTHAMPTON,160,distributed,Fire Wood prepared,9540,6416,cords
NORTHAMPTON,160,energy imports,Sperm Oil consumed in manufacturing,,23000,galls
NORTHAMPTON,160,energy imports,other kinds   oil,,4000,galls
NORTHAMPTON,161,distributed,Sheep total see species,3796,3682,lbs
NORTHAMPTON,161,distributed,other  wool,3536,,
NORTHAMPTON,161,distributed,Saxony Sheep,,580,head
NORTHAMPTON,161,distributed,merino,,1374,head
NORTHAMPTON,161,distributed,other kinds  sheep,,1207,head
NORTHAMPTON,161,distributed,Saxony wool produced   lbs.,,1125,lbs
NORTHAMPTON,161,distributed,merino    lbs.,,3976,lbs
NORTHAMPTON,161,distributed,Horses,28791,526,head
NORTHAMPTON,161,distributed,neat cattle,28873,1355,head
NORTHAMPTON,161,distributed,swine,4380,711,head
NORTHAMPTON,161,distributed,Indian Com or Maize raised :,13674,27347,bush
NORTHAMPTON,161,distributed,wheat,750,750,bush
NORTHAMPTON,161,distributed,rye,3240,4863,bush
NORTHAMPTON,161,distributed,bar­ ley,45,60,bush
NORTHAMPTON,161,distributed,oats,1738,6952,bush
NORTHAMPTON,161,distributed,potatoes,4984,19935,bush
NORTHAMPTON,161,distributed,other esculent vegetbles .,1282,4042,bush
NORTHAMPTON,161,distributed,hay,35530,3740,tons
NORTHAMPTON,161,distributed,Fruit raised,4018,16002,bush
NORTHAMPTON,161,distributed,hops,5,45,lbs
NORTHAMPTON,161,distributed,tobacco,1073,18260,lbs
NORTHAMPTON,161,distributed,Raw Silk raised,350,75,lbs
NORTHAMPTON,161,distributed,Butter,6512,52100,lbs
NORTHAMPTON,161,distributed,cheese,296,4230,lbs
NORTHAMPTON,161,distributed,honey,116,585,lbs
NORTHAMPTON,161,distributed,beeswax,69,229,lbs
NORTHAMPTON,161,distributed,Broom Brush raised,12025,240500,lbs
NORTHAMPTON,161,distributed,broom seed,2855,11419,bush
NORTHAMPTON,161,Coopers' Establishments,hogsheads,560,240,
NORTHAMPTON,161,Bookbinderies,Bookbinderies,,,
NORTHAMPTON,161,Printing  fices,Printing  fices,,,
NORTHAMPTON,161,Job Printing fices,Job Printing fices,,,
NORTHAMPTON,161,Turning  Machines,Turning  Machines,,,
NORTHAMPTON,161,Grist Mills,grain ground,,46500,bush
NORWICH,161,Woollen  Mills,satinet,1250,2000,yds
NORWICH,161,Flou ring  Mills,flour,3500,1000,bbls
NORWICH,161,Tanneries,leather tanned and curried,375,,
NORWICH,162,distributed,Boots,700,200,pairs
NORWICH,162,distributed,shoes,,300,pairs
NORWICH,162,distributed,boots and shoes,,,
NORWICH,162,distributed,Palm-leaf  Hats,40,145,
NORWICH,162,distributed,Lumber prepared,2052,342000,feet
NORWICH,162,distributed,Fire Wood prepared,1224,632,cords
NORWICH,162,distributed,Sheep total see species,2915,1058,lbs
NORWICH,162,distributed,other kinds   wool,1810,,
NORWICH,162,distributed,Merino Sheep,,1212,head
NORWICH,162,distributed,other kinds  sheep,,293,head
NORWICH,162,distributed,merino wool produced  lbs.,,3769,lbs
NORWICH,162,distributed,all the wool,,,
NORWICH,162,distributed,Horses,2495,83,head
NORWICH,162,distributed,neat  cattle,12233,654,head
NORWICH,162,distributed,swine -,642,102,head
NORWICH,162,distributed,Indian Corn or Maize raised,1750,2641,bush
NORWICH,162,distributed,wheat,18,14,bush
NORWICH,162,distributed,rye,256,365,bush
NORWICH,162,distributed,oats,745,2237,bush
NORWICH,162,distributed,potatoes,1355,5376,bush
NORWICH,162,distributed,other  esculent vegetables,86,80,bush
NORWICH,162,distributed,hay,7560,1260,tons
NORWICH,162,distributed,Fruit raised,743,6387,bush
NORWICH,162,distributed,Butter,2475,2493,lbs
NORWICH,162,distributed,cheese,442,8845,lbs
NORWICH,162,distributed,honey,22,175,lbs
NORWICH,162,Scythe Stones prepared,Scythe Stones prepared,1100,,
PELHAM,162,distributed,Wagons,9625,175,
PELHAM,162,distributed,Boots,261,1167,pairs
PELHAM,162,distributed,shoes,,560,pairs
PELHAM,162,distributed,boots and shoes,,,
PELHAM,162,distributed,Palm-leaf Hats,7183,46367,
PELHAM,162,distributed,Building Stone quarried  and prepared,1000,,
PELHAM,162,distributed,Lumber prepared,1648,2061000,feet
PELHAM,162,distributed,Fire Wood prepared,450,450,cords
PELHAM,162,distributed,Sheep total,350,350,head
PELHAM,162,distributed,Horses   i,3165,9,head
PELHAM,162,distributed,neat   cattle,10842,615,head
PELHAM,162,distributed,swine,660,165,head
PELHAM,162,distributed,Indian Corn or Maize raised,3175,4233,bush
PELHAM,162,distributed,rye .,954,1271,bush
PELHAM,162,distributed,barley S,43,6,bush
PELHAM,162,distributed,oats i,905,216,bush
PELHAM,162,distributed,potatoes,2274,9095,bush
PELHAM,162,distributed,hay,7928,991,tons
PELHAM,162,distributed,Fruit raised,947,6779,bush
PELHAM,163,distributed,Butter,2299,15324,lbs
PELHAM,163,distributed,cheese,437,8740,lbs
PELHAM,163,energy imports,Charcoal,540,13500,bush
PELHAM,163,distributed,Bench and Hand Screws,189,756,
PELHAM,163,distributed,Lasts,250,1200,
PELHAM,163,Woollen Mills,wool consnmed,1200,17500,lbs
PELHAM,163,Woollen Mills,cassimere,892,1300,yds
PELHAM,163,Woollen Mills,satinet,580,2400,yds
PELHAM,163,Woollen Mills,Kentucky jeans,200,2000,yds
PELHAM,163,Woollen Mills,flannel or  blanketing,,400,yds
PELHAM,163,distributed,Harnesses,600,60,
PELHAM,163,distributed,Cabinet Ware,100,,
PELHAM,163,Tanneries,or leather tanned and curried,18600,,
PELHAM,163,distributed,Boots,500,200,pairs
PELHAM,163,distributed,shoes,,200,pairs
PELHAM,163,distributed,hoots and shoes,,,
PELHAM,163,distributed,Palm-leaf  Hats,3831,26,
PELHAM,163,distributed,Bricks,260,65000,
PELHAM,163,distributed,Wooden   Ware   including   Farming  Utensils,3579,,
PELHAM,163,distributed,Lumber prepared,439,102500,feet
PELHAM,163,distributed,Fire Wood prepared,339,339,cords
PELHAM,163,distributed,Sheep total see species,5305,,
PELHAM,163,distributed,Wool total see species,3756,,
PELHAM,163,distributed,Saxony Sheep,,10,head
PELHAM,163,distributed,merino,,3527,head
PELHAM,163,distributed,Saxony wool produced  lbs.,,36,lbs
PELHAM,163,distributed,merino  lbs.,,9374,lbs
PELHAM,163,distributed,Horses,5510,152,head
PELHAM,163,distributed,neat cattle,9415,607,head
PELHAM,163,distributed,swine,1200,147,head
PELHAM,163,distributed,Indian Corn or .Maize raised,1358,2027,bush
PELHAM,163,distributed,wheat,370,296,bush
PELHAM,163,distributed,rye,29,44,bush
PELHAM,163,distributed,barley,256,513,bush
PELHAM,163,distributed,oats,616,1849,bush
PELHAM,163,distributed,potatoes,3386,13546,bush
PELHAM,163,distributed,hay,8123,1625,tons
PELHAM,163,distributed,flax,2,25,lbs
PELHAM,163,distributed,Fruit raised,503,2030,bush
PELHAM,163,distributed,Butter,1190,20820,lbs
PELHAM,163,distributed,cheese,878,17560,lbs
PELHAM,163,distributed,honey,45,,
PELHAM,163,distributed,beeswax,4,12,lbs
PELHAM,164,distributed,Maple Sugar,1796,25661,lbs
PELHAM,164,distributed,molasses,98,146,galls
PELHAM,164,distributed,Window Sashes,65,1540,lights
PRESCOTT,164,distributed,Boots,838,175,pairs
PRESCOTT,164,distributed,shoes,,400,pairs
PRESCOTT,164,distributed,boots and shoes,,,
PRESCOTT,164,distributed,Palm-leaf Hats,6822,34110,
PRESCOTT,164,distributed,Bricks,200,50000,
PRESCOTT,164,distributed,Lum ber prepared,4200,600000,feet
PRESCOTT,164,distributed,Fire Wood prepared,100,100,cords
PRESCOTT,164,distributed,Sheep total,491,491,head
PRESCOTT,164,distributed,Horses,3320,83,head
PRESCOTT,164,distributed,neat  cattle,12447,630,head
PRESCOTT,164,distributed,swine,848,106,head
PRESCOTT,164,distributed,Indian Corn or Maize raised,1989,2652,bush
PRESCOTT,164,distributed,wheat,54,43,bush
PRESCOTT,164,distributed,rye,533,710,bush
PRESCOTT,164,distributed,barley,354,472,bush
PRESCOTT,164,distributed,oats,813,2464,bush
PRESCOTT,164,distributed,potatoes,2500,10000,bush
PRESCOTT,164,distributed,hay,8967,1281,tons
PRESCOTT,164,distributed,Fruit raised,375,1500,bush
PRESCOTT,164,distributed,Butter,1450,10355,bush
PRESCOTT,164,distributed,cheese,2301,46025,lbs
PRESCOTT,164,distributed,honey,62,445,lbs
PRESCOTT,164,Woollen Mills,wool consumed,8000,40000,lbs
PRESCOTT,164,Woollen Mills,cassimere,20000,110000,yds
PRESCOTT,164,Woollen Mills,satinet,,40000,yds
PRESCOTT,164,Pearl Button Manufactories,buttons,5120,14625,tonsgroce
PRESCOTT,165,Saddle Harness and Trunk Manufactories,Saddle Harness and Trunk,1000,,
PRESCOTT,165,Establishments  m.  Coaches Chaises and other Ve­hicles,vehicles,9000,,
PRESCOTT,165,Tanneries,hides tanned,10710,2940,
PRESCOTT,165,Tanneries,leather tanned and curried,,,
PRESCOTT,165,distributed,Boots,2800,600,pairs
PRESCOTT,165,distributed,shoes,,1275,pairs
PRESCOTT,165,distributed,boots and shoes,,,
PRESCOTT,165,distributed,Bricks,250,80000,
PRESCOTT,165,distributed,Corn and other Brooms,240,2000,
PRESCOTT,165,distributed,Sheep total,1000,725,head
PRESCOTT,165,distributed,wool prod uced -,650,2166,lbs
PRESCOTT,165,distributed,Horses,5280,176,head
PRESCOTT,165,distributed,neat  cattle,10179,783,head
PRESCOTT,165,distributed,swine,609,203,head
PRESCOTT,165,distributed,Indian Corn or Maize raised,4500,7497,bush
PRESCOTT,165,distributed,whea t,285,228,bush
PRESCOTT,165,distributed,rye,1584,2640,bush
PRESCOTT,165,distributed,oats,140,4896,bush
PRESCOTT,165,distributed,potatoes,1000,5842,bush
PRESCOTT,165,distributed,hay,190,2,bush
PRESCOTT,165,distributed,Fruit  raised,1000,3428,bush
PRESCOTT,165,distributed,tobacco,360,6000,lbs
PRESCOTT,165,distributed,Butter,4000,32000,lbs
PRESCOTT,165,distributed,cheese,445,7415,lbs
SOUTHAMPTON,165,distributed,Satinet,375,500,yds
SOUTHAMPTON,165,Plough  Manufactories,ploughs,290,30,
SOUTHAMPTON,165,Saddle Harness and Trunk Manufactories,Saddle Harness and Trunk,500,,
SOUTHAMPTON,165,Tin Ware Manufactories,ware,500,,
SOUTHAMPTON,165,Grist Mills,grain ground,,20000,bush
SOUTHAMPTON,165,Tanneries,leather tanned  and  curried,5000,,
SOUTHAMPTON,165,distributed,Bricks,15000,500000,
SOUTHAMPTON,165,distributed,Lumber prepared,296,29600,feet
SOUTHAMPTON,165,distributed,Fire Wood prepared,549,366,cords
SOUTHAMPTON,166,distributed,Sheep total,1125,1500,head
SOUTHAMPTON,166,distributed,wool  produced,1125,3750,lbs
SOUTHAMPTON,166,distributed,Horses,8820,210,head
SOUTHAMPTON,166,distributed,neat cattle,12630,842,head
SOUTHAMPTON,166,distributed,swine,1520,380,head
SOUTHAMPTON,166,distributed,Indian Corn or Maize raised,4265,6825,bush
SOUTHAMPTON,166,distributed,rye,117,5871,bush
SOUTHAMPTON,166,distributed,oats,4109,5344,bnsh
SOUTHAMPTON,166,distributed,buck wheat raised,1817,1000,bnsh
SOUTHAMPTON,166,distributed,potatoes,400,9406,bush
SOUTHAMPTON,166,distributed,other escnlen t  vegetables,23,1200,bush
SOUTHAMPTON,166,distributed,hay,300,1725,tons
SOUTHAMPTON,166,distributed,Fruit raised,620,2000,bnsh
SOUTHAMPTON,166,distributed,Butter,3301,26411,lbs
SOUTHAMPTON,166,distributed,cheese,318,5300,lbs
SOUTHAMPTON,166,distributed,honey · l bs,52,4181,lbs
SOUTHAMPTON,166,distributed,beeswax,12,40,
SOUTHAMPTON,166,distributed,Hogshead Shooks,1292,1615,
SOUTHAMPTON,166,Rail-road Sleepers prepared,Rail-road Sleepers prepared,2384,,
SOUTHAMPTON,166,Baskets,Baskets,500,,
SOUTHAMPTON,166,distributed,Poultry,300,,
SOUTHAMPTON,166,distributed,Eggs,500,,
WARE,166,Cotton Mills,Cotton Mills,,,
WARE,166,Woollen Mills,wool consumed,125000,225000,lbs
WARE,166,Woollen Mills,cassimere,50000,120000,yds
WARE,166,Woollen Mills,flannel,,100000,yds
WARE,166,Saddle Harness and Trunk Manufactories,Saddle Harness and Trunk,500,,
WARE,166,Hat  Manufactories,Hat,10002200,,
WARE,166,Soap Manufactories,soap,7,15,bbls
WARE,166,Chair and Cabinet Ware . Manufactories,Chair and Cabinet Ware .,4000,,
WARE,166,Tin Ware Manufactories,ware,4000,,
WARE,166,distributed,Boots,12000,2400,pairs
WARE,166,distributed,shoes,,5300,pairs
WARE,166,distributed,boots and shoes,,,
WARE,167,distributed,Florence and Fancy Bonnets,80000,26000,
WARE,167,distributed,palm­ leaf hats,4000,20000,
WARE,167,distributed,Bricks,500,100000,
WARE,167,distributed,Sheep total see species,2400,,
WARE,167,distributed,nil the wool,2550,,
WARE,167,distributed,Merino Sheep,,1208,head
WARE,167,distributed,other sheep,,240,head
WARE,167,distributed,merino wool  prod uced  lbs.,,3500,lbs
WARE,167,distributed,other wool  lbs.,,900,lbs
WARE,167,distributed,Horses,11200,224,head
WARE,167,distributed,neat  cattle,24305,1211,head
WARE,167,distributed,swine,1620,231,head
WARE,167,distributed,Indian Corn or Maize raised,5411,8092,bush
WARE,167,distributed,buck­ wheat,174,349,bush
WARE,167,distributed,rye ii,2471,295,bush
WARE,167,distributed,bar­ ley,20,30,bush
WARE,167,distributed,oats,2375,7921,bush
WARE,167,distributed,potatoes,3517,14071,bush
WARE,167,distributed,other esculent vegetables :,1060,5300,bush
WARE,167,distributed,hay,17654,2522,tons
WARE,167,distributed,Fruit raised,1653,8268,bush
WARE,167,distributed,Butter,4545,32465,lbs
WARE,167,distributed,cheese,3708,59806,lbs
WARE,167,distributed,honey,57,356,lbs
WARE,167,distributed,beeswax,5,16,lbs
WARE,167,Curriers' establishments,prits $,,4664,
WARE,167,Auger Manufactories,Auger,1650,,
WARE,167,distributed,Weavers' Harnesses,1000,,
WARE,167,distributed,Milk sold,800,,
WARE,167,distributed,Hoes,200,400,
WARE,167,Brass Foundries and Silver Plating Establishments,Brass,2700,,
WARE,167,Tanneries,hides  ta n ned,350,380,
WARE,167,Tanneries,leather tan ned and curried,,,
WARE,167,distributed,Lumber prepared,1881,233000,feet
WARE,167,distributed,FireWood prepa red,1338,705,cords
WARE,167,distributed,Bark prepared,976,217,cords
WARE,167,energy imports,Charcoal  prepared,751,11850,bush
WARE,167,distributed,Sheep total see species,2979,1025,lbs
WARE,167,distributed,Saxony wool prod uced,1950,2612,lbs
WARE,167,distributed,Saxon y Sheep,,377,head
WARE,167,distributed,merino,,1027,head
WARE,167,distributed,other sheep,,489,head
WARE,167,distributed,Saxony wool prod uced  lbs.,,1025,lbs
WARE,167,distributed,me­ rino,,,
WARE,167,distributed,other wool  lbs.,,1500,lbs
WARE,167,distributed,Horses,6365,128,head
WARE,167,distributed,neat cattle .,12997,718,head
WARE,167,distributed,swine,1057,151,head
WARE,168,distributed,Indian Corn or Maize raised,1922,2962,bush
WARE,168,distributed,wheat,34,27,bush
WARE,168,distributed,rye,981,1401,bush
WARE,168,distributed,oats,497,1507,bnsh
WARE,168,distributed,potatoes,3148,7870,bush
WARE,168,distributed,other escu­ lent  vegetables,123,496,bush
WARE,168,distributed,hay,9432,1166,tons
WARE,168,distributed,Fruit raised,1376,7677,bnsh
WARE,168,distributed,Butter,3750,30000,lbs
WARE,168,distributed,cheese,358,5720,lbs
WARE,168,distributed,honey,68,400,lbs
WARE,168,distributed,beeswax,13,40,lbs
WARE,168,distributed,axe helves and bobbins,486,200,doz
WARE,168,distributed,Maple Sugar,517,5744,lbs
WILLIAMSBURG,168,Woollen Mills,wool consumed -,4500,36500,lbs
WILLIAMSBURG,168,Woollen Mills,broadcloth,3000,2250,yds
WILLIAMSBURG,168,Woollen Mills,cassimere,12500,4000,yds
WILLIAMSBURG,168,Woollen Mills,satinet,1200,25000,yds
WILLIAMSBURG,168,Woollen Mills,tlan­ nel,,3000,yds
WILLIAMSBURG,168,distributed,Yarn  and not made into Hosiery,2400,3200,lbs
WILLIAMSBURG,168,Furnaces  m.  Hollow Ware and Castings other than Pig Iron,hollow ware and castings,8000,90,tons
WILLIAMSBURG,168,Axe Manufactories,axes hatchets and other edge tools,2607,237,doz
WILLIAMSBURG,168,Establishments    m.   Cutlery,cutlery,1500,,
WILLIAMSBURG,168,Establishmen ts   m.   Hoes,hoes,2000,4000,
WILLIAMSBURG,168,Coverd Button Man ufactorics,buttons,175000,225000,tonsgroce
WILLIAMSBURG,168,distributed,Wood Button Moulds,600,1200,groce
WILLIAMSBURG,168,distributed,Horn Buttons,30060,60000,groce
WILLIAMSBURG,168,distributed,horn used,,6000,tons
WILLIAMSBURG,169,distributed,Japanned Buttons,15000,78000,tonsgroce
WILLIAMSBURG,169,Saddle Harness and Trunk Manufactories,Saddle Harness and Trunk,1200,,
WILLIAMSBURG,169,Flouring Mills,Flouring Mills,,,
WILLIAMSBURG,169,Tanneries,leather tanned and curried,5000,,
WILLIAMSBURG,169,distributed,Boots,2200,725,pairs
WILLIAMSBURG,169,distributed,shoes,,800,
WILLIAMSBURG,169,distributed,boots and shoes,,,
WILLIAMSBURG,169,distributed,Palm-leaf  Hats,3000,18000,
WILLIAMSBURG,169,distributed,Building Stone qnarried and prepared,500,,
WILLIAMSBURG,169,distributed,Steel  Pens,15000,30000,groce
WILLIAMSBURG,169,distributed,Lumber prepared ',2800,397000,feet
WILLIAMSBURG,169,distributed,Fire Wood ·prepared,3500,2000,cords
WILLIAMSBURG,169,energy imports,Sperm Oil consu med in man ufact uring »,950,90,galls
WILLIAMSBURG,169,energy imports,lard oil,300,400,galls
WILLIAMSBURG,169,energy imports,anthraci te coal consumed in manufacturi ng,200,20,tons
WILLIAMSBURG,169,energy imports,art icles  eign pro­ duction excepti ng cotton wool and iron consumed in man u­ facturing,80000,,
WILLIAMSBURG,169,distributed,Horses,7000,152,head
WILLIAMSBURG,169,distributed,neat cattle,10667,707,head
WILLIAMSBURG,169,distributed,swine,700,138,head
WILLIAMSBURG,169,distributed,Indian Corn or Maize raised,100,3180,bush
WILLIAMSBURG,169,distributed,wheat,342,2130,bush
WILLIAMSBURG,169,distributed,rye,300,100,bush
WILLIAMSBURG,169,distributed,oats,11067,456,bush
WILLIAMSBURG,169,distributed,potatoes,1375,867,bush
WILLIAMSBURG,169,distributed,other escu­ lent vegetables,16000,3200,tons
WILLIAMSBURG,169,distributed,hay,,2000,
WILLIAMSBURG,169,distributed,Fruit raised,850,12650,bush
WILLIAMSBURG,169,distributed,Teazles raised,1418,1418000,
WILLIAMSBURG,169,distributed,Butter,3575,28605,lbs
WILLIAMSBURG,169,distributed,cheese,655,13115,lbs
WILLIAMSBURG,169,distributed,honey,60,430,lbs
WILLIAMSBURG,169,distributed,Lather Boxes (glassed),1200,150,groce
WILLIAMSBURG,169,Blacksmiths' Shops,labor,1000,,
WILLIAMSBURG,169,distributed,Carpenters' work done,3000,,
WILLIAMSBURG,169,Carding Fulling  and  Finishing  Machines,labor,600,,
WORTHINGTON,170,Hat and Cap Manufactories,Hat and Cap,1100,,
WORTHINGTON,170,Tanneries,leather tanned and curried.,37500,,
WORTHINGTON,170,distributed,Boots,1800,400,pairs
WORTHINGTON,170,distributed,shoes,,800,pairs
WORTHINGTON,170,distributed,boots  and shoes,,,
WORTHINGTON,170,distributed,Lumber prepared,1600,400000,feet
WORTHINGTON,170,distributed,wool  produced,16032,32064,lbs
WORTHINGTON,170,distributed,Horses,6700,167,head
WORTHINGTON,170,distributed,neat cattle,17695,920,head
WORTHINGTON,170,distributed,swine,644,161,head
WORTHINGTON,170,distributed,Ind ia n Corn or Maize raised,1726,2589,bush
WORTHINGTON,170,distributed,wheat,697,658,bush
WORTHINGTON,170,distributed,barley,395,789,bush
WORTHINGTON,170,distributed,oa ts,1912,5737,bush
WORTHINGTON,170,distributed,potatoes,6681,20042,bush
WORTHINGTON,170,distributed,hay,20178,3363,tons
WORTHINGTON,170,distributed,Fruit raised,375121,3000,bush
WORTHINGTON,170,distributed,Butter,3730,37300,lbs
WORTHINGTON,170,distributed,cheese,550,10800,lbs
WORTHINGTON,170,distributed,Maple Sugar,2600,37280,lbs
WORTHINGTON,170,distributed,Painted Curtain Blinds,2900,,
WORTHINGTON,170,distributed,Children's Waons,3000,,
WORTHINGTON,170,distributed,Carpenters'  Planes,3000,,
