city,page,site,goods,value,quantity,units
ACTON,38,Hat and  Cap Manufactories,hats  and  caps,2500,2500,
ACTON,38,Powder Mills,powder,30000,12000,casks
ACTON,39,distributed,Boots,16000,3080,pairs
ACTON,39,distributed,shoes,,12400,pairs
ACTON,39,distributed,boots and shoes,,,
ACTON,39,distributed,straw braid,50,50,
ACTON,39,distributed,palm-leaf hats,10,,
ACTON,39,distributed,Building Stone quarried and prepared,1000,,
ACTON,39,distributed,Lumber prepared,46000,460000,feet
ACTON,39,distributed,Fire Wood prepared,2045,818,cords
ACTON,39,distributed,Sheep total,124,62,head
ACTON,39,distributed,Wool total,82,248,lbs
ACTON,39,distributed,Horses,51880,147,head
ACTON,39,distributed,neat cattle,17200,868,head
ACTON,39,distributed,swine,3420,342,head
ACTON,39,distributed,Indian Corn or Maize raised,3616,5166,bush
ACTON,39,distributed,wheat,56,56,bush
ACTON,39,distributed,rye,774,1032,bush
ACTON,39,distributed,barley,141,236,bush
ACTON,39,distributed,oats,1414,4041,bush
ACTON,39,distributed,pota­ toes,4112,20560,bush
ACTON,39,distributed,other esculent vegetables,400,2000,bush
ACTON,39,distributed,millet,30,3,tons
ACTON,39,distributed,hay,17450,1745,tons
ACTON,39,distributed,Fruit raised,3722,9305,bush
ACTON,39,distributed,hops,664,8300,lbs
ACTON,39,distributed,Butter,5521,39440,lbs
ACTON,39,distributed,cheese,116,2910,lbs
ACTON,39,distributed,honey,36,295,lbs
ACTON,39,distributed,beeswax,3,10,lbs
ACTON,39,distributed,Pencils,4000,4000,groce
ACTON,39,distributed,bellows,1200,300,doz
ACTON,39,distributed,sashes and blinds,14000,,
ACTON,39,distributed,Grain ground,,60000,bush
ACTON,39,distributed,E. . Plaster ground,,5500,tons
ACTON,39,distributed,Berries sold,2000,,
ASHBY,39,distributed,Ink,40,1,
ASHBY,39,distributed,Saddles Harnesses and Trunks,975,,
ASHBY,39,Cordage  Manufactories,cordage,1000,,
ASHBY,39,distributed,Vehicles,650,,
ASHBY,39,Chair  Manufactories,Chair,1500,,
ASHBY,39,Tanneries,leather tanned and curried,2000,,
ASHBY,40,distributed,Boots,1418,321,pairs
ASHBY,40,distributed,shoes,,375,pairs
ASHBY,40,distributed,boots and shoes,,,
ASHBY,40,distributed,Palm-leaf hats,6306,37547,
ASHBY,40,distributed,Building Stone quarried and prepared,150,,
ASHBY,40,distributed,Grave Stones,750,,
ASHBY,40,distributed,Blocks and Pumps,72,,
ASHBY,40,distributed,Lumber prepared V.,1547,,
ASHBY,40,distributed,Fire Wood prepared,1263,542,cords
ASHBY,40,distributed,Sheep total,776,376,head
ASHBY,40,distributed,Wool total,8405,1227,lbs
ASHBY,40,distributed,Horses,981396,170,head
ASHBY,40,distributed,neat cattle,21142,1127,head
ASHBY,40,distributed,swine,1316,189,head
ASHBY,40,distributed,Indian Corn or Maize raised,3628,4837,bush
ASHBY,40,distributed,wheat,1200,1000,bush
ASHBY,40,distributed,rye,711,948,bush
ASHBY,40,distributed,barley,1083,2166,bush
ASHBY,40,distributed,oats,1479,3697,bush
ASHBY,40,distributed,pota­ toes,3512,14047,bush
ASHBY,40,distributed,other esculent vegetables,1144,5720,bush
ASHBY,40,distributed,Hay,15920,1881,tons
ASHBY,40,distributed,Fruit raised,1703,9909,bush
ASHBY,40,distributed,hops,57,706,lbs
ASHBY,40,distributed,Butter,6350,48765,lbs
ASHBY,40,distributed,cheese,402,8043,lbs
ASHBY,40,distributed,honey,3,20,lbs
ASHBY,40,energy imports,Charcoal,122,1525,bush
ASHBY,40,distributed,Barrels,1500,2500,
BEDFORD,40,distributed,Boots,33900,450,pairs
BEDFORD,40,distributed,shoes,,45050,
BEDFORD,40,distributed,boots and shoes,,,
BEDFORD,40,distributed,Lumber prepared,1485,64000,feet
BEDFORD,40,distributed,Fire Wood prepared,2428,1214,cords
BEDFORD,40,distributed,Sheep total,80,20,head
BEDFORD,40,distributed,Wool total,18,60,lbs
BEDFORD,40,distributed,Horses,5014,108,head
BEDFORD,40,distributed,neat cattle,9916,570,head
BEDFORD,40,distributed,swine,642,107,head
BEDFORD,40,distributed,Indian Corn or Maize raised,1936,2932,bush
BEDFORD,40,distributed,rye,357,446,bush
BEDFORD,40,distributed,barley,12,18,bush
BEDFORD,40,distributed,oats,710,1868,bush
BEDFORD,40,distributed,potatoes,366856,13102,bush
BEDFORD,40,distributed,other esculent vegetables,391,1955,tons
BEDFORD,40,distributed,hay,11388,1251,
BEDFORD,41,distributed,Fruit raised,869,2898,bush
BEDFORD,41,distributed,Butter,154950350,10330,lbs
BEDFORD,41,distributed,Milk,5770,64112,galls
BEDFORD,41,distributed,Carriages Harnesses and Tools,1500,,
BILLERICA,41,Establishments for bleaching or coloring Cotton Goods,Goods bleached or colored,11500,544044,yds
BILLERICA,41,Woollen  Mills,wool consumed,71440,114000,lbs
BILLERICA,41,Woollen  Mills,flannel,,357200,yds
BILLERICA,41,Mills for   Carpeting,wool consumed,,67800,lbs
BILLERICA,41,Mills for   Carpeting,Carpeting  .,,58416,yds
BILLERICA,41,distributed,.Machinery,10500,70,
BILLERICA,41,distributed,leather-spliting machines,,,
BILLERICA,41,Establishments for   Rail-road Cars Coaches Chaises and other Vehicles,vehicles,985,,
BILLERICA,41,Soap and Tallow  Candle Manufactories,st soap,980,200,bbls
BILLERICA,41,Soap and Tallow  Candle Manufactories,hard,,3000,lbs
BILLERICA,41,Soap and Tallow  Candle Manufactories,soap,,,
BILLERICA,41,Chair and Cabinet-ware Manufactories,Chair and Cabinet-ware,1500,,
BILLERICA,41,Flouring Mills,flour,18962,3700,bbls
BILLERICA,41,Tanneries,hides tanned,1400,550,
BILLERICA,41,Tanneries,leather tanned and curried,,,
BILLERICA,41,distributed,Boots,11490,450,pairs
BILLERICA,41,distributed,shoes,,15360,pairs
BILLERICA,41,distributed,bootfl  and shoes,,,
BILLERICA,41,distributed,Mechanics' Tools,1382,,
BILLERICA,41,distributed,Fire Wood prepared,4413,1261,cords
BILLERICA,42,energy imports,Sperm Oil consumed in Manufacturing:,297,330,galls
BILLERICA,42,energy imports,whale oil,189,270,galls
BILLERICA,42,energy imports,other kinds   oil,1020,1560,galls
BILLERICA,42,energy imports,anthracite coal consumed in mauufacturing,1257,360,tons
BILLERICA,42,energy imports,bituminous coal mined in United States,5,5,chaldrons
BILLERICA,42,energy imports,all other   American produc­ tion excepting cotton wool and iron consumed in manufactur­ ing,2054,,
BILLERICA,42,energy imports,all other   foreign production except­ ing as above consumed,4740,,
BILLERICA,42,distributed,Sheep total,81,4,head
BILLERICA,42,distributed,Wool total,20,50,lbs
BILLERICA,42,distributed,Horses,8580,192,head
BILLERICA,42,distributed,neat cattle,12534,786,head
BILLERICA,42,distributed,swine,1300,260,head
BILLERICA,42,distributed,Ind ian Corn or Maize raised,3868,5158,bush
BILLERICA,42,distributed,buck­ wheat,46,61,bush
BILLERICA,42,distributed,rye,977,1302,bush
BILLERICA,42,distributed,barley,160,160,bush
BILLERICA,42,distributed,oats,886,2216,bush
BILLERICA,42,distributed,potatoes,7200,23999,bush
BILLERICA,42,distributed,other esculent vegetables,641,2564,bush
BILLERICA,42,distributed,hay,20992,1960,tons
BILLERICA,42,distributed,Fruit raised,5362,8371,bush
BILLERICA,42,distributed,Butter,4651,37205,lbs
BILLERICA,42,distributed,cheese,21,300,lbs
BILLERICA,42,distributed,honey,13,100,lbs
BILLERICA,42,distributed,Bed  Lace,525,7200,yds
BILLERICA,42,energy imports,Logwood  cut,25450,500,tons
BILLERICA,42,distributed,dye stuffs ground,26980,75,tons
BOXBOROUGH,42,Establishments for   Rail-road Cars Coaches Chaises and other Vehicles,vehicles,1500,,
BOXBOROUGH,42,distributed,Shoes,1350,3000,pairs
BOXBOROUGH,42,distributed,Straw Braid,40,1000,
BOXBOROUGH,42,distributed,palm-leaf  hats,170,,
BOXBOROUGH,42,distributed,Lime,675,900,casks
BOXBOROUGH,42,distributed,Lumber prepared,600,50000,feet
BOXBOROUGH,42,distributed,Fire Wood  prepared,1250,500,cords
BOXBOROUGH,43,distributed,Sheep total,77,48,head
BOXBOROUGH,43,distributed,Wool total,,192,lbs
BOXBOROUGH,43,distributed,Horses,2700,68,head
BOXBOROUGH,43,distributed,neat cattle,8000,400,head
BOXBOROUGH,43,distributed,swine,622,83,head
BOXBOROUGH,43,distributed,Indian Corn or Maize raised,2625,3500,bush
BOXBOROUGH,43,distributed,wheat,22,15,bush
BOXBOROUGH,43,distributed,rye,464,619,bush
BOXBOROUGH,43,distributed,barley,83,124,bush
BOXBOROUGH,43,distributed,oats,431,1078,bush
BOXBOROUGH,43,distributed,potatoes,2250,9000,bush
BOXBOROUGH,43,distributed,other esculent vegetables,300,1500,bush
BOXBOROUGH,43,distributed,hay,12000,1500,tons
BOXBOROUGH,43,distributed,Fruit  raised,1290,7167,bush
BOXBOROUGH,43,distributed,hops,3115,31150,lbs
BOXBOROUGH,43,distributed,Butter,3998,24989,lbs
BOXBOROUGH,43,distributed,cheese,222,4430,lbs
BOXBOROUGH,43,distributed,honey,22,170,lbs
BOXBOROUGH,43,distributed,beeswax,10,24,lbs
BOXBOROUGH,43,distributed,Beans taised,750500,500,bush
BOXBOROUGH,43,distributed,Cranberries,300,200,bush
BRIGHTON,43,Saddle Harness and Trunk Manufactories,Saddle Harness and Trunk,2000,,
BRIGHTON,43,Establishments for   Wagons Sleighs and other Vehicles,vehicles,2500,,
BRIGHTON,43,Tanneries,leather tanned and curried,6000,,
BRIGHTON,43,distributed,Whips,1400,,
BRIGHTON,43,distributed,Horses,26400,264,head
BRIGHTON,43,distributed,neat cattle,5600,194,head
BRIGHTON,43,distributed,swine,2970,297,head
BRIGHTON,43,distributed,Indian Corn or Maize raise,468,4624,bush
BRIGHTON,43,distributed,rye,358,512,bush
BRIGHTON,43,distributed,potatoes,7500,15000,bush
BRIGHTON,43,distributed,other esculent vegetables,15000,950,
BRIGHTON,43,distributed,hay,13242,,
BRIGHTON,43,distributed,Fruit raised,12000,,
BRIGHTON,43,distributed,Bone Buttons,7500,5000,tonsgroce
BURLINGTON,44,Calico  Manufactories,calico printed,15000,125000,yds
BURLINGTON,44,Chair and Cabinet-ware Manufactories,Chair and Cabinet-ware,1200,,
BURLINGTON,44,distributed,Shoes,8598,15695,pairs
BURLINGTON,44,distributed,Lumber prepared,996,33000,feet
BURLINGTON,44,distributed,Fire Wood prepared,4755,1585,cords
BURLINGTON,44,distributed,Horses,5225,95,head
BURLINGTON,44,distributed,neat  cattle,8118,369,head
BURLINGTON,44,distributed,swine,640,80,head
BURLINGTON,44,distributed,Indian Corn  or Maize  raised,2565,3667,bush
BURLINGTON,44,distributed,rye,308,410,bush
BURLINGTON,44,distributed,barley,24,37,bush
BURLINGTON,44,distributed,oats,120,265,bush
BURLINGTON,44,distributed,potatoes,5036,12589,tons
BURLINGTON,44,distributed,other escu­ Ien t vegetables,1046,877,
BURLINGTON,44,distributed,hay,10524,,
BURLINGTON,44,distributed,Fruit  raised,2747,9157,bush
BURLINGTON,44,distributed,hops,402,3355,lbs
BURLINGTON,44,distributed,Milk sold,4180,40635,galls
BURLINGTON,44,distributed,Butter produced,965,5793,lbs
CAMBRIDGE,44,Establishments for   Ice Cutters or Ice Ploughs,for   Ice Cutters or Ice Ploughs,1128,,
CAMBRIDGE,44,Establishments for   Latches and Door-handles,for   Latches and Door-handles,1500,,
CAMBRIDGE,44,Glass Manufactories,glass,334000,,
CAMBRIDGE,44,Starch Manufactories,starch  from wheat or flour,8450,140000,lbs
CAMBRIDGE,44,Establishments for   Chemical Preparations,for   Chemical Preparations,20250,,
CAMBRIDGE,44,Musical Instrument Manufactories,instruments,6000,,
CAMBRIDGE,44,Brush  Manufactories,brushes,18000,,
CAMBRIDGE,45,Saddle Harness and Trunk Manufactories,Saddle Harness and Trunk,10130,,
CAMBRIDGE,45,Upholstery Manufactories,Upholstery,1000,,
CAMBRIDGE,45,Hat and Cap Manufactories,hats and caps,18500,18470,
CAMBRIDGE,45,Cordage  Manufactories,cordage,31000,360000,lbs
CAMBRIDGE,45,Establishments for   Rail-road Cars Coaches Chaises and other Vehicles,vehicles,201388,,
CAMBRIDGE,45,Soap and Tallow Candle Manufactories,soap 'd,311257,2746,bbls
CAMBRIDGE,45,Soap and Tallow Candle Manufactories,and,47090,6354200,lbs
CAMBRIDGE,45,Soap and Tallow Candle Manufactories,both,,498765,lbs
CAMBRIDGE,45,Soap and Tallow Candle Manufactories,tallow candles,,,
CAMBRIDGE,45,Chair and Cabinet-ware Manufactorics,Chair and Cabinet-ware,13000,,
CAMBRIDGE,45,Tin Ware Manufactories,ware,9500,,
CAMBRIDGE,45,Tanneries,leather tanned and curried,18700,,
CAMBRIDGE,45,distributed,Boots,28476,1728,pairs
CAMBRIDGE,45,distributed,shoes,,30070,pairs
CAMBRIDGE,45,distributed,boots and shoes,,,
CAMBRIDGE,45,distributed,Bricks,78460,12885000,
CAMBRIDGE,45,distributed,Snuff Tobacco and Cigars,47000,,
CAMBRIDGE,45,distributed,Whips,700,,
CAMBRIDGE,45,distributed,Blacking,4200,,
CAMBRIDGE,45,distributed,Blocks and Pumps,650,,
CAMBRIDGE,45,distributed,Mechanics' Tools,2000,,
CAMBRIDGE,45,energy imports,Sperm Oil consumed in Manufacturing,469,520,galls
CAMBRIDGE,45,distributed,whale  (exclusive   the quantity  bleached),371,411,galls
CAMBRIDGE,45,energy imports,all other kinds  oil consumed in. manufacturing,371,555,tons
CAMBRIDGE,45,energy imports,all other kinds  oil consumed in. manufacturing,12800,21334,chaldrons
CAMBRIDGE,45,energy imports,anthracite coal consumed in manufacturing,3035,1091,chaldrons
CAMBRIDGE,45,energy imports,bituminous coal mined in United States,18592,,
CAMBRIDGE,45,energy imports,foreign bituminous coal,8385,,
CAMBRIDGE,45,energy imports,all other  ()f American production excepting cotton wool and iron consumed in manufacturing,825956,,
CAMBRIDGE,45,energy imports,all other   foreign production excepting as. above consumed,93020,,
CAMBRIDGE,46,distributed,Horses,57125,794,head
CAMBRIDGE,46,distributed,neat cattle,4400,220,head
CAMBRIDGE,46,distributed,swine,1362,227,head
CAMBRIDGE,46,distributed,Indian Corn  or Maize raised,330,449,bush
CAMBRIDGE,46,distributed,rye,228,288,bush
CAMBRIDGE,46,distributed,potatoes,2298,7433,bush
CAMBRIDGE,46,distributed,other esculent vegetables,6489,1151,tons
CAMBRIDGE,46,distributed,hay,15054,,
CAMBRIDGE,46,distributed,Fruit raised,8685,,
CAMBRIDGE,46,distributed,Butter produced,30,150,lbs
CAMBRIDGE,46,distributed,Fancy  and  Shaving  Soap,10000,,
CAMBRIDGE,46,energy imports,Oil bleached,95000,,
CAMBRIDGE,46,distributed,Pocket Books,2500,,
CAMBRIDGE,46,distributed,Confectionary,29400,,
CAMBRIDGE,46,distributed,Earthen Ware,2000,,
CAMBRIDGE,46,distributed,Ladders,1500,,
CAMBRIDGE,46,distributed,Sashes Blinds &.c.,11600,,
CAMBRIDGE,46,distributed,Marble Monuments Chimney Pieces and other   Marble,1800,,
CAMBRIDGE,46,distributed,Paper Hangings,10500,,
CAMBRIDGE,46,distributed,Astral Lamps,500,,
CAMBRIDGE,46,distributed,Stoves,3000,,
CAMBRIDGE,46,distributed,Fringes and Tassels,15000,,
CAMBRIDGE,46,distributed,Surgical and other Instruments  from Glass Brass and Britannia,20000,,
CAMBRIDGE,46,distributed,Barrels,1620,,
CAMBRIDGE,46,distributed,Strong Beer,6000,,
CAMBRIDGE,46,distributed,Ice cut,3000,,
CARLISLE,46,Establishments for   Railroad Cars Coaches Chaises and other Vehicles,vehicles,1910,,
CARLISLE,46,distributed,Boots,2082,150,pairs
CARLISLE,46,distributed,shoes,,1632,pairs
CARLISLE,46,distributed,boots and shoes,,,
CARLISLE,46,distributed,Lumber prepared,700,63700,feet
CARLISLE,46,distributed,Fire Wood prepared,10706,2126,cords
CARLISLE,46,distributed,Sheep total,300,102,head
CARLISLE,46,distributed,Wool total,127,424,lbs
CARLISLE,47,distributed,Horses,2965,69,head
CARLISLE,47,distributed,neat cattle,10769,568,head
CARLISLE,47,distributed,swine,931,133,head
CARLISLE,47,distributed,Indian Corn or Maize raised,2355,3365,bush
CARLISLE,47,distributed,buck­ wheat,173,234,bush
CARLISLE,47,distributed,rye,622,830,bush
CARLISLE,47,distributed,barley,39,65,bush
CARLISLE,47,distributed,oats,503,1439,bush
CARLISLE,47,distributed,potatoes,2890,11560,bush
CARLISLE,47,distributed,other esculent vegetables,926,1263,bush
CARLISLE,47,distributed,hay,9005,1018,tons
CARLISLE,47,distributed,Fruit raised,2213,20761,bush
CARLISLE,47,distributed,Butter,2243,13460,lbs
CARLISLE,47,distributed,cheese,182,2925,lbs
CARLISLE,47,distributed,honey,150,1000,lbs
CARLISLE,47,distributed,Ship Timber prepared,1690,169,tons
CARLISLE,47,distributed,Milk sold,200,5000,galls
CHARLESTOWN,47,Establishments for   Chemical Preparations,for   Chemical Preparations,15000,,
CHARLESTOWN,47,Clock Manufactories,clocks,5000,175,
CHARLESTOWN,47,Establishments for   Chaises Wagons and other Vehi­ cles,vehicles,6000,,
CHARLESTOWN,47,Oil and Sperm Candle Manufactories,oil,59500,71800,galls
CHARLESTOWN,47,Oil and Sperm Candle Manufactories,sperm candles,11880,47400,lbs
CHARLESTOWN,47,Soap and Tallow Candle Manufactories,soap,43800,1075000,lbs
CHARLESTOWN,47,Chair and Cabinet-ware Manufactories,Chair and Cabinet-ware,98300,,
CHARLESTOWN,47,Tin Ware Manufactories,ware,12000,,
CHARLESTOWN,47,Mills for   Linseed  Oil,oil,65000,100000,galls
CHARLESTOWN,47,Tanneries,leather tanned and curried,77900,,
CHARLESTOWN,47,distributed,Boots,18000,940,pairs
CHARLESTOWN,47,distributed,shoes,,19000,pairs
CHARLESTOWN,47,distributed,boots and shoes,,,
CHARLESTOWN,48,distributed,Bricks,14200,1687000,
CHARLESTOWN,48,distributed,Snuff Tobacco and Cigars,7800,,
CHARLESTOWN,48,distributed,Blocks and Pumps,2000,,
CHARLESTOWN,48,Vessels employed in Mackerel and Cod Fisheries,mackerel taken,330,55,bbls
CHARLESTOWN,48,Vessels employed in Mackerel and Cod Fisheries,codfish,5040,2100,quintals
CHARLESTOWN,48,Vessels employed in Mackerel and Cod Fisheries,salt consumed,,2455,bush
CHARLESTOWN,48,distributed,Horses,36300,484,head
CHARLESTOWN,48,Morocco Manufactories,Morocco,72000,,
CHARLESTOWN,48,Stone Warc Manufactories,ware,18000,,
CHARLESTOWN,48,Lard Oil Manufactories,oil,98000,100000,galls
CHELMSFORD,48,Establishments for   Worsted Goods,goods,6908,49340,yds
CHELMSFORD,48,Establishments for   Worsted Goods,yarn  but not made into cloth,56533,113066,lbs
CHELMSFORD,48,Furnaces for   Hollow Ware and Castings other than Pig Iron,Furnaces for   Hollow Ware and Castings other than Pig Iron,70000,1000,tons
CHELMSFORD,48,Establishments for   Cotton Woolen and other Machin­ ery,machinery,55000,,
CHELMSFORD,48,Establishments for   Fire Engines,engines,1400,4,
CHELMSFORD,48,Scythe Manufactories,scythes,15000,24000,
CHELMSFORD,48,Wood  Screw  Manufactories,screws,300,1200,groce
CHELMSFORD,48,Plough Manufactories,ploughs and other agricultural tools,405,56,
CHELMSFORD,48,Plough Manufactories,plough handles and beams,1500,,
CHELMSFORD,49,Establishments for   Chemical Preparations,ar­ticles,7835,,
CHELMSFORD,49,Saddle Harness and Trunk  Manufactories,Saddle Harness and Trunk,450,,
CHELMSFORD,49,Establishments for   Wagons Sleighs and other Vehi­cles,vehicles,5000,,
CHELMSFORD,49,Soap and Tallow Candle Manufactories,Soap and Tallow Candle,,,
CHELMSFORD,49,distributed,Boots,2956,329,pairs
CHELMSFORD,49,distributed,shoes,,1671,pairs
CHELMSFORD,49,distributed,boots and shoes,,,
CHELMSFORD,49,distributed,Building Stone prepared,9800,,
CHELMSFORD,49,distributed,Blacking,450,,
CHELMSFORD,49,distributed,Lumber prepared,16865,1321130,feet
CHELMSFORD,49,distributed,Fire Wood prepared,6893,2114,cords
CHELMSFORD,49,energy imports,Sperm   Oil  consumed   in  man ufacturing,1079,1238,galls
CHELMSFORD,49,energy imports,whale oil,150,200,galls
CHELMSFORD,49,energy imports,other kinds  oil,2883,4805,galls
CHELMSFORD,49,energy imports,anthracite coal consumed in manu­ facturing,3125,450,tons
CHELMSFORD,49,energy imports,whale oil,1079,200,galls
CHELMSFORD,49,energy imports,other kinds  oil,150,4805,galls
CHELMSFORD,49,energy imports,anthracite coal consumed in manu­ facturing,2883,450,tons
CHELMSFORD,49,energy imports,charcoal  consumed  in manufacturing,3125,16100,bush
CHELMSFORD,49,energy imports,charcoal  consumed  in manufacturing,72,16100,bush
CHELMSFORD,49,energy imports,all other   .American  production  ex­ cepting cotton wool  and iron consumed  in manufacturing,1370,,
CHELMSFORD,49,energy imports,all other   .American  production  ex­ cepting cotton wool  and iron consumed  in manufacturing,1370,,
CHELMSFORD,49,distributed,Sheep total,264,106,head
CHELMSFORD,49,distributed,Wool total,117,448,lbs
CHELMSFORD,49,distributed,Horses,8881,181,head
CHELMSFORD,49,distributed,neat cattle,21872,996,head
CHELMSFORD,49,distributed,swine,3978,306,head
CHELMSFORD,49,distributed,Indian Corn or Maize raised,4327,5769,bush
CHELMSFORD,49,distributed,buck­ wheat,129,193,bush
CHELMSFORD,49,distributed,rye,1,1825,bush
CHELMSFORD,49,distributed,bar­ ley,152,228,bush
CHELMSFORD,49,distributed,oats,1004,2870,bush
CHELMSFORD,49,distributed,pota­ toes,5341,21365,bush
CHELMSFORD,49,distributed,other esculent vegetables,794,5658,bush
CHELMSFORD,49,distributed,hay,20789,1952,tons
CHELMSFORD,49,distributed,Fruit raised,3281,20506,bush
CHELMSFORD,49,distributed,Butter,2020,13470,lbs
CHELMSFORD,49,distributed,cheese,23,450,lbs
CHELMSFORD,49,distributed,White Beans raised,263,154,bush
CHELMSFORD,49,distributed,Milk,8777,97025,galls
CONCORD,50,Woollen Mills,wool consumed,60000,100000,lbs
CONCORD,50,Woollen Mills,flannel or blanketing,,300000,yds
CONCORD,50,Lead Manufactories,Lead,,,
CONCORD,50,Soap aud Tallow Candle Manufactories,soap,2160,48000,lbs
CONCORD,50,Soap aud Tallow Candle Manufactories,candles,2000,24000,lbs
CONCORD,50,Establishments for   Rides,rides,1800,100,
CONCORD,50,distributed,Boots,6983,1052,pairs
CONCORD,50,distributed,shoes,,4012,pairs
CONCORD,50,distributed,boots and shoes,,,
CONCORD,50,distributed,Blocks and Pumps,1600,,
CONCORD,50,distributed,Lumber prepared,4315,379000,feet
CONCORD,50,distributed,Fire Wood prepared,13517,3862,cords
CONCORD,50,distributed,Sheep total,144,48,head
CONCORD,50,distributed,Wool total,48,144,lbs
CONCORD,50,distributed,Horses,9434,189,head
CONCORD,50,distributed,neat cattle,29638,1343,head
CONCORD,50,distributed,swine,1913,291,head
CONCORD,50,distributed,Indian Corn or Maize raised,6387,9125,bush
CONCORD,50,distributed,wheat,30,24,bush
CONCORD,50,distributed,rye,1403,2005,bush
CONCORD,50,distributed,oats,2210,5526,bush
CONCORD,50,distributed,potatoes,6406,32032,bush
CONCORD,50,distributed,other esculent  vegetables,1783,8916,bush
CONCORD,50,distributed,hay,25936,2842,tons
CONCORD,50,distributed,Fruit raised,972,3895,bush
CONCORD,50,distributed,Butter,4345,26330,lbs
CONCORD,50,energy imports,Charcoal,1350,15000,bush
CONCORD,50,distributed,Black Lead Pencils,6000,,
CONCORD,50,distributed,Garden Seeds sold,1059,,
CONCORD,50,distributed,Milk sold,3725,,
DRACUT,50,Cotton Mills,spindles,34000,986,lbs
DRACUT,50,Cotton Mills,cotton consumed,,265000,yds
DRACUT,50,Cotton Mills,cotton canvass,,170000,
DRACUT,51,Woollen Mills,wool consumed,6000,600000,lbs
DRACUT,51,Woollen Mills,coatings,90,6000,yds
DRACUT,51,Woollen Mills,kerseys,35000,30000,yds
DRACUT,51,Woollen Mills,cordova plains or negro cloths,72000,100000,yds
DRACUT,51,Woollen Mills,green bocking,,120000,yds
DRACUT,51,Mills for   Carpeting,yarn consumed in manufac­ turing,18000,30000,lbs
DRACUT,51,Mills for   Carpeting,carpeting,,24000,yds
DRACUT,51,Paper Manufactories,stock used,3000,40000,lbs
DRACUT,51,Paper Manufactories,paper,,30000,lbs
DRACUT,51,Establishments for   Wagons Sleighs and other Vehi­cles,·vehicles,3000,,
DRACUT,51,distributed,Boots,8000,1000,pairs
DRACUT,51,distributed,shoes,,8000,pairs
DRACUT,51,distributed,boots and shoes,,,
DRACUT,51,distributed,Lumber prepared,1732,157000,feet
DRACUT,51,distributed,Fire Wood prepared,9151,2508,cords
DRACUT,51,energy imports,Sperm  Oil  consumed  in  manufacturing,1400,1400,galls
DRACUT,51,energy imports,lard oil,2010,3000,galls
DRACUT,51,energy imports,anthraci te coal con­ sumed in manufacturing,300,50,tons
DRACUT,51,energy imports,all other ar­ ticles  American production excepting cotton wool and iron consumed,4000,,
DRACUT,51,distributed,Sheep total,325,217,head
DRACUT,51,distributed,Wool total,195,65,lbs
DRACUT,51,distributed,Horses,21623,159,head
DRACUT,51,distributed,neat  cattle,2820,1077,head
DRACUT,51,distributed,swine,,282,head
DRACUT,51,distributed,Indian Corn or Maize raised,6735,9622,bush
DRACUT,51,distributed,wheat,20,20,bush
DRACUT,51,distributed,rye,1360,1814,bush
DRACUT,51,distributed,barley,156,260,bush
DRACUT,51,distributed,oats,2009,5740,bush
DRACUT,51,distributed,potatoes,207,32830,bush
DRACUT,51,distributed,other  esculent  vegetables,1867,7371,bush
DRACUT,51,distributed,hay,22950,2295,tons
DRACUT,51,distributed,Fruit raised,693568310,20183,bush
DRACUT,51,distributed,Butter,2741,18275,lbs
DRACUT,51,distributed,Cheese,204120,3400,lbs
DUNSTABLE,52,distributed,Boots,225,50,pairs
DUNSTABLE,52,distributed,shoes,,50,pairs
DUNSTABLE,52,distributed,boots and shoes,,,
DUNSTABLE,52,distributed,Palm-leaf Hats,8,48,
DUNSTABLE,52,Lumber prepared .eet boards,Lumber prepared .eet boards,177,41,tons
DUNSTABLE,52,distributed,Fire Wood prepared :,2759,1019,cords
DUNSTABLE,52,distributed,Sheep total see species,821,,
DUNSTABLE,52,distributed,Wool total see species,423,,
DUNSTABLE,52,distributed,Merino Sheep,,118,head
DUNSTABLE,52,distributed,other sheep,,404,head
DUNSTABLE,52,distributed,merino wool  produced   lbs.,,314,lbs
DUNSTABLE,52,distributed,other wool  lbs.,,900,lbs
DUNSTABLE,52,distributed,Horses,4180,92,head
DUNSTABLE,52,distributed,neat cattle,15792,693,head
DUNSTABLE,52,distributed,swine,1279,171,head
DUNSTABLE,52,distributed,Indian Corn or Maize raised,3811,5100,bush
DUNSTABLE,52,distributed,wheat,4,4,bush
DUNSTABLE,52,distributed,rye,1753,2337,bush
DUNSTABLE,52,distributed,barley,12,16,bush
DUNSTABLE,52,distributed,oats,696,2109,bush
DUNSTABLE,52,distributed,potatoes,3479,13915,bush
DUNSTABLE,52,distributed,other esculent vegetables,20,1389,tons
DUNSTABLE,52,distributed,hay,9946,,
DUNSTABLE,52,distributed,Fruit raised,258,1098,bush
DUNSTABLE,52,distributed,hops,82,630,lbs
DUNSTABLE,52,distributed,Butter,2432,17368,lbs
DUNSTABLE,52,distributed,cheese,560,11194,lbs
DUNSTABLE,52,distributed,honey,40,239,lbs
DUNSTABLE,52,distributed,beeswax,4,11,lbs
DUNSTABLE,52,distributed,Beans raised,450,300,bush
DUNSTABLE,52,distributed,Poultry and Eggs,1000,,
DUNSTABLE,52,distributed,Barrels and other Casks,850,,
DUNSTABLE,52,energy imports,Charcoal,784,9800,bush
DUNSTABLE,52,distributed,Wagons,400,,
FRAMINGHAM,52,Woollen and Worsted Mills ( connected ),wool consumed,56500,2000000,lbs
FRAMINGHAM,52,Woollen and Worsted Mills ( connected ),flannels and bockings,27000,113000,yds
FRAMINGHAM,52,Woollen and Worsted Mills ( connected ),woollen yarn  and not made into cloth  l bs,120000,900001,pairs
FRAMINGHAM,52,Woollen and Worsted Mills ( connected ),blankets,175000,40000,lbs
FRAMINGHAM,52,Woollen and Worsted Mills ( connected ),worsted yarn  and not made into cloth,14950,350000,
FRAMINGHAM,52,Woollen and Worsted Mills ( connected ),worsted bunting,,2300,
FRAMINGHAM,53,Mills for   carpeting,wool consumed,149530,465000,lbs
FRAMINGHAM,53,Mills for   carpeting,carpet­ ing,,199037,yds
FRAMINGHAM,53,Establishments for·   Woollen and other Machinery,for·   Woollen and other Machinery,1200,,
FRAMINGHAM,53,Axe Manufactories,axes hatchets and other edge tools,700,1000,
FRAMINGHAM,53,Establishments'  for     Cutlery,'  for     Cutlery,200,,
FRAMINGHAM,53,Paper Manufactories,stock  used,,225,tons
FRAMINGHAM,53,Paper Manufactories,paper,,360000,lbs
FRAMINGHAM,53,Establishments  for  repairing Watches  and  Jewelry,for  repairing Watches  and  Jewelry,,,
FRAMINGHAM,53,Saddle Harness  and  Trunk  Manufactories,Saddle Harness  and  Trunk,1200,,
FRAMINGHAM,53,distributed,hats,2500,11200,
FRAMINGHAM,53,Establishments for the   Chaises Wagons and Sleighs,vehicles,3300,,
FRAMINGHAM,53,Cabinet Ware Manufactories,Cabinet Ware,1200,,
FRAMINGHAM,53,Tin  Ware  Manufactories,ware,4000,,
FRAMINGHAM,53,Grist Mills,Grist Mills,,,
FRAMINGHAM,53,Saw mills,Saw mills,,,
FRAMINGHAM,53,Tanneries,hides tanned,736,350,
FRAMINGHAM,53,Tanneries,leather tanned and curried,,,
FRAMINGHAM,53,distributed,Boots,49450,35000,pairs
FRAMINGHAM,53,distributed,shoes,,44000,pairs
FRAMINGHAM,53,distributed,boots and shoes,,,
FRAMINGHAM,53,distributed,Straw Bonnets,20100,31000,
FRAMINGHAM,53,distributed,straw braid,450,,
FRAMINGHAM,53,distributed,Building Stone prepared,500,,
FRAMINGHAM,53,distributed,lumber prepared,950,,
FRAMINGHAM,53,distributed,Fire Wood prepared,7070,2020,cords
FRAMINGHAM,53,energy imports,Sperm  Oil  consumed  in  manufacturing,6100,6744,galls
FRAMINGHAM,53,energy imports,whale oil,900,1936,galls
FRAMINGHAM,53,energy imports,lard oil,21700,31140,galls
FRAMINGHAM,53,energy imports,anthracite coal consumed in manufactur­ ing,6500,1000,tons
FRAMINGHAM,54,distributed,Sheep total,100,13,head
FRAMINGHAM,54,distributed,Wool total,20,52,lbs
FRAMINGHAM,54,distributed,Horses,17203,317,head
FRAMINGHAM,54,distributed,neat  cattle,27700,1383,head
FRAMINGHAM,54,distributed,swine .,3200,450,head
FRAMINGHAM,54,distributed,Indian  Com  or  Maize  raised  .,811586,15448,bush
FRAMINGHAM,54,distributed,wheat,25,25,bush
FRAMINGHAM,54,distributed,rye .,993,1241,bush
FRAMINGHAM,54,distributed,barley,306,409,bush
FRAMINGHAM,54,distributed,oats,2741,7310,bush
FRAMINGHAM,54,distributed,potatoes,8646,34584,bush
FRAMINGHAM,54,distributed,hay,96815502,3212,tons
FRAMINGHAM,54,distributed,Fruit raised,5013,22381,bush
FRAMINGHAM,54,distributed,Butter,11337,66690,lbs
FRAMINGHAM,54,distributed,cheese,177,2900,lbs
FRAMINGHAM,54,distributed,milk sold,1090,,
FRAMINGHAM,54,Bakeries,Bakeries,0,,
FRAMINGHAM,54,Millinery Establishments,millinery,2000,,
FRAMINGHAM,54,Bookbinderies,Bookbinderies,,,
FRAMINGHAM,54,Caps Manufactured,Caps,500,,
FRAMINGHAM,54,Wheelwrights' Estabishments,Wheelwrights' Estabishments,3000,,
GROTON,54,Paper  Manufactories,stock  used,11400,110,tons
GROTON,54,Paper  Manufactories,paper,,82,tons
GROTON,54,Saddle  Harness  and  Trunk  Manufactories,Saddle  Harness  and  Trunk,790,,
GROTON,54,Hat and Cap Manufactories,hats  and  caps,60,30,
GROTON,54,Establishments for   Rail-road Cars Coaches Chaises and  other Vehicles,vehicles,1587,,
GROTON,54,Chair and Cabinet Ware Manufactories,Chair and Cabinet Ware,200,,
GROTON,54,Tin  Ware  Manufactories,ware      C.,46001700,,
GROTON,54,Tanneries,leather tanned and curried,9000,,
GROTON,55,distributed,Boots,1727,190,pairs
GROTON,55,distributed,shou,,1430,pairs
GROTON,55,distributed,boots and shoes,,,
GROTON,55,distributed,Palm-leaf  Hats,770,5206,
GROTON,55,distributed,Building Stone quarried and prepared,2900,,
GROTON,55,distributed,Lumber prepared,4247,423900,feet
GROTON,55,distributed,Fire Wood prepared,5106,1917,cords
GROTON,55,distributed,Soap Stone quarried and,1600,,
GROTON,55,distributed,Marble and Slate,650,,
GROTON,55,distributed,Sheep total,750,432,head
GROTON,55,distributed,Wool total,506,1399,lbs
GROTON,55,distributed,Horses,15136,290,head
GROTON,55,distributed,neat  cattle,29615,1445,head
GROTON,55,distributed,swine,3306,395,head
GROTON,55,distributed,Indian Corn or Maize raised,8010,10680,bush
GROTON,55,distributed,wheat .,114,76,bush
GROTON,55,distributed,rye,2870,3588,bush
GROTON,55,distributed,barley,80,1451,bush
GROTON,55,distributed,oats,2347,5869,bush
GROTON,55,distributed,potatoes,8006,32025,bush
GROTON,55,distributed,beans,1000,632,bush
GROTON,55,distributed,buck wheat,350,576,bush
GROTON,55,distributed,other escu lent vegetables,984,9102,bush
GROTON,55,distributed,hay,30500,3675,tons
GROTON,55,distributed,Fruit raised,3602,14606,bush
GROTON,55,distributed,hops,1805,16679,lbs
GROTON,55,distributed,Butter,7871,52475,lbs
GROTON,55,distributed,cheese,850,16950,lbs
GROTON,55,distributed,honey,50,295,lbs
GROTON,55,distributed,beeswax,11,28,lbs
HOLLISTON,55,Saddle Harness  and  Trunk  Manufactories,Saddle Harness  and  Trunk,750,,
HOLLISTON,55,Establishments for   Rail-road Cars Coaches Wagons and other Vehicles,vehicles,2045,,
HOLLISTON,55,Chair and Cabinet-ware Manufactories,Chair and Cabinet-ware,600,,
HOLLISTON,55,Tin  Ware  Manufactories,ware,500,,
HOLLISTON,55,Comb Manufactories,Comb,10000,,
HOLLISTON,55,distributed,Leather curried,10398,,
HOLLISTON,56,distributed,Boota,176369,36746,pairs
HOLLISTON,56,distributed,shoes,,181858,pairs
HOLLISTON,56,distributed,boots and shoes,,,
HOLLISTON,56,distributed,Straw  Bonnets and Hats,36671,31267,
HOLLISTON,56,distributed,Straw Braid  and not made into Bonnets and Hats,,21957,
HOLLISTON,56,distributed,Pumps,4000,,
HOLLISTON,56,distributed,Lumber prepared,1135,,
HOLLISTON,56,distributed,Fire Wood prepared,5536,1285,cords
HOLLISTON,56,energy imports,Whale Oil consumed in manufactories,8160,200,galls
HOLLISTON,56,distributed,Sheep total,94,29,head
HOLLISTON,56,distributed,Wool total,44,110,lbs
HOLLISTON,56,distributed,Horses,8869,163,head
HOLLISTON,56,distributed,neat cattle,15684,887,head
HOLLISTON,56,distributed,swine,221,597,head
HOLLISTON,56,distributed,Indian Corn or Maize raised,6186,8253,bush
HOLLISTON,56,distributed,wheat,18,18,bush
HOLLISTON,56,distributed,rye,945,1058,bush
HOLLISTON,56,distributed,barley,104,207,bush
HOLLISTON,56,distributed,oats,1405,4013,bush
HOLLISTON,56,distributed,potatoes,4990,19961,bush
HOLLISTON,56,distributed,other esculent vegetables,805,1610,tons
HOLLISTON,56,distributed,hay,13955,1351,
HOLLISTON,56,distributed,Fruit raised,3146,13374,bush
HOLLISTON,56,distributed,Butter,4831,28988,lbs
HOLLISTON,56,distributed,cheese,657,10945,lbs
HOLLISTON,56,distributed,honey,6,30,lbs
HOLLISTON,56,distributed,Air Tight Stoves,1500,,
HOLLISTON,56,distributed,Cranberries picked,1500,1000,bush
HOPKINTON,56,Cotton Mills,spindles,30500,2936,lbs
HOPKINTON,56,Cotton Mills,cotton consumed,2800,280000,yds
HOPKINTON,56,Cotton Mills,shirtings,1400,612000,lbs
HOPKINTON,56,Cotton Mills,cotton twine,,20000,lbs
HOPKINTON,56,Cotton Mills,batting,,30000,
HOPKINTON,56,Machines for   Nails,nails,960,12000,lbs
HOPKINTON,56,Plough Manufactories,ploughs and other agricultural tools,1300,165,
HOPKINTON,56,Saddle Harness and Trunk Manufactories,Saddle Harness and Trunk,800,,
HOPKINTON,56,Establishments for   Rail-road Cars' Coaches Wagons and other Vehicles,vehicles,800,,
HOPKINTON,57,Chair and Cabinet-ware Manufactories,Chair and Cabinet-ware,3501,,
HOPKINTON,57,distributed,Boots,272579,195331,pairs
HOPKINTON,57,distributed,Straw Bonnets and Hats,25,100,
HOPKINTON,57,distributed,straw braid  and not made into bonnets and hats,1600,,
HOPKINTON,57,distributed,Bricks,750,130000,
HOPKINTON,57,Building Stone quarried and prepared $,Building Stone quarried and prepared $,,,
HOPKINTON,57,distributed,Brooms _,70,1700,
HOPKINTON,57,distributed,Lumber prepared,1200,115000,feet
HOPKINTON,57,distributed,Fire Wood prepared,4887,1350,cords
HOPKINTON,57,distributed,Boats built,800,42,
HOPKINTON,57,distributed,Clothing,5100,,
HOPKINTON,57,distributed,Boot Boxes,1600,,
HOPKINTON,57,energy imports,Sperm Oil consumed in Manufactories,4000,4000,galls
HOPKINTON,57,distributed,Sheep total,70,24,head
HOPKINTON,57,distributed,Wool total,30,70,lbs
HOPKINTON,57,distributed,Horses,10125,217,head
HOPKINTON,57,distributed,neat  cattle,20276,980,head
HOPKINTON,57,distributed,swine,2800,413,head
HOPKINTON,57,distributed,Indian Corn or Maize raised,6300,8400,bush
HOPKINTON,57,distributed,rye,940,1235,bush
HOPKINTON,57,distributed,barley,457,677,bush
HOPKINTON,57,distributed,oats,1378,4226,bush
HOPKINTON,57,distributed,potatoes,4353,17417,bush
HOPKINTON,57,distributed,other esculent  vegetables,450,600,bush
HOPKINTON,57,distributed,hay,17238,1334,tons
HOPKINTON,57,distributed,Fruit raised,5366,40155,bush
HOPKINTON,57,distributed,Butter,4676,31915,lbs
HOPKINTON,57,distributed,cheese,590,11397,lbs
LEXINGTON,57,Fur Cap Manufactories,caps,24500,13391,
LEXINGTON,57,Fur Cap Manufactories,muffs,10086,3362,
LEXINGTON,57,Tin Ware Manufactories,ware,2500,,
LEXINGTON,57,distributed,Boots,6200,700,pairs
LEXINGTON,57,distributed,shoes,,5700,pairs
LEXINGTON,57,distributed,boots and shoes,,,
LEXINGTON,58,distributed,Fire Wood prepared,5000,1000,cords
LEXINGTON,58,distributed,Horses,13715,244,head
LEXINGTON,58,distributed,neat  cattle,1800,1199,head
LEXINGTON,58,distributed,swine,,225,head
LEXINGTON,58,distributed,Indian Corn or Maize raised,2984,4262,bush
LEXINGTON,58,distributed,rye,360,450,bush
LEXINGTON,58,distributed,barley,95,126,bush
LEXINGTON,58,distributed,oats,92,231,bush
LEXINGTON,58,distributed,potatoes,10918,27295,bush
LEXINGTON,58,distributed,other es­ culent vegetables,6479,22797,bush
LEXINGTON,58,distributed,hay,35450,2550,tons
LEXINGTON,58,distributed,Fruit raised,8721,20604,bush
LEXINGTON,58,distributed,Butter,415,2077,lbs
LEXINGTON,58,distributed,cheese,24,400,lbs
LEXINGTON,58,distributed,Milk,33000,300000,galls
LINCOLN,58,distributed,Boots,7835,1500,pairs
LINCOLN,58,distributed,shoes ),,1600,pairs
LINCOLN,58,distributed,boots and shoes,,,
LINCOLN,58,distributed,Lumber prepared,1185,7750,feet
LINCOLN,58,distributed,Fire Wood prepared,5752,2484,cords
LINCOLN,58,distributed,Wool total,23,31,lbs
LINCOLN,58,distributed,E. . Sheep,12,88,head
LINCOLN,58,distributed,Horses,5240,95,head
LINCOLN,58,distributed,neat cattle,19800,830,head
LINCOLN,58,distributed,swine,2566,229,head
LINCOLN,58,distributed,Indian  Corn  or  Maize raised,4122,6847,bush
LINCOLN,58,distributed,rye,278,383,bush
LINCOLN,58,distributed,barley,152,262,bush
LINCOLN,58,distributed,oats,634,1613,bush
LINCOLN,58,distributed,potatoes,5180,17305,bush
LINCOLN,58,distributed,hay,15460,1532,tons
LINCOLN,58,distributed,Fruit raised,552122050,8527,bush
LINCOLN,58,distributed,Milk,3730,37080,galls
LINCOLN,58,distributed,Poultry,750,,
LITTLETON,58,distributed,Shoes,2640,5580,pairs
LITTLETON,58,distributed,Fire Wood prepared,1785,510,cords
LITTLETON,58,distributed,Sheep total,285,95,head
LITTLETON,58,distributed,Wool total,,285,lbs
LITTLETON,59,distributed,Horses,4830,116,head
LITTLETON,59,distributed,neat cattle,15515,928,head
LITTLETON,59,distributed,swine,1202,200,head
LITTLETON,59,distributed,Indian Corn or Maize raised,4223,5631,bush
LITTLETON,59,distributed,wheat,50,48,bush
LITTLETON,59,distributed,rye,984,1312,bush
LITTLETON,59,distributed,barley,574,956,bush
LITTLETON,59,distributed,oats,535,1606,bush
LITTLETON,59,distributed,potatoes,4107,16429,bush
LITTLETON,59,distributed,other  esculent vegetables,1256,10010,bush
LITTLETON,59,distributed,millet,12,10,bbls
LITTLETON,59,distributed,hay,20600,2060,tons
LITTLETON,59,distributed,Fruit raised,2267,7565,bush
LITTLETON,59,distributed,hops,1814,15400,lbs
LITTLETON,59,distributed,Raw silk raised,40,8,lbs
LITTLETON,59,distributed,Butter,9268,55610,lbs
LITTLETON,59,distributed,cheese,194,3885,lbs
LITTLETON,59,distributed,honey,50,300,lbs
LITTLETON,59,Grist Mills .,Grist Mills .,,,
LITTLETON,59,Saw Mills,lumber sawed,,200000,feet
LITTLETON,59,Dry Goods and Grocery Stores,Dry Goods and Grocery Stores,,,
LITTLETON,59,Blacksmiths: Shops .,.,,,
LITTLETON,59,Wheelwrights' Shops .,.,,,
LITTLETON,59,Carpenters' Shops .,.,,,
LITTLETON,59,Curriers' Shops .,.,,,
LITTLETON,59,Harness Shops  .,.,,,
OWELL,59,Cotton Mills,cotton consumed -,3905643,25422918,lbs
OWELL,59,Cotton Mills,cotton cloths,2046,74138711,yds
OWELL,59,Cotton Mills,knitting yarn,52500,10200,lbs
OWELL,59,Cotton Mills,batting,5200,750000,lbs
OWELL,59,Cotton Mills,pelisse  wadding,2000001,21000,lbs
OWELL,59,Cotton Mills,cotton  flannel,,2000000,yds
OWELL,59,Calico Manufactories,calico printed,1531200,14910165,yds
OWELL,59,Calico Manufactories,goods bleached  and  colored  and  not  printed,92000,880196,yds
OWELL,59,Establishments for bleaching or coloring Cotton Goods not connected with calico establishments,goods bleached or co}.. ored,800000,8000000,yds
OWELL,59,Woollen Mills,wool consumed,250000,1200000,lbs
OWELL,59,Woollen Mills,broadcloth,60500,1100000,yds
OWELL,59,Woollen Mills,cnssimere,15000,510474,yds
OWELL,59,Woollen Mills,eans,81262,90000,yds
OWELL,59,Woollen Mills,blankets,5568,2297,pairs
OWELL,59,Woollen Mills,flannel and bocking,,336050,yds
OWELL,59,Woollen Mills,blankets flannel and bocking,,30935,lbs
OWELL,59,Woollen Mills,woollen yarn  and not made into cloth,,,
OWELL,60,Mills for   Carpeting,wool consumed,368344,825438,lbs
OWELL,60,Mills for   Carpeting,carpeting,,412220,yds
OWELL,60,Mills for   Carpeting,carpeting and rugs,,1862,
OWELL,60,Mills for   Carpeting,hearth rugs,,,
OWELL,60,Establishments  for    Hosiery,worsted  cotton and woollen  hose,10300,31000,pairs
OWELL,60,Furnaces for   Hollow Ware and Castings other than Pig Iron,hollow ware and castings,128000,1600,tons
OWELL,60,Establishments for   Cotton Woollen and other Machin­ ery,for   Cotton Woollen and other Machin­ ery,210000,,
OWELL,60,Lock Manufactories,locks,12000,23400,
OWELL,60,Copper Manufactories,copper,10000,30000,lbs
OWELL,60,Brass Foundries,Brass,7500,,
OWELL,60,Paper Manufactorics,stock used,16500,450000,lbs
OWELL,60,Paper Manufactorics,paper  $,,300000,lbs
OWELL,60,Brush  Man ufactories,Brush,2500,,
OWELL,60,Upholstery Manufactories,Upholstery,2000,,
OWELL,60,Hat and Cap Manufactories,hats and caps,60000,46000,
OWELL,60,Card Manufactories,cards,15000,,
OWELL,60,Establishments for   Rail-road Cars Coaches Chaises and other Vehicles,vehicles,14500,,
OWELL,60,Soap and Tallow _Candle  Manafactories,hard soap,30000,140000,lbs
OWELL,60,Soap and Tallow _Candle  Manafactories,st,1460,5910,bbls
OWELL,60,Soap and Tallow _Candle  Manafactories,all soap,,16674,lbs
OWELL,60,Soap and Tallow _Candle  Manafactories,candles,,,
OWELL,61,Powder  Mills,powder,87500,35000,
OWELL,61,Tin Ware Manufactories,ware,12000,,
OWELL,61,distributed,Boots,60166,6875,pairs
OWELL,61,distributed,shoes,,54454,pairs
OWELL,61,distributed,boots and shoes,,,
OWELL,61,distributed,Snuff Tobacco and Cigars,7000,,
OWELL,61,distributed,Building Stone quarried and prepared,20000,,
OWELL,61,distributed,Marble wrought,6000,,
OWELL,61,distributed,Whips,4000,,
OWELL,61,distributed,Blocks and Pumps,1000,,
OWELL,61,distributed,Lumber  prepared,19200,1600000,feet
OWELL,61,energy imports,Sperm  Oil  consumed   in  manufacturing,58522,66748,galls
OWELL,61,energy imports,whale oil,3700,7400,galls
OWELL,61,energy imports,anthracite coal consumed in manufactu ring,22560,13225,tons
OWELL,61,energy imports,foreign bituminous coal,77574,488,tons
OWELL,61,distributed,all other    Ameri­ can  prod uction  excepting  cotton  wool  and  iron  consumed,4300,,
OWELL,61,energy imports,all other   foreign production ex­ cepting as above consumed,328638,,
OWELL,61,distributed,Sheep total,85,30,head
OWELL,61,distributed,Wool total,38,105,lbs
OWELL,61,distributed,Horses,34240,528,head
OWELL,61,distributed,neat cattle,6660,222,head
OWELL,61,distributed,swine,8712,1089,head
OWELL,61,distributed,Indian  Corn  or Maize  raised,1257,1676,bush
OWELL,61,distributed,rye,71,89,bush
OWELL,61,distributed,barley,102,145,bush
OWELL,61,distributed,oats i,248,62,bush
OWELL,61,distributed,potatoes,3180,9560,bush
OWELL,61,distributed,other esculent vegetables,73,2350,bush
OWELL,61,distributed,hay,9108,759,tons
OWELL,61,distributed,Fruit raised,2040,5100,bush
OWELL,61,distributed,Butter,146,890,lbs
OWELL,61,distributed,honey,47,280,lbs
OWELL,61,distributed,Bedsteads,6000,2500,
OWELL,61,distributed,Shuttles Bobbins and Druggists' Boxes,36000,,
OWELL,61,distributed,Scales or Balances,9000,,
OWELL,61,distributed,Loom Pickers,15000,,
OWELL,61,distributed,Weavers' Reeds,9500,9100,
OWELL,61,Files cut,Files cut,1200,,
OWELL,62,distributed,Blinds Sashes and Doors,12000,,
OWELL,62,distributed,Merchandise Boxes and Folding Boards,20000,,
OWELL,62,distributed,Stoves,40000,,
OWELL,62,distributed,Sets  Loom Heddles or Harnesses,9144,5376,lbs
OWELL,62,distributed,bel ting,,1512,
OWELL,62,distributed,harnesses and belting,,,
OWELL,62,distributed,Iron  and  Brass  Work  for Piano Fortes,4000,,
OWELL,62,distributed,Men's  Clothing,140000,,
OWELL,62,distributed,Printed  Cotton  Bocking,20000,50000,yds
MALDEN,62,Rolling Slitting and Nail Mills,iron  and not made into uails,40000,400,tons
MALDEN,62,Rolling Slitting and Nail Mills,nails,76500,850,tons
MALDEN,62,Forges,Forges,5925,,
MALDEN,62,Establishments  for     Cutlery,for     Cutlery,400,,
MALDEN,62,Establishments for   Britannia Ware,ware,12000,,
MALDEN,62,Harness Manufactories,Harness,3000,,
MALDEN,62,Cordage Manufactories,cordage,2500,6,tons
MALDEN,62,Establishments for   Wagons Sleighs and other Vehi­ cles,vehicles,3200,,
MALDEN,62,Tin Ware Manufactories,ware,25000,,
MALDEN,62,distributed,Boots,65753,183,pairs
MALDEN,62,distributed,shoes,,92888,pairs
MALDEN,62,distributed,boots and shoes,,,
MALDEN,62,distributed,Bricks,12754,1822000,
MALDEN,62,distributed,Fire Wood prepared,2780,695,cords
MALDEN,62,energy imports,Sperm Oil consumed in manufacturing,365,365,galls
MALDEN,62,energy imports,whale oil,100,200,galls
MALDEN,62,energy imports,anthracite  coal,5000,1000,tons
MALDEN,62,energy imports,foreign bituminous coal,750,250,chaldrons
MALDEN,63,distributed,Horses,13920,232,head
MALDEN,63,distributed,neat  cattle,10930,509,head
MALDEN,63,distributed,swine,6678,371,head
MALDEN,63,distributed,Indian  Corn or Maize raised,1713,2856,bush
MALDEN,63,distributed,rye,183,262,bush
MALDEN,63,distributed,barley,72,96,bush
MALDEN,63,distributed,oats,6,20,bush
MALDEN,63,distributed,potatoes,5307,15164,bush
MALDEN,63,distributed,other esculent veg­ etables,65,3375,bush
MALDEN,63,distributed,hay,19860,1655,tons
MALDEN,63,distributed,Fruit raised,5031,12579,bush
MALDEN,63,distributed,Butter,484,3225,lbs
MALDEN,63,distributed,Lasts,14000,,
MALDEN,63,distributed,Brick Presses,1500,,
MALDEN,63,Tassel Mannfactories,Tassel,3500,,
MALDEN,63,Picture Frame Manufactories,frames,2000,,
MALDEN,63,Grist Mills,meal ground,,73000,bush
MALDEN,63,Machine Shops,machinery,3750,25,tons
MALDEN,63,Machine Shops,spikes and bolts,20000,200,tons
MALDEN,63,distributed,Stone cut,800,,
MALDEN,63,Morocco  and  Kid  Manufactories,skins dressed,15600,1560,doz
MALDEN,63,Curriers' Shops,business,65500,,
MALDEN,63,distributed,Vegetables sold,4975,,
MALDEN,63,distributed,Squashes sold,73,14710,lbs
MALDEN,63,Dye Houses,business,93000,,
MALDEN,63,distributed,Anthracite Coal consumed in dyeing,2970,824,tons
MARLBOROUGH,63,Tanneries,hides tanned,3950,1560,
MARLBOROUGH,63,Tanneries,leather tanned and curried,,,
MARLBOROUGH,64,distributed,Boots,92932,624,pairs
MARLBOROUGH,64,distributed,shoes,,302726,pairs
MARLBOROUGH,64,distributed,Straw Braid  and not made into bonnets and  hats,5160,,
MARLBOROUGH,64,distributed,Building Stone quarried  and prepared,600,,
MARLBOROUGH,64,distributed,Lumber prepared,2040,15000,feet
MARLBOROUGH,64,distributed,Fire Wood prepared,25211,948,cords
MARLBOROUGH,64,distributed,Sheep total,294,147,head
MARLBOROUGH,64,distributed,Wool total,176,588,lbs
MARLBOROUGH,64,distributed,Horses,12645,281,head
MARLBOROUGH,64,distributed,neat  cattle,39226,1819,head
MARLBOROUGH,64,distributed,swine,3697,493,head
MARLBOROUGH,64,distributed,Indian Corn or Maize raised,10782,14376,bush
MARLBOROUGH,64,distributed,rye,1484,1966,bush
MARLBOROUGH,64,distributed,barley,682,1365,bush
MARLBOROUGH,64,distributed,oats,1594,4254,bush
MARLBOROUGH,64,distributed,potatoes,9251,37005,bush
MARLBOROUGH,64,distributed,other esculent vegetables,314,1255,bush
MARLBOROUGH,64,distributed,hay,33477,4169,tons
MARLBOROUGH,64,distributed,Fruit raised,6013,12469,bush
MARLBOROUGH,64,distributed,hops,200,2000,lbs
MARLBOROUGH,64,distributed,Butter,14093,82905,lbs
MARLBOROUGH,64,distributed,cheese,812,16251,lbs
MARLBOROUGH,64,distributed,honey,62,367,lbs
MARLBOROUGH,64,distributed,Milk,5045,60540,galls
MARLBOROUGH,64,distributed,Apples for Vinegar,2224,31772,bush
MEDFORD,64,distributed,Wool consumed in    Hat Bodies,,30000,lbs
MEDFORD,64,Hat and Cap Manufactories,hats and caps,40000,20000,
MEDFORD,64,Establishments for   Rail-road  Cars Coaches Wagons and other Vehicles,vehicles,,50,
MEDFORD,64,Soap and Tallow Candle  Manufactories,soap  -,4000,200000,lbs
MEDFORD,64,Chair and Cabinet-ware Manufactories,Chair and Cabinet-ware,600,,
MEDFORD,64,Tin  Ware  Manufactories,ware,2000,,
MEDFORD,65,Mills for   Linseed  Oil,oil,59500,90000,galls
MEDFORD,65,distributed,Building Stone quarried and prepared,10000,,
MEDFORD,65,distributed,Anthracite Coal consumed in Manufactures,12000,2000,tons
MEDFORD,65,distributed,Horses,11700,234,head
MEDFORD,65,distributed,neat cattle,7800,390,head
MEDFORD,65,distributed,swine,816,136,head
MEDFORD,65,distributed,Indian Corn or Maize raised,1000,1500,bush
MEDFORD,65,distributed,rye,600,800,bush
MEDFORD,65,distributed,potatoes,3581,10260,bush
MEDFORD,65,distributed,other esculent vegetables,5000,20000,bush
MEDFORD,65,distributed,hay,20000,2000,tons
MEDFORD,65,distributed,Fruit raised,3750,12500,bush
NATICK,65,Saddle Harness and Trunk Manufactories,Saddle Harness and Trunk,500,,
NATICK,65,Establishments for   Rail-road  Cars Coaches Chaises and  other Vehicles,vehicles,2500,,
NATICK,65,Chair  and  Cabinet-ware  Manufactories,Chair  and  Cabinet-ware,2000,,
NATICK,65,distributed,Boots,420774,19150,pairs
NATICK,65,distributed,shoes,,614200,pairs
NATICK,65,distributed,boots and shoes,,,
NATICK,65,distributed,Straw Braid  and not made into Bonnets and Hats,62,5000,yds
NATICK,65,distributed,Blocks and Pumps,500,,
NATICK,65,distributed,Lumber prepared,900,60000,feet
NATICK,65,distributed,Fire Wood prepa red,2800,800,cords
NATICK,65,distributed,Sheep total,76,17,head
NATICK,65,distributed,Wool total,34,85,lbs
NATICK,65,distributed,Horses,7400,176,head
NATICK,65,distributed,neat cattle,12100,605,head
NATICK,65,distributed,swine,1673,239,head
NATICK,66,distributed,Indian Corn or Maize raised,4365,6235,bush
NATICK,66,distributed,rye,691,768,bush
NATICK,66,distributed,barley,72,120,bush
NATICK,66,distributed,oats,409,1168,bush
NATICK,66,distributed,potatoes,4390,15679,bush
NATICK,66,distributed,other es­ culent  vegetables,223,1025,bush
NATICK,66,distributed,millet,50,5,tons
NATICK,66,distributed,hay,12320,1120,tons
NATICK,66,distributed,Fruit raised,1870,9348,bush
NATICK,66,distributed,Butter,3199,19995,lbs
NATICK,66,distributed,cheese,162,3235,lbs
NATICK,66,distributed,honey,21,130,
NATICK,66,distributed,Shoe Boxes,4200,12000,
NATICK,66,distributed,Treenails,600,100000,
NEWTON,66,Cotton Mills,spindles,85709,8124,lbs
NEWTON,66,Cotton Mills,cotton consumed,,263718,yds
NEWTON,66,Cotton Mills,No.  prin ting cloth,,301318593,
NEWTON,66,Calico Manufactories,calico printed,9399,117499,yds
NEWTON,66,Rolling Slitting and Nail Mills,iron  and not made into nails,16000,200,tons
NEWTON,66,Rolling Slitting and Nail Mills,nails,22125,200,tons
NEWTON,66,Furnaces for   Hollow Ware and Castings other than Pig Irop,hollow ware and castings,15750,225,tons
NEWTON,66,Establishments for   Cotton Woollen and other Ma­ chinery,for   Cotton Woollen and other Ma­ chinery,87500,,
NEWTON,66,Establishments for   Chemical Preparations,for   Chemical Preparations,80000,,
NEWTON,66,Paper Manufactories,stock consumed,140622,900,tons
NEWTON,66,Paper Manufactories,paper,,730,tons
NEWTON,66,Saddle  Harness  and  Trunk  Manufactories,Saddle  Harness  and  Trunk,700,,
NEWTON,66,Upholstery Manufactories,Upholstery,34776,,
NEWTON,66,Establishments  for     Rail-road  Cars Coaches  Chaises and other Vehicles,vehicles,6000,,
NEWTON,67,Soap and Tallow Candle Manufactories,st soap    bbls. hard,2122,10031946,bblslbs
NEWTON,67,Soap and Tallow Candle Manufactories,candles,38950,410000,lbs
NEWTON,67,Soap and Tallow Candle Manufactories,tallow  and shipped,18750,250000,lbs
NEWTON,67,Tin Ware  Manufactories,ware,1000,,
NEWTON,67,Glue Manufactories and Manufactories for Preparation  Gums,Glue Manufactories and,12000,,
NEWTON,67,distributed,Boots,2060,380,pairs
NEWTON,67,distributed,shoes,,400,pairs
NEWTON,67,distributed,boots and shoes,,,
NEWTON,67,distributed,Fire Wood prepared,2500,363,cords
NEWTON,67,energy imports,Sperm  Oil  consumed  in  man ufacturing,1476,1640,galls
NEWTON,67,energy imports,other kinds  oil,750,1000,galls
NEWTON,67,energy imports,anthracite coal consumed,8742,11249,tons
NEWTON,67,energy imports,foreign bituminous coal,4200,420,chaldrons
NEWTON,67,energy imports,all other   American production excepting cotton wool and iron consumed in man­ ufactu ring,106000,,
NEWTON,67,distributed,all other   foreign pro­ duction excepting as above consumed,51300,,
NEWTON,67,distributed,Horses,22380,373,head
NEWTON,67,distributed,neat cattle,20610,687,head
NEWTON,67,distributed,swine,5620,562,head
NEWTON,67,distributed,Indian Corn or Maize raised,5055,6741,bush
NEWTON,67,distributed,rye,974,1299,bush
NEWTON,67,distributed,barley,266,351,bush
NEWTON,67,distributed,oats,110,329,bush
NEWTON,67,distributed,potatoes,14585,43756,bush
NEWTON,67,distributed,other es­ culent  vegetables,8316,18816,bush
NEWTON,67,distributed,hay,34232,21550,tons
NEWTON,67,distributed,Fruit raised,15549,27270,bush
NEWTON,67,distributed,Butter,1666,10000,lbs
NEWTON,67,distributed,cheese,40,500,lbs
NEWTON,67,distributed,honey,62,500,lbs
NEWTON,67,distributed,beeswax,12,50,lbs
NEWTON,67,distributed,Dye Stuffs,10500,175,tons
NEWTON,67,distributed,Peat prepared,5136,1284,cords
NEWTON,67,distributed,Milk produced,30000,300000,galls
NEWTON,67,distributed,Nursery Trees sold,15400,,
NEWTON,67,distributed,Squashes raised,1500,150,tons
NEWTON,67,Cabbages raised,Cabbages raised,1200,,
NEWTON,67,Strawberries raised  quarts,Strawberries raised  quarts,440,,
PEPPERELL,68,Woollen Mills,wool consumed,8000,12000,lbs
PEPPERELL,68,Woollen Mills,cassimere,1200,10000,yds
PEPPERELL,68,Woollen Mills,flannel or blanketing,,2000,yds
PEPPERELL,68,Establishments for   Cotton Woollen and other Machin­ ery,for   Cotton Woollen and other Machin­ ery,6000,,
PEPPERELL,68,Paper Manufactories,stock consumed,66240,1145100,lbs
PEPPERELL,68,Paper Manufactories,paper,,826000,lbs
PEPPERELL,68,Saddle Harness and Trunk Manufactories,Saddle Harness and Trunk,500,,
PEPPERELL,68,Establishments for   Wagons and other Vehicles,vehicles,6900,,
PEPPERELL,68,Soap and Tallow Candle Manufactories,soap,1350,15,tons
PEPPERELL,68,Soap and Tallow Candle Manufactories,candles,40,400,lbs
PEPPERELL,68,Soap and Tallow Candle Manufactories,K,,2,
PEPPERELL,68,distributed,Boots,74525,2000,pairs
PEPPERELL,68,distributed,shoes,,106500,pairs
PEPPERELL,68,distributed,boots and shoes,,,
PEPPERELL,68,distributed,Bricks,500,100000,
PEPPERELL,68,distributed,Sheep total see species,1097,1183,lbs
PEPPERELL,68,distributed,other  kinds   wool,,,
PEPPERELL,68,distributed,Saxony Sheep,,46,head
PEPPERELL,68,distributed,merino sheep,,42,head
PEPPERELL,68,distributed,other kinds  sheep,,370,head
PEPPERELL,68,distributed,Saxony wool produced  lbs.,,121,lbs
PEPPERELL,68,distributed,merino wool  lbs.,,102,lbs
PEPPERELL,68,distributed,Wool total see species,478,,
PEPPERELL,68,distributed,Horses,11360,196,head
PEPPERELL,68,distributed,neat cattle,20145,1045,head
PEPPERELL,68,distributed,swine,2252,283,head
PEPPERELL,68,distributed,Indian Corn or Maize raised,6257,7221,bush
PEPPERELL,68,distributed,wheat,146,124,bush
PEPPERELL,68,distributed,rye,1751,2340,bush
PEPPERELL,68,distributed,barley,116,176,bush
PEPPERELL,68,distributed,oats,1442,4474,bush
PEPPERELL,68,distributed,potatoes -,4567,18951,bush
PEPPERELL,68,distributed,other esculent vegetables,213,1265,bush
PEPPERELL,68,distributed,hay,17711,1981,tons
PEPPERELL,68,distributed,Fruit  raised,1374,8817,bush
PEPPERELL,68,distributed,hops,425,3680,lbs
PEPPERELL,68,distributed,Butter,4615,29680,lbs
PEPPERELL,68,distributed,cheese,509229,9310,lbs
READING,69,Establishments for .  Rail-road Cars Coaches Chaises Wagons and other Vehicles,vehicles,2000,,
READING,69,Chair and Cabinet Ware Manufactories,Chair and Cabinet Ware,103100,,
READING,69,Tin Ware Manufactories,ware,5000,,
READING,69,distributed,Shoes,166734,274000,pairs
READING,69,distributed,Lumber prepared,5621,511000,feet
READING,69,distributed,Fire Wood prepared,6416,2673,cords
READING,69,distributed,Horses,8800,220,head
READING,69,distributed,neat  cattle,17382,888,head
READING,69,distributed,swine,4236,353,head
READING,69,distributed,Indian   Corn  or  Maize raised,3862,5516,bush
READING,69,distributed,rye,529,661,bush
READING,69,distributed,barley,126,209,bush
READING,69,distributed,oats,146,367,bush
READING,69,distributed,potatoes,4392,17000,bush
READING,69,distributed,oth­ er esculent  vegetables,1900,1900,tons
READING,69,distributed,hay,209009000,7200,lbs
READING,69,distributed,hops,3600,,
READING,69,distributed,Butter,6064,37900,lbs
READING,69,distributed,cheese,79,1325,lbs
READING,69,Coach Lace Manufactories,Coach Lace,6000,,
READING,69,distributed,Cranberries raised,600,400,bush
SHERBURNE,69,distributed,Sewing Silk,45,5,lbs
SHERBURNE,69,Axe Manufactories,axes hatchets  and other  edge tools,200,200,
SHERBURNE,69,distributed,Cutlery,100,,
SHERBURNE,69,Saddle  Harness  and  Trunk  Manufactories,Saddle  Harness  and  Trunk,300,,
SHERBURNE,69,Establishments  for      Rail-road Cars Coaches  Chaises and other Vehicles,vehicles,1244,,
SHERBURNE,70,Establishments  for    Fire Arms,guns,600,30,
SHERBURNE,70,Tanneries,hides tanned,2900,75,
SHERBURNE,70,Tanneries,leath­ er tanned and curried,,,
SHERBURNE,70,distributed,Boots,21399,685,pairs
SHERBURNE,70,distributed,shoes,,30607,pairs
SHERBURNE,70,distributed,boots and shoes,,,
SHERBURNE,70,distributed,Straw Bonnets and Hats,1120,1310,
SHERBURNE,70,distributed,straw braid  and not made into bonnets and hats,616,,
SHERBURNE,70,distributed,Building Stone quarried and prepared,50,,
SHERBURNE,70,distributed,Whips,1575,,
SHERBURNE,70,distributed,Lumber prepared,1062,,
SHERBURNE,70,distributed,Fire Wood  prepared,1174,348,cords
SHERBURNE,70,distributed,Sheep total,154,33,head
SHERBURNE,70,distributed,Wool total,44,145,lbs
SHERBURNE,70,distributed,Horses,6221,150,head
SHERBURNE,70,distributed,neat  cattle,17061,855,head
SHERBURNE,70,distributed,swine,6977,536,head
SHERBURNE,70,distributed,Indian Corn or Maize raised,7320,8785,bush
SHERBURNE,70,distributed,rye,768,853,bush
SHERBURNE,70,distributed,barley,248,413,bush
SHERBURNE,70,distributed,oats,1010,2526,bush
SHERBURNE,70,distributed,potatoes,3506,14022,bush
SHERBURNE,70,distributed,hay,17449,1670,tons
SHERBURNE,70,distributed,Fruit raised,53398,26596,bush
SHERBURNE,70,distributed,Butter,5407,33793,lbs
SHERBURNE,70,distributed,Cranberries raised,1120,560,bush
SHERBURNE,70,distributed,Vinegar,10136,5068,bbls
SHERBURNE,70,distributed,Trusses,25,,
SHIRLEY,70,Cotton Mills,spindles,28000,2334,lbs
SHIRLEY,70,Cotton Mills,cotton consumed,5216,172117,yds
SHIRLEY,70,Cotton Mills,sheeting,,468000,lbs
SHIRLEY,70,Cotton Mills,cotton yarn from No.  to No.,,71231300,
SHIRLEY,70,Paper Manufactories,stock consumed,33750,4635,tons
SHIRLEY,70,Paper Manufactories,paper,,83000,reams
SHIRLEY,71,Saddle Harness and Trunk Manufactories,Saddle Harness and Trunk,340,,
SHIRLEY,71,Establishments for   Rail-road Cars Coaches Chaises and other Vehicles,vehicles,7000,,
SHIRLEY,71,Tin Ware Manufactories,ware,200,,
SHIRLEY,71,Tanneries,leather tanned and curried,2500,,
SHIRLEY,71,distributed,Boots,22000,175,pairs
SHIRLEY,71,distributed,shoes,,2000,pairs
SHIRLEY,71,distributed,boots and shoes,,,
SHIRLEY,71,distributed,Palm-leaf Hats,3319,17600,
SHIRLEY,71,distributed,Bricks,600,120000,
SHIRLEY,71,distributed,Corn and other Brooms,570,2600,
SHIRLEY,71,distributed,Lumber prepared,2650,265000,feet
SHIRLEY,71,energy imports,Fire wood prepared,2800,1400,cords
SHIRLEY,71,energy imports,Sperm Oil consumed  in man ufacturing,500,500,galls
SHIRLEY,71,distributed,Sheep total see species,600,,
SHIRLEY,71,distributed,Wool total see species,286,,
SHIRLEY,71,distributed,Merino  Sheep,,136,head
SHIRLEY,71,distributed,other  sheep,,137,head
SHIRLEY,71,distributed,merino wool prod uced  lbs.,,397,lbs
SHIRLEY,71,distributed,other wool  lbs.,,425,lbs
SHIRLEY,71,distributed,Horses,5782,147,head
SHIRLEY,71,distributed,neat cattle,10840,645,head
SHIRLEY,71,distributed,swine,1240,124,head
SHIRLEY,71,distributed,Indian Corn or Maize raised,3000,4000,bush
SHIRLEY,71,distributed,wheat,310,265,bush
SHIRLEY,71,distributed,rye,1531,1230,bush
SHIRLEY,71,distributed,barley,100,551,bush
SHIRLEY,71,distributed,oats,382,1157,bush
SHIRLEY,71,distributed,potatoes,2308,10230,bush
SHIRLEY,71,distributed,other esculent vegetables,650,96,tons
SHIRLEY,71,distributed,hay,9356,1082,tons
SHIRLEY,71,distributed,Fruit  raised,520,5200,bush
SHIRLEY,71,distributed,hops,2339,23389,lbs
SHIRLEY,71,distributed,Butter,3032,17849,lbs
SHIRLEY,71,distributed,cheese,520,10400,lbs
SOMERVILLE,71,distributed,Goods  Bleached  and  Colored  and  not  printed,315000,4500000,yds
SOMERVILLE,71,Cordage  Manufactories,cordage,4745,29000,lbs
SOMERVILLE,72,Tin Ware Ma.nufaetories,wate,6000,,
SOMERVILLE,72,distributed,Paints,2700,,
SOMERVILLE,72,distributed,Bricks,166980,27576000,
SOMERVILLE,72,distributed,Snuff Tobacco and Cigars,1200,,
SOMERVILLE,72,distributed,Horses,14000,235,head
SOMERVILLE,72,distributed,neat  cattle,5513,264,head
SOMERVILLE,72,distributed,swine,702,117,head
SOMERVILLE,72,distributed,Potatoes  raised,2011,5745,bush
SOMERVILLE,72,distributed,hay,11856,985,tons
SOMERVILLE,72,distributed,Fruit raised,2290,5724,bnsh
SOMERVILLE,72,Establishments  for   Chemical Preparations,for   Chemical Preparations,25500,,
SOMERVILLE,72,Saddle Harness and Trunk Manufactories,Saddle Harness and Trunk,400,1,
SOMERVILLE,72,Saddle Harness and Trunk Manufactories,R,,,
SOMERVILLE,72,Cordage  Manufactories,cordage,1000,,
SOMERVILLE,72,Establishments for   Rail-road Cars Coaches Chaises and other Vehicles,vehicles,1900,,
SOMERVILLE,72,Tin Ware Man ufactories,ware,2500,,
SOMERVILLE,72,distributed,Shoes,200000,275000,pairs
SOMERVILLE,72,distributed,Blocks and Pumps,1000,,
SOMERVILLE,72,distributed,Mechanics'  Tools,1820,,
SOMERVILLE,72,distributed,Sheep total,10,4,head
SOMERVILLE,72,distributed,Horses,5720,143,head
SOMERVILLE,72,distributed,neat cattle,4660,230,head
SOMERVILLE,72,distributed,swine,680,170,head
SOMERVILLE,72,distributed,Indian  Corn  or  Maize  raised,1500,2000,bush
SOMERVILLE,72,distributed,rye,100,125,bush
SOMERVILLE,72,distributed,barley,4,5,bush
SOMERVILLE,72,distributed,oats,100,300,bush
SOMERVILLE,72,distributed,potatoes,4000,10000,bush
SOMERVILLE,72,distributed,other escu­ lent vegeta bles,2370,800,tons
SOMERVILLE,72,distributed,hay,9000,,
SOMERVILLE,72,distributed,Fruit raised,300012000,8000,bush
SOMERVILLE,73,Razor Strop Manufactories,strops,1500,13200,
STONEHAM,73,Establishments for   Rail-road Cars Coaches Chaises and other Vehicles,vehicles,1200,,
STONEHAM,73,distributed,Shoes,150290,429400,pairs
STONEHAM,73,distributed,Mechanics'  Tools,400,,
STONEHAM,73,Lumber prepared  foet,Lumber prepared  foet,900,,
STONEHAM,73,distributed,Fire Wood prepared,4576,1017,cords
STONEHAM,73,energy imports,Sperm Oil consumed in man ufact u ring,648,600,galls
STONEHAM,73,energy imports,anth racite coal consumed in manufacturing,480,60,tons
STONEHAM,73,energy imports,foreign bituminous coal,64,8,tons
STONEHAM,73,distributed,all other   American production excepting cotton wool and iron con­ sumed in manufacturing,572,,
STONEHAM,73,energy imports,all other   foreign productions excepting as above consumed,9588,,
STONEHAM,73,distributed,Sheep total,5,2,head
STONEHAM,73,distributed,Wool total,2,4,lbs
STONEHAM,73,distributed,Horses,4140,106,head
STONEHAM,73,distributed,neat cattle,4780,221,head
STONEHAM,73,distributed,swine,870,87,head
STONEHAM,73,distributed,Indian Corn or Maize raised,1422,2124,bush
STONEHAM,73,distributed,rye,230,287,bush
STONEHAM,73,distributed,barley,29,36,bush
STONEHAM,73,distributed,oats,30,74,bush
STONEHAM,73,distributed,potatoes,3088,9360,bush
STONEHAM,73,distributed,other  esculent  veg­ etables,592,2958,bush
STONEHAM,73,distributed,hay,7170,717,tons
STONEHAM,73,distributed,Fruit raised,19097580,3182,bush
STOW,73,Woollen Mills,wool consumed,80000,125500,lbs
STOW,73,Woollen Mills,broadcloth,21300,38500,yds
STOW,73,Woollen Mills,cas­ simeres,,23400,yds
STOW,74,Axe Manufactories,axes hatchets and other edge tools,450,300,
STOW,74,Saddle Harness and Trunk Manufactories,Saddle Harness and Trunk,1450,,
STOW,74,Establishments for   Rail-road Cars Coaches Chaises and other Vehicles,vehicles,800,,
STOW,74,distributed,Lumber prepared,2000,200000,feet
STOW,74,energy imports,Fire wood prepared,5700,2537,cords
STOW,74,energy imports,Oil consumed  in manufacturing,1485,2450,galls
STOW,74,distributed,all  other       American   production   excepting cotton  wool  and  iron  consumed  in  manufacturing,7726,,
STOW,74,distributed,Sheep total,437,173,head
STOW,74,distributed,Wool total,155,519,lbs
STOW,74,distributed,Horses,634,140,head
STOW,74,distributed,neat  cattle,26946,1353,head
STOW,74,distributed,swine,2131,212,head
STOW,74,distributed,Indian Corn or Maize raised,4900,7000,bush
STOW,74,distributed,wheat,30,20,bush
STOW,74,distributed,rye,128,1897,bush
STOW,74,distributed,barley,120,203,bush
STOW,74,distributed,oats ),192,379,bush
STOW,74,distributed,potatoes,4886,19545,bush
STOW,74,distributed,other  esculent  vegetables,1200,30000,lbs
STOW,74,distributed,hay,11848,1481,tons
STOW,74,distributed,Fruit raised,1495,8969,bush
STOW,74,distributed,hops,2057,20571,lbs
STOW,74,distributed,Butter,4910,29461,lbs
STOW,74,distributed,cheese,300,6050,lbs
SUDBURY,74,Plough  Manufactories,ploughs  and  other  agricultural tools .,160,20,
SUDBURY,74,Paper Man ufactories,stock consumed,13000,200000,lbs
SUDBURY,74,Paper Man ufactories,paper,,130000,lbs
SUDBURY,74,Establishments for   Rail-road Cars Coaches Wagons and  other Vehicles,vehicles,950,,
SUDBURY,75,distributed,Boots,2633,425,pairs
SUDBURY,75,distributed,shoes,,1690,pairs
SUDBURY,75,distributed,boots and shoes,,,
SUDBURY,75,distributed,Straw Bon nets and Hats,50,100,
SUDBURY,75,distributed,•,1228,,
SUDBURY,75,distributed,straw braid  and not made into bonnets and hats,,,
SUDBURY,75,Saw Mills,lumber sawed,9750128000,750000,feet
SUDBURY,75,distributed,Fire Wood prepared,9320,4128,cords
SUDBURY,75,distributed,E. . Oaken Baskets,75,40200,
SUDBURY,75,distributed,Tallow Candles,600,5250,lbs
SUDBURY,75,distributed,st soap,450,150,bbls
SUDBURY,75,distributed,Hosiery,300,,
SUDBURY,75,distributed,Sheep total,171,57,head
SUDBURY,75,distributed,Wool total,51,171,lbs
SUDBURY,75,distributed,Horses,6840,171,head
SUDBURY,75,distributed,neat  cattle,34086,1311,head
SUDBURY,75,distributed,swine,3432,429,head
SUDBURY,75,distributed,Indian Corn or Maize raised,6896,9852,bush
SUDBURY,75,distributed,wheat,11,11,bush
SUDBURY,75,distributed,rye,1768,2526,bush
SUDBURY,75,distributed,barley,7,11,bush
SUDBURY,75,distributed,oats,2509,6693,bush
SUDBURY,75,distributed,potatoes,7511,30045,bush
SUDBURY,75,distributed,other esculent vegetables,500,100,tons
SUDBURY,75,distributed,hay,20688,2327,tons
SUDBURY,75,distributed,Fruit  raised,3081,14540,bush
SUDBURY,75,distributed,hops,100,1000,lbs
SUDBURY,75,distributed,Butter,5913,39422,lbs
SUDBURY,75,distributed,cheese,538,13445,lbs
SUDBURY,75,distributed,Beans raised,472,270,bush
SUDBURY,75,distributed,Straw   Rye and Oats,1100,200,tons
SUDBURY,75,distributed,Poultry,1000,10000,lbs
SUDBURY,75,distributed,eggs,1440,12000,doz
SUDBURY,75,distributed,Milk,900,7500,galls
SUDBURY,75,distributed,Cranberries,1895,842,bush
TEWKSBURY,75,Tanneries,leather tanned and curried,32000,,
TEWKSBURY,75,distributed,Lumber prepared,5200,520000,feet
TEWKSBURY,75,distributed,Fire Wood prepared,8000,2808,cords
TEWKSBURY,75,distributed,Wool total,90,237,lbs
TEWKSBURY,75,distributed,E. . Sheep,71,6060,head
TEWKSBURY,76,distributed,Horses,3600,120,head
TEWKSBURY,76,distributed,neat cattle,12860,640,head
TEWKSBURY,76,distributed,swine,1000,200,head
TEWKSBURY,76,distributed,Indian Corn or Maize raised,2548,3640,bush
TEWKSBURY,76,distributed,rye,1163,1454,bush
TEWKSBURY,76,distributed,barley,32,40,bush
TEWKSBURY,76,distributed,oats,736,2104,bush
TEWKSBURY,76,distributed,potatoes,541217060,18040,bush
TEWKSBURY,76,distributed,hay,5015,1002,tons
TEWKSBURY,76,distributed,Fruit raised,2069,10347,bush
TEWKSBURY,76,distributed,hops,502,50016,lbs
TEWKSBURY,76,distributed,Butter,1238,7860,lbs
TEWKSBURY,76,distributed,honey,201,100,lbs
TEWKSBURY,76,distributed,oakum,12000,100,tons
TEWKSBURY,76,distributed,Milk,3500,35000,galls
TOWNSEND,76,Furnaces  for   Hollow Ware and Castings other than Pig  Iron,Furnaces  for   Hollow Ware and Castings other than Pig  Iron,2400,30,tons
TOWNSEND,76,distributed,Shovels Spades Forks and Hoes,700,,
TOWNSEND,76,distributed,Ploughs and other Agricultural Tools,260,32,
TOWNSEND,76,Establishments for   Rail-road Cars Coaches Chaises and  other Vehicles,vehicles,2830,,
TOWNSEND,76,Tanneries,leather tanned and curried,23850,,
TOWNSEND,76,distributed,Boots,4479,587,pairs
TOWNSEND,76,distributed,shoes,,3530,pairs
TOWNSEND,76,distributed,boots  and shoes,,,
TOWNSEND,76,distributed,Palm-leaf  Hats,6682,31821,
TOWNSEND,76,distributed,Bricks,4000,100000,
TOWNSEND,76,distributed,Blocks and Pumps,300,,
TOWNSEND,76,distributed,Lumber prepared,1800,225000,feet
TOWNSEND,76,distributed,Fire Wood prepared,700,350,cords
TOWNSEND,76,distributed,Barrels,15075,2040,
TOWNSEND,76,distributed,half  barrels,,4288,
TOWNSEND,76,distributed,nail kegs,,154563,
TOWNSEND,76,distributed,barrels half barrels and kegs,,,
TOWNSEND,77,distributed,Sheep total,627,502,head
TOWNSEND,77,distributed,Wool total,572,1506,lbs
TOWNSEND,77,distributed,Horses,65445,187,head
TOWNSEND,77,distributed,neat   cattle,14742,910,head
TOWNSEND,77,distributed,swine,1746,291,head
TOWNSEND,77,distributed,Indian Corn or Maize raised,4965,6620,bush
TOWNSEND,77,distributed,wheat,103,83,bush
TOWNSEND,77,distributed,rye,1828,2286,bush
TOWNSEND,77,distributed,barley,587,783,bush
TOWNSEND,77,distributed,oats,520,1578,bush
TOWNSEND,77,distributed,potatoes,3882,15521,bush
TOWNSEND,77,distributed,other  esculent vegetables,1200,7500,bush
TOWNSEND,77,distributed,hay,14445,1605,tons
TOWNSEND,77,distributed,Fruit raised,1639,8199,bush
TOWNSEND,77,distributed,hops,1402,14025,lbs
TOWNSEND,77,distributed,Butter,4349,31066,lbs
TOWNSEND,77,distributed,cheese,633,10550,lbs
TOWNSEND,77,distributed,honey,119,795,lbs
TOWNSEND,77,distributed,beeswax,15,36,lbs
TYNGSBOROUGH,77,Brush  Manufactories,brushes,6000,,
TYNGSBOROUGH,77,distributed,Vehicles,365,,
TYNGSBOROUGH,77,distributed,Boots,950,175,pairs
TYNGSBOROUGH,77,distributed,shoes,,200,
TYNGSBOROUGH,77,distributed,boots and shoes,,,
TYNGSBOROUGH,77,distributed,Lumber prepared,3160,331000,feet
TYNGSBOROUGH,77,distributed,Fire Wood prepared,9000,2250,cords
TYNGSBOROUGH,77,energy imports,Sperm Oil consumed in manufacturing,,311,galls
TYNGSBOROUGH,77,distributed,Sheep total,300,151,head
TYNGSBOROUGH,77,distributed,Wool total,113,375,lbs
TYNGSBOROUGH,77,distributed,Horses,3138,81,head
TYNGSBOROUGH,77,distributed,neat cattle,11660,583,head
TYNGSBOROUGH,77,distributed,swine,704,117,head
TYNGSBOROUGH,77,distributed,Indian Corn or Maize raised,2683,3577,bush
TYNGSBOROUGH,77,distributed,wheat,10,8,bush
TYNGSBOROUGH,77,distributed,rye,1215,1620,bush
TYNGSBOROUGH,77,distributed,barley,14,27,bush
TYNGSBOROUGH,77,distributed,- oats,1050,3000,bush
TYNGSBOROUGH,77,distributed,potatoes,3568,14275,bush
TYNGSBOROUGH,77,distributed,other esculent  vegetables,266,888,bush
TYNGSBOROUGH,77,distributed,hay,12150,1350,tons
TYNGSBOROUGH,77,distributed,Fruit raised,1740,11831,bush
TYNGSBOROUGH,77,distributed,Butter,2943,19625,lbs
TYNGSBOROUGH,77,distributed,cheese,443,8850,lbs
TYNGSBOROUGH,77,distributed,honey,96,534,lbs
TYNGSBOROUGH,77,distributed,beeswax,11,33,lbs
TYNGSBOROUGH,78,distributed,Barrels,600,600,
TYNGSBOROUGH,78,distributed,Buck and India Wheat raised,186,372,bush
TYNGSBOROUGH,78,distributed,Milk sold,980,,
TYNGSBOROUGH,78,distributed,Esculent  Vegetables   not  measured   by  the  bushel,6000,,
WALTHAM,78,Cotton Mills,spindles$,230838,11488,lbs
WALTHAM,78,Cotton Mills,cotton consumed,,956890,yds
WALTHAM,78,Cotton Mills,numbers  and  shirtings and sheetings,,18222564871,
WALTHAM,78,Establishments for Bleaching or Coloring Cotton Goods,goods  bleached  or  colored,900000,9000000,yds
WALTHAM,78,Establishments for Bleaching or Coloring Cotton Goods,H.,,60,
WALTHAM,78,Establishments for   Cotton Woollen and other Machin­ ery,machinery .,12000,,
WALTHAM,78,Paper Manufactories,stock consumed,10000,240000,lbs
WALTHAM,78,Paper Manufactories,pa­per,,160000,lbs
WALTHAM,78,Saddle Harness  and  Trunk  Manufactories,Saddle Harness  and  Trunk,600,,
WALTHAM,78,Hat  and  Cap Manufactories,hats and caps,21460,8200,
WALTHAM,78,Establishmen ts for    Rail-road  Oars  Coaches  phaises and other Vehicles,vehicles,7800,,
WALTHAM,78,Establishments  for      Fire Arms,rides and  fowling­ pieces,375,25,
WALTHAM,78,Chair  and Cabinet Ware Man ufactories,Chair  and Cabinet Ware,2000,,
WALTHAM,78,Tin Ware Manufh.ctories,ware,11000,,
WALTHAM,78,distributed,Boots,22495,3425,pairs
WALTHAM,78,distributed,shoes,,25427,pairs
WALTHAM,78,distributed,boots and shoes,,8,
WALTHAM,78,distributed,F. K,,,
WALTHAM,78,distributed,Blocks and Pumps,750,,
WALTHAM,78,distributed,Fire Wood  prepared,1050,350,cords
WALTHAM,78,energy imports,Sperm  Oil  consumed  in  Manufacturing,3780,4036,galls
WALTHAM,78,energy imports,anthracite  coal  consumed  in  manufacturing,7800,1300,tons
WALTHAM,78,energy imports,foreign  bituminous  coal  B,687,4,chaldrons
WALTHAM,78,energy imports,o..f all other American productions excepting cotton wool and iron consumed in manufacturing,20000,,
WALTHAM,79,distributed,Horses,15600,260,head
WALTHAM,79,distributed,neat cattle,16075,643,head
WALTHAM,79,distributed,swine,2502,278,head
WALTHAM,79,distributed,Indian  Corn  or  Maize  raised,3925,6038,bush
WALTHAM,79,distributed,rye,347,462,bush
WALTHAM,79,distributed,barley,304,552,bush
WALTHAM,79,distributed,potatoes,6707,26830,bush
WALTHAM,79,distributed,other esculent vegetables,3128,18765,bush
WALTHAM,79,distributed,hay,16320,1632,tons
WALTHAM,79,distributed,Fruit raised,6386,25651,bush
WALTHAM,79,distributed,Butter,2566,16421,lbs
WALTHAM,79,distributed,cheese,56,1400,lbs
WALTHAM,79,distributed,honey,30,200,lbs
WALTHAM,79,distributed,Peas Beans &c. raised  (not included above),3000,,
WALTHAM,79,distributed,Milk,10920,109200,galls
WALTHAM,79,distributed,Squashes and Melon uaised,1440,240,tons
WALTHAM,79,Cucumbers raised for pickling,Cucumbers raised for pickling,636,,
WATERTOWN,79,Cotton Mills,cotton consumed,15000,50000,lbs
WATERTOWN,79,Cotton Mills,shirtings and printing cloths,,250000,yds
WATERTOWN,79,Establishments  for   Hosiery,hosiery,3000,10000,lbs
WATERTOWN,79,Establishments  for   Hosiery,yarn  and  not  made  into  hosiery,3000,10000,lbs
WATERTOWN,79,Establishments  for   Hosiery,yarn  and  not  made  into  hosiery,15000,,
WATERTOWN,79,Establishments  for   Hosiery,yarn,,,
WATERTOWN,79,Axe Manufactories,axes hatchets and other  edge  tools,500,1000,
WATERTOWN,79,Starch Manufactories,starch  from wheat and flour,3500,383000,lbs
WATERTOWN,79,Paper Manufactories,stock used,15000,100,tons
WATERTOWN,79,Paper Manufactories,paper,,6000,reams
WATERTOWN,79,Saddle  Harness   and   Trunk  Manufactorius,Saddle  Harness   and   Trunk,42,,
WATERTOWN,79,Establishments for   Coaches Chaises Wagons and other Vehicles,vehicles,3000,,
WATERTOWN,80,Soap and Tallow Candle Manufactories,soap,6000,150000,lbs
WATERTOWN,80,Chair and Cabinet Ware Manufactories,Chair and Cabinet Ware,4000,,
WATERTOWN,80,Tin Ware  Manufactories,ware,1000,,
WATERTOWN,80,distributed,Boots,3000,1200,pairs
WATERTOWN,80,distributed,s}\oes .,,400,pairs
WATERTOWN,80,distributed,boots and shoes,,,
WATERTOWN,80,distributed,Snuff Tobacco and Cigars,500,,
WATERTOWN,80,energy imports,Sperm Oil consu med in manufactu ring,400,500,galls
WATERTOWN,80,energy imports,anthracite coal consumed in manufacturing,750,150,tons
WATERTOWN,80,distributed,Horses,18000,290,head
WATERTOWN,80,distributed,neat  cattle,10000,321,head
WATERTOWN,80,distributed,swine,1200,230,head
WATERTOWN,80,distributed,Indian Corn  or  Maize raised,1200,2000,bush
WATERTOWN,80,distributed,rye,800,1000,bush
WATERTOWN,80,distributed,ba rley,600,1000,bush
WATERTOWN,80,distributed,potatoes,10000,30000,bush
WATERTOWN,80,distributed,other  esculent  vegetables,40000,1,tons
WATERTOWN,80,distributed,hay,1800030000,,
WATERTOWN,80,distributed,Butter,2000,10000,lbs
WATERTOWN,80,distributed,cheese,200,2000,lbs
WAYLAND,80,distributed,Shoes,35725,60950,pairs
WAYLAND,80,distributed,Straw Bonnets and Hats,330,660,
WAYLAND,80,distributed,straw braid  and not made into bonnets and hats,151,71,
WAYLAND,80,distributed,palm-leaf hats,12,,
WAYLAND,80,distributed,Fire Wood prepared,8238,2746,cords
WAYLAND,80,energy imports,all   American production excepting cotton wool and iron consumed in manufacturing,23000,,
WAYLAND,80,distributed,ar­ticles     foreign  production  excepting  as  above consumed,100,,
WAYLAND,80,distributed,Sheep total,66,22,head
WAYLAND,80,distributed,Wool total,36,89,lbs
WAYLAND,80,distributed,Horses,4260,107,head
WAYLAND,80,distributed,neat cattle,10965,609,head
WAYLAND,80,distributed,swine,1070,214,head
WAYLAND,80,distributed,Indian Corn or Maize raised,4148,5531,bush
WAYLAND,80,distributed,wheat,58,78,bush
WAYLAND,80,distributed,rye,663,829,bush
WAYLAND,80,distributed,barley,281,401,bush
WAYLAND,80,distributed,potatoes,4784,15947,bush
WAYLAND,80,distributed,other esculent vegetables,12285,1178,bush
WAYLAND,80,distributed,J. $,,295,tons
WAYLAND,80,distributed,hay,,1365,
WAYLAND,81,distributed,Fruit raised,2021,4041,bush
WAYLAND,81,distributed,Butter,2936,19571,lbs
WAYLAND,81,distributed,cheese,174,3475,lbs
WAYLAND,81,distributed,honey,14,100,lbs
WAYLAND,81,distributed,beeswax,8,21,lbs
WAYLAND,81,distributed,Shoe Benches,501000,6,
WAYLAND,81,distributed,Ship Timber prepared,800,60,tons
WAYLAND,81,distributed,Pine Timber prepared,80,3500,feet
WAYLAND,81,Saw Manufactories,saws hatchets and other edge tools,40000,5000,
WAYLAND,81,distributed,Shovels  Spades   Forks  and  Hoes,2000,,
WAYLAND,81,Saddle Harness and Trunk Manufactories,Saddle Harness and Trunk,500,,
WAYLAND,81,Hat  and  Cap Man ufactories,hats and caps,6000,2400,
WAYLAND,81,Card Manufactories,cards,41400,,
WAYLAND,81,Establishments for   Rail·road Cars Coaches Chaises and other Vehicles,vehicles,7000,,
WAYLAND,81,Chair  and  Cabinet  Ware  Manufactories,Chair  and  Cabinet  Ware,1000,,
WAYLAND,81,Tin  Ware  Man ufactories,ware,1300,,
WAYLAND,81,distributed,Boots,17120,850,pairs
WAYLAND,81,distributed,shoes,,25275,pairs
WAYLAND,81,distributed,boots and shoes,,,
WAYLAND,81,distributed,Bricks,8000,1600000,
WAYLAND,81,distributed,Fire Wood prepared,450,100,cords
WAYLAND,81,energy imports,Sperm Oil consumed in manufacturing,170,170,galls
WAYLAND,81,energy imports,Whale oil,102,128,galls
WAYLAND,81,energy imports,anthracite coal consumed  in  manufacturing,990,11330,tons
WAYLAND,81,energy imports,bituminous coal mined in the U. States,169,26,chaldrons
WAYLAND,81,distributed,all other   American prod uction excepting cotton wool and iron con­sumed in manufacturing,3800,,
WAYLAND,82,distributed,Horses,18372,282,head
WAYLAND,82,distributed,neat cattle,10025,433,head
WAYLAND,82,distributed,swine,16400,1640,head
WAYLAND,82,distributed,Indian com or maize raised,450,600,bush
WAYLAND,82,distributed,ye,150,200,bush
WAYLAND,82,distributed,barley,200,200,bush
WAYLAND,82,distributed,potatoes,10536,18060,bush
WAYLAND,82,distributed,other esculent vegetables,31000,70000,bush
WAYLAND,82,distributed,hay,22500,1500,tons
WAYLAND,82,distributed,Fruit raised $,25175,50340,bush
WAYLAND,82,distributed,Butter,200,1000,lbs
WAYLAND,82,distributed,Milk,17750,150757,galls
WAYLAND,82,distributed,Ice cut,25000,50000,tons
WAYLAND,82,Mills for printing Woollen and Cotton Stuffs and Silk and Cotton Hand kerchiefs,cotton goods printed,150000,200000,yds
WAYLAND,82,Mills for printing Woollen and Cotton Stuffs and Silk and Cotton Hand kerchiefs,woollen goods,,250000,yds
WAYLAND,82,Mills for printing Woollen and Cotton Stuffs and Silk and Cotton Hand kerchiefs,all goods printed,,,
WAYLAND,82,Mills for   Dye Woods Drugs and Spices,dye wood,,800,tons
WAYLAND,82,Mills for   Dye Woods Drugs and Spices,drugs  and  medicines,,500,tons
WAYLAND,82,Mills for   Dye Woods Drugs and Spices,spices,,500,tons
WAYLAND,82,Mills for sawing and turning Mahogany,mahogany sawed,22000,,
WESTFORD,82,Forges,bar iron anchors and chain cables,20000,200,tons
WESTFORD,82,Establishments for   Rail-road Cars Coaches Chaises and other Vehicles,vehicles,3600,,
WESTFORD,82,distributed,Shoes,20000,35000,pairs
WESTFORD,82,distributed,Bricks,1500,250000,
WESTFORD,82,distributed,Fire Wood prepared,3825,1275,cords
WESTFORD,82,distributed,Sheep total,510,340,head
WESTFORD,82,distributed,Wool total,340,1020,lbs
WESTFORD,83,distributed,Horses,4350,145,head
WESTFORD,83,distributed,neat  cattle,19940,997,head
WESTFORD,83,distributed,swine,1952,244,head
WESTFORD,83,distributed,Indian Corn or Maize raised,5580,7441,bush
WESTFORD,83,distributed,rye,1549,2065,bush
WESTFORD,83,distributed,barley,472,787,bush
WESTFORD,83,distributed,oats,1283,3207,bush
WESTFORD,83,distributed,potatoes,6446,21486,bush
WESTFORD,83,distributed,other esculent vegetables,400,2000,bush
WESTFORD,83,distributed,hay,15120,1890,tons
WESTFORD,83,distributed,Fruit  raised,2263,5326,bush
WESTFORD,83,distributed,hops,345,4305,lbs
WESTFORD,83,distributed,Butter,5973,35137,lbs
WESTFORD,83,distributed,cheese,497,8280,lbs
WESTON,83,Cotton Mills,spindles,11608,768,lbs
WESTON,83,Cotton Mills,cotton consumed,2720,648000,lbs
WESTON,83,Cotton Mills,yarn  and not made into cloth warp yarn No.,,1062400,tons
WESTON,83,Cotton Mills,cotton batting,,15,
WESTON,83,Cotton Mills,F. :K,,6,
WESTON,83,Establishments for   Cotton Woollen and other Machin­ ery,machinery,39000,,
WESTON,83,Establishments for   Cutlery,for   Cutlery,2500,,
WESTON,83,Lock  Manufactories,locks,3200,4000,
WESTON,83,Plough  Mannfactories,ploughs  and other agricultural tools,1200,1120,
WESTON,83,Saddle  Harness  and  Trunk Manufactories,Saddle  Harness  and  Trunk,3200,,
WESTON,83,Establishments for   Wagons Sleighs arid other Vehicles,vehicles,1680,,
WESTON,83,Tanneries,leather tanned and curried,4000,,
WESTON,83,distributed,Boots,17110,4715,pairs
WESTON,83,distributed,shoes,,4285,pairs
WESTON,83,distributed,boots and shoes,,,
WESTON,83,distributed,Lumber prepared,830,25000,feet
WESTON,83,distributed,Fire Wood prepared,4000,1068,cords
WESTON,83,distributed,Loom Pickers,1600,1400,doz
WESTON,84,Earthen  Ware  Manufactories,Earthen  Ware,1500,,
WESTON,84,energy imports,Sperm Oil consumed in man ufacturing,190,190,galls
WESTON,84,energy imports,other kinds  oil,365,600,galls
WESTON,84,energy imports,foreign  bituminous coal consumed in manufacturing,99,9,chaldrons
WESTON,84,distributed,Sheep total,20,16,head
WESTON,84,distributed,Wool total,7,30,lbs
WESTON,84,distributed,Horses,8000,160,head
WESTON,84,distributed,neat cattle,16680,743,head
WESTON,84,distributed,swine,470,347,head
WESTON,84,distributed,Indian Corn or Maize raised,5238,7937,bush
WESTON,84,distributed,wheat,14,15,bush
WESTON,84,distributed,rye,221,296,bush
WESTON,84,distributed,barley,133,242,bush
WESTON,84,distributed,oats,214,643,bush
WESTON,84,distributed,potatoes,6460,21534,bush
WESTON,84,distributed,other esculent vegetables .,1791,4723,bush
WESTON,84,distributed,hay,16146,1613,tons
WESTON,84,distributed,Fruit raised,6271,12218,bush
WESTON,84,distributed,hops,2,10,lbs
WESTON,84,distributed,Butter,5423,3013,lbs
WESTON,84,distributed,·cheese,25,500,lbs
WESTON,84,distributed,beeswax,2,8,lbs
WILMINGTON,84,Hat and Cap Manufactories,hats and caps,2400,4800,
WILMINGTON,84,distributed,Boots,563,75,pairs
WILMINGTON,84,distributed,shoes,,300,pairs
WILMINGTON,84,distributed,boots and shoes,,,
WILMINGTON,84,distributed,all  Wooden  Ware  including  Farming Utensils,500,,
WILMINGTON,84,distributed,Lumber prepared,3600,300000,feet
WILMINGTON,84,distributed,Fire Wood prepared,4010,1160,cords
WILMINGTON,84,distributed,Horses,3440,86,head
WILMINGTON,84,distributed,neat cattle:,9100,380,head
WILMINGTON,84,distributed,swine,1200,150,head
WILMINGTON,84,distributed,Indian Corn or Maize raised,2192,2923,bush
WILMINGTON,84,distributed,wheat,62,62,bush
WILMINGTON,84,distributed,rye,473,525,bush
WILMINGTON,84,distributed,barley,40,67,bush
WILMINGTON,84,distributed,oats,151,453,bush
WILMINGTON,84,distributed,potatoes,2755,8265,bush
WILMINGTON,84,distributed,other esculent  vegetables,333,1000,bush
WILMINGTON,84,distributed,hay,8000,800,tons
WILMINGTON,84,distributed,Fruit  raised,1217,3043,bush
WILMINGTON,84,distributed,hops,1549,15490,lbs
WILMINGTON,84,distributed,Butter,2809,14045,lbs
WILMINGTON,85,Bakeries,flour consumed,,3000,bbls
WILMINGTON,85,Slaughter  Houses,cattle slaughtered,,850,head
WILMINGTON,85,Patent  Leather  Manufactories,leather,,2500,
WOBURN,85,Calico  Manufactories,calico  printed,9000,90000,yds
WOBURN,85,Woollen Mills,wool consumed,7300,20000,lbs
WOBURN,85,Woollen Mills,coarse and undressed broadcloth,,15600,yds
WOBURN,85,Silk Manufactories,sewing silk,22750,3500,lbs
WOBURN,85,Establishments  for    Machinery,machinery,5000,,
WOBURN,85,Harness Manufactories,harnesses,1500,,
WOBURN,85,Establishments  for   Chaises Wagons and other Ve­ hicles,vehicles,4000,,
WOBURN,85,Establishments  for      Fire  Arms,rifles,544,25,
WOBURN,85,Establishments  for      Fire  Arms,pistols,,6,
WOBURN,85,Establishments  for      Fire  Arms,arms,,,
WOBURN,85,Cabinet  Ware  Manufactories,Cabinet  Ware,28000,,
WOBURN,85,Tin Ware Manufactories,ware,300,,
WOBURN,85,Tanneries,hides tanned,222675,21396,
WOBURN,85,Tanneries,leather tanned and curried,,,
WOBURN,85,distributed,Boots,234533,909,pairs
WOBURN,85,distributed,shoes,,350920,pairs
WOBURN,85,distributed,boots and shoes,,,
WOBURN,85,distributed,Pumps,600,,
WOBURN,85,distributed,Wooden Ware including farming utensils,110,,
WOBURN,85,distributed,Lumber prepared,264,21000,feet
WOBURN,85,energy imports,Fire wood prepared,5809,1557,cords
WOBURN,86,energy imports,Whale Oil consumed in manufacturing,200,315,galls
WOBURN,86,energy imports,other kinds  oil,7990,14805,galls
WOBURN,86,distributed,Horses,11944,272,head
WOBURN,86,distributed,neat cattle,10292,562,head
WOBURN,86,distributed,swine,5655,377,head
WOBURN,86,distributed,Indian  Corn  or  Maize  raised,3250,5004,bush
WOBURN,86,distributed,rye,309,412,bush
WOBURN,86,distributed,barley,67,80,bush
WOBURN,86,distributed,oats,28,67,bush
WOBURN,86,distributed,potatoes,6896,22988,bush
WOBURN,86,distributed,other escu­ lent vegetables,11690,1536,tons
WOBURN,86,distributed,hay,18966,,
WOBURN,86,distributed,Fruit raised,9531,20398,bush
WOBURN,86,distributed,Butter,2025,13496,lbs
WOBURN,86,distributed,cheese,25,350,lbs
WOBURN,86,distributed,Milk sold,6889,49476,galls
WOBURN,86,Window  Sash  Blind  and  Door  Manufactories,Window  Sash  Blind  and  Door,25300,,
WOBURN,86,distributed,Veneers sawed,36500,,
WOBURN,86,distributed,Wooden Door   Knobs,10500,,
WOBURN,86,distributed,Piano Forte Keys,2400,,
WOBURN,86,Saw Manufactories,Saw,15000,,
WOBURN,86,Establishments for   Morocco and currying Goat Skins,for   Morocco and currying Goat Skins,38667,,
WOBURN,86,Book  Binderies,business,800,,
