city,page,site,goods,value,quantity,units
NANTUCKET,327,Brass Foundries,Brass,6000,,
NANTUCKET,327,Saddle Harness and Trunk Manufactoriest,Saddle Harness and Trunk,1950,,
NANTUCKET,327,Hat and Cap Manufactories,hats and caps,600,600,
NANTUCKET,327,Cordage Manufactories,cordage,30000,3001000,lbs
NANTUCKET,327,Oil and Sperm Candle Manufactories,oil,1279817,1022019,galls
NANTUCKET,327,Oil and Sperm Candle Manufactories,candles,214645,858581,lbs
NANTUCKET,327,Soap and Tallow Candle Manufactories,hard  soap,7800,11000,lbs
NANTUCKET,327,Soap and Tallow Candle Manufactories,st,,440,bbls
NANTUCKET,327,Soap and Tallow Candle Manufactories,soap,,,
NANTUCKET,327,Tin Ware Manufactories,ware,4000,,
NANTUCKET,327,distributed,Boots,4200,370,pairs
NANTUCKET,327,distributed,shoes,,2300,pairs
NANTUCKET,327,distributed,boots and shoes,,,
NANTUCKET,327,distributed,Snuff Tobacco and Cigars,600,,
NANTUCKET,328,distributed,Blocks and Pumps,2600,,
NANTUCKET,328,Candle Box Manufactories,boxes,6600,30000,
NANTUCKET,328,distributed,casks,40000,,
NANTUCKET,328,Establishments for m.  Coopers' Tools Harpoons and oth­er Whale Craft,for m.  Coopers' Tools Harpoons and oth­er Whale Craft,4200,,
NANTUCKET,328,distributed,Boats built,6775,117,
NANTUCKET,328,energy imports,Whale Oil consumed in manufacturing,140,400,galls
NANTUCKET,328,energy imports,anthracite  coal  consumed  in  manufacturing,1050,200,tons
NANTUCKET,328,energy imports,bituminous coal mined in the U. States,1000,111,chaldrons
NANTUCKET,328,energy imports,other   American production except­ ing cotton wool and iron consumed in manufacturing,22000,,
NANTUCKET,328,Vessels employed in the Whale Fishery,sperm oil  imported,868000,986868,galls
NANTUCKET,328,Vessels employed in the Whale Fishery,whale oil,46756,140269,galls
NANTUCKET,328,Vessels employed in the Whale Fishery,whalebone,10336,30708,lbs
NANTUCKET,328,distributed,Sheep total,15000,7500,head
NANTUCKET,328,distributed,Wool total,4000,1600,lbs
NANTUCKET,328,distributed,Horses,30000,442,head
NANTUCKET,328,distributed,neat cattle,20000,1053,head
NANTUCKET,328,distributed,swine,11518,1304,head
NANTUCKET,328,distributed,Indian Corn or Maize raised,300,500,bush
NANTUCKET,328,distributed,potatoes,1500,6000,bush
NANTUCKET,328,distributed,other escnlent vegetables,1400,7000,bush
NANTUCKET,328,distributed,hay,42900,3500,tons
