city,page,site,goods,value,quantity,units
BELLINGHAM,241,Cotton Mills,spindles,30000,2520,lbs
BELLINGHAM,241,Cotton Mills,cotton consumed,3640,150000,yds
BELLINGHAM,241,Cotton Mills,printing cloth,,270000,yds
BELLINGHAM,241,Cotton Mills,Sheetings,,1851000,lbs
BELLINGHAM,241,Cotton Mills,thread,,13000,
BELLINGHAM,241,Woollen  Mills,wool  consumed,10000,24000,lbs
BELLINGHAM,241,Woollen  Mills,Kentucky jeans,,60000,yds
BELLINGHAM,241,distributed,Agricultural Tools,2000,,
BELLINGHAM,241,distributed,brushes,2000,,
BELLINGHAM,241,Establishment  for   Rail-road  Cars Coaches Chaises and  other Vehicles,vehicles,1000,,
BELLINGHAM,241,Glue Manufactories and Manufactories for the preparation  Gums,glue and gums,300,,
BELLINGHAM,241,distributed,Boots,48862,33900,pairs
BELLINGHAM,241,distributed,Straw Braid  and not made into Bonnets and Hts,21100,,
BELLINGHAM,241,distributed,Lumber prepared,20194,387109,feet
BELLINGHAM,241,distributed,Fire Wood prepared,3000,1191,cords
BELLINGHAM,241,distributed,Boats built,600,25,
BELLINGHAM,241,distributed,Sheep total,100,72,head
BELLINGHAM,241,distributed,Horses,4739,120,head
BELLINGHAM,241,distributed,neat cattle,10207,583,head
BELLINGHAM,241,distributed,swine,1221,177,head
BELLINGHAM,241,distributed,Indian Corn or Maize raised,4721,5628,bush
BELLINGHAM,241,distributed,wheat,9,9,bush
BELLINGHAM,241,distributed,rye,784,980,bush
BELLINGHAM,241,distributed,parley,126,169,bush
BELLINGHAM,241,distributed,oats,705,2117,bush
BELLINGHAM,241,distributed,potatoes,2943,14717,bush
BELLINGHAM,241,distributed,hay,12000,1052,tons
BELLINGHAM,241,distributed,Fruit raised,640,1455,bush
BELLINGHAM,241,distributed,Butter,3350,22345,lbs
BELLINGHAM,241,distributed,cheese,460,9205,lbs
BELLINGHAM,241,distributed,honey,8,50,lbs
BRAINTREE,242,Cotton Mills,cotton consumed,11268,39125,lbs
BRAINTREE,242,Cotton Mills,printing cloth,,187800,yds
BRAINTREE,242,Woollen Mills,wool consumed,7200,18000,lbs
BRAINTREE,242,Woollen Mills,yarn  and not made into cloth,,12,lbs
BRAINTREE,242,Tack and Brad Manufactories,tacks and brads,15000,80,tons
BRAINTREE,242,Establishments for   Shovels Spades Forks and Hoes,tools,26000,,
BRAINTREE,242,Paper Manufactories,stock consumed,20000,165,tons
BRAINTREE,242,Paper Manufactories,paper,,125,tons
BRAINTREE,242,Saddle Harness and Trunk Manufactories,Saddle Harness and Trunk,1300,,
BRAINTREE,242,distributed,vehicles,11000,,
BRAINTREE,242,Chocolate Mills,chocolate,5000,35000,lbs
BRAINTREE,242,Tin Ware Manufactories,ware,600,,
BRAINTREE,242,Establishments  for   Cotton Gins,gins,15000,,
BRAINTREE,242,Tanneries,leather tanned and curried,6450,,
BRAINTREE,242,distributed,Boots,196280,113541,pairs
BRAINTREE,242,distributed,shoes,,50140,pairs
BRAINTREE,242,distributed,boots and shoes,,,
BRAINTREE,242,distributed,Building Stone quarried and prepared,27000,,
BRAINTREE,242,distributed,Blocks and Pumps,200,,
BRAINTREE,242,distributed,Fire Wood prepared,2015,535,cords
BRAINTREE,242,energy imports,Sperm Oil consumed in manufacturing,500,510,galls
BRAINTREE,242,energy imports,whale oil,29,96,galls
BRAINTREE,242,energy imports,other oil,317,598,galls
BRAINTREE,242,energy imports,anthracite  coal  consumed  in  manufacturing,1380,230,tons
BRAINTREE,242,energy imports,foreign bituminous coal,120,18,tons
BRAINTREE,242,energy imports,other   American production excepting cotton wool and iron consumed in manufacturing,175,,
BRAINTREE,242,energy imports,other   foreign production excepting as above consumed.,1050,,
BRAINTREE,243,distributed,Sheep total,65,28,head
BRAINTREE,243,distributed,Wool total,36,112,lbs
BRAINTREE,243,distributed,Horses,10625,201,head
BRAINTREE,243,distributed,neat  cattle,11329,488,head
BRAINTREE,243,distributed,swine,2616,249,head
BRAINTREE,243,distributed,Indian Corn or Maize raised,1300,1859,bush
BRAINTREE,243,distributed,rye,8,10,bush
BRAINTREE,243,distributed,barley,32,40,bush
BRAINTREE,243,distributed,potatoes,3249,9749,bush
BRAINTREE,243,distributed,other esculent vegetables,1292,4787,bush
BRAINTREE,243,distributed,hay,16123,1223,tons
BRAINTREE,243,distributed,Fruit raised,2645,1248,bush
BRAINTREE,243,distributed,Butter,2278,12837,lbs
BRAINTREE,243,distributed,cheese,190,2650,lbs
BRAINTREE,243,distributed,milk,3202,36746,galls
BRAINTREE,243,Grist  Mills,meal,36000,60000,bush
BRAINTREE,243,distributed,Boot and Shoe Boxes,384,1200,
BROOKLINE,243,Establishments for   Hosiery,hose,1200,2600,pairs
BROOKLINE,243,Saddle Harness and Trunk Manufactories,Saddle Harness and Trunk,525,,
BROOKLINE,243,Establishments for   Chaises Wagons and other Vehicles,vehicles,1000,,
BROOKLINE,243,Chair and Cabinet Ware Manufactories,Chair and Cabinet Ware,300,,
BROOKLINE,243,Tanneries,leather tanned and curried,17300,,
BROOKLINE,243,distributed,Boots,3500,612,pairs
BROOKLINE,243,distributed,shoes,,210,pairs
BROOKLINE,243,distributed,boots and shoes,,,
BROOKLINE,243,distributed,Fire Wood prepared,1060,163,cords
BROOKLINE,243,distributed,Horses,20400,270,head
BROOKLINE,243,distributed,neat  cattle,11750,382,head
BROOKLINE,243,distributed,swine,5430,362,head
BROOKLINE,243,distributed,Indian  Corn  or Maize raised,858,1225,bush
BROOKLINE,243,distributed,rye,11425,2036,bush
BROOKLINE,243,distributed,barley,88,136,bush
BROOKLINE,243,distributed,potatoes,12348,30869,bush
BROOKLINE,243,distributed,other  esculent  vegetables,51336,1789,tons
BROOKLINE,243,distributed,hay,25046,,
BROOKLINE,244,distributed,Fruit raised,37843,,
BROOKLINE,244,distributed,Butter,271,1508,lbs
BROOKLINE,244,distributed,cheese,214,1070,lbs
BROOKLINE,244,distributed,milk,15573,93440,galls
BROOKLINE,244,distributed,Straw,1100,110,tons
BROOKLINE,244,distributed,Cider,1044,1044,bbls
CANTON,244,Cotton Mills,spindles,28000,1596,lbs
CANTON,244,Cotton Mills,cotton consumed,6500,241920,yds
CANTON,244,Cotton Mills,cloth,13700,300000,lbs
CANTON,244,Cotton Mills,wicking,,26000,lbs
CANTON,244,Cotton Mills,thread,,27600,
CANTON,244,Mills for   Carpeting,wool consumed,21400,38000,lbs
CANTON,244,Mills for   Carpeting,carpeting,,39000,yds
CANTON,244,Silk Manufactories,sewing silk,34500,5000,lbs
CANTON,244,Forges,bar iron anchors and other   wrought iron,42000,350,tons
CANTON,244,Furnaces· for   Hollow Ware and Castings other than Pig Iron,hollow ware and castings,36000,500,tons
CANTON,244,Establishments for   Cotton Woollen and other Machin­ ery ',machinery,8000,,
CANTON,244,Copper Manufactories,copper,150000,400,tons
CANTON,244,Saddle Harness and Trunk Manufactories,Saddle Harness and Trunk,1500,,
CANTON,244,Establishments for   Rail-road Cars Coaches Chaises and other Vehicles,vehicles,1000,,
CANTON,244,Tin Ware Manufactories,ware,2500,,
CANTON,245,distributed,Boots,2745,210,pairs
CANTON,245,distributed,shoes,,2310,pairs
CANTON,245,distributed,boots and shoes,,,
CANTON,245,distributed,Straw Braid  aQd not made into Bonnets and Hats,100,,
CANTON,245,distributed,Building Stone quarried and prepared,100,,
CANTON,245,distributed,Fire Wood prepared,6400,2134,cords
CANTON,245,Marble  Monument  and Grave Stone Manufactories,Marble  Monument  and Grave Stone,,,
CANTON,245,distributed,all other,5500,,
CANTON,245,energy imports,Sperm Oil consumed in manufacturing,95,100,galls
CANTON,245,energy imports,other oil,200,300,galls
CANTON,245,energy imports,anthracite coal consumed in manufacturing,13200,2200,tons
CANTON,245,energy imports,bituminous coal mined in U. States,2400,300,chaldrons
CANTON,245,energy imports,foreign bituminous coal,3150,400,chaldrons
CANTON,245,energy imports,other   Ameri­ can production excepting cotton wool and iron consumed in manufacturing,500,,
CANTON,245,distributed,other   foreign produc­ tion excepting as above consumed,6800,,
CANTON,245,distributed,Sheep total,23,12,head
CANTON,245,distributed,Wool total,11,36,lbs
CANTON,245,distributed,Horses,7900,147,head
CANTON,245,distributed,neat cattle,9084,431,head
CANTON,245,distributed,swine,2596,186,head
CANTON,245,distributed,Indian Corn or Maize raised,805,1238,bush
CANTON,245,distributed,rye,178,231,bush
CANTON,245,distributed,barley,30,47,bush
CANTON,245,distributed,potatoes,2650,10597,bush
CANTON,245,distributed,other esculent vegetables,175,670,bush
CANTON,245,distributed,hay,11625,947,tons
CANTON,245,distributed,Fruit raised,1200,6061,bush
CANTON,245,distributed,Butter,1508,9390,lbs
CANTON,245,distributed,cheese,296,4725,lbs
COHASSET,245,Saddle Harness and Trunk Manufactories,Saddle Harness and Trunk,400,,
COHASSET,245,Establishments for   Salt,salt,1600,5330,bush
COHASSET,245,Establishments  for   Rail.road Cars Coaches Chaises and other Vehicles,vehicles,600,,
COHASSET,246,distributed,Boots,18600,675,pairs
COHASSET,246,distributed,shoes,,16911,pairs
COHASSET,246,distributed,boots and shoes,,,
COHASSET,246,distributed,Building   Stone   quarried   and   prepared,1500,3000,tons
COHASSET,246,distributed,Fire Wood prepared,1200,200,cords
COHASSET,246,Vessels employed in Mackerel and Cod Fisheries,mackerel taken,51083,7859,bbls
COHASSET,246,Vessels employed in Mackerel and Cod Fisheries,cod­ fish,7360,3271,quintals
COHASSET,246,Vessels employed in Mackerel and Cod Fisheries,salt consumed,,13424,bush
COHASSET,246,distributed,Sheep total,806,403,head
COHASSET,246,distributed,Wool total,420,1262,lbs
COHASSET,246,distributed,Horses,3500,85,head
COHASSET,246,distributed,neat cattle,101750,430,head
COHASSET,246,distributed,swine,,78,head
COHASSET,246,distributed,Indian Corn or Maize raised,1900,2382,bush
COHASSET,246,distributed,rye,325,325,bush
COHASSET,246,distributed,barley,200,250,bush
COHASSET,246,distributed,potatoes,2444,7332,bush
COHASSET,246,distributed,other esculent vegetables,700,1500,bush
COHASSET,246,distributed,liay,8500,850,tons
COHASSET,246,distributed,Fruit raised,1532,6128,bush
COHASSET,246,distributed,Butter,2500,14923,lbs
COHASSET,246,distributed,cheese,490,6130,lbs
DEDHAM,246,Cotton Mills,cotton consumed,56575,199700,lbs
DEDHAM,246,Cotton Mills,printing  cloth,360,971500,yds
DEDHAM,246,Cotton Mills,batting,,4000,lbs
DEDHAM,246,Cotton Thread Manufactories,thread,8000,5000,lbs
DEDHAM,246,Woollen Mills,wool consumed,146000,305000,lbs
DEDHAM,246,Woollen Mills,cassimere,105000,135000,yds
DEDHAM,246,Woollen Mills,sati­ net,,165000,yds
DEDHAM,246,Silk Manufactories,sewing silk,47450,7300,lbs
DEDHAM,246,Furnaces for     Hollow Ware  and  Castings  other  than Pig Iron,hollow ware and castings  i,10500,75,tons
DEDHAM,247,Establishments for   Shovels Spades Forks and Hoes,for   Shovels Spades Forks and Hoes,3847,,
DEDHAM,247,Paper Man ufactories,stock consumed,7000,250000,lbs
DEDHAM,247,Paper Man ufactories,paper,,175000,lbs
DEDHAM,247,distributed,Saddles and Harnesses,825,,
DEDHAM,247,Hat and Cap Man ufactories,hats and caps,425,150,
DEDHAM,247,Hat and Cap Man ufactories,coloring done,400,,
DEDHAM,247,Establishments for    Rail-road  Oars  Coaches  Chaises and other Vehicles,vehicles,5700,,
DEDHAM,247,Ohair and  Cabinet Ware Manufactories,Ohair and  Cabinet Ware,51671,,
DEDHAM,247,Tin Ware and Sheet Iron  Manufactories,tin ware,500,,
DEDHAM,247,Tin Ware and Sheet Iron  Manufactories,sheet iron,2400,,
DEDHAM,247,Glue Manufactories,glue and gums,270,,
DEDHAM,247,Tanneries,leather tanned and curried,48450,,
DEDHAM,247,distributed,Boots,28285,1280,pairs
DEDHAM,247,distributed,shoes,,37445,pairs
DEDHAM,247,distributed,boots and shoes,,,
DEDHAM,247,distributed,Straw Bonnets and Hats,600,2140,
DEDHAM,247,distributed,braid  and not made into bonnets and hats,338,,
DEDHAM,247,distributed,palm-leaf hats,414,,
DEDHAM,247,distributed,Cigars,5300,,
DEDHAM,247,distributed,Fire Wood prepared,3454,1061,cords
DEDHAM,247,energy imports,Sperm  Oil  consumed   in  manufacturing,1865,1865,galls
DEDHAM,247,energy imports,whale  oil,14,20,galls
DEDHAM,247,energy imports,other  oil,956,3120,galls
DEDHAM,247,energy imports,anthracite coal consumed in  manufacturing,5650,960,tons
DEDHAM,247,distributed,other   American production excepting  cotton wool  and iron  consumed  in manufact uring,7500,,
DEDHAM,247,energy imports,other   foreign production excepting as above consumed,11500,,
DEDHAM,247,distributed,Sheep total,20,9,head
DEDHAM,247,distributed,Wool total,15,36,lbs
DEDHAM,247,distributed,Horses,19081,398,head
DEDHAM,247,distributed,neat  cattle,24493,1264,head
DEDHAM,247,distributed,swine,7095,473,head
DEDHAM,247,distributed,Indian Corn or l\laize raised  bush,386,48451,bush
DEDHAM,247,distributed,rye,517,575,bush
DEDHAM,247,distributed,ba rley,242,404,bush
DEDHAM,247,distributed,oats,11,17,bush
DEDHAM,247,distributed,potatoes,8552,27586,bush
DEDHAM,247,distributed,otl.er esculent vegetables,1392,2730,tons
DEDHAM,247,distributed,hay,14028,,
DEDHAM,248,distributed,Fruit raised,2853,10362,bush
DEDHAM,248,distributed,Butter,2100,13130,lbs
DEDHAM,248,distributed,cheese,203,3373,lbs
DEDHAM,248,distributed,milk,17969,179689,galls
DEDHAM,248,Pocket Book and Rule Manufactories,pocket books,8666,,
DEDHAM,248,Pocket Book and Rule Manufactories,rules,4334,,
DEDHAM,248,Establishments for   Marbling and Fancy Colored Pa­pers and Cards,for   Marbling and Fancy Colored Pa­pers and Cards,18000,,
DEDHAM,248,Turning Establishments',in iron,1200,,
DEDHAM,248,Turning Establishments',in wood,8000,,
DORCHESTER,248,Cotton Mills,cotton consumed,100000,408300,lbs
DORCHESTER,248,Cotton Mills,cloth,840,919600,yds
DORCHESTER,248,Cotton Mills,batting,,12000,lbs
DORCHESTER,248,Establishments  for    Britannia  Ware,ware,40000,,
DORCHESTER,248,Starch Manufactories,starch,40000,800000,lbs
DORCHESTER,248,Establishments for   Chemical Preparations,for   Chemical Preparations,24000,,
DORCHESTER,248,Paper Manufaetories,stock consumed,45000,300,tons
DORCHESTER,248,Paper Manufaetories,paper,,15000,reams
DORCHESTER,248,distributed,Earthen Ware,150,,
DORCHESTER,248,Establishments for   Chronometers and Thermometers,for   Chronometers and Thermometers,5200,,
DORCHESTER,248,Saddle  and  Harness  Manufactories,Saddle  and  Harness,1400,,
DORCHESTER,248,Hat and Cap Manufactories,hats and caps,2000,1000,
DORCHESTER,248,Cordage Manufactories,cordage,3742,31200,lbs
DORCHESTER,248,Card Man ufactories,playing cards,15000,,
DORCHESTER,249,Establishments for   Coaches Chaises and other Vehi­cles,vehicles,11050,,
DORCHESTER,249,distributed,Confectionary,10000,,
DORCHESTER,249,Soap and Tallow Candle Manufactories,soap,11200,280000,lbs
DORCHESTER,249,Soap and Tallow Candle Manufactories,candles,10800,120000,lbs
DORCHESTER,249,Chocolate Mills,chocolate prepared,501872,378901,lbs
DORCHESTER,249,Chair  and  Cabinet Ware  Manufactories,Chair  and  Cabinet Ware,85300,,
DORCHESTER,249,Tin Ware Manufactories,ware,15400,,
DORCHESTER,249,Tanneries,hides tanned,55300,3270,
DORCHESTER,249,Tanneries,leather tanned and curried,,,
DORCHESTER,249,distributed,Boots,12720,3550,pairs
DORCHESTER,249,distributed,shoes,,5650,pairs
DORCHESTER,249,distributed,boots and shoes,,,
DORCHESTER,249,distributed,Bricks,3500,596000,
DORCHESTER,249,distributed,Fire Wood prepared,1000,200,cords
DORCHESTER,249,energy imports,Sperm  Oil  coosu med  in  manufacturing,2325,2500,galls
DORCHESTER,249,energy imports,other oil,1020,2000,galls
DORCHESTER,249,energy imports,anth raci te coal con­ sumed in man ufacturing,5412,902,tons
DORCHESTER,249,energy imports,charcoal,900,3000,bush
DORCHESTER,249,energy imports,other   A merica n prod uction excepting cotton wool and iron consumed in manufacturing,2325,2000,galls
DORCHESTER,249,energy imports,other oil,1020,902,tons
DORCHESTER,249,energy imports,anth raci te coal con­ sumed in man ufacturing,5412,3000,bush
DORCHESTER,249,energy imports,charcoal,900,,
DORCHESTER,249,energy imports,other   A merica n prod uction excepting cotton wool and iron consumed in manufacturing,54600,,
DORCHESTER,249,distributed,other   foreign  prod uction excepting as above consumed in ma nufact ming,91400,,
DORCHESTER,249,distributed,Sheep total,58,29,head
DORCHESTER,249,distributed,wool prod uced,25,75,lbs
DORCHESTER,249,distributed,Horses,37575,501,head
DORCHESTER,249,distributed,neat  cattle ',18600,620,head
DORCHESTER,249,distributed,swine,8380,838,head
DORCHESTER,249,distributed,Indian  Corn  or  Maize  raised,1958,2797,bush
DORCHESTER,249,distributed,barley,423,529,bush
DORCHESTER,249,distributed,potatoes,128,213,bush
DORCHESTER,249,distributed,other escu len t vegetables,7381,18453,bush
DORCHESTER,249,distributed,millet,4278,15910,bush
DORCHESTER,249,distributed,hay,15,31000,lbs
DORCHESTER,249,distributed,Fruit raised,10000,23384,bush
DORCHESTER,249,distributed,Butter,120,600,lbs
DORCHESTER,249,distributed,honey,50,200,lbs
DOVER,250,Rolling Slitting and  Nail Mills,iron   and not made into nails,93500,850,tons
DOVER,250,Rolling Slitting and  Nail Mills,nails,72000,800,tons
DOVER,250,Brush  Manufactories,brushes,3000,,
DOVER,250,distributed,Boots,5725,100,pairs
DOVER,250,distributed,shoes,,7310,pairs
DOVER,250,distributed,boots and shoes,,,
DOVER,250,distributed,Whi ps,1000,,
DOVER,250,distributed,Fire Wood prepared,2160,864,cords
DOVER,250,energy imports,Whale Oil consumed in manufacturing,125,315,galls
DOVER,250,energy imports,anthracite. coal consumed  in  man ufact uring,3375,500,tons
DOVER,250,energy imports,bi tuminous coal mined in the United States consumed in manufactu ring,180,15,tons
DOVER,250,distributed,Horses,5000,99,head
DOVER,250,distributed,neat cattle,9650,386,head
DOVER,250,distributed,swine,1512,216,head
DOVER,250,distributed,Indian Corn or Maize raised,1802,2402,bush
DOVER,250,distributed,rye,222,278,bush
DOVER,250,distributed,barley,163,272,bush
DOVER,250,distributed,oats,306,766,bush
DOVER,250,distributed,potatoes,2001,8005,bush
DOVER,250,distributed,other vegetables,100,500,bush
DOVER,250,distributed,hay,7610,761,tons
DOVER,250,distributed,Fruit raised,970,4850,bush
DOVER,250,distributed,Butter,133,8,lbs
DOVER,250,distributed,cheese,210,3500,lbs
DOVER,250,distributed,Milk sold,1500,15000,galls
FOXBOROUGH,250,Cotton Mills,spindles,11000,934,lbs
FOXBOROUGH,250,Cotton Mills,cotton consumed,,25000,lbs
FOXBOROUGH,250,Cotton Mills,thread,,23000,
FOXBOROUGH,250,Woollen Mills,wool consumed,21000,42000,lbs
FOXBOROUGH,250,Woollen Mills,satinet,,42000,yds
FOXBOROUGH,250,Furnaces for   Hollow Ware and Castings other tha n Pig Iron,hollow ware and castings,20000,250,tons
FOXBOROUGH,251,Establishments for   Shovels Spades Forks and Hoes  ·,for   Shovels Spades Forks and Hoes  ·,6000,,
FOXBOROUGH,251,Establishments for   Rail-road Cars Coaches Chaises and other Vehicles,vehicles,2500,,
FOXBOROUGH,251,Tanneries,leather tanned and curried,11000,,
FOXBOROUGH,251,distributed,Boots,483,105,pairs
FOXBOROUGH,251,distributed,shoes,,175,pairs
FOXBOROUGH,251,distributed,boots and shoes,,,
FOXBOROUGH,251,distributed,Straw Bonnets and Hats,320929,266260,
FOXBOROUGH,251,distributed,Building Stone quarried and prepared,276,,
FOXBOROUGH,251,distributed,Lumber prepared,400,40000,feet
FOXBOROUGH,251,Planing Machine  Manufactories,machines,20000,,
FOXBOROUGH,251,Box Manufactories,boxes,2000,,
FOXBOROUGH,251,Bonnet Block Manufactories,blocks,500,,
FOXBOROUGH,251,distributed,Baskets,461,1700,
FOXBOROUGH,251,distributed,Hoops,1000,250000,
FOXBOROUGH,251,energy imports,Sperm Oil consumed in manufactu ring,375,375,galls
FOXBOROUGH,251,energy imports,other oil,650,1000,galls
FOXBOROUGH,251,energy imports,anth racite coal consumed in manufact uring,1627,237,tons
FOXBOROUGH,251,energy imports,bituminous coal mined in the U. States,160,141,chaldrons
FOXBOROUGH,251,distributed,other   American prod uction excepting cotton wool and iron consum­ ed in man ufact uring,1200,,
FOXBOROUGH,251,energy imports,other   foreign production excepting as above consumed,200,,
FOXBOROUGH,251,distributed,Sheep total,36,18,head
FOXBOROUGH,251,distributed,Wool total,14,56,lbs
FOXBOROUGH,251,distributed,Horses,9785,150,head
FOXBOROUGH,251,distributed,neat cattle,5488,431,head
FOXBOROUGH,251,distributed,swine,4682,285,head
FOXBOROUGH,251,distributed,Indian Corn or Maize raised,2972,3963,bush
FOXBOROUGH,251,distributed,wheat,24,24,bush
FOXBOROUGH,251,distributed,rye,242,303,bush
FOXBOROUGH,251,distributed,ba rley,40,60,bush
FOXBOROUGH,251,distributed,oats,145,392,bush
FOXBOROUGH,251,distributed,pota toes,3764,15072,bush
FOXBOROUGH,251,distributed,ot her  escn lent  vegetables,120,407,bush
FOXBOROUGH,251,distributed,hay,10979,856,tons
FOXBOROUGH,251,distributed,Fruit raised,755,2795,bush
FOXBOROUGH,251,distributed,Butter,2819,16918,lbs
FOXBOROUGH,251,distributed,cheese,336,5710,lbs
FRANKLIN,252,Cotton Mills,spindles,37440,4422,lbs
FRANKLIN,252,Cotton Mills,cotton consumed,1756,193804,yds
FRANKLIN,252,Cotton Mills,prin ting clot h rn'<l,12314,576000,lbs
FRANKLIN,252,Cotton Mills,yarn,3000,9600,lbs
FRANKLIN,252,Cotton Mills,th read  l bs,,246281,
FRANKLIN,252,Cotton Mills,bat­ ting,,35000,
FRANKLIN,252,Establish ments for   Wngons and Sleighs,ve­hicles,2700,,
FRANKLIN,252,distributed,Boots,1700,95,pairs
FRANKLIN,252,distributed,shoes,,2882,pairs
FRANKLIN,252,distributed,boots and shoes,,,
FRANKLIN,252,distributed,Straw Bonnets and Hats,129800,107867,
FRANKLIN,252,distributed,straw braid  and not made into bonnets and bats,310,,
FRANKLIN,252,distributed,Lumber prepared,5537,379200,feet
FRANKLIN,252,distributed,Fire Wood prepared,4200,1531,cords
FRANKLIN,252,distributed,Boats built,4260,193,
FRANKLIN,252,distributed,other art icles,1330,,
FRANKLIN,252,energy imports,Sperm Oil consumed in man ufacturing,500,500,galls
FRANKLIN,252,energy imports,other oil,178,200,galls
FRANKLIN,252,energy imports,other   American prod uction excepting cotton wool nnd iron consumed in man­ufacturing,9,,
FRANKLIN,252,distributed,Horses,9372,188,head
FRANKLIN,252,distributed,neat cattle,16206,748,head
FRANKLIN,252,distributed,swine,2377,412,head
FRANKLIN,252,distributed,Indian Corn or Maize ra ised,5095,6793,bush
FRANKLIN,252,distributed,wheat,18,15,bush
FRANKLIN,252,distributed,rye,1180,1180,bush
FRANKLIN,252,distributed,barley,208,347,bush
FRANKLIN,252,distributed,oats,1201,3003,bush
FRANKLIN,252,distributed,potatoes,5141,20664,bush
FRANKLIN,252,distributed,other esculcn t vegetables,237,1422,tons
FRANKLIN,252,distributed,hay,17859,1625,
FRANKLIN,252,distributed,Fruit raised,11595,5960,bush
FRANKLIN,252,distributed,Butter,3364,20183,lbs
FRANKLIN,252,distributed,cheese,436,7270,lbs
FRANKLIN,252,distributed,honey,42,255,lbs
FRANKLIN,252,distributed,beeswax,10,21,lbs
MEDFIELD,252,"Establishments  for   Shovels, Spades, Forks, and Hoes","for   Shovels, Spades, Forks, and Hoes",2500,,
MEDFIELD,253,Brush  Manufactories,brushes,4000,,
MEDFIELD,253,Saddle Harness and Trunk Manufactories,Saddle Harness and Trunk,300,,
MEDFIELD,253,Establishments for    Rail-road Cars Coaches Cltaises and Vehicles,vehicles,3200,,
MEDFIELD,253,Chair and Cabinet Ware :Manufactories,Chair and Cabinet Ware :,1200,,
MEDFIELD,253,Tin Ware  Manufactories,ware,5000,,
MEDFIELD,253,Tanneries,leather tanned and curried,4200,,
MEDFIELD,253,distributed,Shoes,700,1000,pairs
MEDFIELD,253,distributed,Straw Bonnets and Hats,3800,51800,
MEDFIELD,253,distributed,Horses,6150,148,head
MEDFIELD,253,distributed,neat cattle,10112,473,head
MEDFIELD,253,distributed,swine,3658,271,head
MEDFIELD,253,Ind ian Corn or Maize raised  hush.,rye,3280,541,bush
MEDFIELD,253,Ind ian Corn or Maize raised  hush.,barley,484,295,bush
MEDFIELD,253,Ind ian Corn or Maize raised  hush.,oats,176,845,bush
MEDFIELD,253,Ind ian Corn or Maize raised  hush.,potatoes,337,9500,bush
MEDFIELD,253,Ind ian Corn or Maize raised  hush.,hay,2375,1100,bush
MEDFIELD,253,distributed,Fruit raised,975,2000,bush
MEDFIELD,253,distributed,Butter,2662,11720,lbs
MEDFIELD,253,distributed,cheese,250,4230,lbs
MEDWAY,253,Cotton Mills,spindles,100,4837,lbs
MEDWAY,253,Cotton Mills,cotton consumed,128025,900000,lbs
MEDWAY,253,Cotton Mills,stocking yarn,38380,300,lbs
MEDWAY,253,Cotton Mills,th read,25500,140000,lbs
MEDWAY,253,Cotton Mills,bat ti ng,30400,546000,yds
MEDWAY,253,Cotton Mills,cotton  flnnnel,,320000,
MEDWAY,253,Calico   Manufactories  .,Calico,,,
MEDWAY,253,Establishments for Bleaching or Coloring Cotton Thread,for Bleaching or Coloring Cotton Thread,,,
MEDWAY,253,Woollen Mills,ool consumed,10,20000,lbs
MEDWAY,253,Woollen Mills,.P. B.,,4,
MEDWAY,254,Establishments  for   Cotton Woollen  and other Ma­ chinery,machinery  and repairs done,4000,5,
MEDWAY,254,Establishments  for   Cotton Woollen  and other Ma­ chinery,B.,,,
MEDWAY,254,distributed,Scythe  and  Hoe  Manufactories	scythes  and  hoes,600,100,
MEDWAY,254,Plough Manufactories,ploughs and other agricultural tools,250,25,
MEDWAY,254,distributed,Organs,4500,4,
MEDWAY,254,Clock Manufactories,clocks,750,3,
MEDWAY,254,Bell  Foundries,bells,22000,100000,lbs
MEDWAY,254,Saddle Harness and Trunk  Manufactories,Saddle Harness and Trunk,700,,
MEDWAY,254,Establishments  for    Coaches Chaises  and  other Vehi­ cles,vehicles,1400,,
MEDWAY,254,Chair  and Cabinet Ware  Manufactories,Chair  and Cabinet Ware,1400,,
MEDWAY,254,Tin Ware Man ufactorics,Tin Ware,,,
MEDWAY,254,distributed,Boots,48295,25240,pairs
MEDWAY,254,distributed,shoes,,9975,pairs
MEDWAY,254,distributed,boots and shoes,,,
MEDWAY,254,distributed,Straw Bonnets and Hats,54242,48404,yds
MEDWAY,254,distributed,palm-leaf  hats,1500,50000,
MEDWAY,254,distributed,Bricks,,100000,
MEDWAY,254,distributed,Lumber prepared,16650,1250000,feet
MEDWAY,254,distributed,Fire Wood prepared,1516,408,cords
MEDWAY,254,Establishmen ts for    Wool  and  Flocks  from  Woollen Rags,rags used,10000,182000,lbs
MEDWAY,254,Establishmen ts for    Wool  and  Flocks  from  Woollen Rags,wool  and  flocks,,,
MEDWAY,254,Bonnet  Pressing  Machine  Manufactories,machines,6,6,
MEDWAY,254,energy imports,Sperm Oil consumcd in man ufacturing,800,800,galls
MEDWAY,254,distributed,Sheep total,142,64,head
MEDWAY,254,distributed,wool prod uced,83,2110,lbs
MEDWAY,254,distributed,Horses,12180,217,head
MEDWAY,254,distributed,neat  cattle,20653,875,head
MEDWAY,254,distributed,swine,2624,415,head
MEDWAY,254,distributed,Indian Corn or Maize raised,5774,7633,bush
MEDWAY,254,distributed,wheat,120,86,bush
MEDWAY,254,distributed,rye,1035,1157,bush
MEDWAY,254,distributed,barley,171,255,bush
MEDWAY,254,distributed,oats,1545,3989,bush
MEDWAY,254,distributed,potatoes,4655,19021,bush
MEDWAY,254,distributed,other  esculent  vegetables,19403,914,bush
MEDWAY,254,distributed,hay,,1852,tons
MEDWAY,255,distributed,Fruit raised,1316,6017,bush
MEDWAY,255,distributed,Butter,5823,30922,lbs
MEDWAY,255,distributed,cheese,670,11110,lbs
MEDWAY,255,distributed,honey,34,180,lbs
MEDWAY,255,distributed,beeswax,3,10,lbs
MILTON,255,Paper  Manufactories,stock consumed,30000,200,tons
MILTON,255,Paper  Manufactories,paper,,10000,reams
MILTON,255,Saddle Harness and Trunk Manufactories,Saddle Harness and Trunk,1000,,
MILTON,255,Establishmen ts  for   Rail-road  Cars Coaches  Chaises and other Vchicles,vehicles,1500,,
MILTON,255,Chocolate Mills,chocolate,4000,28000,lbs
MILTON,255,Chair  and Cabinet Ware  Manufactories,Chair  and Cabinet Ware,22500,,
MILTON,255,Tanneries,leather tanned and curried,8675,,
MILTON,255,distributed,Boots,1988,425,pairs
MILTON,255,distributed,shoes,,800,pairs
MILTON,255,distributed,boots  and shoes,,,
MILTON,255,distributed,Building Stone quarried  and  prepared,79000,,
MILTON,255,distributed,Fire Wood prepared,5513,1225,cords
MILTON,255,energy imports,Sperm Oil consumed in manufacturing,360,400,galls
MILTON,255,energy imports,anthracite  coal  consumed  in  manufacturing,1800,300,tons
MILTON,255,energy imports,other   American prod uction excepting cotton wool and iron consumed in manufact u ring,2000,,
MILTON,255,distributed,other   foreign prod uction excepting as above con­ sumed,2000,,
MILTON,255,distributed,Sheep total,36,9,head
MILTON,255,distributed,wool prod uced,12,36,lbs
MILTON,255,distributed,Asses,100,1,head
MILTON,255,distributed,horses,15000,275,head
MILTON,255,distributed,horses,13720,275,
MILTON,255,distributed,neat cattle,5460,643,head
MILTON,255,distributed,swine,,364,head
MILTON,256,distributed,rye,1454,818,bnsh
MILTON,256,distributed,barley,270,300,bush
MILTON,256,distributed,potatoes,1,200,bush
MILTON,256,distributed,other escu lent vegetables t,1640,15400,bush
MILTON,256,distributed,hny,1186,5928,bush
MILTON,256,distributed,Fruit raised,5386,13465,bnsh
MILTON,256,distributed,Butter,500,2000,lbs
MILTON,256,distributed,honey,61,245,lbs
NEEDHAM,256,Cotton Mills,spindles,34800,2176,lbs
NEEDHAM,256,Cotton Mills,cotton consumed,,14000,yds
NEEDHAM,256,Cotton Mills,printing cloth,,560000,
NEEDHAM,256,Establishments for   Hosiery,hose,2000,5000,pairs
NEEDHAM,256,distributed,Sewing Silk,,600,lbs
NEEDHAM,256,Establishments  for    Hinges  and  Blind Fastenings,for    Hinges  and  Blind Fastenings,10550,120000,
NEEDHAM,256,Paper Manufactories,stock consumed,144834,920,tons
NEEDHAM,256,Paper Manufactories,paper,,704,tons
NEEDHAM,256,Paper Manufactories,B.,,77,
NEEDHAM,256,Glue Manufactories,glue,9000,,
NEEDHAM,256,distributed,Shoes,29400,41100,pairs
NEEDHAM,256,distributed,Fire Wood prepared,4000,1106,cords
NEEDHAM,256,distributed,Peat,750,300,cords
NEEDHAM,256,distributed,Hogshead Hoops prepared,1400,50000,
NEEDHAM,256,distributed,Horses,8160,204,head
NEEDHAM,256,distributed,neat cattle,14430,693,head
NEEDHAM,256,distributed,swine,1056,169,head
NEEDHAM,256,distributed,Indian Corn or Maize raised,3667,5500,bush
NEEDHAM,256,distributed,rye,574,717,bush
NEEDHAM,256,distributed,barley,138,172,bush
NEEDHAM,256,distributed,oats,146,323,bush
NEEDHAM,256,distributed,potatoes l,6395,2135,bush
NEEDHAM,256,distributed,other es­ culcnt vegetables,280,1400,bush
NEEDHAM,256,distributed,hay,20300,1450,tons
NEEDHAM,256,distributed,Fruit raised,1000,2000,bush
NEEDHAM,256,distributed,Butter,5025,30150,lbs
NEEDHAM,256,distributed,milk,2000,20000,galls
QUINCY,257,Saddle Harness and Trunk Manufactories,Saddle Harness and Trunk,8500,,
QUINCY,257,Establishments for   Salt,salt,426,1850,bush
QUINCY,257,Establishments for   Coaches Chaises and other Vehi­ cles,vehicles,4700,,
QUINCY,257,Chair  and  Cabinet  Ware  Manufactories,Chair  and  Cabinet  Ware,2500,,
QUINCY,257,Tin Ware Manufactories,ware,1500,,
QUINCY,257,Tanneries,hides  tanned,61121,15160,
QUINCY,257,Tanneries,leather  tanned and curried,,,
QUINCY,257,distributed,Boots,133213,41876,pairs
QUINCY,257,distributed,boots and shoes,,15605,
QUINCY,257,distributed,Build ing Stone  quarried  and  prepared,324500,,
QUINCY,257,distributed,Blacking,1000,,
QUINCY,257,distributed,Fire Wood prepa red,5100,979,cords
QUINCY,257,Vessels employed in Mackerel and Cod Fisheries,mackerel taken,5500,1000,bbls
QUINCY,257,Vessels employed in Mackerel and Cod Fisheries,codfish,2125,500,quintals
QUINCY,257,Vessels employed in Mackerel and Cod Fisheries,salt consumed  .,,400,bush
QUINCY,257,distributed,Sheep total,565,310,head
QUINCY,257,distributed,Horses,27155,397,head
QUINCY,257,distributed,neat cattle,17318,723,head
QUINCY,257,distributed,swine,7920,660,head
QUINCY,257,distributed,Indian Corn or Maize  raised,2016,3360,bush
QUINCY,257,distributed,rye .,375,469,bush
QUINCY,257,distributed,barley,284,360,bush
QUINCY,257,distributed,potatoes,2418,9673,bnsh
QUINCY,257,distributed,other esculent vegetables,156,2364,bush
QUINCY,257,distributed,hny,21339,1565,tons
QUINCY,257,distributed,Fruit raised,2296,4579,bnsh
QUINCY,257,distributed,Wax Blenched,15000,300001,lbs
RANDOLPH,258,Saddle Harness and Trunk Manufactories,Saddle Harness and Trunk,1900,,
RANDOLPH,258,Establish ments  for      Rail-road  Cars Coache Chaises and oth<lr Vehicles,vehicles,3000,,
RANDOLPH,258,Establish ments  for      Vehicles,vehicles,3000,,
RANDOLPH,258,Chair  and Cabinet  Ware  Manufactories,Chair  and Cabinet  Ware,2000,,
RANDOLPH,258,Tin Ware Manufnctories,ware,1500,,
RANDOLPH,258,distributed,Boots,700100,227131,pairs
RANDOLPH,258,distributed,shoes,,322281,pairs
RANDOLPH,258,distributed,boots and shoes,,815,
RANDOLPH,258,distributed,B.,,,
RANDOLPH,258,distributed,Stra w Bon nets and H ats,50,200,
RANDOLPH,258,distributed,Bu ild ing Stone quarried and prepared,2000,,
RANDOLPH,258,distributed,Blocks and Pum ps,500,,
RANDOLPH,258,distributed,Mechan ics' Tools,100,,
RANDOLPH,258,distributed,Lumber prepa red,1000,7500,feet
RANDOLPH,258,distributed,Fire Wood  prepared,6969,2323,cords
RANDOLPH,258,distributed,peat,1500,500,cords
RANDOLPH,258,energy imports,Oil  consu med   in  man ufact u r i ng    galls,62,7881,galls
RANDOLPH,258,energy imports,an­ th raci te coal consumed  in ma nufa ctu ring,1750,250,tons
RANDOLPH,258,distributed,Sheep total,3,2,head
RANDOLPH,258,distributed,Horses,12650,253,head
RANDOLPH,258,distributed,neat cattle,8740,437,head
RANDOLPH,258,distributed,swine,6650,554,head
RANDOLPH,258,distributed,Indian Corn or Maizo raised,911,1215,bush
RANDOLPH,258,distributed,rye,50,63,bush
RANDOLPH,258,distributed,ba rley,6,6,bush
RANDOLPH,258,distributed,potatoes,3384,13534,bnsh
RANDOLPH,258,distributed,other esculent vegetables,2750,550000,lbs
RANDOLPH,258,distributed,ha y,982,988,tons
RANDOLPH,258,distributed,Fruit raised,10222,25555,bush
RANDOLPH,258,distributed,Butter,731,12962,lbs
RANDOLPH,258,distributed,cheese,28,7311,lbs
RANDOLPH,258,distributed,honey,8,165,lbs
RANDOLPH,258,distributed,beeswax,,21,lbs
ROXBURV,258,Mills for   carpeting,wool consumed,120000,280000,lbs
ROXBURV,258,Mills for   carpeting,carpeting,,200000,yds
ROXBURV,259,Establishments for   Worsted Goods,worsted yam  and not made into cloth,25175,124300,lbs
ROXBURV,259,Establishments  for   Hosiery,hosiery,800,,
ROXBURV,259,Establishments for   Silk and Worsted Fringe and Tas­ sels,for   Silk and Worsted Fringe and Tas­ sels,15000,,
ROXBURV,259,Rolling Slitting and Nail Mills,iron   and  iron  made into nails,125000,1766143,lbs
ROXBURV,259,Rolling Slitting and Nail Mills,nails,60000,4274600,lbs
ROXBURV,259,Forges,bar iron anchors  cables  and  other     wronght  iron,46600,119,tons
ROXBURV,259,Furnaces for   Hollow Ware and Castings other than Pig Iron:,hollow  ware  and  castings,45000,1350,tons
ROXBURV,259,distributed,art icles,12600,,
ROXBURV,259,Estahl ish mt•nts for   Fire Engines,engines,25000,2,
ROXBURV,259,Esta bl ishmn ts for     Butts  or  Hinges,Esta bl ishmn ts for     Butts  or  Hinges,4300,23000,doz
ROXBURV,259,Brass Foundries,articlos,3000,,
ROXBURV,259,Starch Manufactories,starch    from  wheat  or  flour,69000,1360000,lbs
ROXBURV,259,Establish ments for    Chemical Preparations,Establish ments for    Chemical Preparations,90000,,
ROXBURV,259,Establishmen ts for Staining and Stamping Paper,for Staining and Stamping Paper,14500,,
ROXBURV,259,Clock Manufactories,clocks,150,15,
ROXBURV,259,Sadd le Ha rness and Trun k Man ufactories,Sadd le Ha rness and Trun k,,,
ROXBURV,259,Upholstery Mau ufactories,Upholstery Mau ufactories,20000,15,
ROXBURV,259,Upholstery Mau ufactories,B.,,,
ROXBURV,259,Hat and Cap Manufactories,Hat and Cap,382,,
ROXBURV,260,Cordage Manufactories,cordage m•d,370000,2155,tons
ROXBURV,260,Establishments  for     Rail-road  Cars Coaches Chaises and other Vehicles,vehicles,31300,,
ROXBURV,260,Soap and Tallow Mannfactorics,hard and st soap  :,63280,1281600,lbs
ROXBURV,260,Soap and Tallow Mannfactorics,candles,15100,170000,lbs
ROXBURV,260,Establ ishments for    Rifles  and  Fowling  Pieces,arms,800,,
ROXBURV,260,Establishments for   Cannon,steel nnd iron cannon and carriages for  same,15000,30,
ROXBURV,260,Chair and Cabinet Ware Mannfnctories,Chair and Cabinet Ware,56000,,
ROXBURV,260,Tin Ware Man ufactories,ware,2000,,
ROXBURV,260,Establishments for   Sheet Lead and Pipe White Lead and other Paints,sheet  lead and  pipe,48000,400,tons
ROXBURV,260,Establishments for   Sheet Lead and Pipe White Lead and other Paints,red lead,24000,50,tons
ROXBURV,260,Establishments for   Sheet Lead and Pipe White Lead and other Paints,litha rge,3600,40,tons
ROXBURV,260,Establishments for   Sheet Lead and Pipe White Lead and other Paints,and  crome  yellow,,12,tons
ROXBURV,260,Glue Manufnetories and  Man n ractori<'s  for the preparation   Gums,glue  and  gums,23000,,
ROXBURV,260,Bakeries,bread,174500,18100,bbls
ROXBURV,260,Tanneries and Curriers' Establishments,Tanneries and Curriers',287000,,
ROXBURV,260,distributed,Boots,88692,12305,pairs
ROXBURV,260,distributed,shoes,,82275,pairs
ROXBURV,260,distributed,boots and shoes,,,
ROXBURV,260,distributed,Bricks,29800,5900000,
ROXBURV,260,distributed,Stone qna rried and prf'pa red,17500,,
ROXBURV,260,distributed,Blocks and Pumps,1800,,
ROXBURV,260,Soap Fish  and  Candle  Box  Manufactories,boxes,,60000,
ROXBURV,261,Turpentine and Rosin Manufactorics,spirits  turpentine,15600,9,bbls
ROXBURV,261,Turpentine and Rosin Manufactorics,rosin,,3000,bbls
ROXBURV,261,distributed,Barrels,1200,1200,
ROXBURV,261,distributed,hogsheads,150,150,
ROXBURV,261,Distilleries,rum,7200,240000,galls
ROXBURV,261,distributed,Looking Glass Frames Sashes and Illiuds,20000,,
ROXBURV,261,Breweries,beer brewed,34000,6000,bbls
ROXBURV,261,Patent Corselet Manufoctories,Patent Corselet,2500,,
ROXBURV,261,distributed,Jerked  Beef  prepared,6000,100,tons
ROXBURV,261,distributed,Dried   tallow,6000,100000,lbs
ROXBURV,261,distributed,sizing,2500,50,tons
ROXBURV,261,energy imports,neat's foot oil,1700,2400,galls
ROXBURV,261,distributed,bone  manure,1200,6000,bush
ROXBURV,261,Oakum Manufactories,oakum,24000,300000,lbs
ROXBURV,261,India. Rubber Manufactorics,rubber used,5000,24,tons
ROXBURV,261,India. Rubber Manufactorics,cloth,,31000,yds
ROXBURV,261,India. Rubber Manufactorics,all the,,,
ROXBURV,261,distributed,Knit Goods and Yarn m'<l,30000,,
ROXBURV,261,distributed,Fire Wood prepared,815,165,cords
ROXBURV,261,energy imports,Sperm  Oil  consumed   in  man u facturing,1820,2028,galls
ROXBURV,261,energy imports,whale oil,4000,10000,galls
ROXBURV,261,energy imports,other oil,6375,10692,galls
ROXBURV,261,distributed,anth racite coul consumed in man ufacturing,30000,5021,tons
ROXBURV,261,energy imports,wood consumed in manufacturing,24500,10000,galls
ROXBURV,261,energy imports,whale oil,1820,10692,galls
ROXBURV,261,energy imports,other oil,4000,5021,tons
ROXBURV,261,distributed,anth racite coul consumed in man ufacturing,6375,,
ROXBURV,261,energy imports,wood consumed in manufacturing,30000,,
ROXBURV,261,distributed,Asses,75,1,head
ROXBURV,261,distributed,horses,369,1097,head
ROXBURV,261,distributed,neat cattle,24663,873,head
ROXBURV,261,distributed,swine,12146,1451,head
ROXBURV,261,distributed,Indian Corn or Maize raised,2201,3686,bush
ROXBURV,261,distributed,rye,759,974,bush
ROXBURV,261,distributed,barley,227,381,bush
ROXBURV,261,distributed,oats,157,350,bush
ROXBURV,261,distributed,potatoes,18951,47378,bush
ROXBURV,261,distributed,other csculcn t v<'getablcs,35149,76381,bush
ROXBURV,261,distributed,hay,53205,3547,tons
ROXBURV,261,Fruit  raised  bnh.,Fruit  raised,308221405,378218,bnh
ROXBURV,261,distributed,Milk,23905,239050,galls
SHARON,262,Cotton Mills,printing cloth,12500,250000,yds
SHARON,262,Cotton Mills,duck,10340,47000,yds
SHARON,262,Woollen  :Mills,wool consumed,12520,23475,lbs
SHARON,262,Woollen  :Mills,satinet,,31300,yds
SHARON,262,Axe Man ufactories,axes and other edge tools,300,300,
SHARON,262,distributed,Boots,33230,16421,pairs
SHARON,262,distributed,shoes,,200,pairs
SHARON,262,distributed,boots and shoes,,,
SHARON,262,distributed,Straw Bonnets and Hats,5320,16421,
SHARON,262,distributed,straw braid  and not made into bonnets and hats,203,,
SHARON,262,distributed,Fire Wood prepared,2937,1408,cords
SHARON,262,Hoops prepared,Hoops prepared,2150,,
SHARON,262,energy imports,Sperm Oil consumed in manufact u ring,300,300,galls
SHARON,262,distributed,Sheep total,46,54,head
SHARON,262,distributed,Horses,5360,115,head
SHARON,262,distributed,neat cattle,9406,500,head
SHARON,262,distributed,swine,2905,289,head
SHARON,262,distributed,Ind ian Corn  or  Maize  raised,2615,3487,bush
SHARON,262,distributed,rye .,160,460,bush
SHARON,262,distributed,barley,330,472,bush
SHARON,262,distributed,potatoes,3390,11301,bush
SHARON,262,distributed,hay,11445,983,tons
SHARON,262,distributed,Frnit raised,879,4437,bush
SHARON,262,distributed,Butter,2442,15543,lbs
SHARON,262,distributed,cheese,525,7500,lbs
STOUGHTON,262,Cotton Mills,woollen mills,,1,
STOUGHTON,262,Cotton Mills,the owners or ag,,1,
STOUGHTON,262,Saddle Harness and Trunk Manufactories,Saddle Harness and Trunk,320,1,
STOUGHTON,262,Saddle Harness and Trunk Manufactories,0,,3,
STOUGHTON,262,Esta blishments for   Rail-road Cars Coaches Chaises and  other  Vehicles,vehicles,400,,
STOUGHTON,263,Soap and Tallow Candle Manufactories,soap,1350,300,bbls
STOUGHTON,263,distributed,Boots,418274,217177,pairs
STOUGHTON,263,distributed,shoes,,9200,pairs
STOUGHTON,263,distributed,boots and shoes,,,
STOUGHTON,263,distributed,Straw Braid  and not made into Bonnets and Ho.ts,57,,
STOUGHTON,263,distributed,Mechanics'  Tools,2300,,
STOUGHTON,263,distributed,Fi re Wood prepared,3358,849,cords
STOUGHTON,263,energy imports,charcoal,1000,12000,bush
STOUGHTON,263,Hoops prepared,Hoops prepared,860,,
STOUGHTON,263,distributed,Horses,11700,229,head
STOUGHTON,263,distributed,neat cattle,12207,571,head
STOUGHTON,263,distributed,swine,4180,418,head
STOUGHTON,263,distributed,Indian Corn or Maize raised,2190,2738,bush
STOUGHTON,263,distributed,rye,78,78,bush
STOUGHTON,263,distributed,barley,10,146,bush
STOUGHTON,263,distributed,potatoes,3365,16824,bush
STOUGHTON,263,distributed,othnr esculent vegeta bles,1500,5,tons
STOUGHTON,263,distributed,millet,75,1000,tons
STOUGHTON,263,distributed,hay,13000,,
STOUGHTON,263,distributed,Fru it ra ised,1755,7775,bush
STOUGHTON,263,distributed,cheese,41000,16400,lbs
STOUGHTON,263,distributed,Butter,985,250001,
WALPOLE,263,Cotton Mills,cotton consumed,25000,116700,lbs
WALPOLE,263,Cotton Mills,ticking,2310,70000,yds
WALPOLE,263,Cotton Mills,shirting,3500,185000,yds
WALPOLE,263,Cotton Mills,all cotton cloth,,7000,lbs
WALPOLE,263,Cotton Mills,stocking  yarn,,7000,
WALPOLE,263,Cotton Mills,thread,,,
WALPOLE,263,Establ ishments for Bleaching or Coloring Cotton Goods 'not connected wi th Calico Establishments,goods bleached or colored,6500,100000,lbs
WALPOLE,263,Establ ishments for Bleaching or Coloring Cotton Goods 'not connected wi th Calico Establishments,added  to  goods by this  process,,,
WALPOLE,263,Woollen Mills,wool consumed,13332,175000,lbs
WALPOLE,263,Woollen Mills,broadcloth,37000,6660,yds
WALPOLE,263,Woollen Mills,cassi­ mere,,193321,yds
WALPOLE,263,distributed,Carpeting  from listing,1600,4000,yds
WALPOLE,264,Furnaces for   Hollow Ware and Castings other than Pig Iron,hollow ware and castings,8000,100,tons
WALPOLE,264,Esta blishments for   Cotton Woollen and other Machin­ ery,machinery,4100,,
WALPOLE,264,Hoe  Manufactories,hoes,4500,,
WALPOLE,264,Paper Manufnctories,stock consumed,35635,750000,lbs
WALPOLE,264,Paper Manufnctories,pa­ per  i,,60000,lbs
WALPOLE,264,Harness Manufoctorics,harnesses,215,2,
WALPOLE,264,Harness Manufoctorics,B.,,,
WALPOLE,264,Hat and  Cap  Manufactories,bats  and  caps,2000,1200,
WALPOLE,264,Hat and  Cap  Manufactories,F..,,5,
WALPOLE,264,Cordage Manufactories,cordage,1500,3,
WALPOLE,264,Cordage Manufactories,R,,,
WALPOLE,264,Card Manu factories,Card,,,
WALPOLE,264,Establ ishments for     Wagons  Sleighs  and  other Vehi­ cles,vehicles,14700,,
WALPOLE,264,Cabinet Ware Mauufactories,Cabinet Ware Mauufactories,3000,,
WALPOLE,264,Tanneries,Tanneries,,,
WALPOLE,264,distributed,Boots,17025,10811,pairs
WALPOLE,264,distributed,shoes,,421,
WALPOLE,264,distributed,boots and shoes,,11,
WALPOLE,264,distributed,\,,,
WALPOLE,264,distributed,Staw Bonnets and Hats,60000,46400,
WALPOLE,264,Twine Manufactoriets,twine,5000,25000,lbs
WALPOLE,264,Iron Axletree Man ufaetories,axletrees,10000,120000,lbs
WALPOLE,264,Grist Mills .,Grist Mills .,,,
WALPOLE,264,Saw Mills .,Saw Mills .,,,
WALPOLE,264,distributed,Lumber prepared,500,,
WALPOLE,264,distributed,Fire Wood prepared,4000,1100,cords
WALPOLE,264,energy imports,Sperm Oil consumed in man ufact uring,855,855,galls
WALPOLE,264,energy imports,other oil,780,1040,galls
WALPOLE,264,energy imports,anthracite coal consnmed in man ufact uri ng,3860,471,tons
WALPOLE,264,energy imports,bitu minous coal mined in tha U. States,180,18,tons
WALPOLE,264,distributed,other    foreign produc­ tion excepting as above consumed,12710,,
WALPOLE,265,distributed,Sheep total,52,26,head
WALPOLE,265,distributed,wool prod uced,31,78,lbs
WALPOLE,265,distributed,Horses,11100,185,head
WALPOLE,265,distributed,neat cattle,2604,588,head
WALPOLE,265,distributed,$,,11760,
WALPOLE,265,distributed,swine,,217,head
WALPOLE,265,distributed,Ind ian Corn or Maize raised,3440,4586,bush
WALPOLE,265,distributed,wheat,60,57,bush
WALPOLE,265,distributed,rye,1000,1088,bush
WALPOLE,265,distributed,barley,480,961,bush
WALPOLE,265,distributed,oats,110,275,bush
WALPOLE,265,distributed,potatoes,5000,20000,bush
WALPOLE,265,distributed,other esculent vegetables,900,2500,bush
WALPOLE,265,distributed,hay,18000,1500,tons
WALPOLE,265,distributed,Fruit raised,1500,2500,bush
WALPOLE,265,distributed,Butter,3780,21000,lbs
WALPOLE,265,distributed,cheese,150,2500,lbs
WEYMOUTH,265,Rolling Slitting and Nail Mills,iron  and not made into nails,50000,500,tons
WEYMOUTH,265,Rolling Slitting and Nail Mills,nails,200000,2220,tons
WEYMOUTH,265,Tack and Brad Manufactories,tacks and brads,30000,,
WEYMOUTH,265,Saddle Harness and Trunk Manufactories,Saddle Harness and Trunk,1400,,
WEYMOUTH,265,Establishments for   Rail-road Cars Coaches Chaises and other Vehicles,vehicles,2000,,
WEYMOUTH,265,Chair and Cabinet Ware Manufactories,Chair and Cabinet Ware,3000,,
WEYMOUTH,265,Tanneries,leather tanned and curried,10600,,
WEYMOUTH,265,distributed,Boots,557122,119905,pairs
WEYMOUTH,265,distributed,shoes,,408571,pairs
WEYMOUTH,265,distributed,boots and shoes,,,
WEYMOUTH,265,distributed,Building Stone quarried  and  prepared,4000,,
WEYMOUTH,265,distributed,Wooden  Ware,2000,,
WEYMOUTH,265,distributed,Fire Wood prepa red,2600,650,cords
WEYMOUTH,265,Sash Door  and  Blind Manufactories,Sash Door  and  Blind,8000,,
WEYMOUTH,266,energy imports,Sperm Oil consumed in manufacturing,1377,1890,galls
WEYMOUTH,266,energy imports,anthracite coal consumed in man ufact uring,5400,900,tons
WEYMOUTH,266,energy imports,bit uminous coal mined in the U. States,18000,3000,tons
WEYMOUTH,266,distributed,Horses,17160,286,head
WEYMOUTH,266,distributed,neat cattle,13202,574,head
WEYMOUTH,266,distributed,swine,11,558,head
WEYMOUTH,266,distributed,Indian Corn or Maize raised,1685,2515,bush
WEYMOUTH,266,distributed,rye,109,136,bush
WEYMOUTH,266,distributed,barley,75,100,bush
WEYMOUTH,266,distributed,other esculen t vegetables,5498,184,tons
WEYMOUTH,266,distributed,hay,2760,1309,tons
WEYMOUTH,266,distributed,Fruit raised,2974,7434,bush
WEYMOUTH,266,distributed,Butter,3150,15751,lbs
WEYMOUTH,266,distributed,cheese,1138,14222,lbs
WEYMOUTH,266,distributed,honey,100,500,lbs
WRENTHAM,266,Cotton Mills,spindles,18496,3856,lbs
WRENTHAM,266,Cotton Mills,cotton consumed,3588,131404,yds
WRENTHAM,266,Cotton Mills,sheeting,16476,321664,lbs
WRENTHAM,266,Cotton Mills,yarn  (satinet warp) m·d and not made into clot h,600,15600,lbs
WRENTHAM,266,Cotton Mills,thread,,44542,lbs
WRENTHAM,266,Cotton Mills,batting,,100000,
WRENTHAM,266,Mills for   Carpeting,wool consumed,44136,80000,lbs
WRENTHAM,266,Mills for   Carpeting,carpeting,,68561,yds
WRENTHAM,266,Establishments for   Fire  Engines,engines,1000,5,
WRENTHAM,266,Saddle Harness and Trunk Manufactories,Saddle Harness and Trunk,1810,,
WRENTHAM,266,Establi:shmen ts for   Rail-road Cars Coaches Chaises and other Vchicles,vehicles,3890,,
WRENTHAM,266,Chair and Cabinet Ware Manufactories,Chair and Cabinet Ware,11400,,
WRENTHAM,266,distributed,Boots,10011,7475,pairs
WRENTHAM,267,distributed,Straw  Bonnets  and  Hats,70951,81568,
WRENTHAM,267,distributed,Walking Canes,483,161,doz
WRENTHAM,267,distributed,Baskets,280,5120,
WRENTHAM,267,Boot and Shoe Boxes m'cl,Boot and Shoe Boxes m'cl,1163,,
WRENTHAM,267,distributed,Lumber prepared,15,195000,feet
WRENTHAM,267,distributed,Fire  Wood prepared,3123,104,cords
WRENTHAM,267,distributed,Boats built,4250,175,
WRENTHAM,267,distributed,Horses,14445,321,head
WRENTHAM,267,distributed,neat  cattle,21580,1079,head
WRENTHAM,267,distributed,swine,5,646,head
WRENTHAM,267,distributed,Indian Corn or  Maize raised,7266,10899,bush
WRENTHAM,267,distributed,rye,1448,1810,bush
WRENTHAM,267,distributed,barley,95,189,bush
WRENTHAM,267,distributed,oats,841,2523,bush
WRENTHAM,267,distributed,potatoes,8319,33274,bush
WRENTHAM,267,distributed,hay,25664,2363,tons
WRENTHAM,267,distributed,Fruit raised,1590,4771,bush
