county,city,page,manufacturing site,number  factories,tonnage,capital,employeeS,employeesM,employeesF,goods0
NANTUCKET,NANTUCKET,327,Brass Foundries,1,,4000,4,,,Brass
NANTUCKET,NANTUCKET,327,Saddle Harness and Trunk Manufactories,4,,1000,10,,,Saddle Harness and Trunk
NANTUCKET,NANTUCKET,327,Hat and Cap Manufactories,1,,300,1,,,hats and caps
NANTUCKET,NANTUCKET,327,Cordage Manufactories,1,,10000,30,,,cordage
NANTUCKET,NANTUCKET,327,Oil and Sperm Candle Manufactories,24,,1580417,105,,,oil
NANTUCKET,NANTUCKET,327,Soap and Tallow Candle Manufactories,2,,5000,5,,,hard soap
NANTUCKET,NANTUCKET,327,Tin Ware Manufactories,7,,2000,12,,,ware
NANTUCKET,NANTUCKET,327,distributed,,,,,11,3,Boots
NANTUCKET,NANTUCKET,327,distributed,,,600,3,,,Snuff Tobacco and Cigars
NANTUCKET,NANTUCKET,328,distributed,,,,10,,,Blocks and Pumps
NANTUCKET,NANTUCKET,328,Candle Box Manufactories,6,,4000,12,,,boxes
NANTUCKET,NANTUCKET,328,woods,,,30000,65,,,casks
NANTUCKET,NANTUCKET,328,Establishments for m. Coopers' Tools Harpoons and other Whale Craft,14,,4000,15,,,Harpoons and other Whale Craft
NANTUCKET,NANTUCKET,328,workshops,,,,12,,,Boats built
NANTUCKET,NANTUCKET,328,Vessels employed in the Whale Fishery,77,26295,2660000,1900,,,sperm oil imported
NANTUCKET,NANTUCKET,328,Vessels employed in the Mackerel and Cod Fisheries,4,11,2000,12,,,
