city,page,manufacturing site,number  factories,vessels,number  vessels,vessel tonnage,capital,employeeS,employeesM,employeesF,goods0,value0,quantity0,units0,goods1,value1,quantity1,units1,goods2,value2,quantity2,units2,goods3,value3,quantity3,units3,goods4,value4,quantity4,units4,goods5,value5,quantity5,units5,goods6,value6,quantity6,units6,goods7,value7,quantity7,units7,goods8,value8,quantity8,units8,goods9,value9,quantity9,units9,goods10,value10,quantity10,units10,goods11,value11,quantity11,units11
BOSTON,1,Establishments  Hosiery,1,,,,1000,,2,4,woollen hose,17511,6000,pairs,,,,,,,,,,,,,,,,,,,,,,,,,,,,,,,,,,,,,,,,,,,,
BOSTON,1,Forges,1,,,,80000,25,,,chain cables,58240,400,tons,,,,,,,,,,,,,,,,,,,,,,,,,,,,,,,,,,,,,,,,,,,,
BOSTON,1,Furnaces   Castings other than pig iron,6,,,,219500,273,,,castings,250600,3845,tons,,,,,,,,,,,,,,,,,,,,,,,,,,,,,,,,,,,,,,,,,,,,
BOSTON,1,Establishmen ts     Machinery,19,,,,193300,404,,,Machinery,399990,,,,,,,,,,,,,,,,,,,,,,,,,,,,,,,,,,,,,,,,,,,,,,
BOSTON,1,Establishments  Steam Engines boilers and locomo­ tivs,2,,,,120000,210,,,Steam Engines boilers and locomo­ tivs,187496,,,,,,,,,,,,,,,,,,,,,,,,,,,,,,,,,,,,,,,,,,,,,,
BOSTON,1,Shops    Fire  Engines,1,,,,,6,,,number,7200,12,,,,,,,,,,,,,,,,,,,,,,,,,,,,,,,,,,,,,,,,,,,,,
BOSTON,1,Establishments        Cutlery,2,,,,4700,11,,,Cutlery,7500,,,,,,,,,,,,,,,,,,,,,,,,,,,,,,,,,,,,,,,,,,,,,,
BOSTON,1,Lock  Manufactories,6,,,,16200,40,,,locks,37870,,,,,,,,,,,,,,,,,,,,,,,,,,,,,,,,,,,,,,,,,,,,,,
BOSTON,1,Plough Manufactories,1,,,,25000,30,,,ploughs and other agricultural tools,33500,4300,,,,,,,,,,,,,,,,,,,,,,,,,,,,,,,,,,,,,,,,,,,,,
BOSTON,2,Shops   Iron Railing Fence and Safes,6,,,,50000,64,,,Iron Railing Fence and Safes,116000,,,,,,,,,,,,,,,,,,,,,,,,,,,,,,,,,,,,,,,,,,,,,,
BOSTON,2,Brass  Found ries,8,,,,119700,82,,,Brass,210840,,,,,,,,,,,,,,,,,,,,,,,,,,,,,,,,,,,,,,,,,,,,,,
BOSTON,2,Establishments  Britannia Ware.and Block Tin,3,,,,15000,13,,,Britannia Ware.and Block Tin,20550,,,,,,,,,,,,,,,,,,,,,,,,,,,,,,,,,,,,,,,,,,,,,,
BOSTON,2,Flint Glass  Manufactories,2,,,,5000,60,,,glass,62400,,,,,,,,,,,,,,,,,,,,,,,,,,,,,,,,,,,,,,,,,,,,,,
BOSTON,2,Establishments the making  Chemical Preparations,1,,,,3000,4,,,the making  Chemical Preparations,3000,,,,,,,,,,,,,,,,,,,,,,,,,,,,,,,,,,,,,,,,,,,,,,
BOSTON,2,MusicaUnstrument Manufactories (exclusive  organs and piano fortes),4,,,,2300,7,,,MusicaUnstrument,5000,,,,,,,,,,,,,,,,,,,,,,,,,,,,,,,,,,,,,,,,,,,,,,
BOSTON,2,Clock  Manufactories,2,,,,800,3,,,clocks,2225,66,,,,,,,,,,,,,,,,,,,,,,,,,,,,,,,,,,,,,,,,,,,,,
BOSTON,2,Establishments  Gold and Silver Ware and Jewelry,19,,,,65025,118,,,Gold and Silver Ware and Jewelry,210100,,,,,,,,,,,,,,,,,,,,,,,,,,,,,,,,,,,,,,,,,,,,,,
BOSTON,2,Brush  Manufactories,4,,,,50800,,66,22,Brush,90,,,,,,,,,,,,,,,,,,,,,,,,,,,,,,,,,,,,,,,,,,,,,,
BOSTON,2,Saddle Harness  and  Trunk  Manufactories,24,,,,15400,126,,,Saddle Harness  and  Trunk,143215,,,,,,,,,,,,,,,,,,,,,,,,,,,,,,,,,,,,,,,,,,,,,,
BOSTON,2,Upholstery   Manufactories,35,,,,93100,,91,93,Upholstery,269925,,,,,,,,,,,,,,,,,,,,,,,,,,,,,,,,,,,,,,,,,,,,,,
BOSTON,2,Hat and Cap Manufactories,46,,,,67350,,137,293,hats and caps,330071,292918,,,,,,,,,,,,,,,,,,,,,,,,,,,,,,,,,,,,,,,,,,,,,
BOSTON,2,Cordage  Mnnufactories,3,,,,8500,27,,,cordage,37892,275300,lbs,,,,,,,,,,,,,,,,,,,,,,,,,,,,,,,,,,,,,,,,,,,,
BOSTON,2,Establishments  Coaches Chaises Wagons Sleighs and other vehicles,23,,,,54300,150,,,vehicles,127650,,,,,,,,,,,,,,,,,,,,,,,,,,,,,,,,,,,,,,,,,,,,,,
BOSTON,2,Lead Pipe Manufactories,1,,,,8000,3,,,Lead Pipe,13750,,,,,,,,,,,,,,,,,,,,,,,,,,,,,,,,,,,,,,,,,,,,,,
BOSTON,2,Sugar Refineries,2,,,,410000,106,,,sugar refined,940000,8433000,lbs,,,,,,,,,,,,,,,,,,,,,,,,,,,,,,,,,,,,,,,,,,,,
BOSTON,2,Oil  and  Sperm  Candle  Manufactories,8,,,,240500,76,,,oil,584755,979616,galls,candles,89677,343262,lbs,stearine,7370,,,,,,,,,,,,,,,,,,,,,,,,,,,,,,,,,,,,,,
BOSTON,2,Soap and Tallow Candle  Manufactories,7,,,,32300,24,,,hard  soap,51473,1316440,lbs,st,8339,1868,bbls,candles,,98700,lbs,,,,,,,,,,,,,,,,,,,,,,,,,,,,,,,,,,,,
BOSTON,2,Establishmen ts  Cannon,1,,,,10000,20,,,Cannon,50000,137,,,,,,,,,,,,,,,,,,,,,,,,,,,,,,,,,,,,,,,,,,,,,
BOSTON,2,Chair and Cabinet-ware Manufactories,35,,,,48450,159,,,Chair and Cabinet-ware,163400,,,,,,,,,,,,,,,,,,,,,,,,,,,,,,,,,,,,,,,,,,,,,,
BOSTON,2,Tin  and Sheet  Iron  Manufactories,52,,,,145700,218,,,Tin  and Sheet  Iron,355250,,,,,,,,,,,,,,,,,,,,,,,,,,,,,,,,,,,,,,,,,,,,,,
BOSTON,2,Comb Manufactories,1,,,,1,2,,,combs,1500,,,,,,,,,,,,,,,,,,,,,,,,,,,,,,,,,,,,,,,,,,,,,,
BOSTON,2,Establishments  White Lead ·and other paints,1,,,,100000,30,,,white lead,50000,67,lbs,red lead and litharge,18000,300000,lbs,sugar  lead,15000,150000,lbs,other paints,,,,,,,,,,,,,,,,,,,,,,,,,,,,,,,,,,,
BOSTON,3,Linseed Oil Mills,1,,,,20000,10,,,oil,50200,80000,galls,oil cake,12500,625,tons,,,,,,,,,,,,,,,,,,,,,,,,,,,,,,,,,,,,,,,,
BOSTON,3,,,,,,,,275,78,Boots,205126,32479,pairs,shoes,,47631,pairs,boots and shoes,,,,,,,,,,,,,,,,,,,,,,,,,,,,,,,,,,,,,,,
BOSTON,3,,,,,,,30,,642060000,Straw Bonnets and Hats :,17550,642060000,,F. E. . Bricks,13180,,,,,,,,,,,,,,,,,,,,,,,,,,,,,,,,,,,,,,,,,,
BOSTON,3,,,,,,,7,,,Mathematical  Instruments,4500,,,,,,,,,,,,,,,,,,,,,,,,,,,,,,,,,,,,,,,,,,,,,,
BOSTON,3,,,,,,50924,,35,30,Snuff Tobacco and Cigars,50924,,,,,,,,,,,,,,,,,,,,,,,,,,,,,,,,,,,,,,,,,,,,,,
BOSTON,3,,,,,,,250,,,Building Stone prepared,275800,,,,,,,,,,,,,,,,,,,,,,,,,,,,,,,,,,,,,,,,,,,,,,
BOSTON,3,,,,,,,161,,,Marble prepared market,117820,,,,,,,,,,,,,,,,,,,,,,,,,,,,,,,,,,,,,,,,,,,,,,
BOSTON,3,,,,,,,1,,,Whips,700,,,,,,,,,,,,,,,,,,,,,,,,,,,,,,,,,,,,,,,,,,,,,,
BOSTON,3,,,,,,,1,,,Blacking,112,,,,,,,,,,,,,,,,,,,,,,,,,,,,,,,,,,,,,,,,,,,,,,
BOSTON,3,,,,,,,54,,,Blocks and Pumps,57100,,,,,,,,,,,,,,,,,,,,,,,,,,,,,,,,,,,,,,,,,,,,,,
BOSTON,3,,,,,,,21,,,Wooden-ware not otherwise enumerated including Farming utensils,15300,,,,,,,,,,,,,,,,,,,,,,,,,,,,,,,,,,,,,,,,,,,,,,
BOSTON,3,,,Vessels launched,8,2013,,55,,,,88520,,,,,,,,,,,,,,,,,,,,,,,,,,,,,,,,,,,,,,,,,,,,,,
BOSTON,3,,,,,,,10,,,Boats built,8205,93,,,,,,,,,,,,,,,,,,,,,,,,,,,,,,,,,,,,,,,,,,,,,
BOSTON,3,,,,,,,,,,Sperm Oil consumed in mnufacturing establishments,2055,2284,galls,w hale oil,553,1006,galls,other kinds   oil,7960,99700,galls,anthracite   coal  consumed,51990,10438,tons,bituminous coal mined in the United States,21450,2145,chaldrons,foreign bituminous coal,64936,7754,chaldrons,wood,26583,5916,cords,charcoal,7185,23977,bush,other   Amer­ ican production excepting cotton wool and iron consumed in manufacturing establishmen ts,262372,,,all other arti­ cles   foreign production excepting as above,591386,,,,,,,,,,
BOSTON,3,,,Vessels employed in Whale Fishery,2,276,23000,43,,,sperm oil imported,17539,21979,galls,whale oil,459,1149,galls,,,,,,,,,,,,,,,,,,,,,,,,,,,,,,,,,,,,,,,,
BOSTON,3,,,Vessels employed in Mackerel aud Cod fisheries,37,20,80634,348,,,mackerel taken,6311,7455,bbls,cod-fish,15840,6600,quintals,salt consumed,,16462,bush,,,,,,,,,,,,,,,,,,,,,,,,,,,,,,,,,,,,
BOSTON,3,,,,,,,,,,Horses,290475,3873,,neat  cattle,9180,366,,swine,7070,1010,,,,,,,,,,,,,,,,,,,,,,,,,,,,,,,,,,,,,
BOSTON,3,,,,,,,,,,Fruits and Flowers,3060,,,,,,,,,,,,,,,,,,,,,,,,,,,,,,,,,,,,,,,,,,,,,,
BOSTON,3,Axletree Manufactories,1,,,,8000,,12,,axletrees,18000,,,,,,,,,,,,,,,,,,,,,,,,,,,,,,,,,,,,,,,,,,,,,,
BOSTON,3,Artificial Flower Man ufactories,1,,,,2500,,,18,flowers,6000,,,,,,,,,,,,,,,,,,,,,,,,,,,,,,,,,,,,,,,,,,,,,,
BOSTON,3,Blank Book Manufactories,9,,,,27500,,42,16,books,96000,,,,,,,,,,,,,,,,,,,,,,,,,,,,,,,,,,,,,,,,,,,,,,
BOSTON,3,Bakeries,47,,,,60250,,171,,bread  &C.,373000,,,,,,,,,,,,,,,,,,,,,,,,,,,,,,,,,,,,,,,,,,,,,,
BOSTON,3,Band  and  Fancy Box  Man ufactories,4,,,,3100,,,25,boxes,14660,7,,M. R,,,,,,,,,,,,,,,,,,,,,,,,,,,,,,,,,,,,,,,,,,,
BOSTON,3,Balance  Manufactories,2,,,,13000,,19,,Balance,37000,,,,,,,,,,,,,,,,,,,,,,,,,,,,,,,,,,,,,,,,,,,,,,
BOSTON,3,Breweries,2,,,,110000,,18,,Breweries,45740,256832,galls,manufacturing,,,,,,,,,,,,,,,,,,,,,,,,,,,,,,,,,,,,,,,,,,,
BOSTON,3,Coppersmith's  shops,14,,,,43000,,90,,Coppersmith's,12000,,,,,,,,,,,,,,,,,,,,,,,,,,,,,,,,,,,,,,,,,,,,,,
BOSTON,3,Cork Cutters,3,,,,2400,7,,5,Cork Cutters,5500,,,,,,,,,,,,,,,,,,,,,,,,,,,,,,,,,,,,,,,,,,,,,,
BOSTON,3,Cooper's shops,11,,,,8850,,26,,Cooper's,24200,,,,,,,,,,,,,,,,,,,,,,,,,,,,,,,,,,,,,,,,,,,,,,
BOSTON,5,Currier's Establishments,20,,,,69600,82,,,leather dressed,243000,,,,,,,,,,,,,,,,,,,,,,,,,,,,,,,,,,,,,,,,,,,,,,
BOSTON,5,Camphor Refineries,1,,,,15000,,3,,Camphor,30000,60000,lbs,quantity refined,,,,,,,,,,,,,,,,,,,,,,,,,,,,,,,,,,,,,,,,,,,
BOSTON,5,Black Lead Manufactories,1,,,,6000,,4,,Black Lead,9000,,,,,,,,,,,,,,,,,,,,,,,,,,,,,,,,,,,,,,,,,,,,,,
BOSTON,5,Distilleries,9,,,,8262174500,,47,,quantity    spirit,8262174500,2873623,galls,C.,,,,,,,,,,,,,,,,,,,,,,,,,,,,,,,,,,,,,,,,,,,
BOSTON,5,Furriers f:stablish ments,15,,,,80300,32,,119,Furriers f:stablish ments,201000,,,,,,,,,,,,,,,,,,,,,,,,,,,,,,,,,,,,,,,,,,,,,,
BOSTON,5,Fringe and Tassel Manufactories,2,,,,8200,40,4,,Fringe and Tassel,35800,,,,,,,,,,,,,,,,,,,,,,,,,,,,,,,,,,,,,,,,,,,,,,
BOSTON,5,File  Manufactories,2,,,,2700,,8,,File,7500,,,,,,,,,,,,,,,,,,,,,,,,,,,,,,,,,,,,,,,,,,,,,,
BOSTON,5,Friction Match Manufactories,1,,,,10000,,10,30,matches,32000,,,,,,,,,,,,,,,,,,,,,,,,,,,,,,,,,,,,,,,,,,,,,,
BOSTON,5,Gas Manufactories,1,,,,275000,,50,,gas .,75000,,,,,,,,,,,,,,,,,,,,,,,,,,,,,,,,,,,,,,,,,,,,,,
BOSTON,5,Glass  Cutting  Establishments,1,,,,100,,5,,glass,4000,,,,,,,,,,,,,,,,,,,,,,,,,,,,,,,,,,,,,,,,,,,,,,
BOSTON,5,Globe Man ufactories,1,,,,60003,,60003,1,globes,3000,,,,,,,,,,,,,,,,,,,,,,,,,,,,,,,,,,,,,,,,,,,,,,
BOSTON,5,Gold  Beater's  Establishments,3,,,,8500,,11,9,Gold  Beater's,55000,,,,,,,,,,,,,,,,,,,,,,,,,,,,,,,,,,,,,,,,,,,,,,
BOSTON,5,India Rubber  Factories,1,,,,800,,3,,India Rubber,2500,,,,,,,,,,,,,,,,,,,,,,,,,,,,,,,,,,,,,,,,,,,,,,
BOSTON,5,Looking Glass and Picture Frame Manufactories,8,,,,28975,,,,frames,78600,49,,M. K,,,,,,,,,,,,,,,,,,,,,,,,,,,,,,,,,,,,,,,,,,,
BOSTON,5,Lamp Manufactories,6,,,,76550,,102,12,lamps,167000,,,,,,,,,,,,,,,,,,,,,,,,,,,,,,,,,,,,,,,,,,,,,,
BOSTON,5,Last Man nfactories,3,,,,10800,,27,,lasts,29000,,,,,,,,,,,,,,,,,,,,,,,,,,,,,,,,,,,,,,,,,,,,,,
BOSTON,5,Lard Oil Manufactories,4,,,,85000,,19,,oil,114150,174000,galls,quantity,7840,112000,lbs,stearine,,,,,,,,,,,,,,,,,,,,,,,,,,,,,,,,,,,,,,,
BOSTON,5,Meteorological  Instrument  Manufactories,1,,,,1000,,2,,Meteorological  Instrument,3500,,,,,,,,,,,,,,,,,,,,,,,,,,,,,,,,,,,,,,,,,,,,,,
BOSTON,6,Magnetical Instrument Manufactories,2,,,,1000,,15,,Magnetical Instrument,11000,,,,,,,,,,,,,,,,,,,,,,,,,,,,,,,,,,,,,,,,,,,,,,
BOSTON,6,Mineral  Teeth  Manufactories,1,,,,5000,,5,,Mineral  Teeth,8000,,,,,,,,,,,,,,,,,,,,,,,,,,,,,,,,,,,,,,,,,,,,,,
BOSTON,6,Morocco  Working   Establishments,2,,,,1300,,6,1,Morocco  Working,6500,,,,,,,,,,,,,,,,,,,,,,,,,,,,,,,,,,,,,,,,,,,,,,
BOSTON,6,Optical Instrument Manufactories,2,,,,,,8,,Optical Instrument,9800,,,,,,,,,,,,,,,,,,,,,,,,,,,,,,,,,,,,,,,,,,,,,,
BOSTON,6,Organ Man ufactories,2,,,,30000,,26,,organs,40000,16,,organs,,,,,,,,,,,,,,,,,,,,,,,,,,,,,,,,,,,,,,,,,,,
BOSTON,6,Printers' Ink Manufactories,1,,,,5000,,4,,ink,11000,,,,,,,,,,,,,,,,,,,,,,,,,,,,,,,,,,,,,,,,,,,,,,
BOSTON,6,Piano  Forte  Manufactories,13,,,,256000,,368,,Piano  Forte,48537,1891,,,,,,,,,,,,,,,,,,,,,,,,,,,,,,,,,,,,,,,,,,,,,
BOSTON,6,Philosophical Instrument Manufactories,2,,,,,,,,Philosophical Instrument,18000,14,,M. B.,,,,,,,,,,,,,,,,,,,,,,,,,,,,,,,,,,,,,,,,,,,
BOSTON,6,Pickle and Preserve Man ufactories,2,,,,,,18,13,Pickle and Preserve,100000,,,,,,,,,,,,,,,,,,,,,,,,,,,,,,,,,,,,,,,,,,,,,,
BOSTON,6,Packing Box Man ufactories,2,,,,5000,,7,,boxes,6900,,,,,,,,,,,,,,,,,,,,,,,,,,,,,,,,,,,,,,,,,,,,,,
BOSTON,6,Plume Manufactories,1,,,,400,,1,,plumes,700,,,,,,,,,,,,,,,,,,,,,,,,,,,,,,,,,,,,,,,,,,,,,,
BOSTON,6,Paper  Hanging Manufactories,9,,,,,,54,6,paper,53500,,,,,,,,,,,,,,,,,,,,,,,,,,,,,,,,,,,,,,,,,,,,,,
BOSTON,6,Plane Manufactories,4,,,,4100,,10,,planes,6500,,,,,,,,,,,,,,,,,,,,,,,,,,,,,,,,,,,,,,,,,,,,,,
BOSTON,6,Rivet and Spike Manufactories,1,,,,400,,12,,Rivet and Spike,8000,,,,,,,,,,,,,,,,,,,,,,,,,,,,,,,,,,,,,,,,,,,,,,
BOSTON,6,Root  Beer  Manufactories,5,,,,12000,,29,,beer,29000,,,,,,,,,,,,,,,,,,,,,,,,,,,,,,,,,,,,,,,,,,,,,,
BOSTON,6,Salmratus Manufactories,9,,,,50000,,17,,salmratus,145293,3947516,lbs,. quantity,,,,,,,,,,,,,,,,,,,,,,,,,,,,,,,,,,,,,,,,,,,
BOSTON,6,Saw Manufactories,1,,,,2000,,4,,saws,5200,,,,,,,,,,,,,,,,,,,,,,,,,,,,,,,,,,,,,,,,,,,,,,
BOSTON,6,Saltpetre Refineries,4,,,,11000,,7,,Saltpetre,79200,1187230,lbs,quantity,,,,,,,,,,,,,,,,,,,,,,,,,,,,,,,,,,,,,,,,,,,
BOSTON,6,Silver Plating Establishments,3,,,,4100,,14,,plated  ware,10700,,,,,,,,,,,,,,,,,,,,,,,,,,,,,,,,,,,,,,,,,,,,,,
BOSTON,7,Spirits  Turpentine Manufactories,3,,,,53500,,12,,quantity,102800,205000,galls,,,,,,,,,,,,,,,,,,,,,,,,,,,,,,,,,,,,,,,,,,,,
BOSTON,7,Steam Warming Apparatus Manufactories,1,,,,15000,,20,,Steam Warming Apparatus,35000,,,,,,,,,,,,,,,,,,,,,,,,,,,,,,,,,,,,,,,,,,,,,,
BOSTON,7,Type  and Stereotype  Foundries,3,,,,40000,,85,30,types &c made in two foundries,75000,,,,,,,,,,,,,,,,,,,,,,,,,,,,,,,,,,,,,,,,,,,,,,
BOSTON,7,Truss Manufactories,2,,,,2500,,5,4,trusses,4500,,,,,,,,,,,,,,,,,,,,,,,,,,,,,,,,,,,,,,,,,,,,,,
BOSTON,7,Umbrella and Parasol Manttfactories,7,,,,23600,,27,,Umbrella and Parasol,62000,57,,F. K,,,,,,,,,,,,,,,,,,,,,,,,,,,,,,,,,,,,,,,,,,,
BOSTON,7,Varnish  Manufactories,3,,,,6500,,5,,varnish,27000,,,,,,,,,,,,,,,,,,,,,,,,,,,,,,,,,,,,,,,,,,,,,,
BOSTON,7,Visiting Card  Manufactories,1,,,,10000,,4,4,cards,25000,,,,,,,,,,,,,,,,,,,,,,,,,,,,,,,,,,,,,,,,,,,,,,
BOSTON,7,Watch  Crystal  Manufactories,1,,,,2500,,1,6,Watch  Crystal,6500,,,,,,,,,,,,,,,,,,,,,,,,,,,,,,,,,,,,,,,,,,,,,,
BOSTON,7,Wire-work  Manufactories,4,,,,3000,,11,,Wire-work,8000,,,,,,,,,,,,,,,,,,,,,,,,,,,,,,,,,,,,,,,,,,,,,,
CHELSEA,7,Furnaces  Hollow-ware and Castings other than pig iron,1,,,,5000,12,,,hollow-ware and castings,18000,300,tons,,,,,,,,,,,,,,,,,,,,,,,,,,,,,,,,,,,,,,,,,,,,
CHELSEA,7,Shovel Spade Fork and Hoe Manufactories,1,,,,200,2,,,Shovel Spade Fork and Hoe,1000,,,,,,,,,,,,,,,,,,,,,,,,,,,,,,,,,,,,,,,,,,,,,,
CHELSEA,7,Shops  Iron Railing Fences and Safes,1,,,,3000,23,,,Iron Railing Fences and Safes,13300,,,,,,,,,,,,,,,,,,,,,,,,,,,,,,,,,,,,,,,,,,,,,,
CHELSEA,7,Brass Found ries,1,,,,200,1,,,Brass,600,,,,,,,,,,,,,,,,,,,,,,,,,,,,,,,,,,,,,,,,,,,,,,
CHELSEA,7,Establishments  Salt,2,,,,3000,3,,,salt,800,4000,bush,,,,,,,,,,,,,,,,,,,,,,,,,,,,,,,,,,,,,,,,,,,,
CHELSEA,7,Soap Manufactories,1,,,,,3,,,soap,12000,260000,lbs,,,,,,,,,,,,,,,,,,,,,,,,,,,,,,,,,,,,,,,,,,,,
CHELSEA,7,Tin-ware  Manufactories,2,,,,600,3,,,Tin-ware,2000,,,,,,,,,,,,,,,,,,,,,,,,,,,,,,,,,,,,,,,,,,,,,,
CHELSEA,7,Tanneries,1,,,,,20,,,Tanneries,,,,,,,,,,,,,,,,,,,,,,,,,,,,,,,,,,,,,,,,,,,,,,,
CHELSEA,8,,,,,,,124750006,,,Boots and Shoes,2400,124750000,,E. . Bricks,28500,,,,,,,,,,,,,,,,,,,,,,,,,,,,,,,,,,,,,,,,,,
CHELSEA,8,,,,,,10150,24,,,Snuff Tobacco and Cigars :,10150,,,,,,,,,,,,,,,,,,,,,,,,,,,,,,,,,,,,,,,,,,,,,,
CHELSEA,8,,,,,,,1,,,Blacking,1200,,,,,,,,,,,,,,,,,,,,,,,,,,,,,,,,,,,,,,,,,,,,,,
CHELSEA,8,,,,,,700,,,,Indian Com or Maize raised,560,700,bush,rye,160,200,bush,barley,30,50,bush,potatoes,1500,6000,bush,other esculent  vegetables,8000,1453,tons,hay,17436,,,,,,,,,,,,,,,,,,,,,,,,,,
CHELSEA,8,,,,,,,,,,Fruit,2100,2800,bush,,,,,,,,,,,,,,,,,,,,,,,,,,,,,,,,,,,,,,,,,,,,
CHELSEA,8,,,,,,1000,,5,,Stone Ware,4000,,,,,,,,,,,,,,,,,,,,,,,,,,,,,,,,,,,,,,,,,,,,,,
CHELSEA,8,,,,,,2000,8,,,Paper stained,10000,,,,,,,,,,,,,,,,,,,,,,,,,,,,,,,,,,,,,,,,,,,,,,
CHELSEA,8,,,,,,20005,20005,,,Whiting,4000,400,tons,quantity,,,,,,,,,,,,,,,,,,,,,,,,,,,,,,,,,,,,,,,,,,,
CHELSEA,8,,,,,,,,1,,Spice ground,600,,,,,,,,,,,,,,,,,,,,,,,,,,,,,,,,,,,,,,,,,,,,,,
CHELSEA,8,,,,,,13500,,2,,Corn ground,13500,45000,bush,quantity ground,,,,,,,,,,,,,,,,,,,,,,,,,,,,,,,,,,,,,,,,,,,
