city,page,manufacturing site,number of factories,vessels,number of vessels,vessel tonnage,capital,employeeS,employeesM,employeesF,siteIncome,goods0,value0,quantity0,units0,goods1,value1,quantity1,units1,goods2,value2,quantity2,units2,goods3,value3,quantity3,units3,goods4,value4,quantity4,units4,goods5,value5,quantity5,units5,goods6,value6,quantity6,units6,goods7,value7,quantity7,units7,goods8,value8,quantity8,units8,goods9,value9,quantity9,units9,goods10,value10,quantity10,units10,goods11,value11,quantity11,units11
,325,,,,,,,,,,,,,,,,,,,,,,,,,,,,,,,,,,,,,,,,,,,,,,,,,,,,,,,,,,
CHILMARK,325,,,,,,,,,,,,,,,,,,,,,,,,,,,,,,,,,,,,,,,,,,,,,,,,,,,,,,,,,,
CHILMARK,325,,,,,,,2,,,,Bricks,112,25000,,,,,,,,,,,,,,,,,,,,,,,,,,,,,,,,,,,,,,,,,,,,,
CHILMARK,325,,,,,,188,1250000,,,,"Mackerel,",1300,217,bbls,"of  codfish,",651,35,bush,salt consumed,250,,,,,,,,,,,,,,,,,,,,,,,,,,,,,,,,,,,,,,
CHILMARK,325,,,,,,,,,,,Sheep total,10036,6691,head,Wool total,5324,15971,lbs,,,,,,,,,,,,,,,,,,,,,,,,,,,,,,,,,,,,,,,,
CHILMARK,325,,,,,,,,,,,Horses,13744,102,head,neat cattle,1788,833,head,swine,,149,head,,,,,,,,,,,,,,,,,,,,,,,,,,,,,,,,,,,,
CHILMARK,325,,,,,,4327,,,,,Indian Corn or Maize raised,2885,4327,bush,rye,96,107,bush,"barley,",42,56,bush,oats,457,1372,bush,potatoes,1704,8519,bush,other es­ culent vegetables,702,4213,bush,"hay,",10384,944,tons,,,,,,,,,,,,,,,,,,,,
CHILMARK,325,,,,,,,,,,,Fruit raised,123,370,bush,,,,,,,,,,,,,,,,,,,,,,,,,,,,,,,,,,,,,,,,,,,,
CHILMARK,325,,,,,,,,,,,Butter,2325,11625,lbs,cheese,497,5520,lbs,,,,,,,,,,,,,,,,,,,,,,,,,,,,,,,,,,,,,,,,
CHILMARK,325,,,,,,,,,,,Fish Oil,120,30,bbls,salt consumed,,30,bush,,,,,,,,,,,,,,,,,,,,,,,,,,,,,,,,,,,,,,,,
EDGARTOWN,325,,,,,,,,,,,,,,,,,,,,,,,,,,,,,,,,,,,,,,,,,,,,,,,,,,,,,,,,,,
EDGARTOWN,325,Hat and Cap  Manufactories,1,,,,500,1,,,,hats and  caps,800,300,,,,,,,,,,,,,,,,,,,,,,,,,,,,,,,,,,,,,,,,,,,,,
EDGARTOWN,325,"Establishments for m. of Salt,",1,,,,2000,1,,,,salt,150,500,bush,,,,,,,,,,,,,,,,,,,,,,,,,,,,,,,,,,,,,,,,,,,,
EDGARTOWN,325,Oil and Sperm Candle Manufactories,2,,,,80000,12,,,,oil,117000,200000,galls,sperm candles,17900,71500,lbs,,,,,,,,,,,,,,,,,,,,,,,,,,,,,,,,,,,,,,,,
EDGARTOWN,325,Tin  Ware Manufactories,1,,,,200,1,,,,of ware,500,,,,,,,,,,,,,,,,,,,,,,,,,,,,,,,,,,,,,,,,,,,,,,
EDGARTOWN,325,,,,,,,,2,,,Boots,,40,pairs,shoes,,250,pairs,,,,,,,,,,,,,,,,,,,,,,,,,,,,,,,,,,,,,,,,
EDGARTOWN,325,,,,,,,3,,,,of Blocks and Pumps,750,,,,,,,,,,,,,,,,,,,,,,,,,,,,,,,,,,,,,,,,,,,,,,
EDGARTOWN,326,,,,,,,,,,,,,,,,,,,,,,,,,,,,,,,,,,,,,,,,,,,,,,,,,,,,,,,,,,
EDGARTOWN,326,,,,,,,2,,,,Fire Wood prepared,1050,168,cords,,,,,,,,,,,,,,,,,,,,,,,,,,,,,,,,,,,,,,,,,,,,
EDGARTOWN,326,,,,,,,4,,,,"Boats built,",50,18,,,,,,,,,,,,,,,,,,,,,,,,,,,,,,,,,,,,,,,,,,,,,
EDGARTOWN,326,,,"Vessels employed in the hale Fishery,",11,3200,149800,255,,,,sperm oil imported,60525,65935,galls,"whale oil- """,18065,48825,galls,whalebone,7360,16000,lbs,,,,,,,,,,,,,,,,,,,,,,,,,,,,,,,,,,,,
EDGARTOWN,326,,,,,,19000,81715,,,,Oil Casks,5000,4500,bbls,Herrings,3400,81700,,,,,,,,,,,,,,,,,,,,,,,,,,,,,,,,,,,,,,,,,
EDGARTOWN,326,,,,,,,,,,,Sheep total,2565,2537,head,wool  produced,5370,5074,lbs,,,,,,,,,,,,,,,,,,,,,,,,,,,,,,,,,,,,,,,,
EDGARTOWN,326,,,,,,,,,,,Horses,4633,86,head,neat cattle,9721,487,head,swine,2447,248,head,,,,,,,,,,,,,,,,,,,,,,,,,,,,,,,,,,,,
EDGARTOWN,326,,,,,,5000,,,,,Indian Corn or Maize raised,3500,5000,bush,rye,566,756,bush,"barley,",75,75,bush,oats,166,536,bush,potatoes,2000,6666,bush,other escu­ lent  vegetables,900,3033,bush,"hay,",6556,576,tons,,,,,,,,,,,,,,,,,,,,
EDGARTOWN,326,,,,,,,,,,,Fruit raised,3602196,450,bush,,439,,,,,,,,,,,,,,,,,,,,,,,,,,,,,,,,,,,,,,,,,,
TISBURY,326,,,,,,,,,,,,,,,,,,,,,,,,,,,,,,,,,,,,,,,,,,,,,,,,,,,,,,,,,,
TISBURY,326,Tin  Ware  Manufactories,1,,,,400,1,,,,of ware,500,,,,,,,,,,,,,,,,,,,,,,,,,,,,,,,,,,,,,,,,,,,,,,
TISBURY,326,Tanneries,1,,,,1800,3,,,,of leather tanned and curried,2400,,,,,,,,,,,,,,,,,,,,,,,,,,,,,,,,,,,,,,,,,,,,,,
TISBURY,326,,,,,,,,7,,,Boots,2725,200,pairs,shoes,,1540,pairs,of boots and shoes,,,,,,,,,,,,,,,,,,,,,,,,,,,,,,,,,,,,,,,
TISBURY,326,,,,,,,,,,,Stockings and Mittens,625,2500,pairs,,,,,,,,,,,,,,,,,,,,,,,,,,,,,,,,,,,,,,,,,,,,
TISBURY,326,,,,,,1200,3,,,,of Oil Casks,1800,,,,,,,,,,,,,,,,,,,,,,,,,,,,,,,,,,,,,,,,,,,,,,
TISBURY,326,,,,,,,,,,,Fire Wood prepared,2500,500,cords,,,,,,,,,,,,,,,,,,,,,,,,,,,,,,,,,,,,,,,,,,,,
TISBURY,326,,,Vessels launched,1,52,,6,,,,,2800,,,,,,,,,,,,,,,,,,,,,,,,,,,,,,,,,,,,,,,,,,,,,,
TISBURY,326,,,,,,,3,,,,Boats built,935,15,,,,,,,,,,,,,,,,,,,,,,,,,,,,,,,,,,,,,,,,,,,,,
TISBURY,326,,,"Vessels employed in the Whale Fishery,",4,1287,93000,121,,,,sperm oil imported,36100,43500,galls,whale Qillgalls,500,4001,galls,,,,,,,,,,,,,,,,,,,,,,,,,,,,,,,,,,,,,,,,
TISBURY,327,,,,,,,,,,,,,,,,,,,,,,,,,,,,,,,,,,,,,,,,,,,,,,,,,,,,,,,,,,
TISBURY,327,,,,,,,,,,,,3673,,,,1883,,,Merino Sheep,,2449,head,merino wool lbs.,,5650,lbs,,,,,,,,,,,,,,,,,,,,,,,,,,,,,,,,
TISBURY,327,,,,,,,,,,,Horses,4640,116,head,neat cattle,7000,500,head,swine,3220,322,head,,,,,,,,,,,,,,,,,,,,,,,,,,,,,,,,,,,,
TISBURY,327,,,,,,3288,,,,,Indian Corn or Maize raised,2200,3288,bush,rye,228,304,bush,oats,273,630,bush,potatoes,1500,6000,bush,other esculent vegetables,1400,7000,bush,"hay,",6300,525,tons,,,,,,,,,,,,,,,,,,,,,,,,
