city,page,manufacturing site,number  factories,vessels,number  vessels,vessel tonnage,capital,employeeS,employeesM,employeesF,siteIncome,goods0,value0,quantity0,units0,goods1,value1,quantity1,units1,goods2,value2,quantity2,units2,goods3,value3,quantity3,units3,goods4,value4,quantity4,units4,goods5,value5,quantity5,units5,goods6,value6,quantity6,units6,goods7,value7,quantity7,units7,goods8,value8,quantity8,units8,goods9,value9,quantity9,units9,goods10,value10,quantity10,units10,goods11,value11,quantity11,units11
,170,,,,,,,,,,,,,,,,,,,,,,,,,,,,,,,,,,,,,,,,,,,,,,,,,,,,,,,,,,
BLANDFORD,170,,,,,,,,,,,,,,,,,,,,,,,,,,,,,,,,,,,,,,,,,,,,,,,,,,,,,,,,,,
BLANDFORD,170,Woollen   Mills,1,,,,5000,,10,4,,wool  consumed,18000,30000,lbs,broadcloth,,121000,yds,,,,,,,,,,,,,,,,,,,,,,,,,,,,,,,,,,,,,,,,
BLANDFORD,171,,,,,,,,,,,,,,,,,,,,,,,,,,,,,,,,,,,,,,,,,,,,,,,,,,,,,,,,,,
BLANDFORD,171,Paper Manufactories,1,,,,1500,4,,,,stock consumed,200,20,tons,paper  ( coarse  wrapping),1200,,,,,,,,,,,,,,,,,,,,,,,,,,,,,,,,,,,,,,,,,,
BLANDFORD,171,Tanneries,3,,,,9000,7,,,,leather tanned and curried,12000,,,,,,,,,,,,,,,,,,,,,,,,,,,,,,,,,,,,,,,,,,,,,,
BLANDFORD,171,,,,,,,3,,,,Lumber prepared,520,130000,feet,,,,,,,,,,,,,,,,,,,,,,,,,,,,,,,,,,,,,,,,,,,,
BLANDFORD,171,Rake Manufactories,1,,,,3000,2,,,,rakes,,3000,,,,,,,,,,,,,,,,,,,,,,,,,,,,,,,,,,,,,,,,,,,,,
BLANDFORD,171,,,,,,,,,,,Sheep total,1944,1944,head,wool  produced,1166,3888,lbs,,,,,,,,,,,,,,,,,,,,,,,,,,,,,,,,,,,,,,,,
BLANDFORD,171,,,,,,,,,,,Horses,6650,196,head,neat cattle,24390,2439,head,swine,1880,376,head,,,,,,,,,,,,,,,,,,,,,,,,,,,,,,,,,,,,
BLANDFORD,171,,,,,,3685,,,,,Indian Corn or Maize raised,184,3685,bush,wheat,58,39,bush,rye,328,655,bush,barley,46,91,bush,oats,1637,6547,bush,potatoes,3081,18487,bush,other esculent vegetables,192,769,bush,hay,16340,4085,tons,flax,11,110,lbs,,,,,,,,,,,,
BLANDFORD,171,,,,,,,,,,,Fruit raised,275,27502,bush,,,,,,,,,,,,,,,,,,,,,,,,,,,,,,,,,,,,,,,,,,,,
BLANDFORD,171,,,,,,,,,,,Butter,5316,53155,lbs,cheese,7681,192025,lbs,honey,21,213,lbs,,,,,,,,,,,,,,,,,,,,,,,,,,,,,,,,,,,,
BRIMFIELD,171,,,,,,,,,,,,,,,,,,,,,,,,,,,,,,,,,,,,,,,,,,,,,,,,,,,,,,,,,,
BRIMFIELD,171,Cotton Mills,1,,,,12000,,18,16,,spindles,15000,1388,lbs,cotton consumed,,83000,yds,cloth  sheetings,,250000,,,,,,,,,,,,,,,,,,,,,,,,,,,,,,,,,,,,,
BRIMFIELD,171,Establishments    Cutlery,1,,,,100,1,,,,cutlery,300,,,,,,,,,,,,,,,,,,,,,,,,,,,,,,,,,,,,,,,,,,,,,,
BRIMFIELD,171,Saddle Harness and Trunk Manufactories,1,,,,300,2,,,,Saddle Harness and Trunk,1500,,,,,,,,,,,,,,,,,,,,,,,,,,,,,,,,,,,,,,,,,,,,,,
BRIMFIELD,171,Establishments   Coaches Chaises and other Vehi­ cles,3,,,,500,4,,,,vehicles,1500,,,,,,,,,,,,,,,,,,,,,,,,,,,,,,,,,,,,,,,,,,,,,,
BRIMFIELD,171,Tanneries,2,,,,4700,10,,,,leather tanned and curried,12225,,,,,,,,,,,,,,,,,,,,,,,,,,,,,,,,,,,,,,,,,,,,,,
BRIMFIELD,171,,,,,,,,14,12,,Boots,19918,400,pairs,shoes,2974,27850,pairs,boots and shoes,,,,other  labor on m.  shoes,,,,,,,,,,,,,,,,,,,,,,,,,,,,,,,,,,,
BRIMFIELD,172,,,,,,,,,,,,,,,,,,,,,,,,,,,,,,,,,,,,,,,,,,,,,,,,,,,,,,,,,,
BRIMFIELD,172,,,,,,,,,25,,Palm-leaf  Hats,2475,,,,,,,,,,,,,,,,,,,,,,,,,,,,,,,,,,,,,,,,,,,,,,
BRIMFIELD,172,,,,,,,3,,,,Bricks,604,151000,,,,,,,,,,,,,,,,,,,,,,,,,,,,,,,,,,,,,,,,,,,,,
BRIMFIELD,172,,,,,,,4,,,,Lumber  prepared,1266,91660,feet,shingles,782,25000,,,,,,,,,,,,,,,,,,,,,,,,,,,,,,,,,,,,,,,,,
BRIMFIELD,172,,,,,,,,,,,rail-road sleepers prepared,390,3260,,,,,,,,,,,,,,,,,,,,,,,,,,,,,,,,,,,,,,,,,,,,,
BRIMFIELD,172,,,,,,,3,,,,Fire Wood prepared·,2128,1064,cords,,,,,,,,,,,,,,,,,,,,,,,,,,,,,,,,,,,,,,,,,,,,
BRIMFIELD,172,,,,,,,2,,,,charcoal,450,7500,bush,,,,,,,,,,,,,,,,,,,,,,,,,,,,,,,,,,,,,,,,,,,,
BRIMFIELD,172,,,,,,,,,,,bark prepared,375,75,cords,,,,,,,,,,,,,,,,,,,,,,,,,,,,,,,,,,,,,,,,,,,,
BRIMFIELD,172,,,,,,,,,,,Sheep total see species,1768,,,,,,,Saxony Sheep,,65,head,Saxony wool produced  lbs.,,175,lbs,other wool  lbs.,,3592,lbs,,,,,,,,,,,,,,,,,,,,,,,,,,,,
BRIMFIELD,172,,,,,,,,,,,Horses,8738,178,head,neat  cattle,32058,1777,head,swine,8116,694,head,,,,,,,,,,,,,,,,,,,,,,,,,,,,,,,,,,,,
BRIMFIELD,172,,,,,,12067,,,,,Indian Corn or Maize raised,9050,12067,bush,wheat,208,179,bush,rye,1398,1747,bush,barley,93,185,bush,oats,4474,13159,bush,potatoes -,9516,31720,bush,other esculent vegetables,345,1200,bush,hay :,22666,3238,tons,beans,600,300,bush,,,,,,,,,,,,
BRIMFIELD,172,,,,,,,,,,,Fruit raised,2455,16964,bush,,,,,,,,,,,,,,,,,,,,,,,,,,,,,,,,,,,,,,,,,,,,
BRIMFIELD,172,,,,,,,,,,,Raw Silk,16,4,lbs,,,,,,,,,,,,,,,,,,,,,,,,,,,,,,,,,,,,,,,,,,,,
BRIMFIELD,172,,,,,,,,,,,Butter,4254,30385,lbs,cheese,5729,104165,lbs,,,,,,,,,,,,,,,,,,,,,,,,,,,,,,,,,,,,,,,,
BRIMFIELD,172,Aqueduct and Copper Pump Manufactories,1,,,,500,,,,,pumps,2000,,,,,,,,,,,,,,,,,,,,,,,,,,,,,,,,,,,,,,,,,,,,,,
BRIMFIELD,172,,,,,,,4,,,,Blacksmiths' labor done,1500,,,,,,,,,,,,,,,,,,,,,,,,,,,,,,,,,,,,,,,,,,,,,,
BRIMFIELD,172,Grist Mills,1,,,,,,,,,grain ground,,15000,bush,,,,,,,,,,,,,,,,,,,,,,,,,,,,,,,,,,,,,,,,,,,,
BRIMFIELD,172,Saw Mills .,7,,,,,,,,,Saw Mills .,,,,,,,,,,,,,,,,,,,,,,,,,,,,,,,,,,,,,,,,,,,,,,,
BRIMFIELD,172,,,,,,,,,,,Vinegar,250,100,bbls,,,,,,,,,,,,,,,,,,,,,,,,,,,,,,,,,,,,,,,,,,,,
BRIMFIELD,172,Cider Mills .,2,,,,2,,,,,Cider Mills .,,,,,,,,,,,,,,,,,,,,,,,,,,,,,,,,,,,,,,,,,,,,,,,
BRIMFIELD,172,,,,,,,,,,,Brandy,,75,bbls,,,,,,,,,,,,,,,,,,,,,,,,,,,,,,,,,,,,,,,,,,,,
CHESTER,172,,,,,,,,,,,,,,,,,,,,,,,,,,,,,,,,,,,,,,,,,,,,,,,,,,,,,,,,,,
CHESTER,172,Cotton Mills,1,,,,10000,,10,,,cotton consumed,13500,58000,lbs,cotton cloth,,180000,yds,,,,,,,,,,,,,,,,,,,,,,,,,,,,,,,,,,,,,,,,
CHESTER,173,,,,,,,,,,,,,,,,,,,,,,,,,,,,,,,,,,,,,,,,,,,,,,,,,,,,,,,,,,
CHESTER,173,Chair and Cabinet Ware Manufactories,1,,,,150,1,,,,Chair and Cabinet Ware,600,,,,,,,,,,,,,,,,,,,,,,,,,,,,,,,,,,,,,,,,,,,,,,
CHESTER,173,Tanneries,3,,,,18000,13,,,,hides tanned,34500,7750,,leather tanned and curried,,,,,,,,,,,,,,,,,,,,,,,,,,,,,,,,,,,,,,,,,,,
CHESTER,173,,,,,,,,3,,,Boots,600,200,pairs,shoes,,250,pairs,boots and shoes,,,,,,,,,,,,,,,,,,,,,,,,,,,,,,,,,,,,,,,
CHESTER,173,,,,,,,5,,,,Mechanics' Tools,4000,,,,,,,,,,,,,,,,,,,,,,,,,,,,,,,,,,,,,,,,,,,,,,
CHESTER,173,,,,,,,18,,,,.  Wooden  Ware  incuding  Farming  Utensils,7700,,,,,,,,,,,,,,,,,,,,,,,,,,,,,,,,,,,,,,,,,,,,,,
CHESTER,173,,,,,,,16,,,,Lumber prepared,8838,1473000,feet,,,,,,,,,,,,,,,,,,,,,,,,,,,,,,,,,,,,,,,,,,,,
CHESTER,173,,,,,,,9,,,,Fire Wood prepared,3000,1700,cords,,,,,,,,,,,,,,,,,,,,,,,,,,,,,,,,,,,,,,,,,,,,
CHESTER,173,,,,,,,,,,,Sperm Oil consumed in manufacturing,144,144,galls,other kinds  oil,12,12,galls,,,,,,,,,,,,,,,,,,,,,,,,,,,,,,,,,,,,,,,,
CHESTER,173,,,,,,,,,,,Sheep total see species,36,,,Wool total see species,4772,,,Merino  Sheep,,3547,head,other  sheep,,64,head,merino  wool  lbs.,,11929,lbs,other wool  lbs.,,212,lbs,,,,,,,,,,,,,,,,,,,,,,,,
CHESTER,173,,,,,,,,,,,Horses,5775,142,head,neat cattle,20300,1150,head,swine,1325,221,head,,,,,,,,,,,,,,,,,,,,,,,,,,,,,,,,,,,,
CHESTER,173,,,,,,4524,,,,,Indian Corn or Maize raised,3017,4524,bush,wheat,163,163,bush,rye,278,416,bush,barley,20,40,bush,oats,1275,3821,bush,potato's,3107,12428,bush,other Esculent vegetables,210,690,bush,hay,19215,2745,tons,,,,,,,,,,,,,,,,
CHESTER,173,,,,,,,,,,,Fruit raised,1700,22000,bnsh,,,,,,,,,,,,,,,,,,,,,,,,,,,,,,,,,,,,,,,,,,,,
CHESTER,173,,,,,,,,,,,Butter,3830,30600,lbs,cheese,1075,21500,lbs,,40,,,,,,,,,,,,,,,,,,,,,,,,,,,,,,,,,,,,,,
CHESTER,173,,,,,,,,,,,Shoe Pegs,,1625,bush,,,,,,,,,,,,,,,,,,,,,,,,,,,,,,,,,,,,,,,,,,,,
GRANVILLE,173,,,,,,,,,,,,,,,,,,,,,,,,,,,,,,,,,,,,,,,,,,,,,,,,,,,,,,,,,,
GRANVILLE,173,Establishments   Chronometers Wa tches Gold and Silver Ware  and  Jewelry,1,,,,1000,3,,,,Chronometers Wa tches Gold and Silver Ware  and  Jewelry,1000,,,,,,,,,,,,,,,,,,,,,,,,,,,,,,,,,,,,,,,,,,,,,,
GRANVILLE,173,Tanneries,1,,,,,,,,,hides tanned,787,8,,leather tanned and curried,,1443,,U. $,,,,,,,,,,,,,,,,,,,,,,,,,,,,,,,,,,,,,,,
GRANVILLE,173,,,,,,,,,,,Fire Wood prepared,125,100,cords,,,,,,,,,,,,,,,,,,,,,,,,,,,,,,,,,,,,,,,,,,,,
GRANVILLE,174,,,,,,,,,,,,,,,,,,,,,,,,,,,,,,,,,,,,,,,,,,,,,,,,,,,,,,,,,,
GRANVILLE,174,,,,,,,,,,,Sheep total,1847,1847,head,wool  produced,1847,4541,lbs,,,,,,,,,,,,,,,,,,,,,,,,,,,,,,,,,,,,,,,,
GRANVILLE,174,,,,,,,,,,,Asses and Mules,390,13,head,horses,8039,188,head,horses,26071,188,,neat cattle,2130,1957,head,swine,,617,head,,,,,,,,,,,,,,,,,,,,,,,,,,,,
GRANVILLE,174,,,,,,5491,,,,,Indian Corn or Maize raised,2795,5491,bush,wheat,10,8,bush,rye,562,2249,bush,oats,3477,13909,bush,buckwheat raised,1283,308,lbs,pota­ toes,406,9145,bush,other esculent vegetables,20265,2032,bush,hay,8,2895,tons,flax raised,,65,lbs,,,,,,,,,,,,
GRANVILLE,174,,,,,,,,,,,Fruit raised,1469,5171,bush,,,,,,,,,,,,,,,,,,,,,,,,,,,,,,,,,,,,,,,,,,,,
GRANVILLE,174,,,,,,,,,,,Butter,5000,40000,lbs,cheese,3420,76000,lbs,0,67,405,lbs,honey,10,32,lbs,beeswax,,,,,,,,,,,,,,,,,,,,,,,,,,,,,,,
GRANVILLE,174,,,,,,,,,,,Powder  Kegs,2500,20000,,barrels,250,250,,,,,,,,,,,,,,,,,,,,,,,,,,,,,,,,,,,,,,,,,
GRANVILLE,174,,,,,,,,,,,Maple Sugar,82420,10300,lbs,,120,,,,,,,,,,,,,,,,,,,,,,,,,,,,,,,,,,,,,,,,,,
HOLLAND,174,,,,,,,,,,,,,,,,,,,,,,,,,,,,,,,,,,,,,,,,,,,,,,,,,,,,,,,,,,
HOLLAND,174,Establishments   Rail-road Cars Coaches Chaises and other  Vehicles,1,,,,100,2,,,,vehicles,200,,,,,,,,,,,,,,,,,,,,,,,,,,,,,,,,,,,,,,,,,,,,,,
HOLLAND,174,,,,,,,,,,,Palm-leaf Hats,200,1000,,,,,,,,,,,,,,,,,,,,,,,,,,,,,,,,,,,,,,,,,,,,,
HOLLAND,174,,,,,,,3,,,,Bricks,380,95000,,,,,,,,,,,,,,,,,,,,,,,,,,,,,,,,,,,,,,,,,,,,,
HOLLAND,174,,,,,,,,,,,Lumber prepared,78,51000,feet,,,,,,,,,,,,,,,,,,,,,,,,,,,,,,,,,,,,,,,,,,,,
HOLLAND,174,,,,,,,,,,,Fire Wood prepared,82,85,cords,,,,,,,,,,,,,,,,,,,,,,,,,,,,,,,,,,,,,,,,,,,,
HOLLAND,174,,,,,,,,,,,Sheep total see species,640,,,Wool total see species,595,,,Saxony Sheep,,100,head,merino,,200,head,other sheep,,404,head,Saxony wool produced  lbs.,,225,lbs,merino  lbs.,,450,lbs,other wool  lbs.,,890,lbs,,,,,,,,,,,,,,,,
HOLLAND,174,,,,,,,,,,,Horses,1340,58,head,neat cattle,4587,322,head,swine,320,81,head,,,,,,,,,,,,,,,,,,,,,,,,,,,,,,,,,,,,
HOLLAND,174,,,,,,2129,,,,,Indian Corn or Maize raised,1384,2129,bush,wheat,9,6,bush,rye,305,407,bush,barley,2,4,bush,oats,697,2111,bush,potatoes,1895,51741,bush,other  esculent  vegetables,289,479,bush,bay,3346,561,tons,,,,,,,,,,,,,,,,
HOLLAND,175,,,,,,,,,,,,,,,,,,,,,,,,,,,,,,,,,,,,,,,,,,,,,,,,,,,,,,,,,,
HOLLAND,175,,,,,,,,,,,Fruit  raised,288,5231,bush,,,,,,,,,,,,,,,,,,,,,,,,,,,,,,,,,,,,,,,,,,,,
HOLLAND,175,,,,,,,,,,,raw silk  oz.,2,6,,,,,,,,,,,,,,,,,,,,,,,,,,,,,,,,,,,,,,,,,,,,,
HOLLAND,175,,,,,,,,,,,Butter,892,5945,lbs,cheese,608,12338,lbs,,,,,,,,,,,,,,,,,,,,,,,,,,,,,,,,,,,,,,,,
LONGMEADOW,175,,,,,,,,,,,,,,,,,,,,,,,,,,,,,,,,,,,,,,,,,,,,,,,,,,,,,,,,,,
LONGMEADOW,175,Establishments   Chronometers Watches Gold and Silver Ware and Jewelry,3,,,,3900,11,,,,Chronometers Watches Gold and Silver Ware and Jewelry,15005,,,,,,,,,,,,,,,,,,,,,,,,,,,,,,,,,,,,,,,,,,,,,,
LONGMEADOW,175,Establishments   Rail-road Oars Coaches Chaises and other Vehicles,2,,,,600,4,,,,vehicles,1183,,,,,,,,,,,,,,,,,,,,,,,,,,,,,,,,,,,,,,,,,,,,,,
LONGMEADOW,175,Tanneries,3,,,,2645,5,,,,hides tan ned,5722,6128,,leather tanned and curried,,,,,,,,,,,,,,,,,,,,,,,,,,,,,,,,,,,,,,,,,,,
LONGMEADOW,175,,,,,,,,3,,,Boots,510,79,pairs,shoes,,229,pairs,boots and shoes,,,,,,,,,,,,,,,,,,,,,,,,,,,,,,,,,,,,,,,
LONGMEADOW,175,,,,,,,17,,,,Bricks,7596,1688000,,,,,,,,,,,,,,,,,,,,,,,,,,,,,,,,,,,,,,,,,,,,,
LONGMEADOW,175,,,,,,,15,,,,Bnilding Stone quarried,4800,,,,,,,,,,,,,,,,,,,,,,,,,,,,,,,,,,,,,,,,,,,,,,
LONGMEADOW,175,,,,,,4100,2,,,,Corn and other Brooms,651,4100,,,,,,,,,,,,,,,,,,,,,,,,,,,,,,,,,,,,,,,,,,,,,
LONGMEADOW,175,,,,,,,2,,,,Lumber prepared,5800,550000,feet,,,,,,,,,,,,,,,,,,,,,,,,,,,,,,,,,,,,,,,,,,,,
LONGMEADOW,175,,,,,,,3,,,,Fire Wood prepared,3146,1148,cords,,,,,,,,,,,,,,,,,,,,,,,,,,,,,,,,,,,,,,,,,,,,
LONGMEADOW,175,,,,,,,1,,,,other,150,,,,,,,,,,,,,,,,,,,,,,,,,,,,,,,,,,,,,,,,,,,,,,
LONGMEADOW,175,,,,,,,,,,,Sheep total,708,472,head,wool  produced,385,1282,lbs,,,,,,,,,,,,,,,,,,,,,,,,,,,,,,,,,,,,,,,,
LONGMEADOW,175,,,,,,,,,,,Horses,12195,233,head,neat  cattle,20918,1027,head,swine,4330,433,head,,,,,,,,,,,,,,,,,,,,,,,,,,,,,,,,,,,,
LONGMEADOW,175,,,,,,16137,,,,,Ind ian Corn or Maize  raised,10086,16137,bush,wheat,273,273,bush,rye,3703,5433,bush,oats,2546,8485,bush,potatoes,4030,16120,bush,,17101,2327,tons,,,,,,,,,,,,,,,,,,,,,,,,
LONGMEADOW,175,,,,,,,,,,,Fruit raised,1084,11305,bush,tobacco,1941,22210,lbs,,,,,,,,,,,,,,,,,,,,,,,,,,,,,,,,,,,,,,,,
LONGMEADOW,175,,,,,,,,,,,Butter,7910,56500,lbs,cheese,332,5540,lbs,honey,39,310,lbs,,,,,,,,,,,,,,,,,,,,,,,,,,,,,,,,,,,,
LONGMEADOW,175,,,,,,,,,,,Vinegar,125,50,bbls,,,,,,,,,,,,,,,,,,,,,,,,,,,,,,,,,,,,,,,,,,,,
LONGMEADOW,176,,,,,,,,,,,,,,,,,,,,,,,,,,,,,,,,,,,,,,,,,,,,,,,,,,,,,,,,,,
LUDLOW,176,,,,,,,,,,,,,,,,,,,,,,,,,,,,,,,,,,,,,,,,,,,,,,,,,,,,,,,,,,
LUDLOW,176,Cotton Mills,1,,,,96000,,60,175,,cotton consumed,106914,504799,lbs,cloth,398,1787903,yds,batting,,7951,lbs,,,,,,,,,,,,,,,,,,,,,,,,,,,,,,,,,,,,
LUDLOW,176,Woollen Mills,1,,,,1800,,4,3,,satinet,6000,12000,yds,,,,,,,,,,,,,,,,,,,,,,,,,,,,,,,,,,,,,,,,,,,,
LUDLOW,176,Plough Manufactories,1,,,,200,3,,,,ploughs and other agricuhural tools,700,150,,,,,,,,,,,,,,,,,,,,,,,,,,,,,,,,,,,,,,,,,,,,,
LUDLOW,176,Siddle Harness and Trun k Manufactories,2,,,,300,2,,,,Siddle Harness and Trun k,1000,,,,,,,,,,,,,,,,,,,,,,,,,,,,,,,,,,,,,,,,,,,,,,
LUDLOW,176,,,,,,,,2,,,Boots,500,100,pairs,shoes,,200,pairs,boots  and shoes,,,,,,,,,,,,,,,,,,,,,,,,,,,,,,,,,,,,,,,
LUDLOW,176,,,,,,,,,29,,Palm-leaf Hats,1961,8518,,,,,,,,,,,,,,,,,,,,,,,,,,,,,,,,,,,,,,,,,,,,,
LUDLOW,176,,,,,,,1,,,,Building Stone quarried aud prepared,100,,,,,,,,,,,,,,,,,,,,,,,,,,,,,,,,,,,,,,,,,,,,,,
LUDLOW,176,,,,,,2561,1,,,,Corn and other Brooms,334,2561,,,,,,,,,,,,,,,,,,,,,,,,,,,,,,,,,,,,,,,,,,,,,
LUDLOW,176,,,,,,,7,,,,Lumber prepa red,973,89300,feet,,,,,,,,,,,,,,,,,,,,,,,,,,,,,,,,,,,,,,,,,,,,
LUDLOW,176,,,,,,,51,,,,Fire Wood prepared,9628,3646,cords,,,,,,,,,,,,,,,,,,,,,,,,,,,,,,,,,,,,,,,,,,,,
LUDLOW,176,,,,,,,,,,,Sheep total,1550,826,head,Wool total,699,2017,lbs,,,,,,,,,,,,,,,,,,,,,,,,,,,,,,,,,,,,,,,,
LUDLOW,176,,,,,,,,,,,Horses,11206,216,head,neat cattle,16619,702,head,swine,3911,272,head,,,,,,,,,,,,,,,,,,,,,,,,,,,,,,,,,,,,
LUDLOW,176,,,,,,9414,,,,,Indian Corn or Maize raised,6500,9414,bush,wheat,583,981,bush,rye,4142,5992,bush,oats,1970,6908,bush,potatoes,4062,14512,bush,other esculent vegetables ',1187,1927,bush,hay,12877,1802,tons,fl.ax,16,80,lbs,,,,,,,,,,,,,,,,
LUDLOW,176,,,,,,,,,,,Fruit raised,1134,6904,bush,hops,13,100,lbs,,25,,,,,,,,,,,,,,,,,,,,,,,,,,,,,,,,,,,,,,
LUDLOW,176,,,,,,,,,,,Butter,4504,29965,lbs,cheese,773,10915,lbs,honey,227,1398,lbs,beeswax,10,23,lbs,,,,,,,,,,,,,,,,,,,,,,,,,,,,,,,,
LUDLOW,176,Reed Manufactories,1,,,,1500,3,,,,reeds,2500,3000,,,,,,,,,,,,,,,,,,,,,,,,,,,,,,,,,,,,,,,,,,,,,
LUDLOW,177,,,,,,,,,,,,,,,,,,,,,,,,,,,,,,,,,,,,,,,,,,,,,,,,,,,,,,,,,,
MONSON,177,,,,,,,,,,,,,,,,,,,,,,,,,,,,,,,,,,,,,,,,,,,,,,,,,,,,,,,,,,
MONSON,177,Cotton Mills,2,,,,28000,,47,47,,spindles,15700,3614,lbs,cotton consumed,,222000,yds,brown sheetings,,667000,,,,,,,,,,,,,,,,,,,,,,,,,,,,,,,,,,,,,
MONSON,177,Woollen Mills,3,,,,30000,,43,,,satinet,130000,240000,yds,F. B.,,39,,,,,,,,,,,,,,,,,,,,,,,,,,,,,,,,,,,,,,,,,
MONSON,177,Establish ments   Cotton WooJJen and other Ma­ chinery,2,,,,500,3,,,,Establish ments   Cotton WooJJen and other Ma­ chinery,111500,,,,,,,,,,,,,,,,,,,,,,,,,,,,,,,,,,,,,,,,,,,,,,
MONSON,177,Axe  Man n factorics  :,1,,,,100,1,,,,axes hatchets and  other  edge tools,500,500,,,,,,,,,,,,,,,,,,,,,,,,,,,,,,,,,,,,,,,,,,,,,
MONSON,177,Plough Man nfactories,1,,,,100,1,,,,ploughs and  other  agricultural tools,140,20,,,,,,,,,,,,,,,,,,,,,,,,,,,,,,,,,,,,,,,,,,,,,
MONSON,177,Establishments   Chronometers Watches Gold and Silver  Ware  and  Jewelry,1,,,,500,5,,,,Chronometers Watches Gold and Silver  Ware  and  Jewelry,4,,,,,,,,,,,,,,,,,,,,,,,,,,,,,,,,,,,,,,,,,,,,,,
MONSON,177,Saddle Harness and Trunk Manufactories,1,,,,200,1,,,,Saddle Harness and Trunk,550,,,,,,,,,,,,,,,,,,,,,,,,,,,,,,,,,,,,,,,,,,,,,,
MONSON,177,Chair and Cabinet Ware  Manufactories,1,,,,225,1,,,,Chair and Cabinet Ware,600,,,,,,,,,,,,,,,,,,,,,,,,,,,,,,,,,,,,,,,,,,,,,,
MONSON,177,Tin  Ware  Man ufactories,1,,,,500,2,,,,ware,1000,,,,,,,,,,,,,,,,,,,,,,,,,,,,,,,,,,,,,,,,,,,,,,
MONSON,177,Tanneries,1,,,,2500,3,,,,leather tanned and curried,4000,75,cords,bark  consumed,400,,,,,,,,,,,,,,,,,,,,,,,,,,,,,,,,,,,,,,,,,,
MONSON,177,,,,,,,,,,,Boots,1400,200,pairs,shoes,,700,pairs,boots and shoes,,4,,M. B.,,,,,,,,,,,,,,,,,,,,,,,,,,,,,,,,,,,
MONSON,177,,,,,,,,,100,,Palm-leaf  Hats,6250,45000,,,,,,,,,,,,,,,,,,,,,,,,,,,,,,,,,,,,,,,,,,,,,
MONSON,177,,,,,,,10,,,,Building Stone quarried and prepa red,4000,,,,,,,,,,,,,,,,,,,,,,,,,,,,,,,,,,,,,,,,,,,,,,
MONSON,177,,,,,,,,,,,Lumber prepared,1465,142100,feet,B.,,142,,,,,,,,,,,,,,,,,,,,,,,,,,,,,,,,,,,,,,,,,
MONSON,177,,,,,,,100,,,,Fire Wood  prepared,3,2041,cords,,,,,,,,,,,,,,,,,,,,,,,,,,,,,,,,,,,,,,,,,,,,
MONSON,177,,,,,,50000,10,,,,Charcoal prepared,3000,50000,bush,,,,,,,,,,,,,,,,,,,,,,,,,,,,,,,,,,,,,,,,,,,,
MONSON,177,,,,,,,,,,,Sperm  Oil   consumed   i n   man ufact u ri ng     galls,1370,14001,galls,other oil:,1880,2700,galls,other    American prod uction except ing cotton wool and iron con­ sumed in manufactu ring,1797,,,other   foreign production  excepting as above consumed,9546,,,,,,,,,,,,,,,,,,,,,,,,,,,,,,,,,,
MONSON,178,,,,,,,,,,,,,,,,,,,,,,,,,,,,,,,,,,,,,,,,,,,,,,,,,,,,,,,,,,
MONSON,178,,,,,,,,,,,Sheep total see species,5510,,,Wool total see species,2695,,,Merino Sheep,,703,head,other sheep,,1869,head,merino wool produced  lbs.,,2100,lbs,other wool  lbs.,,5600,lbs,,,,,,,,,,,,,,,,,,,,,,,,
MONSON,178,,,,,,,,,,,Horses,6270,233,head,neat cattle,33938,1791,head,swine,2077,369,head,,,,,,,,,,,,,,,,,,,,,,,,,,,,,,,,,,,,
MONSON,178,,,,,,10075,,,,,Indian Corn or Maize raised,7554,10075,bush,rye,1650,2200,bush,oats,3129,9386,bush,pota­ toes,8227,32909,bush,hay,28460,3475,tons,,,,,,,,,,,,,,,,,,,,,,,,,,,,
MONSON,178,,,,,,,,,,,Fruit raised,2248,21810,bush,,,,,,,,,,,,,,,,,,,,,,,,,,,,,,,,,,,,,,,,,,,,
MONSON,178,,,,,,,,,,,Butter,6150,48855,lbs,cheese,1986,39405,lbs,,,,,,,,,,,,,,,,,,,,,,,,,,,,,,,,,,,,,,,,
MONTGOMERY,178,,,,,,,,,,,,,,,,,,,,,,,,,,,,,,,,,,,,,,,,,,,,,,,,,,,,,,,,,,
MONTGOMERY,178,,,,,,,,,,,Lumber prepared,503,62200,feet,,,,,,,,,,,,,,,,,,,,,,,,,,,,,,,,,,,,,,,,,,,,
MONTGOMERY,178,,,,,,,,,,,Rail-road sleepers,230,1500,,,,,,,,,,,,,,,,,,,,,,,,,,,,,,,,,,,,,,,,,,,,,
MONTGOMERY,178,,,,,,,,,,,Fire Wood  prepared,609,487,cords,,,,,,,,,,,,,,,,,,,,,,,,,,,,,,,,,,,,,,,,,,,,
MONTGOMERY,178,,,,,,,,,,,charcoal,457,10150,bush,,,,,,,,,,,,,,,,,,,,,,,,,,,,,,,,,,,,,,,,,,,,
MONTGOMERY,178,,,,,,,,,,,bark,109,49,cords,,,,,,,,,,,,,,,,,,,,,,,,,,,,,,,,,,,,,,,,,,,,
MONTGOMERY,178,,,,,,,,,,,Sheep total see species,2746,,,Wool total see species,1188,,,Merino Sheep,,784,head,other  sheep,,634,head,merino wool  lbs.,,1740,lbs,other wool  lbs.,,1641,lbs,,,,,,,,,,,,,,,,,,,,,,,,
MONTGOMERY,178,,,,,,,,,,,Horses,2660,60,head,neat cattle,7400,414,head,swine,645,112,head,,,,,,,,,,,,,,,,,,,,,,,,,,,,,,,,,,,,
MONTGOMERY,178,,,,,,2897,,,,,Indian Corn or Maize raised,1883,2897,bush,wheat,9,9,bush,rye,832,1109,bush,oats,1140,3420,bush,potatoes,1042,4169,bush,other esculent vegetables,85,221,bush,hay,7287,1041,tons,beans,13,10,bush,buckwheat,128,256,bush,clover seed,1464,244,bush,,,,,,,,
MONTGOMERY,178,,,,,,,,,,,Fruit raised,920,9296,bush,,,,,,,,,,,,,,,,,,,,,,,,,,,,,,,,,,,,,,,,,,,,
MONTGOMERY,178,,,,,,,,,,,Butter,1548,12392,lbs,cheese,200,4005,lbs,honey,32,255,lbs,beeswax,6,22,lbs,,,,,,,,,,,,,,,,,,,,,,,,,,,,,,,,
MONTGOMERY,179,,,,,,,,,,,,,,,,,,,,,,,,,,,,,,,,,,,,,,,,,,,,,,,,,,,,,,,,,,
PALMER,179,,,,,,,,,,,,,,,,,,,,,,,,,,,,,,,,,,,,,,,,,,,,,,,,,,,,,,,,,,
PALMER,179,Cotton Mills,2,,,,360000,,225,255,,cotton consumed,211538,470000,lbs,printing and  bleaching  goods,,2840939,yds,,,,,,,,,,,,,,,,,,,,,,,,,,,,,,,,,,,,,,,,
PALMER,179,Woollen Mills,1,,,,25000,,,13,,wool consumed,32000,55000,lbs,satinet in'd,,59000,yds,,,,,,,,,,,,,,,,,,,,,,,,,,,,,,,,,,,,,,,,
PALMER,179,Furnaces   Hollow Ware and Castings other than Pig Iron,1,,,,5000,10,,,,hollow ware and castings,10000,150,,,,,,,,,,,,,,,,,,,,,,,,,,,,,,,,,,,,,,,,,,,,,
PALMER,179,Establish ments   Cotton Woollen and other Machin­ ery,1,,,,1000,4,,,,machinery,2000,,,,,,,,,,,,,,,,,,,,,,,,,,,,,,,,,,,,,,,,,,,,,,
PALMER,179,Scythe Manufactories,1,,,,3000,15,,,,scythes,9000,14000,,,,,,,,,,,,,,,,,,,,,,,,,,,,,,,,,,,,,,,,,,,,,
PALMER,179,Saddle Harness.and Trunk Manufactories:,2,,,,300,3,,,,Saddle Harness.and Trunk,1000,,,,,,,,,,,,,,,,,,,,,,,,,,,,,,,,,,,,,,,,,,,,,,
PALMER,179,Establishments   Rail-road Cars Coaches and other Vehicles,4,,,,4500,16,,,,vehicles,6260,,,,,,,,,,,,,,,,,,,,,,,,,,,,,,,,,,,,,,,,,,,,,,
PALMER,179,Soap and Tallow Candle Manufactories,1,,,,1,1,,,,st soap,350,175,bbls,,,,,,,,,,,,,,,,,,,,,,,,,,,,,,,,,,,,,,,,,,,,
PALMER,179,Chair and Cabinet Ware Manufactories,2,,,,51,2,,,,Chair and Cabinet Ware,1000,,,,,,,,,,,,,,,,,,,,,,,,,,,,,,,,,,,,,,,,,,,,,,
PALMER,179,Tin Ware  Manufactories,1,,,,800,2,,,,ware,2000,,,,,,,,,,,,,,,,,,,,,,,,,,,,,,,,,,,,,,,,,,,,,,
PALMER,179,,,,,,,,6,1,,Boots,2200,500,pairs,shoes ·,,750,pairs,boots and shoes,,,,,,,,,,,,,,,,,,,,,,,,,,,,,,,,,,,,,,,
PALMER,179,,,,,,,,,75,,Palm-leaf Hats,1960,14000,,,,,,,,,,,,,,,,,,,,,,,,,,,,,,,,,,,,,,,,,,,,,
PALMER,179,,,,,,,2,,,,,150000700,,,,,,,,,,,,,,,,,,,,,,,,,,,,,,,,,,,,,,,,,,,,,,
PALMER,179,,,,,,,5,,,,Lumber prepared,900,80000,feet,,,,,,,,,,,,,,,,,,,,,,,,,,,,,,,,,,,,,,,,,,,,
PALMER,179,,,,,,,5,,,,Fire Wood prepared,4362,2136,cords,,,,,,,,,,,,,,,,,,,,,,,,,,,,,,,,,,,,,,,,,,,,
PALMER,179,,,,,,500,2,,,,Reeds,800,,,,,,,,,,,,,,,,,,,,,,,,,,,,,,,,,,,,,,,,,,,,,,
PALMER,179,,,,,,,,,,,Sperm  Oil  consumed  in  manufacturing,3495,3650,galls,whale oil,1008,1250,galls,other oil,840,1400,galls,anthracite coal consumd in manufactu ring,1000,100,tons,other   American produc­ tion excepting cotton wool and iron consumed in manufacturing,11000,,,other   foreign production except­ ing as above consumed,400,,,,,,,,,,,,,,,,,,,,,,,,,,
PALMER,180,,,,,,,,,,,,,,,,,,,,,,,,,,,,,,,,,,,,,,,,,,,,,,,,,,,,,,,,,,
PALMER,180,,,,,,,,,,,,3474,,,,1982,,,Merino  Sheep,,2377,head,merino  wool  produced  lbs.,,5996,lbs,,,,,,,,,,,,,,,,,,,,,,,,,,,,,,,,
PALMER,180,,,,,,,,,,,Horses,10920,230,head,neat cattle,18877,993,head,swine,1812,302,head,,,,,,,,,,,,,,,,,,,,,,,,,,,,,,,,,,,,
PALMER,180,,,,,,10930,,,,,India n Corn or  Maize raised,6831,10930,bush,wheat,35,35,bush,rye G,2708,402,bush,oats G,3228,1072,bush,potatoes,4752,19010,bush,other esculent vegetables,1506,3380,bush,buck wheat,525,1050,bush,hay,17216,2152,tons,,,,,,,,,,,,,,,,
PALMER,180,,,,,,,,,,,Fruit raised,832,6662,bush,,,,,,,,,,,,,,,,,,,,,,,,,,,,,,,,,,,,,,,,,,,,
PALMER,180,,,,,,,,,,,Butter,3136,25090,lbs,cheese,1488,23800,lbs,honey,39,311,lbs,,,,,,,,,,,,,,,,,,,,,,,,,,,,,,,,,,,,
RUSSELL,180,,,,,,,,,,,,,,,,,,,,,,,,,,,,,,,,,,,,,,,,,,,,,,,,,,,,,,,,,,
RUSSELL,180,Cotton Mills,1,,,,1,,1,4,,spindles,788,160,lbs,cotton consumed,,8000,,cotton twine,,,,,,,,,,,,,,,,,,,,,,,,,,,,,,,,,,,,,,,
RUSSELL,180,,,,,,,6,,,,Lumber prepared,2950,570000,feet,,,,,,,,,,,,,,,,,,,,,,,,,,,,,,,,,,,,,,,,,,,,
RUSSELL,180,,,,,,,,,,,Fire Wood prepared,584,840,cords,,,,,,,,,,,,,,,,,,,,,,,,,,,,,,,,,,,,,,,,,,,,
RUSSELL,180,,,,,,,,,,,,748,,,,374,,,Merino  Sheep,,499,head,merino wool  lbs.,,1247,lbs,,,,,,,,,,,,,,,,,,,,,,,,,,,,,,,,
RUSSELL,180,,,,,,,,,,,Horses,1477,47,head,neat cattle,6541,435,head,swine,375,75,head,,,,,,,,,,,,,,,,,,,,,,,,,,,,,,,,,,,,
RUSSELL,180,,,,,,902,,,,,Indian Corn or Maize raised ],1103,902,bush,wheat,19,13,bush,rye,405,472,bush,oats,675,1621,bush,potatoes,6125,3375,bush,hay,6,875,tons,,,,,,,,,,,,,,,,,,,,,,,,
RUSSELL,180,,,,,,,,,,,Fruit raised,326,1629,bush,,,,,,,,,,,,,,,,,,,,,,,,,,,,,,,,,,,,,,,,,,,,
RUSSELL,181,,,,,,,,,,,,,,,,,,,,,,,,,,,,,,,,,,,,,,,,,,,,,,,,,,,,,,,,,,
SOUTHWICK,181,,,,,,,,,,,,,,,,,,,,,,,,,,,,,,,,,,,,,,,,,,,,,,,,,,,,,,,,,,
SOUTHWICK,181,Powder Mills,1,,,,2000,2,,,,powder,6250,2500,,,,,,,,,,,,,,,,,,,,,,,,,,,,,,,,,,,,,,,,,,,,,
SOUTHWICK,181,Tanneries,1,,,,200,2,,,,leather tanned and curried,1000,,,,,,,,,,,,,,,,,,,,,,,,,,,,,,,,,,,,,,,,,,,,,,
SOUTHWICK,181,,,,,,,,1,,,Boots,500,100,pairs,shoes,,300,pairs,boots and shoes,,,,,,,,,,,,,,,,,,,,,,,,,,,,,,,,,,,,,,,
SOUTHWICK,181,,,,,,3458,30,,,,Snuff Tobacco and Cigars,3458,,,,,,,,,,,,,,,,,,,,,,,,,,,,,,,,,,,,,,,,,,,,,,
SOUTHWICK,181,,,,,,,1,,,,Whips,175,,,,,,,,,,,,,,,,,,,,,,,,,,,,,,,,,,,,,,,,,,,,,,
SOUTHWICK,181,,,,,,,,,,,Lumber prepared,145,14500,feet,,,,,,,,,,,,,,,,,,,,,,,,,,,,,,,,,,,,,,,,,,,,
SOUTHWICK,181,,,,,,,,,,,Fire Wood prepa red,1343,625,cords,,,,,,,,,,,,,,,,,,,,,,,,,,,,,,,,,,,,,,,,,,,,
SOUTHWICK,181,,,,,,,,,,,Sheep total,1572,1572,head,wool  produced,1578,4729,lbs,,,,,,,,,,,,,,,,,,,,,,,,,,,,,,,,,,,,,,,,
SOUTHWICK,181,,,,,,,,,,,Horses,7340,151,head,neat cattle,20362,977,head,swine,1841,275,head,,,,,,,,,,,,,,,,,,,,,,,,,,,,,,,,,,,,
SOUTHWICK,181,,,,,,10215,,,,,Indian Corn or Maize raised,5108,10215,bush,rye,6874,8378,bush,oats,1902,6214,bush,po­ tatoes,9976,11915,bush,other esculent vegetables,332,1705,bush,hay,12332,1748,tons,buck- wheat,3350,8376,bush,,,,,,,,,,,,,,,,,,,,
SOUTHWICK,181,,,,,,,,,,,Fruit raised,2676,44004,bush,tobacco,627,10400,lbs,,,,,,,,,,,,,,,,,,,,,,,,,,,,,,,,,,,,,,,,
SOUTHWICK,181,,,,,,,,,,,Butter,1631,13043,lbs,cheese,370,4165,lbs,honey,2160,18000,lbs,,,,,,,,,,,,,,,,,,,,,,,,,,,,,,,,,,,,
SPRINGFIELD,181,,,,,,,,,,,,,,,,,,,,,,,,,,,,,,,,,,,,,,,,,,,,,,,,,,,,,,,,,,
SPRINGFIELD,181,Cotton Mills,10,,,,2400000,493,,1243,,spindles :,1341774,63172,lbs,cotton consumed -,,6215566,yds,sheetings shirtings d rillings and prin t ing goods  -,,17861351,,,,,,,,,,,,,,,,,,,,,,,,,,,,,,,,,,,,,
SPRINGFIELD,181,Woollen Mills,3,,,,14,29,,21,,satinet,30000,50000,yds,Ken tuck y jeans,55200,192000,yds,,,,,,,,,,,,,,,,,,,,,,,,,,,,,,,,,,,,,,,,
SPRINGFIELD,182,,,,,,,,,,,,,,,,,,,,,,,,,,,,,,,,,,,,,,,,,,,,,,,,,,,,,,,,,,
SPRINGFIELD,182,Furnaces     Hollow Ware  and  Castings other than Pig Iron,4,,,,21000,41,,,,hollow ware  and  castings,61200,1200,tons,,,,,,,,,,,,,,,,,,,,,,,,,,,,,,,,,,,,,,,,,,,,
SPRINGFIELD,182,Establishments   Cotton Woollen  and other Ma­ chinery,2,,,,65000,110,,,,machinery,105000,,,,,,,,,,,,,,,,,,,,,,,,,,,,,,,,,,,,,,,,,,,,,,
SPRINGFIELD,182,Establishments    Cutlery,1,,,,20000,44,,,,Cutlery,40000,,,,,,,,,,,,,,,,,,,,,,,,,,,,,,,,,,,,,,,,,,,,,,
SPRINGFIELD,182,Lock Manufactories,1,,,,500,3,,,,locks,1000,200,,,,,,,,,,,,,,,,,,,,,,,,,,,,,,,,,,,,,,,,,,,,,
SPRINGFIELD,182,Plough  Manufactories,2,,,,300,2,,,,ploughs  and  other  agricultural tools,1150,175,,,,,,,,,,,,,,,,,,,,,,,,,,,,,,,,,,,,,,,,,,,,,
SPRINGFIELD,182,Brass Foundries,2,,,,6000,7,,,,Brass,11500,,,,,,,,,,,,,,,,,,,,,,,,,,,,,,,,,,,,,,,,,,,,,,
SPRINGFIELD,182,Paper Manufactories,2,,,,75000,125,,,,·stock consumed,100000,1000,tons,. paper,,90000,reams,,,,,,,,,,,,,,,,,,,,,,,,,,,,,,,,,,,,,,,,
SPRINGFIELD,182,Brush  Manufactories,1,,,,700,3,,,,brushes,3000,,,,,,,,,,,,,,,,,,,,,,,,,,,,,,,,,,,,,,,,,,,,,,
SPRINGFIELD,182,Saddle Harness and Trunk Manufactories,6,,,,6300,24,,,,Saddle Harness and Trunk,23750,,,,,,,,,,,,,,,,,,,,,,,,,,,,,,,,,,,,,,,,,,,,,,
SPRINGFIELD,182,Upholstery  M:mufactories,1,,,,700,4,,,,Upholstery  M:mufactories,1460,,,,,,,,,,,,,,,,,,,,,,,,,,,,,,,,,,,,,,,,,,,,,,
SPRINGFIELD,182,Hat and ·Cap Man ufactories,8,,,,9150,19,,,,hats and caps,26400,16500,,,,,,,,,,,,,,,,,,,,,,,,,,,,,,,,,,,,,,,,,,,,,
SPRINGFIELD,182,Cordage Manufactories,1,,,,2000,4,,,,cordage,4000,20,tons,,,,,,,,,,,,,,,,,,,,,,,,,,,,,,,,,,,,,,,,,,,,
SPRINGFIELD,182,Card Man ufactories,1,,,,10000,6,,,,cards,15000,,,,,,,,,,,,,,,,,,,,,,,,,,,,,,,,,,,,,,,,,,,,,,
SPRINGFIELD,182,Establishments   Rail-road Cars Coaches Chaises and other Vehicles,8,,,,17800,65,,,,vehicles,29425,,,,,,,,,,,,,,,,,,,,,,,,,,,,,,,,,,,,,,,,,,,,,,
SPRINGFIELD,182,Lead Mann factories,1,,,,1000,1,,,,Lead,2000,,,,,,,,,,,,,,,,,,,,,,,,,,,,,,,,,,,,,,,,,,,,,,
SPRINGFIELD,182,Soap  and  Tallow   Candle  Manufactories,3,,,,3,,,,,soap,9720,42,tons,,,22110,bbls,,,,,,,,,,,,,,,,,,,,,,,,,,,,,,,,,,,,,,,,
lbs,182,,,,,,10500,11,,,,,3600,,,,,,,,,,,,,,,,,,,,,,,,,,,,,,,,,,,,,,,,,,,,,,
lbs,182,Establishments       Fire  Arms,2,,,,25200,49,,,,rifles  carbines fowling·pieces and pistols,45800,5100,,,,,,,,,,,,,,,,,,,,,,,,,,,,,,,,,,,,,,,,,,,,,
lbs,182,,,,,,727000,250,,,,at the United  States Armory,144000,12000,,,,,,,,,,,,,,,,,,,,,,,,,,,,,,,,,,,,,,,,,,,,,
lbs,183,,,,,,,,,,,,,,,,,,,,,,,,,,,,,,,,,,,,,,,,,,,,,,,,,,,,,,,,,,
lbs,183,,,,,,10000,6,,,,Bronze Cannon,17000,50,,,,,,,,,,,,,,,,,,,,,,,,,,,,,,,,,,,,,,,,,,,,,
lbs,183,Chair  and  Cabinet  Ware  Manufaetories,6,,,,10100,29,,,,Chair  and  Cabinet  Ware,21800,,,,,,,,,,,,,,,,,,,,,,,,,,,,,,,,,,,,,,,,,,,,,,
lbs,183,Tin Warc Manufaetorics,6,,,,10250,27,,,,ware and sheet iron,42000,,,,,,,,,,,,,,,,,,,,,,,,,,,,,,,,,,,,,,,,,,,,,,
lbs,183,Flouring Mills,1,,,,100,1,,,,flour,6000,1200,bbls,,,,,,,,,,,,,,,,,,,,,,,,,,,,,,,,,,,,,,,,,,,,
lbs,183,Tanneries,2,,,,4000,7,,,,leather tanned and curried,5374,,,,,,,,,,,,,,,,,,,,,,,,,,,,,,,,,,,,,,,,,,,,,,
lbs,183,,,,,,,,57,,,Boots,28258,5270,pairs,shoes,,11598,pairs,boots and shoes,,,,,,,,,,,,,,,,,,,,,,,,,,,,,,,,,,,,,,,
lbs,183,,,,,,,76,,,,Bricks,28137,6600000,,,,,,,,,,,,,,,,,,,,,,,,,,,,,,,,,,,,,,,,,,,,,
lbs,183,,,,,,,4,,,,Build ing  Stone  quarried  and prepared,2500,,,,,,,,,,,,,,,,,,,,,,,,,,,,,,,,,,,,,,,,,,,,,,
lbs,183,,,,,,,4,,,,Blocks and Pum ps,2700,,,,,,,,,,,,,,,,,,,,,,,,,,,,,,,,,,,,,,,,,,,,,,
lbs,183,,,,,,,13,,,,Mechanics' Tools,11000,,,,,,,,,,,,,,,,,,,,,,,,,,,,,,,,,,,,,,,,,,,,,,
lbs,183,,,,,,20000,4,,,,Corn and other Brooms,3000,20000,,,,,,,,,,,,,,,,,,,,,,,,,,,,,,,,,,,,,,,,,,,,,
lbs,183,,,,,,,11,,,,Lumber prepared,11700,1100000,feet,,,,,,,,,,,,,,,,,,,,,,,,,,,,,,,,,,,,,,,,,,,,
lbs,183,,,,,,,6,,,,Fire Wood prepared,10327,2430,cords,,,,,,,,,,,,,,,,,,,,,,,,,,,,,,,,,,,,,,,,,,,,
lbs,183,,,,,,,,,,,Sperm  Oil  consumed  in  man ufact u ring,12901,16550,galls,whale oil,322,830,galls,other oil,450,300,galls,other   American pro­ duction excepting cotton woollen and iron consumed in man­ ufacturing,8120,,,other   foreign production excepting as above consumed,430,,,,31757,,,,4000,,,,,,,,,,,,,,,,,,,,,,
lbs,183,,,,,,,,,,,Sheep total,1665,1110,head,wool prod uced,907,3022,lbs,,,,,,,,,,,,,,,,,,,,,,,,,,,,,,,,,,,,,,,,
lbs,183,,,,,,,,,,,Horses,27520,792,head,neat  cattle,16288,1341,head,swine,5946,991,head,,,,,,,,,,,,,,,,,,,,,,,,,,,,,,,,,,,,
lbs,183,Indian Corn or Maize raised  hush.,25284,,,,25284,,,,,wheat,17698,691,bush,rye,1036,14052,bush,oats,9836,13937,bush,buckwheat raised,5001,2560,bush,beans raised,1280,460,bush,potatoes,690,25581,bush,other  esculent  vegetables,10232,10825,bush,hay,2165,3885,tons,,46620,,,,,,,,,,,,,,
lbs,183,,,,,,,,,,,Fruit  raised,3746,9365,bush,tobacco,3920,49000,lbs,,,,,,,,,,,,,,,,,,,,,,,,,,,,,,,,,,,,,,,,
lbs,184,,,,,,,,,,,,,,,,,,,,,,,,,,,,,,,,,,,,,,,,,,,,,,,,,,,,,,,,,,
lbs,184,,,,,,,,,,,Butter,5869,41921,lbs,honey,131,1050,lbs,,,,,,,,,,,,,,,,,,,,,,,,,,,,,,,,,,,,,,,,
lbs,184,,,,,,300,3,,,,Hair Cloth,560,700,yds,,,,,,,,,,,,,,,,,,,,,,,,,,,,,,,,,,,,,,,,,,,,
lbs,184,,,,,,4200,22,,,,Sashes and Blinds,11000,,,,,,,,,,,,,,,,,,,,,,,,,,,,,,,,,,,,,,,,,,,,,,
lbs,184,,,,,,305,2,,,,Flasks and Pouches,800,,,,,,,,,,,,,,,,,,,,,,,,,,,,,,,,,,,,,,,,,,,,,,
lbs,184,,,,,,20005,20005,,,,Wooden Aqueduct  Logs prepared,4328,,,,,,,,,,,,,,,,,,,,,,,,,,,,,,,,,,,,,,,,,,,,,,
TOLLAND,184,,,,,,,,,,,,,,,,,,,,,,,,,,,,,,,,,,,,,,,,,,,,,,,,,,,,,,,,,,
TOLLAND,184,Establishments   Shovels Spades Forks and Hoes,1,,,,1500,3,,,,Shovels Spades Forks and Hoes,2000,,,,,,,,,,,,,,,,,,,,,,,,,,,,,,,,,,,,,,,,,,,,,,
TOLLAND,184,Clock Manufactories,1,,,,5000,20,,,,clocks,40000,20000,,,,,,,,,,,,,,,,,,,,,,,,,,,,,,,,,,,,,,,,,,,,,
TOLLAND,184,Tanneries,2,,,,6000,11,,,,leather tanned and curried,19000,,,,,,,,,,,,,,,,,,,,,,,,,,,,,,,,,,,,,,,,,,,,,,
TOLLAND,184,,,,,,,3,,,,Lumber prepared,1060,236000,feet,,,,,,,,,,,,,,,,,,,,,,,,,,,,,,,,,,,,,,,,,,,,
TOLLAND,184,,,,,,,,,,,Fire Wood prepared,50,100,cords,,,,,,,,,,,,,,,,,,,,,,,,,,,,,,,,,,,,,,,,,,,,
TOLLAND,184,,,,,,,,,,,hemlock bark,682,273,cords,,,,,,,,,,,,,,,,,,,,,,,,,,,,,,,,,,,,,,,,,,,,
TOLLAND,184,,,,,,,,,,,Sheep total,800,728,head,Wool total,735,2100,lbs,,,,,,,,,,,,,,,,,,,,,,,,,,,,,,,,,,,,,,,,
TOLLAND,184,,,,,,,,,,,Horses,4261,100,head,neat  cattle,17606,1275,head,swine.,1060,185,head,,,,,,,,,,,,,,,,,,,,,,,,,,,,,,,,,,,,
TOLLAND,184,,,,,,89,,,,,Ind ian Corn or Maize raised J,713,89,bush,wheat,15,30,bush,rye,95,158,bush,barley,33,73,bush,oats,643,2142,bush,potatoes,1461,6645,bush,other  escu lent  vegetables,100,600,bush,hay,11295,2259,tons,fl.ax,30,200,lbs,,,,,,,,,,,,
TOLLAND,184,,,,,,,,,,,Fruit raised,500,10135,bush,,,,,,,,,,,,,,,,,,,,,,,,,,,,,,,,,,,,,,,,,,,,
TOLLAND,184,,,,,,,,,,,Butter,1963,19630,lbs,cheese,6360,159000,lbs,honey,15,100,lbs,,,,,,,,,,,,,,,,,,,,,,,,,,,,,,,,,,,,
TOLLAND,184,,,,,,,,,,,maple sugar,840,12000,lbs,,,,,,,,,,,,,,,,,,,,,,,,,,,,,,,,,,,,,,,,,,,,
WALES,184,,,,,,,,,,,,,,,,,,,,,,,,,,,,,,,,,,,,,,,,,,,,,,,,,,,,,,,,,,
WALES,184,Woollen Mills,1,,,,1600015,,1600015,15,,wool consumed,56000,70000,lbs,satinet,,80000,yds,,,,,,,,,,,,,,,,,,,,,,,,,,,,,,,,,,,,,,,,
WALES,185,,,,,,,,,,,,,,,,,,,,,,,,,,,,,,,,,,,,,,,,,,,,,,,,,,,,,,,,,,
WALES,185,Hoe Manufactories,1,,,,,1,,,,hoes,175,,,,,,,,,,,,,,,,,,,,,,,,,,,,,,,,,,,,,,,,,,,,,,
WALES,185,Establishments   Rail·road Cars Coaches Chai and other Vehicles,1,,,,500,3,,,,vehicles,2110,,,,,,,,,,,,,,,,,,,,,,,,,,,,,,,,,,,,,,,,,,,,,,
WALES,185,,,,,,500,2,,,,leather tanned  and curried,1313,,,,,,,,,,,,,,,,,,,,,,,,,,,,,,,,,,,,,,,,,,,,,,
WALES,185,,,,,,,,20,,,Boots,7000,1514,pairs,shoes,,3050,pairs,boots and shoes,,,,,,,,,,,,,,,,,,,,,,,,,,,,,,,,,,,,,,,
WALES,185,,,,,,,,,64,,Straw Braid  and not made into  bonnets and hats,150,10000,,palm·leaf hats,2400,,,,,,,,,,,,,,,,,,,,,,,,,,,,,,,,,,,,,,,,,,
WALES,185,,,,,,,2,,,,Bricks,150,100000,,,,,,,,,,,,,,,,,,,,,,,,,,,,,,,,,,,,,,,,,,,,,
WALES,185,,,,,,,2,,,,Lumber prepared,525,70000,feet,,,,,,,,,,,,,,,,,,,,,,,,,,,,,,,,,,,,,,,,,,,,
WALES,185,,,,,,,,,,,shingles,137,75000,,,,,,,,,,,,,,,,,,,,,,,,,,,,,,,,,,,,,,,,,,,,,
WALES,185,,,,,,,2,,,,Fire Wood prepared,589,372,cords,,,,,,,,,,,,,,,,,,,,,,,,,,,,,,,,,,,,,,,,,,,,
WALES,185,,,,,,,,,,,Sperm Oil consumed in manufacturing,200,200,galls,other oil,650,1000,galls,other .  Ameri­ can production excepting cotton wool and iron consumed in manufactu ring,1200,,,other   foreign produc­ tion excepting as above consumed,2500,,,,,,,,,,,,,,,,,,,,,,,,,,,,,,,,,,
WALES,185,,,,,,,,,,,,142,,,,650,,,Merino Sheep,,714,head,merino wool produced  lbs.,,1800,lbs,,,,,,,,,,,,,,,,,,,,,,,,,,,,,,,,
WALES,185,,,,,,,,,,,Horses,3360,56,head,swine,8750,60,head,,500,,,,,,,,,,,,,,,,,,,,,,,,,,,,,,,,,,,,,,
WALES,185,,,,,,2400,,,,,Indian Corn or Maize raised,1800,2400,bush,rye,168,225,bush,oats $,1000,3000,bush,potatoes,2175,8700,bush,other escnlent vegetables,200,500,bush,hay,8000,1000,tons,,,,,,,,,,,,,,,,,,,,,,,,
WALES,185,,,,,,,,,,,Fruit raised,110,7700,bush,,,,,,,,,,,,,,,,,,,,,,,,,,,,,,,,,,,,,,,,,,,,
WALES,185,,,,,,,,,,,Butter,1562,12500,lbs,cheese,625,12500,lbs,,,,,,,,,,,,,,,,,,,,,,,,,,,,,,,,,,,,,,,,
WALES,185,,,,,,,,,,,Hoops prepared,150,10000,,,,,,,,,,,,,,,,,,,,,,,,,,,,,,,,,,,,,,,,,,,,,
WALES,185,,,,,,15,,,,,Steel Carriage Springs,83,15,,,,,,,,,,,,,,,,,,,,,,,,,,,,,,,,,,,,,,,,,,,,,
WESTFIELD,185,,,,,,,,,,,,,,,,,,,,,,,,,,,,,,,,,,,,,,,,,,,,,,,,,,,,,,,,,,
WESTFIELD,185,Plough Manufactories,1,,,,250,1,,,,ploughs and other agricultural tools,1050,150,,,,,,,,,,,,,,,,,,,,,,,,,,,,,,,,,,,,,,,,,,,,,
WESTFIELD,186,,,,,,,,,,,,,,,,,,,,,,,,,,,,,,,,,,,,,,,,,,,,,,,,,,,,,,,,,,
WESTFIELD,186,Paper Manufactoriea,1,,,,30000,30,,,,stock consumed,25000,110000,lbs,paper,,6000,reams,,,,,,,,,,,,,,,,,,,,,,,,,,,,,,,,,,,,,,,,
WESTFIELD,186,Saddle Harness and Trunk Manufactories,2,,,,900,4,,,,Saddle Harness and Trunk,1200,,,,,,,,,,,,,,,,,,,,,,,,,,,,,,,,,,,,,,,,,,,,,,
WESTFIELD,186,Hat and Cap Manufactories,1,,,,1000,3,,,,hats and caps,2500,1000,,,,,,,,,,,,,,,,,,,,,,,,,,,,,,,,,,,,,,,,,,,,,
WESTFIELD,186,Establis.hments   Wagons Sleighs and other Vehicles,4,,,,1500,8,,,,vehicles,4500,,,,,,,,,,,,,,,,,,,,,,,,,,,,,,,,,,,,,,,,,,,,,,
WESTFIELD,186,Powder Mills,2,,,,3000,3,,,,powder,9750,88500,lbs,,,,,,,,,,,,,,,,,,,,,,,,,,,,,,,,,,,,,,,,,,,,
WESTFIELD,186,Chair  and  Cabinet  Ware  Manufactories,1,,,,800,5,,,,Chair  and  Cabinet  Ware,2560,,,,,,,,,,,,,,,,,,,,,,,,,,,,,,,,,,,,,,,,,,,,,,
WESTFIELD,186,Tin Ware Man ufactories,1,,,,0,1,,,,ware,1500,,,,,,,,,,,,,,,,,,,,,,,,,,,,,,,,,,,,,,,,,,,,,,
WESTFIELD,186,Tanneries,3,,,,3000,7,,,,leather tanned and curried,10500,,,,,,,,,,,,,,,,,,,,,,,,,,,,,,,,,,,,,,,,,,,,,,
WESTFIELD,186,,,,,,,,12,5,,Boots,5200,920,pairs,shoes,,4500,pairs,boots and shoes,,,,,,,,,,,,,,,,,,,,,,,,,,,,,,,,,,,,,,,
WESTFIELD,186,,,,,,,12,,,,Bricks,11500,1300000,,,,,,,,,,,,,,,,,,,,,,,,,,,,,,,,,,,,,,,,,,,,,
WESTFIELD,186,,,,,,112500,25,,,,,112500,,,,,,,,,,,,,,,,,,,,,,,,,,,,,,,,,,,,,,,,,,,,,,
WESTFIELD,186,,,,,,,,100,200,,W hips,100000,,,,,,,,,,,,,,,,,,,,,,,,,,,,,,,,,,,,,,,,,,,,,,
WESTFIELD,186,,,,,,,5,,,,Mechanics' Tools ni'd,4500,,,,,,,,,,,,,,,,,,,,,,,,,,,,,,,,,,,,,,,,,,,,,,
WESTFIELD,186,,,,,,,5,,,,Lumber prepared,1950,130000,feet,,,,,,,,,,,,,,,,,,,,,,,,,,,,,,,,,,,,,,,,,,,,
WESTFIELD,186,,,,,,,10,,,,Fire Wood prepa red,7770,2590,cords,,,,,,,,,,,,,,,,,,,,,,,,,,,,,,,,,,,,,,,,,,,,
WESTFIELD,186,,,,,,,,,,,,1586,,,,685,,,Merino Sheep,,1057,head,merino wool pr-oduced  lbs.,,2282,lbs,,,,,,,,,,,,,,,,,,,,,,,,,,,,,,,,
WESTFIELD,186,,,,,,,,,,,Asses,45,1,head,horses,18500,370,head,horses,33680,370,,neat  cattle,3765,1694,head,swine,,753,head,,,,,,,,,,,,,,,,,,,,,,,,,,,,
WESTFIELD,186,,,,,,22313,,,,,Indian Corn or Maize raised,13388,22313,bush,wheat,275,275,bush,rye,6730,9614,bush,bar­ ley,6,8,bush,potatoes,3010,23935,bush,hay,7181,2784,tons,,,,,,,,,,,,,,,,,,,,,,,,
WESTFIELD,186,,,,,,,,,,,Fruit raised,1500,6000,bush,tobacco,2158,43161,lbs,,,,,,,,,,,,,,,,,,,,,,,,,,,,,,,,,,,,,,,,
WESTFIELD,186,,,,,,,,,,,Butter,6460,53835,lbs,cheese,344,5738,lbs,honey,342,2852,lbs,beeswax,3725,149,lbs,,,,,,,,,,,,,,,,,,,,,,,,,,,,,,,,
WESTFIELD,187,,,,,,,,,,,,,,,,,,,,,,,,,,,,,,,,,,,,,,,,,,,,,,,,,,,,,,,,,,
WESTFIELD,187,,,,,,,,,,,,,,,,,,,,,,,,,,,,,,,,,,,,,,,,,,,,,,,,,,,,,,,,,,
WESTFIELD,187,Cotton Mills,1,,,,1,50,15,,,cotton consumed,48500,160172,lbs,printing cloth,9000,802436,yds,ynrn  (satinet \Varps),,30000,lbs,,,,,,,,,,,,,,,,,,,,,,,,,,,,,,,,,,,,
WESTFIELD,187,Woollen Mills,1,,,,3500,,6,3,,wool conumed,1550,10500,lbs,satinet,2000,7000,yds,flannel or blanketing,,4000,yds,,,,,,,,,,,,,,,,,,,,,,,,,,,,,,,,,,,,
WESTFIELD,187,Paper Manufactorics,1,,,,30000,30,,,,stock consumed,60000,150,tons,paper,,2,reams,,,0,,,,,,,,,,,,,,,,,,,,,,,,,,,,,,,,,,,,,
WESTFIELD,187,Establishments   Wagons and Sleighs and Repairing Vehicles,6,,,,,9,,,,Wagons and Sleighs and Repairing Vehicles,,,,,,,,,,,,,,,,,,,,,,,,,,,,,,,,,,,,,,,,,,,,,,,
WESTFIELD,187,Tanneries,4,,,,13550,11,,,,hides tanned,3130,6360,,leather tanned and curried,,,,,,,,,,,,,,,,,,,,,,,,,,,,,,,,,,,,,,,,,,,
WESTFIELD,187,,,,,,,,5,,,Boots,1500,200,pairs,shoes,,800,pairs,boots and shoes,,,,,,,,,,,,,,,,,,,,,,,,,,,,,,,,,,,,,,,
WESTFIELD,187,,,,,,,6,,,,Bricks,1800,450000,,,,,,,,,,,,,,,,,,,,,,,,,,,,,,,,,,,,,,,,,,,,,
WESTFIELD,187,,,,,,4901,16,,,,Snuff Tobacco and Cigars,4901,,,,,,,,,,,,,,,,,,,,,,,,,,,,,,,,,,,,,,,,,,,,,,
WESTFIELD,187,,,,,,,40,,,,Building Stone quarried and  prepared,60000,,,,,,,,,,,,,,,,,,,,,,,,,,,,,,,,,,,,,,,,,,,,,,
WESTFIELD,187,,,,,,,,,,,Whips,50,1,,B.,,,,,,,,,,,,,,,,,,,,,,,,,,,,,,,,,,,,,,,,,,,
WESTFIELD,187,,,,,,7752,1110004,,,,Corn and other Brooms,1292,7752,feet,E. . Lumber prepared,1320,1110000,,,,,,,,,,,,,,,,,,,,,,,,,,,,,,,,,,,,,,,,,
WESTFIELD,187,,,,,,,9,,,,Fire Wood prepared,10880,2720,cords,,,,,,,,,,,,,,,,,,,,,,,,,,,,,,,,,,,,,,,,,,,,
WESTFIELD,187,,,,,,,,,,,,2017,,,,1939,,,Merino  Sheep,,2017,head,merino   wool   produced  lbs.,,5539,lbs,,,,,,,,,,,,,,,,,,,,,,,,,,,,,,,,
WESTFIELD,187,,,,,,,,,,,Horses,25369,491,head,neat  cattle,43132,2193,head,swine,8053,1041,head,,,,,,,,,,,,,,,,,,,,,,,,,,,,,,,,,,,,
WESTFIELD,187,,,,,,25967,,,,,Indian Corn or Maize raised,16879,25967,bush,wheat,2999,2999,bush,rye,9267,13238,bush,oats,4504,13513,bush,potatoes S,721,3966,bush,beans,9922,270,bush,other esculent vegetables,405,5003,tons,hay,6082,,,,50030,,,,,,,,,,,,,,
WESTFIELD,187,,,,,,,,,,,Fruit raised,4581,10714,bush,tobacco,1809,30150,lbs,,,,,,,,,,,,,,,,,,,,,,,,,,,,,,,,,,,,,,,,
WESTFIELD,187,,,,,,,,,,,Teazles,700,600000,,,,,,,,,,,,,,,,,,,,,,,,,,,,,,,,,,,,,,,,,,,,,
WESTFIELD,188,,,,,,,,,,,,,,,,,,,,,,,,,,,,,,,,,,,,,,,,,,,,,,,,,,,,,,,,,,
WESTFIELD,188,,,,,,,,,,,Butter,15688,103923,lbs,cheese,520,7435,lbs,honey,131,785,lbs,,,,,,,,,,,,,,,,,,,,,,,,,,,,,,,,,,,,
WESTFIELD,188,,,,,,,,,,,Broom Seed raised,186,744,bush,,,,,,,,,,,,,,,,,,,,,,,,,,,,,,,,,,,,,,,,,,,,
WESTFIELD,188,,,,,,,,,,,Milk,5968,37300,galls,,,,,,,,,,,,,,,,,,,,,,,,,,,,,,,,,,,,,,,,,,,,
WILBRAHAM,188,,,,,,,,,,,,,,,,,,,,,,,,,,,,,,,,,,,,,,,,,,,,,,,,,,,,,,,,,,
WILBRAHAM,188,Plough Manufactories,1,,,,3000,10,,,,ploughs and other agricultural tools,4200,1200,,,,,,,,,,,,,,,,,,,,,,,,,,,,,,,,,,,,,,,,,,,,,
WILBRAHAM,188,Tanneries,1,,,,800,1,,,,hides tanned,750,150,,leather  tanned  and curried,,,,,,,,,,,,,,,,,,,,,,,,,,,,,,,,,,,,,,,,,,,
WILBRAHAM,188,,,,,,,,4,,,Boots,1378,454,pairs,shoes,,470,pairs,boots and shoes,,,,,,,,,,,,,,,,,,,,,,,,,,,,,,,,,,,,,,,
WILBRAHAM,188,,,,,,,,,2,,Palm-leaf  Hats,116,700,,,,,,,,,,,,,,,,,,,,,,,,,,,,,,,,,,,,,,,,,,,,,
WILBRAHAM,188,,,,,,,4,,,,Building Stone quarried and prepared,2000,,,,,,,,,,,,,,,,,,,,,,,,,,,,,,,,,,,,,,,,,,,,,,
WILBRAHAM,188,,,,,,5000,2,,,,Corn and other Brooms,500,5000,,,,,,,,,,,,,,,,,,,,,,,,,,,,,,,,,,,,,,,,,,,,,
WILBRAHAM,188,,,,,,,2,,,,Fire Wood prepa red,1200,600,cords,,,,,,,,,,,,,,,,,,,,,,,,,,,,,,,,,,,,,,,,,,,,
WILBRAHAM,188,,,,,,,,,,,Sheep total see species,4163,5500,lbs,other  wool,,,,Merino Sheep,,387,head,other sheep,,1992,head,merino  wool  prod uced   lbs.,,930,lbs,Wool total see species,2251,,,,,,,,,,,,,,,,,,,,,,,,,,
WILBRAHAM,188,,,,,,,,,,,Horses,10000,252,head,neat  cattle,22729,1337,head,swine,1875,375,head,,,,,,,,,,,,,,,,,,,,,,,,,,,,,,,,,,,,
WILBRAHAM,188,,,,,,13636,,,,,Indian Corn or Maize raised,8182,13636,bush,wheat,177,177,bush,rye,4703,6270,bush,oats>,4013,12038,bush,potatoes,4979,19918,bush,other esculent vegetables,157,908,bush,hay,,2557,tons,,,,,,,,,,,,,,,,,,,,
WILBRAHAM,188,,,,,,,,,,,Fruit raised,3113,51832,bush,tobacco,1455,29100,lbs,,,,,,,,,,,,,,,,,,,,,,,,,,,,,,,,,,,,,,,,
WILBRAHAM,188,,,,,,,,,,,Butter,3881,32340,lbs,cheese,1101,22015,lbs,honey,38,300,lbs,,,,,,,,,,,,,,,,,,,,,,,,,,,,,,,,,,,,
