county,city,page,manufacturing site,number  factories,tonnage,capital,employeeS,employeesM,employeesF,goods0
WORCESTER,MILLBURY,116,Chair and Cabinet  Ware  Manufactories,1,,1,2,,,Chair and Cabinet  Ware
WORCESTER,HUBBARDSTON,108,,,,2001,2001,,,Air Tight Stoves and funnels
WORCESTER,CHARLTON,98,Auger and Bitt Manufactories,1,,700,10,,,Auger and Bitt
WORCESTER,OXFORD,122,Axe Man ufactorics,1,,200,2,,,axes
WORCESTER,WESTBOROUGH,141,Axe Manufactories,2,,200,2,,,axes
WORCESTER,DOUGLAS,98,Axe Manufactories,2,,2500,10,,,Axes hatchets and other edge tools
WORCESTER,FITCHBURG,101,Axe Manufactories,1,,1000,4,,,axes hatchets 
WORCESTER,ROYALSTON,126,distributed,,,,1,,,Blocks and Pumps
WORCESTER,BARRE,91,distributed,,,,1,,,Blocks and Pumps
WORCESTER,FITCHBURG,102,distributed,,,,1,,,Blocks and Pumps
WORCESTER,LEOMINSTER,112,distributed,,,,1,,,Blocks and Pumps
WORCESTER,NORTHBOROUGH,118,distributed,,,,2,,,Blocks and Pumps
WORCESTER,PETERSHAM,124,distributed,,,,1,,,Blocks and Pumps
WORCESTER,MENDON,114,workshops,,,,3,,,Boats built
WORCESTER,MENDON,114,distributed,,,500,3,,,Boot Boxes
WORCESTER,MILFORD,115,distributed,,,,4,,,Boot Boxes
WORCESTER,ATHOL,88,distributed,,,,,93,44,Boots
WORCESTER,BARRE,91,distributed,,,,,5,,Boots
WORCESTER,BLACKSTONE,93,distributed,,,,,6,2,Boots
WORCESTER,BOLTON,94,distributed,,,,,7,,Boots
WORCESTER,BOYLSTON,95,distributed,,,,,30,8,Boots
WORCESTER,BROOKFIELD,96,distributed,,,,,265,104,Boots
WORCESTER,DOUGLAS,99,distributed,,,,,76,83,Boots
WORCESTER,DUDLEY,100,distributed,,,,,2,,Boots
WORCESTER,FITCHBURG,102,distributed,,,,,22,5,Boots
WORCESTER,GARDNER,103,distributed,,,,,5,2,Boots
WORCESTER,GRAFTON,104,distributed,,,,,323,202,Boots
WORCESTER,HARVARD,105,distributed,,,,,25,5,Boots
WORCESTER,HOLDEN,107,distributed,,,,,59,19,Boots
WORCESTER,HUBBARDSTON,108,distributed,,,,,26,,Boots
WORCESTER,LANCASTER,109,distributed,,,,,30,10,Boots
WORCESTER,LEICESTER,110,distributed,,,,,16,2,Boots
WORCESTER,LEOMINSTER,112,distributed,,,,,18,9,Boots
WORCESTER,LUNENBURG,113,distributed,,,,,6,3,Boots
WORCESTER,MENDON,113,distributed,,,,,193,33,Boots
WORCESTER,MILFORD,114,distributed,,,,,482,220,Boots
WORCESTER,MILLBURY,116,distributed,,,,,136,,Boots
WORCESTER,NORTHBOROUGH,118,distributed,,,,,3,,Boots
WORCESTER,NORTHBRIDGE,119,distributed,,,,,75,25,Boots
WORCESTER,NORTHBRIDGE,120,distributed,,,,,324,231,Boots
WORCESTER,OAKHAM,121,distributed,,,,,13,,Boots
WORCESTER,OXFORD,122,distributed,,,,,97,80,Boots
WORCESTER,PAXTON,123,distributed,,,,,87,37,Boots
WORCESTER,PETERSHAM,124,distributed,,,,,25,2,Boots
WORCESTER,PHILLIPSTON,125,distributed,,,,,3,,Boots
WORCESTER,ROYALSTON,126,distributed,,,,,14,,Boots
WORCESTER,RUTLAND,127,distributed,,,,,67,25,Boots
WORCESTER,SOUTHBOROUGH,129,distributed,,,,,110,35,Boots
WORCESTER,SOUTHBRIDGE,130,distributed,,,,,20,,Boots
WORCESTER,SPENCER,131,distributed,,,,,126,41,Boots
WORCESTER,STURBRIDGE,133,distributed,,,,,21,8,Boots
WORCESTER,SUTTON,135,distributed,,,,,108,95,Boots
WORCESTER,TEMPLETON,136,distributed,,,,,33,15,Boots
WORCESTER,UPTON,137,distributed,,,,75,,50,Boots
WORCESTER,UXBRIDGE,138,distributed,,,,,53,14,Boots
WORCESTER,WARREN,139,distributed,,,,4,,,Boots
WORCESTER,WEBSTER,140,distributed,,,,,6,4,Boots
WORCESTER,WESTBOROUGH,141,distributed,,,,,200,75,Boots
WORCESTER,WESTBOROUGH,143,distributed,,,,,23,,Boots
WORCESTER,WESTMINSTER,143,distributed,,,,,3,,Boots
WORCESTER,WORCESTER,146,distributed,,,,119,566,,Boots
WORCESTER,STERLING,132,distributed,,,,,5,,Boots
WORCESTER,BARRE,92,Establishments for the Hat Boot and Shoe Boxes,3,,1600,4,,,boxes
WORCESTER,HUBBARDSTON,108,distributed,,,800,4,,,Boxes for Boots Shoes and Hats
WORCESTER,WORCESTER,146,Brass Foundries,1,,400,3,,,Brass
WORCESTER,NORTHBOROUGH,119,Bakeries,1,,3000,8,,,bread baked
WORCESTER,ASHBURNHAM,87,distributed,,,,,4,,Bricks
WORCESTER,ATHOL,88,distributed,,,,4,,,Bricks
WORCESTER,BOYLSTON,95,distributed,,,,3,,,Bricks
WORCESTER,BROOKFIELD,96,distributed,,,,6,,,Bricks
WORCESTER,DOUGLAS,99,distributed,,,,4,,,Bricks
WORCESTER,FITCHBURG,102,distributed,,,,8,,,Bricks
WORCESTER,GRAFTON,104,distributed,,,,4,,,Bricks
WORCESTER,HARDWICK,105,distributed,,,,3,,,Bricks
WORCESTER,LANCASTER,109,distributed,,,,4,,,Bricks
WORCESTER,LEOMINSTER,112,distributed,,,,1,,,Bricks
WORCESTER,MILLBURY,116,distributed,,,,7,,,Bricks
WORCESTER,NORTHBOROUGH,118,distributed,,,,6,,,Bricks
WORCESTER,PETERSHAM,124,distributed,,,,2,,,Bricks
WORCESTER,SOUTHBRIDGE,130,distributed,,,,4,,,Bricks
WORCESTER,SPENCER,131,distributed,,,,2,,,Bricks
WORCESTER,STERLING,132,distributed,,,,8,,,Bricks
WORCESTER,UXBRIDGE,138,distributed,,,,6,,,Bricks
WORCESTER,WESTBOROUGH,142,distributed,,,,4,,,Bricks
WORCESTER,WORCESTER,146,distributed,,,,40,,,Bricks
WORCESTER,TEMPLETON,136,distributed,,,,1,,,Bricks
WORCESTER,STERLING,132,distributed,,,200,3,,,Brown Earthen Ware
WORCESTER,ASHBURNHAM,86,Brush Manufactories,1,,,1,,,Brush
WORCESTER,ATHOL,89,distributed,,,800,5,,,Brush Woods
WORCESTER,SOUTHBOROUGH,129,Brush Manufactories,1,,700,5,,,brushes
WORCESTER,TEMPLETON,135,Brush Manufactories,1,,75,4,,,brushes
WORCESTER,ROYALSTON,127,quarries,,,1000,4,,,Brushwoods
WORCESTER,ATHOL,88,quarries,,,,1,,,Building Stone quarried and prepared
WORCESTER,WORCESTER,146,quarries,,,,51,,,Building Stone quarried and prepared
WORCESTER,UXBRIDGE,138,quarries,,,,6,,,Building Stone quarried and prepared
WORCESTER,NORTHBRIDGE,120,quarries,,,,1,,,Building Stone quarried and prepared
WORCESTER,BLACKSTONE,93,quarries,,,,5,,,Building Stone quarried and prepared
WORCESTER,FITCHBURG,102,quarries,,,,36,,,Building Stone quarried and prepared
WORCESTER,HARVARD,105,quarries,,,,7,,,Building Stone quarried and prepared
WORCESTER,LEOMINSTER,112,quarries,,,,4,,,Building Stone quarried and prepared
WORCESTER,BERLIN,92,quarries,,,,2,,,Building Stone quarried and prepared
WORCESTER,CHARLTON,97,quarries,,,,6,,,Building Stone quarried and prepared
WORCESTER,DOUGLAS,99,quarries,,,,3,,,Building Stone quarried and prepared
WORCESTER,DUDLEY,100,quarries,,,,1,,,Building Stone quarried and prepared
WORCESTER,MENDON,114,quarries,,,,5,,,Building Stone quarried and prepared
WORCESTER,MILFORD,114,quarries,,,,6,,,Building Stone quarried and prepared
WORCESTER,MILLBURY,116,quarries,,,,1,,,Building Stone quarried and prepared
WORCESTER,NORTHBRIDGE,119,quarries,,,,4,,,Building Stone quarried and prepared
WORCESTER,UPTON,137,quarries,,,,1,,,Building Stone quarried and prepared
WORCESTER,WESTBOROUGH,142,quarries,,,,3,,,Building Stone quarried and prepared
WORCESTER,SHREWSBURY,128,Cabinet Ware Manufactories,1,,70,1,,,Cabinet Ware
WORCESTER,UXBRIDGE,138,Cabinet Ware Manufactories,2,,1000,3,,,Cabinet Ware
WORCESTER,DOUGLAS,99,Cabinet Ware Manufactories,1,,1,3,,,Cabinet Ware
WORCESTER,NORTHBOROUGH,118,Cabinet Ware Manufactories,1,,500,2,,,Cabinet Ware
WORCESTER,LANCASTER,109,Cabinet Ware and Chair Manufactories,1,,3000,2,,,Cabinet Ware and Chair
WORCESTER,BROOKFIELD,96,Cabinet Ware Manufactories,1,,500,3,,,Cabinet Ware
WORCESTER,WEBSTER,140,Cap Manufactories,1,,100,1,,,caps
WORCESTER,LEICESTER,111,distributed,,,500,,,,Card Board Handles
WORCESTER,HUBBARDSTON,108,distributed,,,2000,10,,,Card Boards
WORCESTER,LEICESTER,110,Card Manufactories,18,,86500,79,,,cards
WORCESTER,WORCESTER,146,Card Manufactories,2,,7000,8,,,cards
WORCESTER,ROYALSTON,127,distributed,,,2000,3,,,Carriages
WORCESTER,BOLTON,95,woods,,,150,,,,Casks
WORCESTER,WARREN,139,Woollen Mills,1,,4000,,6,4,cashmere
WORCESTER,WINCHENDON,144,Woollen Mills,1,,20000,,35,30,cashmere
WORCESTER,WESTMINSTER,143,Chair and Cabinet Ware Manufactories,110,,10125,91,,,Chair and Cabinet Ware
WORCESTER,ROYALSTON,126,Chair and Cabinet Ware Manufactories,6,,10300,18,,,Chair and Cabinet Ware
WORCESTER,MENDON,113,Chair and Cabinet Ware Manufactories,1,,25,1,,,Chair and Cabinet Ware
WORCESTER,PHILLIPSTON,125,Chair and Cabinet Ware Manufactories,1,,300,5,,,Chair and Cabinet Ware
WORCESTER,RUTLAND,127,Chair and Cabinet Ware Manufactories,3,,400,3,,,Chair and Cabinet Ware
WORCESTER,STERLING,132,Chair and Cabinet Ware Manufactories,34,,13500,84,,,Chair and Cabinet Ware
WORCESTER,WORCESTER,146,Chair and Cabinet Ware Manufactories,3,,15500,28,,,Chair and Cabinet Ware
WORCESTER,WESTBOROUGH,141,Chair and Cabinet Ware Manufactories,1,,150,1,,,Chair and Cabinet Ware
WORCESTER,OAKHAM,121,Chair and Cabinet Ware Manufactories,1,,250,3,,,Chair and Cabinet Ware
WORCESTER,GRAFTON,104,Chair and Cabinet Ware Manufactories,1,,500,1,,,Chair and Cabinet Ware
WORCESTER,PETERSHAM,124,Chair and Cabinet Ware Manufactories,1,,1000,2,,,Chair and Cabinet Ware
WORCESTER,DUDLEY,99,Chair and Cabinet Ware Manufactories,1,,1000,2,,,Chair and Cabinet Ware
WORCESTER,SOUTHBRIDGE,130,Chair and Cabinet Ware Manufactories,1,,1500,,,,Chair and Cabinet Ware
WORCESTER,STURBRIDGE,133,Chair and Cabinet Ware Manufactories,1,,1000,2,,,Chair and Cabinet Ware
WORCESTER,TEMPLETON,136,Chair and Cabinet Ware Manufactories,14,,6000,,63,40,Chair and Cabinet Ware
WORCESTER,WEBSTER,140,Chair and Cabinet Ware Manufactories,1,,400,,,,Chair and Cabinet Ware
WORCESTER,HUBBARDSTON,108,Chair and Cabinet Ware Manufactories,9,,2000,40,,,Chair and Cabinet Ware
WORCESTER,GARDNER,103,distributed,,,700,,,,Chair Tools
WORCESTER,PRINCETON,125,Chair  Manufactories,3,,1200,12,,,chairs
WORCESTER,ASHBURNHAM,87,Chair and Cabinet Ware Manufactories,25,,13650,90,,,chairs
WORCESTER,SPENCER,131,Chair and Cabinet Ware Manufactories,1,,1,,,,chairs
WORCESTER,GARDNER,103,Chair and Cabinet Ware.Manufactories,20,,20000,,119,478,chairs
WORCESTER,FITCHBURG,101,Cabinet and Chair Manufactories,3,,2500,8,,,Chair and Cabinet Ware
WORCESTER,BARRE,91,Chair and Cabinet Ware Manufactories,2,,1000,3,,,chairs and cabinet ware
WORCESTER,BOLTON,94,Chair and Cabinet Ware Manufactories,1,,100,1,,,chairs and cabinet ware
WORCESTER,LUNENBURG,113,distributed,,,100,,,,chairs and cabinet ware
WORCESTER,CHARLTON,97,Chair and Cabinet Ware Manufactories,1,,1,1,,,chairs and cabinet ware
WORCESTER,WINCHENDON,145,distributed,,,400,1,,,Children's wagons
WORCESTER,NORTHBOROUGH,119,distributed,,,100,1,,,Children's Willow Carriages
WORCESTER,LANCASTER,109,Establishments Worsted Goods ,1,,50000,,10,32,coach lace
WORCESTER,NORTHBOROUGH,118,Comb Manufactories,3,,6700,26,,,combs
WORCESTER,BOLTON,94,Comb Manufactories,1,,700,3,,,combs
WORCESTER,LANCASTER,109,Comb Manufactories,5,,9800,32,,,combs
WORCESTER,LEOMINSTER,112,Comb Manufactories,24,,22000,146,,,combs
WORCESTER,WORCESTER,148,distributed,,,700,6,,,Copper and Wood Pumps
WORCESTER,WEBSTER,141,distributed,,,400,,,,Copper Boilers
WORCESTER,ASHBURNHAM,87,distributed,,,1787,,2,,Copper Pumps
WORCESTER,LANCASTER,109,distributed,,,3000,,,,Copper Pumps
WORCESTER,ASHBURNHAM,87,distributed,,,200,,,,Copper Ware
WORCESTER,WESTBOROUGH,142,Cordage Manufactories,1,,300,3,,,cordage
WORCESTER,WORCESTER,146,Cordage Manufactories,1,,1500,4,,,cordage
WORCESTER,WORCESTER,148,distributed,,,7000,11,,,Cotton Carpeting
WORCESTER,BARRE,90,Cotton Mills,1,,50000,,23,30,cotton consumed
WORCESTER,BLACKSTONE,93,Cotton Mills,12,,12,256,,397,cotton consumed
WORCESTER,FITCHBURG,100,Cotton Mills,3,,38700,,31,48,cotton consumed
WORCESTER,HOLDEN,106,Cotton Mills,5,,75000,,76,65,cotton consumed
WORCESTER,MILLBURY,115,Cotton Mills,3,,3,,74,44,cotton consumed
WORCESTER,NORTHBRIDGE,119,Cotton Mills,6,,65000,,119,135,cotton consumed
WORCESTER,OXFORD,122,Cotton Mills,4,,93000,,81,87,cotton consumed
WORCESTER,SPENCER,131,Cotton Mills,3,,3,,19,12,cotton consumed
WORCESTER,UXBRIDGE,138,Cotton Mills,4,,105000,,85,125,cotton consumed
WORCESTER,WARREN,139,Cotton Mills,1,,1,,15,17,cotton consumed
WORCESTER,WORCESTER,145,Cotton Mills,3,,53200,,42,35,cotton consumed
WORCESTER,MILLBURY,116,Mills for Cotton Carpeting,1,,10000,,24,5,cotton consumed
WORCESTER,MILLBURY,116,Establishments Cutlery,1,,1,1,,,cutlery
WORCESTER,HUBBARDSTON,108,distributed,,,800,5,,,Cylinder Churns
WORCESTER,ATHOL,89,distributed,,,1000,4,,,Doors
WORCESTER,MILFORD,115,distributed,,,,1,,,Doors
WORCESTER,BARRE,92,distributed,,,800,2,,,Doors and Blinds
WORCESTER,SUTTON,134,Flouring  Mills,1,,5000,2,,,flour
WORCESTER,WORCESTER,146,Establishments for Rail+AC0-road Coaches and other Vehicles,,,67450,127,,,vehicles
WORCESTER,HOLDEN,107,Establishments for Rail+AC0-road Coaches and other Vehicles,,,3000,7,,,vehicles
WORCESTER,WORCESTER,147,distributed,,,500,5,,,Fancy Boxes
WORCESTER,STERLING,132,Flouring Mills,1,,,,,,flour
WORCESTER,BOLTON,94,woods,,,,8,,,Fire Wood
WORCESTER,SOUTHBRIDGE,130,woods,,,,,10,,Fire Wood
WORCESTER,ATHOL,88,woods,,,,12,,,Fire Wood
WORCESTER,AUBURN,90,woods,,,,3,,,Fire Wood
WORCESTER,BARRE,91,woods,,,,5,,,Fire Wood
WORCESTER,BERLIN,92,woods,,,,3,,,Fire Wood
WORCESTER,BLACKSTONE,93,woods,,,,7,,,Fire Wood
WORCESTER,BOYLSTON,95,woods,,,,18,,,Fire Wood
WORCESTER,CHARLTON,97,woods,,,,4,,,Fire Wood
WORCESTER,DANA,98,woods,,,,11,,,Fire Wood
WORCESTER,DOUGLAS,99,woods,,,,38,,,Fire Wood
WORCESTER,DUDLEY,100,woods,,,,4,,,Fire Wood
WORCESTER,FITCHBURG,102,woods,,,,6,,,Fire Wood
WORCESTER,GRAFTON,104,woods,,,,4,,,Fire Wood
WORCESTER,HOLDEN,107,woods,,,,20,,,Fire Wood
WORCESTER,HUBBARDSTON,108,woods,,,,2,,,Fire Wood
WORCESTER,LANCASTER,109,woods,,,,20,,,Fire Wood
WORCESTER,LEICESTER,111,woods,,,,5,,,Fire Wood
WORCESTER,MENDON,114,woods,,,,4,,,Fire Wood
WORCESTER,MILFORD,115,woods,,,,27,,,Fire Wood
WORCESTER,NORTHBOROUGH,118,woods,,,,16,,,Fire Wood
WORCESTER,NORTHBRIDGE,120,woods,,,,2,,,Fire Wood
WORCESTER,OAKHAM,121,woods,,,,4,,,Fire Wood
WORCESTER,OXFORD,122,woods,,,,12,,,Fire Wood
WORCESTER,PAXTON,123,woods,,,,8,,,Fire Wood
WORCESTER,PETERSHAM,124,woods,,,,4,,,Fire Wood
WORCESTER,PRINCETON,125,woods,,,,4,,,Fire Wood
WORCESTER,RUTLAND,127,woods,,,,20,,,Fire Wood
WORCESTER,SHREWSBURY,128,woods,,,,,9,,Fire Wood
WORCESTER,SOUTHBOROUGH,129,woods,,,,2,,,Fire Wood
WORCESTER,SPENCER,131,woods,,,,24,,,Fire Wood
WORCESTER,STERLING,132,woods,,,,6,,,Fire Wood
WORCESTER,STURBRIDGE,133,woods,,,,15,,,Fire Wood
WORCESTER,UPTON,137,woods,,,,4,,,Fire Wood
WORCESTER,UXBRIDGE,138,woods,,,,15,,,Fire Wood
WORCESTER,WARREN,139,woods,,,,2,,,Fire Wood
WORCESTER,WEBSTER,140,woods,,,,28,,,Fire Wood
WORCESTER,WESTBOROUGH,143,woods,,,,1,,,Fire Wood
WORCESTER,WESTBOROUGH,142,woods,,,,2,,,Fire Wood
WORCESTER,WESTMINSTER,144,woods,,,,3,,,Fire Wood
WORCESTER,WORCESTER,146,woods,,,,8,,,Fire Wood
WORCESTER,FITCHBURG,101,Flouring Mills,2,,4000,2,,,flour
WORCESTER,DANA,98,Flouring Mills,1,,1000,1,,,flour
WORCESTER,UXBRIDGE,138,Flouring Mills,1,,400,1,,,flour
WORCESTER,ATHOL,88,Flouring Mills,3,,2750,3,,,flour and other grain ground
WORCESTER,STURBRIDGE,134,Establishments for Augurs and Bitts,1,,3000,14,,,Augurs and Bits
WORCESTER,SOUTHBRIDGE,130,Establishments for Gold and Silver Ware and Jewelry,1,,2500,10,,,Gold and Silver Ware and Jewelry
WORCESTER,SHREWSBURY,128,Establishments for Fire Arms,3,,1358,5,,,fowling+AC0-pieces and rifles
WORCESTER,ATHOL,89,distributed,,,1000,,1,3,Friction  Latches
WORCESTER,HARVARD,106,orchards,,,,4,,,Garden Seeds raised
WORCESTER,SPENCER,132,distributed,,,,39,,,Garments
WORCESTER,BLACKSTONE,93,Glue Manufactories,1,,25,1,,,glue
WORCESTER,SOUTHBRIDGE,130,Establishments for Worsted Goods,2,,220000,,118,157,goods
WORCESTER,LANCASTER,109,Establishments for Bleaching or Coloring Cotton Goods and not connected with  Calico  establishments,1,,50000,4,,,goods bleached or colored
WORCESTER,HARVARD,106,Grist Mills,3,,,,,,grain ground
WORCESTER,WESTMINSTER,143,Tanneries,2,,1050,3,,,hides tanned
WORCESTER,WORCESTER,147,distributed,,,2000,4,,,Hand Card Presses
WORCESTER,SHREWSBURY,128,Harness Manufactories,1,,120,1,,,harnesses
WORCESTER,STURBRIDGE,133,Harness Manufactories,1,,500,4,,,harnesses
WORCESTER,MILFORD,114,Hat Manufactories,1,,100,2,,,hats
WORCESTER,SHREWSBURY,128,Hat Manufactories,1,,150,1,,,hats
WORCESTER,MILLBURY,116,Hat and Cap Manufactories,1,,1000,3,,,hats and caps
WORCESTER,WORCESTER,146,Hat and Cap Manufactories,5,,11600,32,,,hats and caps
WORCESTER,ATHOL,88,Hat and Cap Manufactories,1,,250,1,,,hats and caps
WORCESTER,FITCHBURG,101,Hat and Cap Manufactories,3,,1200,6,,,hats and caps
WORCESTER,BARRE,91,Hat and Cap Manufactories,1,,1000,2,,,hats and caps
WORCESTER,STERLING,132,Hat and Cap Manufactories,1,,600,1,,,hats and caps
WORCESTER,TEMPLETON,136,Hat and Cap Manufactories,1,,1000,3,,,hats and caps
WORCESTER,WARREN,139,Hat and Cap Manufactories,1,,300,3,,,hats and caps
WORCESTER,ROYALSTON,126,Tanneries,2,,1500,3,,,hides tanned
WORCESTER,RUTLAND,127,Tanneries,1,,250,1,,,hides tanned
WORCESTER,BARRE,91,Tanneries,1,,3000,3,,,hides tanned
WORCESTER,CHARLTON,97,Tanneries,1,,2300,5,,,hides tanned
WORCESTER,HARVARD,105,Tanneries,1,,325,1,,,hides tanned
WORCESTER,HOLDEN,107,Tanneries,2,,10000,6,,,hides tanned
WORCESTER,LEICESTER,110,Tanneries,4,,6300,13,,,hides tanned
WORCESTER,PHILLIPSTON,125,Tanneries,2,,2500,5,,,hides tanned
WORCESTER,STURBRIDGE,133,Tanneries,2,,2000,4,,,hides tanned
WORCESTER,FITCHBURG,101,Furnaces for Hollow Ware and Castings other than Pig Iron,1,,3500,10,,,hollow ware and castings
WORCESTER,BARRE,90,Furnaces for Hollow Ware and Castings other than Pig Iron,1,,1000,3,,,hollow ware and castings
WORCESTER,MILLBURY,116,Furnaces for Hollow Ware and Castings other than Pig Iron,1,,8000,20,,,hollow ware and castings
WORCESTER,WORCESTER,145,Furnaces for Hollow Ware and Castings other than Pig Iron,3,,47500,135,,,hollow ware and castings
WORCESTER,WEBSTER,140,Furnaces for Hollow Ware and Castings other than Pig Iron,1,,1,5,,,hollow ware and castings
WORCESTER,TEMPLETON,135,Furnaces for Hollow Ware and Castings other than Pig Iron,1,,500,4,,,hollow ware and castings
WORCESTER,BROOKFIELD,96,Furnaces for Hollow Ware and Castings other than Pig Iron,1,,1500,6,,,hollow ware and castings
WORCESTER,WORCESTER,147,,,,1000,1,,,Japan and Varnish
WORCESTER,ASHBURNHAM,87,,,,3000,5,,,lbs.
WORCESTER,WINCHENDON,145,,,,,30,,,lbs.
WORCESTER,WESTBOROUGH,142,Forges,7,,1600,6,,,lbs. i ron anchors chain cables and other   Si ton
WORCESTER,WARREN,139,Forges,1,,3000,2,,,lbs. iron anchors chain cables +ACY-.C.
WORCESTER,WEBSTER,140,Forges,1,,,3,,,lbs. iron anchors chain cables and other
WORCESTER,MILLBURY,116,Black Lead Manufactories,1,,,1,,,lead
WORCESTER,MILLBURY,117,Tanneries,1,,3000,3,,,leather  tanned  and curried
WORCESTER,UPTON,137,Tanneries,1,,425,2,,,leather  tanned  and curried
WORCESTER,MILFORD,114,,,,2500,10,,,Leather curried
WORCESTER,NORTHBRIDGE,119,,,,600,5,,,Leather curried
WORCESTER,WESTBOROUGH,141,Tanneries,1,,500,2,,,leather tan ned and curried
WORCESTER,WESTBOROUGH,143,Tanneries,1,,1200,2,,,leather tanne:l and curried
WORCESTER,SHREWSBURY,128,Tanneries,1,,9000,14,,,leather tanned .and curried
WORCESTER,MILLBURY,116,Tanneries,1,,,9,,,leather tanned ad curried
WORCESTER,BOLTON,94,Tanneries,1,,100,1,,,leather tanned and curried
WORCESTER,DUDLEY,100,Tanneries,1,,4000,5,,,leather tanned and curried
WORCESTER,FITCHBURG,101,Tanneries,1,,3700,4,,,leather tanned and curried
WORCESTER,GRAFTON,104,Tanneries,2,,11600,14,,,leather tanned and curried
WORCESTER,HARDWICK,105,Tanneries,2,,2000,5,,,leather tanned and curried
WORCESTER,LANCASTER,109,Tanneries,1,,2500,3,,,leather tanned and curried
WORCESTER,LEOMINSTER,112,Tanneries,2,,5600,6,,,leather tanned and curried
WORCESTER,LUNENBURG,113,Tanneries,3,,900,3,,,leather tanned and curried
WORCESTER,NORTHBOROUGH,118,Tanneries,1,,4800,3,,,leather tanned and curried
WORCESTER,NORTHBRIDGE,120,Tanneries,1,,,6,,,leather tanned and curried
WORCESTER,PAXTON,123,Tanneries,1,,2000,2,,,leather tanned and curried
WORCESTER,PETERSHAM,124,Tanneries,2,,2600,3,,,leather tanned and curried
WORCESTER,PRINCETON,125,Tanneries,2,,8000,8,,,leather tanned and curried
WORCESTER,SPENCER,131,Tanneries,1,,,5,,,leather tanned and curried
WORCESTER,STERLING,132,Tanneries,1,,3500,3,,,leather tanned and curried
WORCESTER,TEMPLETON,136,Tanneries,3,,7500,8,,,leather tanned and curried
WORCESTER,UXBRIDGE,138,Tanneries,1,,5000,4,,,leather tanned and curried
WORCESTER,WINCHENDON,144,Tanneries,1,,10000,6,,,leather tanned and curried
WORCESTER,WORCESTER,147,distributed,,,1600,4,,,Letter Presses
WORCESTER,LEOMINSTER,112,Flouring Mills,1,,2000,1,,,flour
WORCESTER,UXBRIDGE,138,woods,,,,5,,,Lumber
WORCESTER,NORTHBRIDGE,120,woods,,,,2,,,Lumber
WORCESTER,RUTLAND,127,woods,,,,15,,,Lumber
WORCESTER,ASHBURNHAM,87,woods,,,1600,7,,,Lumber
WORCESTER,WESTBOROUGH,142,woods,,,,2,,,Lumber
WORCESTER,ATHOL,88,woods,,,,50,,,Lumber
WORCESTER,AUBURN,90,woods,,,,3,,,Lumber
WORCESTER,BERLIN,92,woods,,,,3,,,Lumber
WORCESTER,BLACKSTONE,93,woods,,,,5,,,Lumber
WORCESTER,BOLTON,94,woods,,,,6,,,Lumber
WORCESTER,BOYLSTON,95,woods,,,,20,,,Lumber
WORCESTER,BROOKFIELD,96,woods,,,,10,,,Lumber
WORCESTER,CHARLTON,97,woods,,,,15,,,Lumber
WORCESTER,DANA,98,woods,,,,18,,,Lumber
WORCESTER,DOUGLAS,99,woods,,,,34,,,Lumber
WORCESTER,FITCHBURG,102,woods,,,,29,,,Lumber
WORCESTER,HOLDEN,107,woods,,,,40,,,Lumber
WORCESTER,HUBBARDSTON,108,woods,,,,35,,,Lumber
WORCESTER,LANCASTER,109,woods,,,,25,,,Lumber
WORCESTER,LEICESTER,110,woods,,,,7,,,Lumber
WORCESTER,LEOMINSTER,112,woods,,,,15,,,Lumber
WORCESTER,MENDON,114,woods,,,,3,,,Lumber
WORCESTER,MILFORD,115,woods,,,,6,,,Lumber
WORCESTER,OAKHAM,121,woods,,,,10,,,Lumber
WORCESTER,OXFORD,122,woods,,,,13,,,Lumber
WORCESTER,PAXTON,123,woods,,,,4,,,Lumber
WORCESTER,PETERSHAM,124,woods,,,,18,,,Lumber
WORCESTER,PRINCETON,125,woods,,,,16,,,Lumber
WORCESTER,SOUTHBRIDGE,130,woods,,,,,15,,Lumber
WORCESTER,SPENCER,131,woods,,,,31,,,Lumber
WORCESTER,STERLING,132,woods,,,,12,,,Lumber
WORCESTER,TEMPLETON,136,woods,,,,35,,,Lumber
WORCESTER,UPTON,137,woods,,,,10,,,Lumber
WORCESTER,WARREN,139,woods,,,,8,,,Lumber
WORCESTER,WEBSTER,140,woods,,,,6,,,Lumber
WORCESTER,WESTBOROUGH,143,woods,,,,1,,,Lumber
WORCESTER,WESTMINSTER,144,woods,,,,4,,,Lumber
WORCESTER,WINCHENDON,144,woods,,,,18,,,Lumber
WORCESTER,WORCESTER,146,woods,,,,8,,,Lumber
WORCESTER,STURBRIDGE,133,woods,,,,8,,,Lumber
WORCESTER,WORCESTER,147,distributed,,,5000,4,,,Machine Card Presses
WORCESTER,LEICESTER,110,Establishments Cotton Woollen or other Machinery,3,,4000,8,,,machinery
WORCESTER,WORCESTER,145,Establishments Cotton Woollen or other Machinery,12,,89800,239,,,machinery
WORCESTER,WINCHENDON,144,Establishments Cotton Woollen or other Machinery,2,,2,15,,,machinery
WORCESTER,MILLBURY,116,Establishments Cotton Woollen or other Machinery,2,,11000,20,,,machinery
WORCESTER,NORTHBRIDGE,119,Establishments Cotton Woollen or other Machinery,2,,22000,93,,,machinery
WORCESTER,TEMPLETON,135,Establishments Cotton Woollen or other Machinery,1,,1,7,,,machinery
WORCESTER,ATHOL,88,Establishments Cotton Woollen or other Machinery,3,,2250,6,,,machinery
WORCESTER,BARRE,91,Establishments Cotton Woollen or other Machinery,1,,1000,4,,,machinery
WORCESTER,FITCHBURG,101,Establishments Cotton Woollen or other Machinery,1,,4000,7,,,machinery
WORCESTER,GRAFTON,103,Establishments Cotton Woollen or other Machinery,1,,5000,25,,,machinery
WORCESTER,LANCASTER,109,Establishments Cotton Woollen or other Machinery,1,,10000,15,,,machinery
WORCESTER,AUBURN,89,Establishments Cotton Woollen or other Machinery,1,,1000,12,,,machinery
WORCESTER,WORCESTER,147,quarries,,,2200,7,,,Marble Monuments
WORCESTER,HARVARD,105,quarries,,,,7439,,,Marble prepared
WORCESTER,ATHOL,89,distributed,,,500,4,,,Match  Boxes  and  Sticks
WORCESTER,OXFORD,122,distributed,,,,16,,,Mathematical Instruments
WORCESTER,LEOMINSTER,112,distributed,,,,1,,,Mechanics' Tools
WORCESTER,MILLBURY,117,distributed,,,,5,,,Mechanics' Tools
WORCESTER,NORTHBRIDGE,120,distributed,,,,1,,,Mechanics' Tools
WORCESTER,WESTMINSTER,144,distributed,,,,1,,,Mechanics' Tools
WORCESTER,WORCESTER,146,distributed,,,,8,,,Mechanics' Tools
WORCESTER,LANCASTER,109,distributed,,,,1,,,Mechanics' Tools
WORCESTER,SUTTON,135,distributed,,,,7,,,Mechanics' Tools
WORCESTER,UPTON,137,distributed,,,,2,,,Mechanics' Tools
WORCESTER,TEMPLETON,136,distributed,,,3500,5,,,Cards and Boxes
WORCESTER,WORCESTER,145,Mills for Carpeting,1,,1,,,,Carpeting 
WORCESTER,ASHBURNHAM,86,Musical Instrument Manufactories,1,,,1,,,Musical Instrument
WORCESTER,WORCESTER,147,distributed,,,100,1,,,Musical Instruments
WORCESTER,MILLBURY,116,Establishments for Fire Arms,1,,,,,,muskets
WORCESTER,WORCESTER,147,distributed,,,1000,2,,,Nuts and Washers
WORCESTER,TEMPLETON,136,distributed,,,,6,,,Packing Boxes
WORCESTER,ASHBURNHAM,87,distributed,,,4000,19,,,Pails
WORCESTER,BERLIN,92,distributed,,,,,,11,Palm Leaf  Baskets
WORCESTER,HARDWICK,105,distributed,,,,,,480,Palm+AC0-leaf Hats
WORCESTER,ATHOL,88,distributed,,,,,,500,Palm+AC0-leaf Hats
WORCESTER,BARRE,91,distributed,,,,,,415,Palm+AC0-leaf Hats
WORCESTER,BROOKFIELD,96,distributed,,,,,,44,Palm+AC0-leaf Hats
WORCESTER,DANA,98,distributed,,,,,,187,Palm+AC0-leaf Hats
WORCESTER,HARVARD,105,distributed,,,,,,12,Palm+AC0-leaf Hats
WORCESTER,HOLDEN,107,distributed,,,,,,15,Palm+AC0-leaf Hats
WORCESTER,HUBBARDSTON,108,distributed,,,,,,200,Palm+AC0-leaf Hats
WORCESTER,LANCASTER,109,distributed,,,,,,100,Palm+AC0-leaf Hats
WORCESTER,LEOMINSTER,112,distributed,,,,,,1,Palm+AC0-leaf Hats
WORCESTER,OAKHAM,121,distributed,,,125,2,,,Palm+AC0-leaf Hats
WORCESTER,PETERSHAM,124,distributed,,,,,,229,Palm+AC0-leaf Hats
WORCESTER,RUTLAND,127,distributed,,,,,,200,Palm+AC0-leaf Hats
WORCESTER,SPENCER,131,distributed,,,,,,68,Palm+AC0-leaf Hats
WORCESTER,WINCHENDON,144,distributed,,,,,,190,Palm+AC0-leaf Hats
WORCESTER,OAKHAM,121,distributed,,,200,1,,,Palm+AC0-leaf Twist for Matresses
WORCESTER,STERLING,132,distributed,,,,,,225,Palm+AC0-leaf Hats
WORCESTER,TEMPLETON,136,distributed,,,,,,160,Palm+AC0-leaf Hats
WORCESTER,ATHOL,89,distributed,,,300,3,,,Palm+AC0-leaf Hats
WORCESTER,LUNENBURG,113,distributed,,,,,,226,Palm+AC0-leaf Hats
WORCESTER,WORCESTER,147,distributed,,,2500,7,,,Paper Hangings
WORCESTER,WORCESTER,147,distributed,,,3000,5,,,Patent Water Wheels
WORCESTER,OAKHAM,121,woods,,,500,2,,,Plough Timber prepared
WORCESTER,OAKHAM,121,Plough Manufactories,1,,300,1,,,ploughs and other agricultural tools
WORCESTER,WORCESTER,146,Plough Manufactories,1,,10000,35,,,ploughs and other agricultural tools
WORCESTER,LEOMINSTER,111,Axe Manufactories,1,,50,12,,,ploughs
WORCESTER,ATHOL,88,Plough Manufactories,1,,1000,6,,,ploughs and other agricultural tools
WORCESTER,PETERSHAM,124,Plough Manufactories,1,,700,1,,,ploughs and other agricultural tools
WORCESTER,PRINCETON,125,Plough Manufactories,1,,150,1,,,ploughs and other agricultural tools
WORCESTER,STURBRIDGE,133,Plough Manufactories,1,,150,1,,,ploughs and other agricultural tools
WORCESTER,SUTTON,134,Plough Manufactories,1,,1000,4,,,ploughs and other agricultural tools
WORCESTER,BOLTON,94,Plough Manufactories,1,,200,1,,,ploughs and other tools
WORCESTER,FITCHBURG,101,Plough Manufactories,1,,1500,1,,,ploughs and other agricultural tools
WORCESTER,SPENCER,131,Powder Mills,1,,,4,,,powder
WORCESTER,BARRE,91,Powder  Mills,1,,3000,3,,,powder
WORCESTER,OAKHAM,121,woods,,,100,2,,,Powder Kegs
WORCESTER,BARRE,91,Establishments for Rail+AC0-road Cars and other Vehicles,5,,4000,14,,,rail+AC0-road cars and other vehi+//0Awv/9AK0- lbs.
WORCESTER,CHARLTON,97,Establishments for Rail+AC0-road Cars and other Vehicles,1,,1,2,,,rail+AC0-road cars and other vehicles
WORCESTER,BOLTON,94,Establishments for Rail+AC0-road Cars and other Vehicles,3,,2000,6,,,rail+AC0-road cars and other vehicles
WORCESTER,WORCESTER,147,distributed,,,1500,25,,,Reeds and Harnesses
WORCESTER,NORTHBOROUGH,118,Establishments for Fire Arms,1,,,7,,,rifles
WORCESTER,FITCHBURG,101,Establishments for Fire Arms,1,,150,1,,,rifles and fowling+AC0-pieces
WORCESTER,MILFORD,114,Saddle and Harness Manufactories,1,,100,1,,,Saddle and Harness
WORCESTER,TEMPLETON,136,Saddle Hame and Trunk Manufactories,111,,300,2,,,Saddle Hame and Trunk
WORCESTER,HARVARD,105,Saddle Harness and Trunk Manufactories,1,,400,2,,,Saddle Harness and Trunk
WORCESTER,WINCHENDON,144,Saddle Harness and Trunk Manufactories,1,,500,2,,,Saddle Harness and Trunk
WORCESTER,HUBBARDSTON,108,Saddle Harness and Trunk Manufactories,1,,100,2,,,Saddle Harness and Trunk
WORCESTER,MILLBURY,116,Saddle Harness and Trunk Manufactories,1,,,1,,,Saddle Harness and Trunk
WORCESTER,SOUTHBRIDGE,130,Saddle Harness and Trunk Manufactories,1,,500,,2,,Saddle Harness and Trunk
WORCESTER,WEBSTER,140,Saddle Harness and Trunk Manufactories,1,,,1,,,Saddle Harness and Trunk
WORCESTER,NORTHBOROUGH,118,Saddle Harness and Trunk Manufactories,1,,200,2,,,Saddle Harness and Trunk
WORCESTER,ASHBURNHAM,87,Saddle Harness and Trunk Manufactories,1,,250,1,,,Saddle Harness and Trunk
WORCESTER,FITCHBURG,101,Saddle Harness and Trunk Manufactories,3,,2450,9,,,Saddle Harness and Trunk
WORCESTER,HOLDEN,107,Saddle Harness and Trunk Manufactories,2,,1000,4,,,Saddle Harness and Trunk
WORCESTER,LANCASTER,109,Saddle Harness and Trunk Manufactories,1,,200,2,,,Saddle Harness and Trunk
WORCESTER,MENDON,113,Saddle Harness and Trunk Manufactories,1,,100,1,,,Saddle Harness and Trunk
WORCESTER,OAKHAM,121,Saddle Harness and Trunk Manufactories,1,,400,,,,Saddle Harness and Trunk
WORCESTER,OXFORD,122,Saddle Harness and Trunk Manufactories,1,,200,2,,,Saddle Harness and Trunk
WORCESTER,UPTON,137,Saddle Harness and Trunk Manufactories,1,,500,3,,,Saddle Harness and Trunk
WORCESTER,UXBRIDGE,138,Saddle Harness and Trunk Manufactories,2,,300,3,,,Saddle Harness and Trunk
WORCESTER,WESTBOROUGH,142,Saddle Harness and Trunk Manufactories,1,,250,1,,,Saddle Harness and Trunk
WORCESTER,WESTBOROUGH,141,Saddle Harness and Trunk Manufactories,1,,,,,,Saddle Harness and Trunk
WORCESTER,WESTMINSTER,143,Saddle Harness and Trunk Manufactories,3,,825,3,,,Saddle Harness and Trunk
WORCESTER,WORCESTER,146,Saddle Harness and Trunk Manufactories,4,,2000,12,,,Saddle Harness and Trunk
WORCESTER,SUTTON,134,Saddle Harness and Trunk Manufactories,1,,,2,,,Saddle Harness and Trunk
WORCESTER,ATHOL,88,Saddle Harness and Trunk Manufactories,1,,250,1,,,Saddle Harness and Trunk
WORCESTER,BLACKSTONE,93,Saddle Harness and Trunk Manufactories,1,,200,2,,,Saddle Harness and Trunk
WORCESTER,BARRE,91,Saddle Harness and Trunk Manufactories,1,,500,2,,,Saddle Harness and Trunk
WORCESTER,BOLTON,94,Saddle Harness and Trunk Manufactories,1,,978,1,,,Saddle Harness and Trunk
WORCESTER,DUDLEY,99,Saddle Harness and Trunk Manufactories,1,,700,1,,,Saddle Harness and Trunk
WORCESTER,MILLBURY,117,Sash Door and Blind Manufactories,1,,3000,10,,,Sash Door and Blind
WORCESTER,DANA,98,distributed,,,600,1,,,Sashes and Blinds
WORCESTER,BERLIN,92,Sash Door and Blind Manufactories,1,,2500,5,,,sashes blinds and doors
WORCESTER,WORCESTER,147,distributed,,,8500,,,,sashes blinds and doors
WORCESTER,UXBRIDGE,138,Woollen  Mills,5,,137000,,107,83,satinet
WORCESTER,OAKHAM,121,Woollen Mills,1,,100,,1,,satinet
WORCESTER,RUTLAND,127,Woollen Mills,1,,,,6,5,satinet
WORCESTER,ASHBURNHAM,87,distributed,,,200,1,,,Scythe Irons
WORCESTER,WARREN,139,Scythe Manufactories,1,,5000,8,,,scythes
WORCESTER,BARRE,91,Scythe Manufactories,1,,1000,2,,,scythes
WORCESTER,BLACKSTONE,93,Scythe Manufactories,1,,18000,25,,,scythes
WORCESTER,LEICESTER,110,Scythe Manufactories,1,,1500,19,,,scythes
WORCESTER,ATHOL,88,Scythe Manufactories,2,,3590,8,,,scythes
WORCESTER,FITCHBURG,101,Scythe Manufactories,2,,19250,35,,,scythes
WORCESTER,GRAFTON,104,Scythe Manufactories,1,,200,1,,,scythes
WORCESTER,SPENCER,131,Scythe Manufactories,2,,,3,,,scythes
WORCESTER,SUTTON,134,Scythe Manufactories,1,,2000,,,,scythes
WORCESTER,WINCHENDON,144,Cotton Mills,1,,30000,,39,50,sheetings and drillings
WORCESTER,HARVARD,106,Shingle Mills,2,,,,,,Shingle  Mills
WORCESTER,BROOKFIELD,97,Shingle Mills,30,,,,,,Shingles
WORCESTER,ATHOL,89,woods,,,1000,4,,,Shingles
WORCESTER,ATHOL,89,distributed,,,1250,9,,,Shoe and other Boxes
WORCESTER,OAKHAM,121,distributed,,,,,50,,Shoe bottoms
WORCESTER,NORTHBRIDGE,120,distributed,,,1000,4,,,Shoe Boxes and Lasts
WORCESTER,MILFORD,115,distributed,,,,2,,,Shoe Pegs
WORCESTER,BERLIN,92,distributed,,,,,5,6,Shoes
WORCESTER,CHARLTON,97,distributed,,,,,2,2,Shoes
WORCESTER,PRINCETON,125,distributed,,,,,85,15,Shoes
WORCESTER,SHREWSBURY,128,distributed,,,,,170,162,Shoes
WORCESTER,LANCASTER,109,Shovel Spade Fork and Hoe Manufactories,1,,500,3,,,shovels
WORCESTER,WORCESTER,147,distributed,,,3000,11,,,Sieves and Wire Work
WORCESTER,WORCESTER,147,distributed,,,500,2,,,Silver Plated Ware
WORCESTER,NORTHBOROUGH,119,Establishments for Sleighs,1,,,2,,,sleighs
WORCESTER,PHILLIPSTON,125,distributed,,,,2,,,sleighs
WORCESTER,BOLTON,94,distributed,,,2185,22003,,,Snuff Tobacco and Cigars
WORCESTER,WORCESTER,146,distributed,,,4000,8,,,Snuff Tobacco and Cigars
WORCESTER,WORCESTER,146,Soap and Tallow Candle Manufactories,2,,2000,4,,,soap
WORCESTER,MILFORD,114,Soap  Manufactories,2,,100,2,,,soap
WORCESTER,SOUTHBRIDGE,130,Soap and Tallow Candle Manufactories,1,,750,,2,,soap
WORCESTER,WEBSTER,140,Soap and Tallow Candle Manufactories,1,,1,1,,,soap
WORCESTER,SOUTHBRIDGE,130,Cotton Mills,6,,135000,,135,141,spindles
WORCESTER,ASHBURNHAM,86,Cotton Mills,1,,10000,10,,9,spindles
WORCESTER,ATHOL,88,Cotton Mills,1,,13000,,13,13,spindles
WORCESTER,AUBURN,89,Cotton Mills,2,,35500,34,,30,spindles
WORCESTER,CHARLTON,97,Cotton Mills,1,,4500,,5,4,spindles
WORCESTER,DOUGLAS,98,Cotton Mills,2,,21000,,54,70,spindles
WORCESTER,GRAFTON,103,Cotton Mills,6,,180000,209,176,,spindles
WORCESTER,LANCASTER,109,Cotton Mills,1,,30000,,,19,spindles
WORCESTER,NORTHBOROUGH,118,Cotton Mills,2,,27500,,19,30,spindles
WORCESTER,PHILLIPSTON,124,Cotton Mills,1,,1,,7,12,spindles
WORCESTER,STURBRIDGE,133,Cotton Mills,4,,132000,,90,187,spindles
WORCESTER,SUTTON,134,Cotton Mills,4,,100000,,110,126,spindles
WORCESTER,WEBSTER,140,Cotton Mills,3,,143500,,109,127,spindles
WORCESTER,WESTBOROUGH,142,Cotton Mills,6,,67500,,76,96,spindles
WORCESTER,OAKHAM,121,woods,,,,1,,,Square Timber prepared
WORCESTER,LEOMINSTER,111,Paper Manufactories,2,,30000,24,,,Rag stock consumed
WORCESTER,HARVARD,105,Paper Manufactories,3,,6000,5,,,Rag stock consumed
WORCESTER,MILLBURY,116,Paper Manufactories,1,,5000,6,,,Rag stock consumed
WORCESTER,ATHOL,88,Paper Manufactories,1,,5000,5,,,Rag stock consumed
WORCESTER,FITCHBURG,101,Paper Manufactories,3,,33000,21,,,Rag stock consumed
WORCESTER,WORCESTER,146,Paper Manufactories,1,,11000,12,,,Rag stock consumed
WORCESTER,SHREWSBURY,128,distributed,,,,,,2,Straw Bonnets
WORCESTER,MENDON,113,distributed,,,,,,50,Straw Braid
WORCESTER,MILFORD,114,distributed,,,,,,154,Straw Bonnets
WORCESTER,DOUGLAS,99,distributed,,,,,,56,Straw Bonnets and Hats
WORCESTER,SOUTHBOROUGH,129,distributed,,,,,,33,Straw Bonnets and Hats
WORCESTER,UPTON,137,distributed,,,,,,200,Straw Bonnets and Hats
WORCESTER,WESTBOROUGH,141,distributed,,,,,,20,Straw Bonnets and Hats
WORCESTER,WESTMINSTER,143,distributed,,,,,,51,Straw Bonnets and Hats
WORCESTER,WORCESTER,146,distributed,,,,,,10,Straw Bonnets and Hats
WORCESTER,BOYLSTON,95,distributed,,,,,,3,Straw Braid
WORCESTER,FITCHBURG,102,distributed,,,,,,60,Straw Braid
WORCESTER,GRAFTON,104,distributed,,,,,,2,Straw Braid
WORCESTER,BOLTON,94,distributed,,,,,,2,Straw Braid
WORCESTER,WESTBOROUGH,142,distributed,,,10,,,,Straw Cutters
WORCESTER,BROOKFIELD,96,distributed,,,50,,,,Straw Cutters
WORCESTER,UXBRIDGE,138,distributed,,,,,,12,Straw Bonnets and Hats
WORCESTER,FITCHBURG,101,Soap and Tallow Candle Manufactories,1,,2000,3,,,tallow candles
WORCESTER,ASHBURNHAM,87,Tanneries,4,,13000,9,,,leather 
WORCESTER,ATHOL,88,Tanneries,2,,10320,10,,,leather 
WORCESTER,AUBURN,90,Tanneries,1,,1200,3,,,leather 
WORCESTER,HUBBARDSTON,108,Tanneries,2,,3000,5,,,leather 
WORCESTER,DANA,98,Tanneries,1,,,,,,leather 
WORCESTER,ASHBURNHAM,87,distributed,,,2000,8,,,Thread Spools
WORCESTER,UXBRIDGE,138,Tin Copper and Sheet Iron Manufactories,1,,6000,4,,,Tin Copper and Sheet Iron
WORCESTER,ATHOL,88,Furnaces for Hollow Ware and Castings other than Pig Iron,2,,2000,6,,,
WORCESTER,GRAFTON,104,Shoe Tool Manufactories,1,,3000,8,,,tools
WORCESTER,WORCESTER,147,distributed,,,1000,1,,,Trusses
WORCESTER,WORCESTER,147,distributed,,,3000,6,,,Umbrellas
WORCESTER,BARRE,91,Upholstery Manufactories,2,,1000,5,,,upholstery
WORCESTER,FITCHBURG,101,Upholstery Manufactories,1,,1000,1,,,upholstery
WORCESTER,WESTMINSTER,143,Establishments for Rail+AC0-road Cars and other Vehicles,2,,1000,8,,,vehicles
WORCESTER,HUBBARDSTON,108,Establishments for Rail+AC0-road Cars and other Vehicles,2,,500,5,,,vehicles
WORCESTER,WINCHENDON,144,Establishments for Rail+AC0-road Cars and other Vehicles,1,,1,,,,vehicles
WORCESTER,HARVARD,105,Establishments for Rail+AC0-road Cars and other Vehicles,4,,1200,6,,,vehicles
WORCESTER,MENDON,113,Establishments for Rail+AC0-road Cars and other Vehicles,4,,1200,9,,,vehicles
WORCESTER,PETERSHAM,124,Establishments for Rail+AC0-road Cars and other Vehicles,4,,1000,4,,,vehicles
WORCESTER,MILLBURY,116,Establishments for Rail+AC0-road Cars and other Vehicles,1,,1000,13,,,vehicles
WORCESTER,RUTLAND,127,Establishments for Rail+AC0-road Cars and other Vehicles,2,,2000,12,,,vehicles
WORCESTER,STERLING,132,Establishments for Rail+AC0-road Cars and other Vehicles,2,,400,3,,,vehicles
WORCESTER,TEMPLETON,136,Establishments for Rail+AC0-road Cars and other Vehicles,1,,1,1,,,vehicles
WORCESTER,UPTON,137,Establishments for Rail+AC0-road Cars and other Vehicles,2,,500,2,,,vehicles
WORCESTER,WEBSTER,140,Establishments for Rail+AC0-road Cars and other Vehicles,1,,1,3,,,vehicles
WORCESTER,WESTBOROUGH,143,Establishments for Rail+AC0-road Cars and other Vehicles,1,,100,1,,,vehicles
WORCESTER,WESTBOROUGH,141,Establishments for Rail+AC0-road Cars and other Vehicles,12,,1000,15,,,vehicles
WORCESTER,MILLBURY,117,Establishments for Rail+AC0-road Cars and other Vehicles,1,,1200,3,,,vehicles
WORCESTER,NORTHBRIDGE,120,Establishments for Rail+AC0-road Cars and other Vehicles,1,,,5,,,vehicles
WORCESTER,STURBRIDGE,133,Establishments for Wagons Sleighs and other Vehicles,2,,2125,10,,,vehicles
WORCESTER,FITCHBURG,101,Establishments for Rail+AC0-road Cars and other Vehicles,5,,7300,24,,,vehicles
WORCESTER,LEOMINSTER,111,Establishments for Rail+AC0-road Cars and other Vehicles,1,,1000,2,,,vehicles
WORCESTER,LUNENBURG,113,Establishments for Wagons Sleighs and other Vehicles,1,,300,3,,,vehicles
WORCESTER,UXBRIDGE,138,distributed,,,3000,12,,,vehicles
WORCESTER,DANA,98,distributed,,,1800,5,,,Wagon Spokes
WORCESTER,BLACKSTONE,93,Establishments for Wagons,5,,2100,6,,,wagons
WORCESTER,GRAFTON,104,Wagon Manufactories,1,,300,2,,,wagons
WORCESTER,MILFORD,114,Cabinet Ware Manufactories,1,,100,2,,,Tin ware
WORCESTER,MILFORD,114,Tin Ware Manufactories,1,,100,1,,,Tin ware
WORCESTER,MILLBURY,116,Tin Ware Manufactories,1,,200,1,,,Tin ware
WORCESTER,HUBBARDSTON,108,Tin Ware Manufactories,1,,200,1,,,Tin ware
WORCESTER,LANCASTER,109,Tin Ware Manufactories,1,,500,1,,,Tin ware
WORCESTER,PETERSHAM,124,Tin Ware Manufactories,1,,1000,1,,,Tin ware
WORCESTER,ATHOL,88,Tin Ware Manufactories,1,,500,4,,,Tin ware
WORCESTER,LEOMINSTER,111,Tin Ware Manufactories,1,,2000,3,,,Tin ware
WORCESTER,OXFORD,122,Tin Ware Manufactories,1,,100,2,,,Tin ware
WORCESTER,SOUTHBRIDGE,130,Tin Ware Manufactories,1,,3000,3,,,Tin ware
WORCESTER,WESTBOROUGH,141,Tin Ware Manufactories,1,,500,2,,,Tin ware
WORCESTER,BARRE,91,Tin Ware Manufactories,1,,1200,5,,,Tin ware
WORCESTER,FITCHBURG,101,Tin Ware Manufactories,2,,1800,4,,,Tin ware
WORCESTER,GRAFTON,104,Tin Ware Manufactories,2,,500,2,,,Tin ware
WORCESTER,LEICESTER,110,Tin Ware Manufactories,1,,500,3,,,Tin ware
WORCESTER,TEMPLETON,136,Tin Ware Manufactories,1,,2000,8,,,Tin ware
WORCESTER,WEBSTER,140,Tin Ware Manufactories,2,,5000,3,,,Tin ware
WORCESTER,WORCESTER,146,Tin Ware Manufactories,6,,8600,26,,,Tin ware
WORCESTER,STURBRIDGE,133,Tin Ware Manufactories,1,,300,1,,,Tin ware
WORCESTER,SOUTHBRIDGE,130,distributed,,,3000,13,,,Water+AC0-Twisted  Kersey
WORCESTER,MILFORD,115,Wheelwrights,,,,2,,,wheels
WORCESTER,CHARLTON,97,distributed,,,,1,,,Whips
WORCESTER,HOLDEN,107,distributed,,,,1,,,Whips
WORCESTER,WORCESTER,146,distributed,,,,2,,,Whips
WORCESTER,ATHOL,89,distributed,,,350,,2,,Window Blind Slats
WORCESTER,WORCESTER,147,distributed,,,400,3,,,Window Blind Hangings and Fastenings
WORCESTER,ATHOL,89,distributed,,,300,,2,,Window Blinds
WORCESTER,MILFORD,115,distributed,,,,1,,,Window Blinds
WORCESTER,ATHOL,89,distributed,,,500,,,,Window Sashes
WORCESTER,MILFORD,115,distributed,,,,1,,,Window Sashes
WORCESTER,LEICESTER,111,Wire Mills,1,,1800,4,,,wire
WORCESTER,SPENCER,132,Wire Mills,2,,3000,6,,,wire
WORCESTER,OAKHAM,121,distributed,,,300,2,,,Wire Sieves
WORCESTER,GRAFTON,104,Wood Screw Manufactories,1,,400,2,,,Wood Screw
WORCESTER,ROYALSTON,126,distributed,,,,24,,,Wooden Ware
WORCESTER,STERLING,132,distributed,,,,7,,,Wooden Ware
WORCESTER,ATHOL,88,distributed,,,,15,,,Wooden Ware
WORCESTER,BERLIN,92,distributed,,,,3,,,Wooden Ware
WORCESTER,HOLDEN,107,distributed,,,,1,,,Wooden Ware
WORCESTER,RUTLAND,127,distributed,,,,3,,,Wooden Ware
WORCESTER,TEMPLETON,136,distributed,,,,6,,,Wooden Ware
WORCESTER,WESTMINSTER,144,distributed,,,,5,,,Wooden Ware
WORCESTER,WINCHENDON,144,distributed,,,,10,,,Wooden Ware
WORCESTER,WORCESTER,146,distributed,,,,10,,,Wooden Ware
WORCESTER,MILLBURY,115,Woollen Mills,5,,100000,,102,73,wool consumed
WORCESTER,FITCHBURG,100,Woollen Mills,3,,48900,,73,59,wool consumed
WORCESTER,PHILLIPSTON,124,Woollen Mills,1,,,,5,3,wool consumed
WORCESTER,ROYALSTON,126,Woollen Mills,2,,,,31,25,wool consumed
WORCESTER,SPENCER,131,Woollen Mills,1,,,,4,3,wool consumed
WORCESTER,BARRE,90,Woollen Mills,2,,77500,,53,42,wool consumed
WORCESTER,BLACKSTONE,93,Woollen Mills,7,,583500,,361,153,wool consumed
WORCESTER,CHARLTON,97,Woollen Mills,1,,2000,,3,2,wool consumed
WORCESTER,DUDLEY,99,Woollen Mills,3,,43000,,51,52,wool consumed
WORCESTER,HOLDEN,107,Woollen Mills,2,,9000,,13,5,wool consumed
WORCESTER,LANCASTER,109,Woollen Mills,1,,4000,,5,1,wool consumed
WORCESTER,LEICESTER,110,Woollen Mills,7,,152000,,114,70,wool consumed
WORCESTER,NORTHBRIDGE,120,Woollen Mills,1,,2500,,3,2,wool consumed
WORCESTER,OXFORD,122,Woollen Mills,2,,65000,,74,38,wool consumed
WORCESTER,PETERSHAM,123,Woollen Mills,1,,1500,,6,2,wool consumed
WORCESTER,SOUTHBRIDGE,130,Woollen Mills,1,,300000,,125,130,wool consumed
WORCESTER,SUTTON,134,Woollen Mills,1,,6000,,10,12,wool consumed
WORCESTER,WORCESTER,145,Woollen Mills,6,,,,72,61,wool consumed
WORCESTER,WEBSTER,140,Woollen Mills,1,,,,74,40,wool consumed
WORCESTER,TEMPLETON,135,Woollen Mills,2,,100000,,75,64,wool consumed
WORCESTER,BLACKSTONE,93,Forges,4,,1500,10,,,wrought iron
WORCESTER,FITCHBURG,101,Forges,1,,2000,3,,,wrought iron
WORCESTER,MILLBURY,116,Manufactories  Shovels Spades Forks and Hoes,1,,2000,9,,,
WORCESTER,TEMPLETON,135,Manufactories  Shovels Spades Forks and Hoes,1,,,2,,,
WORCESTER,ATHOL,89,distributed,,,500,,7,3,Palm Leaf  Split
WORCESTER,WORCESTER,148,distributed,,,60000,51,,,card wire
