city,page,manufacturing site,number  factories,vessels,number  vessels,vessel tonnage,capital,employeeS,employeesM,employeesF,siteIncome,goods0,value0,quantity0,units0,goods1,value1,quantity1,units1,goods2,value2,quantity2,units2,goods3,value3,quantity3,units3,goods4,value4,quantity4,units4,goods5,value5,quantity5,units5,goods6,value6,quantity6,units6,goods7,value7,quantity7,units7,goods8,value8,quantity8,units8,goods9,value9,quantity9,units9,goods10,value10,quantity10,units10,goods11,value11,quantity11,units11
,8,,,,,,,,,,,,,,,,,,,,,,,,,,,,,,,,,,,,,,,,,,,,,,,,,,,,,,,,,,
AMESBURY,8,,,,,,,,,,,,,,,,,,,,,,,,,,,,,,,,,,,,,,,,,,,,,,,,,,,,,,,,,,
AMESBURY,8,Woollen Mills,3,,,,204000,,94,92,,wool consumed,1400,414000,lbs,cassimere,65000,2000,yds,satinet and tweeds,1600,110000,yds,Kentucky jeans,85750,5000,yds,flannel or blanketing,,327000,yds,,,,,,,,,,,,,,,,,,,,,,,,,,,,
AMESBURY,8,Saddle  and  Harness Manufactories,10,,,,2025,10,,,,Saddle  and  Harness,3715,,,,,,,,,,,,,,,,,,,,,,,,,,,,,,,,,,,,,,,,,,,,,,
AMESBURY,8,Hat and  Cap  Manufactories,2,,,,1200,4,,,,hats  and caps,1800,4400,,,,,,,,,,,,,,,,,,,,,,,,,,,,,,,,,,,,,,,,,,,,,
AMESBURY,8,Chaise Wagon and Sleigh Manufactories,55,,,,23090,112,,,,vehicles,66100,,,,,,,,,,,,,,,,,,,,,,,,,,,,,,,,,,,,,,,,,,,,,,
AMESBURY,9,,,,,,,,,,,,,,,,,,,,,,,,,,,,,,,,,,,,,,,,,,,,,,,,,,,,,,,,,,
AMESBURY,9,Tin  Ware Manufactories,1,,,,800,2,,,,ware,1500,,,,,,,,,,,,,,,,,,,,,,,,,,,,,,,,,,,,,,,,,,,,,,
AMESBURY,9,Comb Manufactories,1,,,,100,1,,,,combs,300,,,,,,,,,,,,,,,,,,,,,,,,,,,,,,,,,,,,,,,,,,,,,,
AMESBURY,9,Tanneries,3,,,,6675,17,,,,leather tanned. and curried,13150,,,,,,,,,,,,,,,,,,,,,,,,,,,,,,,,,,,,,,,,,,,,,,
AMESBURY,9,,,,,,,,73,64,,Boots,32440,2200,pairs,shoes,,63700,pairs,boots and shoes,,,,,,,,,,,,,,,,,,,,,,,,,,,,,,,,,,,,,,,
AMESBURY,9,,,,,,,2,,,,Bricks,800,200000,,,,,,,,,,,,,,,,,,,,,,,,,,,,,,,,,,,,,,,,,,,,,
AMESBURY,9,,,,,,,1,,,,Building Stone quarried and prepai:ed,133,,,,,,,,,,,,,,,,,,,,,,,,,,,,,,,,,,,,,,,,,,,,,,
AMESBURY,9,,,,,,,2,,,,Mechanics Tools,400,,,,,,,,,,,,,,,,,,,,,,,,,,,,,,,,,,,,,,,,,,,,,,
AMESBURY,9,,,,,,,12,,,,Lumber  prepared   market,2428,225000,feet,,,,,,,,,,,,,,,,,,,,,,,,,,,,,,,,,,,,,,,,,,,,
AMESBURY,9,,,,,,,12,,,,Fire Wood prepared  market,3303,820,cords,,,,,,,,,,,,,,,,,,,,,,,,,,,,,,,,,,,,,,,,,,,,
AMESBURY,9,,,Vessels launched,1,200,,10,,,,,4500,,,,,,,,,,,,,,,,,,,,,,,,,,,,,,,,,,,,,,,,,,,,,,
AMESBURY,9,,,,,,,2,,,,Boats built,300,1,,,,,,,,,,,,,,,,,,,,,,,,,,,,,,,,,,,,,,,,,,,,,
AMESBURY,9,,,,,,750,10,,,,Carriage Springs and Axletrees,7000,,,,,,,,,,,,,,,,,,,,,,,,,,,,,,,,,,,,,,,,,,,,,,
AMESBURY,9,,,,,,300,2,,,,Potter's ware,1000,,,,,,,,,,,,,,,,,,,,,,,,,,,,,,,,,,,,,,,,,,,,,,
AMESBURY,9,,,,,,200,4,,,,Horse Collars and Winkers,650,650,,V.   Horse Collars and Winkers,,,head,,,,,,,,,,,,,,,,,,,,,,,,,,,,,,,,,,,,,,,,
AMESBURY,9,,,,,,175,1,,,,Carriage Bows,175,,,,,,,,,,,,,,,,,,,,,,,,,,,,,,,,,,,,,,,,,,,,,,
AMESBURY,9,,,,,,,,,,,Sperm Oil consumed in manufactories,500,600,galls,other kinds  oil consumed,2000,3600,galls,anthra­ cite coal consumed in manufactories,1600,250,tons,­ eign bituminous consumed,80,10,tons,all other    American production excepting cotton wool  and iron consumed  in manufactories,10675,,,all other ar­ ticles  eign production excepting as above consumed in same,12000,,,,,,,,,,,,,,,,,,,,,,,,,,
AMESBURY,9,,,,,,,,,,,Sheep total,551,333,head,wool prod uced,311,933,lbs,,,,,,,,,,,,,,,,,,,,,,,,,,,,,,,,,,,,,,,,
AMESBURY,9,,,,,,,,,,,Horses,7615,148,head,neat cattle,15225,763,head,swine,5086,316,head,,,,,,,,,,,,,,,,,,,,,,,,,,,,,,,,,,,,
AMESBURY,9,,,,,,5869,,,,,Indian Corn or Maize raised,4402,5869,bush,wheat,600,316,bush,rye,490,612,bush,barley,317,317,bush,oats,443,1265,bush,potatoes,3483,20488,bush,other esculent vegetables,1373,2758,bush,mil­let,80,7,tons,hay,14810,1673,tons,,,,,,,,,,,,
AMESBURY,10,,,,,,,,,,,,,,,,,,,,,,,,,,,,,,,,,,,,,,,,,,,,,,,,,,,,,,,,,,
AMESBURY,10,,,,,,,,,,,Fruit  all  kinds raised,2972,19658,bush,hops,5,30,lbs,,,,,,,,,,,,,,,,,,,,,,,,,,,,,,,,,,,,,,,,
AMESBURY,10,,,,,,,,,,,Butter produced,5177,30456,lbs,cheese,800,13335,lbs,honey,40,200,lbs,beeswax,12,25,lbs,,,,,,,,,,,,,,,,,,,,,,,,,,,,,,,,
ANDOVER,10,,,,,,,,,,,,,,,,,,,,,,,,,,,,,,,,,,,,,,,,,,,,,,,,,,,,,,,,,,
ANDOVER,10,Cotton Spindles,3850,,,,3850,,,,,cotton consumed,,34000,lbs,,,,,,,,,,,,,,,,,,,,,,,,,,,,,,,,,,,,,,,,,,,,
ANDOVER,10,Woollen  Mills,7,,,,400000,216,,238,,wool consumed,470500,1042500,lbs,Flannel,160000,170205,yds,other goods,,,,,,,,,,,,,,,,,,,,,,,,,,,,,,,,,,,,,,,
ANDOVER,10,Mills    Worsted goods,1,,,,75000,,25,75,,goods,90000,450000,,,,,,,,,,,,,,,,,,,,,,,,,,,,,,,,,,,,,,,,,,,,,
ANDOVER,10,Furnaces    Castings other than pig iron,1,,,,4000,10,,,,castings,10500,150,tons,,,,,,,,,,,,,,,,,,,,,,,,,,,,,,,,,,,,,,,,,,,,
ANDOVER,10,Establishmen ts     Woollen Machinery,1,,,,15000,35,,,,ma­chinery,60000,,,,,,,,,,,,,,,,,,,,,,,,,,,,,,,,,,,,,,,,,,,,,,
ANDOVER,10,,,,,,,,,,,Axes and other edge tools,250,250,,,,,,,,,,,,,,,,,,,,,,,,,,,,,,,,,,,,,,,,,,,,,
ANDOVER,10,Saddle  and  Harness  Manufactories,2,,,,800,6,,,,Saddle  and  Harness,4250,,,,,,,,,,,,,,,,,,,,,,,,,,,,,,,,,,,,,,,,,,,,,,
ANDOVER,10,Hat and Cap Manufactories,1,,,,600,2,,,,hats and caps,2500,1200,,,,,,,,,,,,,,,,,,,,,,,,,,,,,,,,,,,,,,,,,,,,,
ANDOVER,10,,,,,,,4,,,,Wagons Sleighs and other vehicles,2000,,,,,,,,,,,,,,,,,,,,,,,,,,,,,,,,,,,,,,,,,,,,,,
ANDOVER,10,,,,,,30,,,,,N umber   Rail-road Cars,15000,30,,,,,,,,,,,,,,,,,,,,,,,,,,,,,,,,,,,,,,,,,,,,,
ANDOVER,10,Soap Manufactories,2,,,,1000,3,,,,soap,3600,900,bbls,,,,,,,,,,,,,,,,,,,,,,,,,,,,,,,,,,,,,,,,,,,,
ANDOVER,10,Chair and Cabinet-ware Manufactories,1,,,,800,5,,,,Chair and Cabinet-ware,1500,,,,,,,,,,,,,,,,,,,,,,,,,,,,,,,,,,,,,,,,,,,,,,
ANDOVER,10,Tin Ware and  Sheet Iron Manufactories,1,,,,1000,2,,,,ware,1000,,,,,,,,,,,,,,,,,,,,,,,,,,,,,,,,,,,,,,,,,,,,,,
ANDOVER,10,,,,,,,,62,34,,Boots,16000,730,pairs,shoes,,29500,pairs,,,,,,,,,,,,,,,,,,,,,,,,,,,,,,,,,,,,,,,,
ANDOVER,10,,,,,,,5,,,,Bricks,1395,310000,,,,,,,,,,,,,,,,,,,,,,,,,,,,,,,,,,,,,,,,,,,,,
ANDOVER,10,,,,,,,,,,,pumps,125,,,,,,,,,,,,,,,,,,,,,,,,,,,,,,,,,,,,,,,,,,,,,,
ANDOVER,10,,,,,,,,,,,Lumber prepared,2500,200000,feet,,,,,,,,,,,,,,,,,,,,,,,,,,,,,,,,,,,,,,,,,,,,
ANDOVER,11,,,,,,,,,,,,,,,,,,,,,,,,,,,,,,,,,,,,,,,,,,,,,,,,,,,,,,,,,,
ANDOVER,11,,,,,,,,,,,Fire Wood prepared,15000,4730,cords,,,,,,,,,,,,,,,,,,,,,,,,,,,,,,,,,,,,,,,,,,,,
ANDOVER,11,,,,,,,,,,,Sperm Oil consumed in manufactories,2875,3150,galls,other kinds  oil consumed,7658,10940,galls,anthra­ cite coal consumed,1620,270,tons,eign bituminous coal,96,12,chaldrons,bleaching  powders,1250,50,casks,soda  ash,420,12,casks,dye stuffs con­ sumed,800,,,fire wood consumed,1000,,,all other   home production  excepting cotton wool and iron consumed,17000,,,all other eign productions excepting as above consumed,28900,,,,,,,,,,
ANDOVER,11,,,,,,,,,,,Sheep total,1200,619,head,Wool total,593,1914,lbs,,,,,,,,,,,,,,,,,,,,,,,,,,,,,,,,,,,,,,,,
ANDOVER,11,,,,,,,,,,,Horses,2100,459,head,neat  cattle,45750,2300,head,swine i,9936,86,head,,,,,,,,,,,,,,,,,,,,,,,,,,,,,,,,,,,,
ANDOVER,11,,,,,,17164,,,,,Indian Corn raised,12188,17164,bush,wheat,127,127,bush,rye,2113,2456,bush,barley,817,1796,bush,oats,3278,9769,bush,potatoes,12875,51548,bush,other esculent vegetables,1346,6731,bush,hay,44009,4826,tons,,,,,,,,,,,,,,,,
ANDOVER,11,,,,,,,,,,,Fruit  all kinds raised,6200,15426,bush,hops rais­ ed,44,400,lbs,,,,,,,,,,,,,,,,,,,,,,,,,,,,,,,,,,,,,,,,
ANDOVER,11,,,,,,,,,,,Butter produced,8977,59852,lbs,cheese,1059,17655,lbs,honey,31,175,lbs,,,,,,,,,,,,,,,,,,,,,,,,,,,,,,,,,,,,
ANDOVER,11,Mills    Shoe Thread Carpet Warp Baleing Twine Linen Yarn and Sail Twine,2,,,,75000,,7,55,,flax worked,73000,800000,lbs,goods,115000,,,,,,,,,,,,,,,,,,,,,,,,,,,,,,,,,,,,,,,,,,
BEVERLV,11,,,,,,,,,,,,,,,,,,,,,,,,,,,,,,,,,,,,,,,,,,,,,,,,,,,,,,,,,,
BEVERLV,11,ges,8,,,,3000,17,,,,bar iron anchors cables and other   wrought iron,7000,50,tons,,,,,,,,,,,,,,,,,,,,,,,,,,,,,,,,,,,,,,,,,,,,
BEVERLV,11,Britannia Ware Manufactories,8,,,,1350,13,,,,ware,10000,,,,,,,,,,,,,,,,,,,,,,,,,,,,,,,,,,,,,,,,,,,,,,
BEVERLV,11,Saddle Harness and Trunk Manufactories,1,,,,400,1,,,,Saddle Harness and Trunk,500,,,,,,,,,,,,,,,,,,,,,,,,,,,,,,,,,,,,,,,,,,,,,,
BEVERLV,12,,,,,,,,,,,,,,,,,,,,,,,,,,,,,,,,,,,,,,,,,,,,,,,,,,,,,,,,,,
BEVERLV,12,Hat and Cap Manufactories,1,,,,600,2,,,,hats and caps,1400,500,,,,,,,,,,,,,,,,,,,,,,,,,,,,,,,,,,,,,,,,,,,,,
BEVERLV,12,Cordage Manufactories,1,,,,3000,4,,,,cordage,3800,20,tons,,,,,,,,,,,,,,,,,,,,,,,,,,,,,,,,,,,,,,,,,,,,
BEVERLV,12,Establishments     Rail Road  Cars Coaches Chaises,4,,,,500,4,,,,same,1300,,,,,,,,,,,,,,,,,,,,,,,,,,,,,,,,,,,,,,,,,,,,,,
BEVERLV,12,Soap and Tallow Candle Manufactories,1,,,,5000,5,,,,soap,7500,25000,lbs,tallow candles,600,6000,lbs,,,,,,,,,,,,,,,,,,,,,,,,,,,,,,,,,,,,,,,,
BEVERLV,12,Chair and Cabinet Ware Manufactories,6,,,,1800,10,,,,.,4200,,,,,,,,,,,,,,,,,,,,,,,,,,,,,,,,,,,,,,,,,,,,,,
BEVERLV,12,Tin Ware Manufactories,1,,,,400,3,,,,.,1500,,,,,,,,,,,,,,,,,,,,,,,,,,,,,,,,,,,,,,,,,,,,,,
BEVERLV,12,Tanneries,1,,,,5000,6,,,,leather tanned and curried,6000,,,,,,,,,,,,,,,,,,,,,,,,,,,,,,,,,,,,,,,,,,,,,,
BEVERLV,12,,,,,,,,313,423,,Boots,110885,3630,pairs,shoes,,207250,pairs,boots and shoes,,,,,,,,,,,,,,,,,,,,,,,,,,,,,,,,,,,,,,,
BEVERLV,12,,,,,,,22,,,,Bricks,12000,2000000,,,,,,,,,,,,,,,,,,,,,,,,,,,,,,,,,,,,,,,,,,,,,
BEVERLV,12,,,,,,,1,,,,Blacking,60,,,,,,,,,,,,,,,,,,,,,,,,,,,,,,,,,,,,,,,,,,,,,,
BEVERLV,12,,,,,,,2,,,,Blocks and Pumps,800,,,,,,,,,,,,,,,,,,,,,,,,,,,,,,,,,,,,,,,,,,,,,,
BEVERLV,12,Brooms manufactured,256,,,,,,,,,Brooms manufactured,30,,,,,,,,,,,,,,,,,,,,,,,,,,,,,,,,,,,,,,,,,,,,,,
BEVERLV,12,,,,,,,4,,,,Lumber prepared,800,100,tons,,,,,,,,,,,,,,,,,,,,,,,,,,,,,,,,,,,,,,,,,,,,
BEVERLV,12,,,,,,,10,,,,Firewood prepared,2500,500,cords,,,,,,,,,,,,,,,,,,,,,,,,,,,,,,,,,,,,,,,,,,,,
BEVERLV,12,,,,,,,1,,,,Boats built,20,1,,,,,,,,,,,,,,,,,,,,,,,,,,,,,,,,,,,,,,,,,,,,,
BEVERLV,12,,,,,,,,,,,Sperm Oil consumed in Factories,300,300,galls,whale oil,800,1000,galls,anthracite coal consumed in facto­ ries,175,25,tons,bituminous  coal    U. S. consumed,400,50,chaldrons,other   home production excepting cot­ ton wool and iron consumed by factories,50500,,,eign productions excepting as above,200,,,,100,,,,,,,,,,,,,,,,,,,,,,
BEVERLV,12,,,Vessels employed in Mackerel and Cod Fisheries,46,3185,100000,322,,,,mackerel taken,200,20,bbls,codfish,67333,30000,quintals,salt consumed in fisheries,,36800,bush,,,,,,,,,,,,,,,,,,,,,,,,,,,,,,,,,,,,
BEVERLV,12,,,,,,,,,,,Sheep total,276,230,head,Wool total,,690,lbs,,,,,,,,,,,,,,,,,,,,,,,,,,,,,,,,,,,,,,,,
BEVERLV,12,,,,,,,,,,,Horses,11650,233,head,neat cattle,14360,718,head,swine,3345,669,head,,,,,,,,,,,,,,,,,,,,,,,,,,,,,,,,,,,,
BEVERLV,12,,,,,,9251,,,,,Indian Corn or Maize raised,6476,9251,bush,wheat,50,50,bush,rye,824,1030,bush,barley,643,1071,bush,oats,128,320,bush,potatoes,12000,30000,bush,other  esculent  vegetables,3570,11900,bush,hay,23400,2304,tons,,,,,,,,,,,,,,,,
BEVERLV,13,,,,,,,,,,,,,,,,,,,,,,,,,,,,,,,,,,,,,,,,,,,,,,,,,,,,,,,,,,
BEVERLV,13,,,,,,,,,,,Fruit raised,12250,25000,bush,,,,,,,,,,,,,,,,,,,,,,,,,,,,,,,,,,,,,,,,,,,,
BEVERLV,13,,,,,,,,,,,Butter produced,6480,36000,lbs,cheese,240,4000,lbs,honey,70,700,lbs,beeswax,18,60,lbs,,,,,,,,,,,,,,,,,,,,,,,,,,,,,,,,
BEVERLV,13,Mustard  Manufactories,1,,,,,,,,,mustard,2400,6000,lbs,,,,,,,,,,,,,,,,,,,,,,,,,,,,,,,,,,,,,,,,,,,,
BEVERLV,13,Fulling Mills,1,,,,,,,,,labor,500,,,,,,,,,,,,,,,,,,,,,,,,,,,,,,,,,,,,,,,,,,,,,,
BEVERLV,13,Carding Mills,1,,,,1,,,,,labor,500,,,,,,,,,,,,,,,,,,,,,,,,,,,,,,,,,,,,,,,,,,,,,,
BEVERLV,13,Saw Mills,2,,,,,,,,,labor,3000,,,,,,,,,,,,,,,,,,,,,,,,,,,,,,,,,,,,,,,,,,,,,,
BEVERLV,13,Grist Mills,6,,,,,,,,,labor,1000,,,,,,,,,,,,,,,,,,,,,,,,,,,,,,,,,,,,,,,,,,,,,,
BEVERLV,13,Cod.fish oil  bbls.,314,,,,314,,,,,Cod.fish oil,4622,314,bbls,,,,,,,,,,,,,,,,,,,,,,,,,,,,,,,,,,,,,,,,,,,,
BEVERLV,13,,,,,,2000,,,,,,2000,,,,,,,,,,,,,,,,,,,,,,,,,,,,,,,,,,,,,,,,,,,,,,
BEVERLV,13,,,,,,,,,,,,3000,,,,,,,,,,,,,,,,,,,,,,,,,,,,,,,,,,,,,,,,,,,,,,
BOXD,13,,,,,,,,,,,,,,,,,,,,,,,,,,,,,,,,,,,,,,,,,,,,,,,,,,,,,,,,,,
BOXD,13,Cotton  Mills,1,,,,3000,,4,6,,spindles,5120,436,lbs,cotton  consumed,,30000,,cotton yarn,,,,,,,,,,,,,,,,,,,,,,,,,,,,,,,,,,,,,,,
BOXD,13,,,,,,500,3,,,,,800,,,,,,,,,,,,,,,,,,,,,,,,,,,,,,,,,,,,,,,,,,,,,,
BOXD,13,,,,,,,,18,17,,Boots,11241,925,pairs,shoes,,15400,pairs,boots and shoes,,,,,,,,,,,,,,,,,,,,,,,,,,,,,,,,,,,,,,,
BOXD,13,,,,,,,7,,,,Lumber prepared,4566,148280,feet,,,,,,,,,,,,,,,,,,,,,,,,,,,,,,,,,,,,,,,,,,,,
BOXD,13,,,,,,,5,,,,Fire Wood prepared,3291,1047,cords,,,,,,,,,,,,,,,,,,,,,,,,,,,,,,,,,,,,,,,,,,,,
BOXD,13,,,,,,,,,,,Bark pre­ pared,282,44,cords,,,,,,,,,,,,,,,,,,,,,,,,,,,,,,,,,,,,,,,,,,,,
BOXD,13,,,,,,400,2,,,,,1200,,,,,,,,,,,,,,,,,,,,,,,,,,,,,,,,,,,,,,,,,,,,,,
BOXD,13,,,,,,,,,,,Sheep total see species,1300,,,all wool,510,,,Merino Sheep,,373,head,other sheep,,234,head,merino wool  lbs.,,1057,lbs,other wool  lbs.,,718,lbs,,,,,,,,,,,,,,,,,,,,,,,,
BOXD,13,,,,,,,,,,,Horses,5100,115,head,neat   cattle,16111,913,head,swine,4335,314,head,,,,,,,,,,,,,,,,,,,,,,,,,,,,,,,,,,,,
BOXD,13,,,,,,6975,,,,,Indian Corn or Maize,4882,6975,bush,rye,125156,187,bush,barley,180,125,bush,oats,87,2953,bush,potatoes,1181,15255,bush,other esculent vegetables,3051,400,bush,hay,100,1791,tons,,14812,,,,,,,,,,,,,,,,,,
BOXD,14,,,,,,,,,,,,,,,,,,,,,,,,,,,,,,,,,,,,,,,,,,,,,,,,,,,,,,,,,,
BOXD,14,,,,,,,,,,,Fruit,3000,27584,bush,,,,,,,,,,,,,,,,,,,,,,,,,,,,,,,,,,,,,,,,,,,,
BOXD,14,,,,,,,,,,,Butter,3107,18645,lbs,cheese,602,10020,lbs,shoe pegs,30,2200,bush,,,,,,,,,,,,,,,,,,,,,,,,,,,,,,,,,,,,
BRADD,14,,,,,,,,,,,,,,,,,,,,,,,,,,,,,,,,,,,,,,,,,,,,,,,,,,,,,,,,,,
BRADD,14,,,,,,4000,,15,,,Linen Thread,30000,75000,lbs,,,,,,,,,,,,,,,,,,,,,,,,,,,,,,,,,,,,,,,,,,,,
BRADD,14,Saddle Harness  and Trunk  Manufactories,3,,,,600,3,,,,Saddle Harness  and Trunk,2040,,,,,,,,,,,,,,,,,,,,,,,,,,,,,,,,,,,,,,,,,,,,,,
BRADD,14,Establishments    Rail-road Cars Coaches Wagons and other vehicles,1,,,,1,2,,,,article's,857,,,,,,,,,,,,,,,,,,,,,,,,,,,,,,,,,,,,,,,,,,,,,,
BRADD,14,Tanneries,3,,,,3900,6,,,,Hides tanned,5300,1990,,leather tanned and curried,,,,,,,,,,,,,,,,,,,,,,,,,,,,,,,,,,,,,,,,,,,
BRADD,14,,,,,,,,310,225,,Boots,147080,6450,pairs,shoes,,270000,pairs,boots and shoes,,,,,,,,,,,,,,,,,,,,,,,,,,,,,,,,,,,,,,,
BRADD,14,,,,,,,3,,,,Bricks,900,200000,,,,,,,,,,,,,,,,,,,,,,,,,,,,,,,,,,,,,,,,,,,,,
BRADD,14,,,,,,,,,,,Fire Wood prepared,1845,410,cords,,,,,,,,,,,,,,,,,,,,,,,,,,,,,,,,,,,,,,,,,,,,
BRADD,14,,,,,,,,,,,Sheep total,526,263,head,Wool produced,216,722,lbs,,,,,,,,,,,,,,,,,,,,,,,,,,,,,,,,,,,,,,,,
BRADD,14,,,,,,,,,,,Horses,6200,155,head,neat cattle,16597,772,head,swine,3210,214,head,,,,,,,,,,,,,,,,,,,,,,,,,,,,,,,,,,,,
BRADD,14,,,,,,7098,,,,,Indian Corn or Maize raised,4969,7098,bush,wheat,71,71,bush,rye,500,625,bush,barley,48,79,bush,oats,1956,4890,bush,potatoes,4181,16723,bush,other esculent vegetables,224,1120,tons,hay,30549,2832,,,,,,,,,,,,,,,,,
BRADD,14,,,,,,,,,,,Fruit raised,3683,22095,bush,,,,,,,,,,,,,,,,,,,,,,,,,,,,,,,,,,,,,,,,,,,,
BRADD,14,,,,,,,,,,,Butter produced,5407,32679,lbs,cheese,875,14587,lbs,honey,86,520,lbs,beeswax,,50,lbs,,,,,,,,,,,,,,,,,,,,,,,,,,,,,,,,
DANVERS,14,,,,,,,,,,,,,,,,,,,,,,,,,,,,,,,,,,,,,,,,,,,,,,,,,,,,,,,,,,
DANVERS,14,Rolling Slitting and Nail Mills,1,,,,9000,11,,,,Rolling Slitting and Nail Mills,80000,1000,tons,,,,,,,,,,,,,,,,,,,,,,,,,,,,,,,,,,,,,,,,,,,,
DANVERS,14,Furnaces    Hollow Ware and castings other than pig iron,1,,,,1000,5,,,,ware,4000,50,tons,,,,,,,,,,,,,,,,,,,,,,,,,,,,,,,,,,,,,,,,,,,,
DANVERS,15,,,,,,,,,,,,,,,,,,,,,,,,,,,,,,,,,,,,,,,,,,,,,,,,,,,,,,,,,,
DANVERS,15,Axe Manufactories,1,,,,300,3,,,,tools,3000,2500,,,,,,,,,,,,,,,,,,,,,,,,,,,,,,,,,,,,,,,,,,,,,
DANVERS,15,Saddle Harness and Trunk Manufactories,7,,,,3650,13,,,,Saddle Harness and Trunk,8200,,,,,,,,,,,,,,,,,,,,,,,,,,,,,,,,,,,,,,,,,,,,,,
DANVERS,15,Soap and Tallow Candle Manufactories,2,,,,80,6,,,,soap,17500,624000,lbs,candles,3000,36000,lbs,,,,,,,,,,,,,,,,,,,,,,,,,,,,,,,,,,,,,,,,
DANVERS,15,Chair and Cabinet-ware  Manufactories,2,,,,1050,3,,,,Chair and Cabinet-ware,3000,,,,,,,,,,,,,,,,,,,,,,,,,,,,,,,,,,,,,,,,,,,,,,
DANVERS,15,Tin Ware Man ufactories,4,,,,7500,14,,,,ware,17000,,,,,,,,,,,,,,,,,,,,,,,,,,,,,,,,,,,,,,,,,,,,,,
DANVERS,15,Glue Manufactories,1,,,,12000,8,,,,glue,25000,,,,,,,,,,,,,,,,,,,,,,,,,,,,,,,,,,,,,,,,,,,,,,
DANVERS,15,Tanneries,61,,,,414600,268,,,,hides tanned,638708,553760,,leather tanned and curried,,,,,,,,,,,,,,,,,,,,,,,,,,,,,,,,,,,,,,,,,,,
DANVERS,15,,,,,,,,1586,980,,Boots and Shoes,671450,1150300,,,,,,,,,,,,,,,,,,,,,,,,,,,,,,,,,,,,,,,,,,,,,
DANVERS,15,,,,,,,60,,,,Bricks,24600,4100000,,,,,,,,,,,,,,,,,,,,,,,,,,,,,,,,,,,,,,,,,,,,,
DANVERS,15,,,,,,,31,,,,Stone prepared  building,8850,,,,,,,,,,,,,,,,,,,,,,,,,,,,,,,,,,,,,,,,,,,,,,
DANVERS,15,,,,,,,1,,,,Blocks and Pnmps,500,,,,,,,,,,,,,,,,,,,,,,,,,,,,,,,,,,,,,,,,,,,,,,
DANVERS,15,,,,,,,15,,,,Fire Wood prepared,15400,3726,cords,,,,,,,,,,,,,,,,,,,,,,,,,,,,,,,,,,,,,,,,,,,,
DANVERS,15,,,,,,,,,,,Sheep total,186,98,head,wool prod uced,87,257,lbs,,,,,,,,,,,,,,,,,,,,,,,,,,,,,,,,,,,,,,,,
DANVERS,15,,,,,,,,,,,Horses,32095,564,head,neat cattle,30435,1321,head,swine,12341,1003,head,,,,,,,,,,,,,,,,,,,,,,,,,,,,,,,,,,,,
DANVERS,15,,,,,,13929,,,,,Indian Corn or Maize raised,8357,13929,bush,rye,735,1315,bush,barley,223,344,bush,potatoes,1353502,31095,bush,other escu­ lent vegetables,9328,122160,bush,hay,30500,3097,tons,,32470,,,,,,,,,,,,,,,,,,,,,,
DANVERS,15,,,,,,,,,,,Fruit raised,15177,42420,bush,,,,,,,,,,,,,,,,,,,,,,,,,,,,,,,,,,,,,,,,,,,,
DANVERS,15,,,,,,,,,,,Butter,9798,52550,lbs,cheese,107,1450,lbs,honey,500,3500,lbs,,,,,,,,,,,,,,,,,,,,,,,,,,,,,,,,,,,,
DANVERS,15,,,,,,,,,,,Shoe Pegs,,1200,bush,,,,,,,,,,,,,,,,,,,,,,,,,,,,,,,,,,,,,,,,,,,,
DANVERS,15,Last  Manufactories,1,,,,2000,5,,,,lasts,8000,40000,,,,,,,,,,,,,,,,,,,,,,,,,,,,,,,,,,,,,,,,,,,,,
DANVERS,15,,,,,,,,,,,Squashes raised,3000,200,tons,,,,,,,,,,,,,,,,,,,,,,,,,,,,,,,,,,,,,,,,,,,,
DANVERS,15,,,,,,44600,,,,,Beef and Pork sold  market,150000,,,,,,,,,,,,,,,,,,,,,,,,,,,,,,,,,,,,,,,,,,,,,,
DANVERS,15,,,,,,,,,,,Milk,7592,47452,galls,,,,,,,,,,,,,,,,,,,,,,,,,,,,,,,,,,,,,,,,,,,,
DANVERS,16,,,,,,,,,,,,,,,,,,,,,,,,,,,,,,,,,,,,,,,,,,,,,,,,,,,,,,,,,,
DANVERS,16,Hides prepared   Pickers,3000,,,,2000,,,,,Hides prepared   Pickers,8000,,,,,,,,,,,,,,,,,,,,,,,,,,,,,,,,,,,,,,,,,,,,,,
DANVERS,16,,,,,,3000,6,,,,Shoe and other Boxes,14500,37000,,,,,,,,,,,,,,,,,,,,,,,,,,,,,,,,,,,,,,,,,,,,,
DANVERS,16,,,,,,300,2,,,,Blinds and Sashes,750,15000,lights,,,,,,,,,,,,,,,,,,,,,,,,,,,,,,,,,,,,,,,,,,,,
DANVERS,16,,,,,,1000,6,,,,Earthen Ware,4000,,,,,,,,,,,,,,,,,,,,,,,,,,,,,,,,,,,,,,,,,,,,,,
ESSEX,16,,,,,,,,,,,,,,,,,,,,,,,,,,,,,,,,,,,,,,,,,,,,,,,,,,,,,,,,,,
ESSEX,16,ges,8,,,,2000,,,,,bar iron anchors chain cables and other,2000,25,tons,F.,,6,,,,,,,,,,,,,,,,,,,,,,,,,,,,,,,,,,,,,,,,,
ESSEX,16,Saddle Harness and Trunk Manufactories,2,,,,100,2,,,,article•,200,,,,,,,,,,,,,,,,,,,,,,,,,,,,,,,,,,,,,,,,,,,,,,
ESSEX,16,Cordage Manutactories,3,,,,3200,6,,,,cordage,5300,10,tons,,,,,,,,,,,,,,,,,,,,,,,,,,,,,,,,,,,,,,,,,,,,
ESSEX,16,Establishments    Rail-road Cars and other vehicles,1,,,,500,3,,,,Rail-road Cars and other vehicles,1000,,,,,,,,,,,,,,,,,,,,,,,,,,,,,,,,,,,,,,,,,,,,,,
ESSEX,16,Tanneries,1,,,,1,2,,,,Tanneries,3200,,,,,,,,,,,,,,,,,,,,,,,,,,,,,,,,,,,,,,,,,,,,,,
ESSEX,16,,,,,,,,9,5,,Boots,4510,970,pairs,shoes,,2000,pairs,,,,,,,,,,,,,,,,,,,,,,,,,,,,,,,,,,,,,,,,
ESSEX,16,,,,,,,3,,,,Pumps and Blocks,1200,,,,,,,,,,,,,,,,,,,,,,,,,,,,,,,,,,,,,,,,,,,,,,
ESSEX,16,,,,,,,6,,,,Lumber prepared,890,137,tons,,,,,,,,,,,,,,,,,,,,,,,,,,,,,,,,,,,,,,,,,,,,
ESSEX,16,,,,,,,20,,,,Fire Wood,984,246,cords,,,,,,,,,,,,,,,,,,,,,,,,,,,,,,,,,,,,,,,,,,,,
ESSEX,16,,,Vessels launched,28,1715,,99,,,,,51450,,,,,,,,,,,,,,,,,,,,,,,,,,,,,,,,,,,,,,,,,,,,,,
ESSEX,16,,,,,,,2,,,,Boats built,300,10,,,,,,,,,,,,,,,,,,,,,,,,,,,,,,,,,,,,,,,,,,,,,
ESSEX,16,,,Vessels employed in Mackerel and Cod fisheries,27,1429,27,,,,,,,,,,,,,,,,,,,,,,,,,,,,,,,,,,,,,,,,,,,,,,,,,,,,
ESSEX,16,Clams dug  bbls.,1600,,,,1600,20,,,,Clams dug,8000,1600,bbls,,,,,,,,,,,,,,,,,,,,,,,,,,,,,,,,,,,,,,,,,,,,
ESSEX,16,,,,,,856116,,,,,Sheep total,164,82,head,Wool total,856116,356,lbs,rye,4281,217,bush,barley,217,431,bush,oats,215,507,bush,potatoes,187,11416,bush,other escu­ lent  vegetables,2854,3176,bush,hay,794,1744,tons,,17440,,,,,,,,,,,,,,
ESSEX,16,,,,,,,,,,,Horses,3465,77,head,neat cattle,15028,545,head,swine,2418,232,head,,,,,,,,,,,,,,,,,,,,,,,,,,,,,,,,,,,,
ESSEX,16,,,,,,,,,,,Fruit raised,344850,11495,bush,,,,,,,,,,,,,,,,,,,,,,,,,,,,,,,,,,,,,,,,,,,,
ESSEX,16,,,,,,,,,,,Butter,4352,26112,lbs,cheese,646,8070,lbs,honey,25,200,lbs,,,,,,,,,,,,,,,,,,,,,,,,,,,,,,,,,,,,
ESSEX,17,,,,,,,,,,,,,,,,,,,,,,,,,,,,,,,,,,,,,,,,,,,,,,,,,,,,,,,,,,
GEORGETOWN,17,,,,,,,,,,,,,,,,,,,,,,,,,,,,,,,,,,,,,,,,,,,,,,,,,,,,,,,,,,
GEORGETOWN,17,Saddle Harness and Trunk Manufactories,2,,,,800,3,,,,Saddle Harness and Trunk,1550,,,,,,,,,,,,,,,,,,,,,,,,,,,,,,,,,,,,,,,,,,,,,,
GEORGETOWN,17,Establishments    Rail-road Cars Coaches and other vehicles,2,,,,692,3,,,,vehicles,1653,,,,,,,,,,,,,,,,,,,,,,,,,,,,,,,,,,,,,,,,,,,,,,
GEORGETOWN,17,Chair and Cabinet-ware Manufactories,1,,,,400,3,,,,Chair and Cabinet-ware,1000,,,,,,,,,,,,,,,,,,,,,,,,,,,,,,,,,,,,,,,,,,,,,,
GEORGETOWN,17,Tin Ware and Stove and Funnel Manufactories,1,,,,160,2,,,,Tin Ware and Stove and Funnel,500,,,,,,,,,,,,,,,,,,,,,,,,,,,,,,,,,,,,,,,,,,,,,,
GEORGETOWN,17,Tanneries,11,,,,14414,18,,,,hides  tanned,18760,5524,,leather tanned and curried,,,,,,,,,,,,,,,,,,,,,,,,,,,,,,,,,,,,,,,,,,,
GEORGETOWN,17,,,,,,,,419,237,,Boots,306198,26260,pairs,shoes,,381820,pairs,boots and shoes,,,,,,,,,,,,,,,,,,,,,,,,,,,,,,,,,,,,,,,
GEORGETOWN,17,,,,,,,1,,,,Lumber prepared,1450,235,tons,,,,,,,,,,,,,,,,,,,,,,,,,,,,,,,,,,,,,,,,,,,,
GEORGETOWN,17,,,,,,,2,,,,Fire Wood prepared,,283,cords,,,,,,,,,,,,,,,,,,,,,,,,,,,,,,,,,,,,,,,,,,,,
GEORGETOWN,17,,,,,,,,,,,Sheep total,197,110,head,Wool total,117,385,lbs,,,,,,,,,,,,,,,,,,,,,,,,,,,,,,,,,,,,,,,,
GEORGETOWN,17,,,,,,,,,,,Horses,8825,190,head,neat cattle,12000,615,head,,2288,,,,,,,,,,,,,,,,,,,,,,,,,,,,,,,,,,,,,,
GEORGETOWN,17,,,,,,3273,,,,,Indian Corn or Maize raised,2128,3273,bush,wheat,133,108,bush,rye,121,146,bush,barley,29,45,bush,oats,253,685,bush,potatoes,4005,16020,bush,other esculent vegetables,345,863,bush,English Hay,7566,582,tons,meadow hay,4242,707,tons,,,,,,,,,,,,
GEORGETOWN,17,,,,,,,,,,,Fruit,4873,12183,bush,,,,,,,,,,,,,,,,,,,,,,,,,,,,,,,,,,,,,,,,,,,,
GEORGETOWN,17,,,,,,,,,,,Butter,2705,19319,lbs,cheese,451,7520,lbs,honey,29,160,lbs,beeswax,2,7,lbs,,,,,,,,,,,,,,,,,,,,,,,,,,,,,,,,
GEORGETOWN,17,,,,,,,,,,,Shoe Pegs,75,50,bush,,,,,,,,,,,,,,,,,,,,,,,,,,,,,,,,,,,,,,,,,,,,
GLOUCESTER,17,,,,,,,,,,,,,,,,,,,,,,,,,,,,,,,,,,,,,,,,,,,,,,,,,,,,,,,,,,
GLOUCESTER,17,ges,10,,,,6010,16,,,,bar iron  cables and other,7140,134,tons,,,,,,,,,,,,,,,,,,,,,,,,,,,,,,,,,,,,,,,,,,,,
GLOUCESTER,17,Saddle Harness and Trunk Manufactories,1,,,,100,1,,,,Saddle Harness and Trunk,200,,,,,,,,,,,,,,,,,,,,,,,,,,,,,,,,,,,,,,,,,,,,,,
GLOUCESTER,18,,,,,,,,,,,,,,,,,,,,,,,,,,,,,,,,,,,,,,,,,,,,,,,,,,,,,,,,,,
GLOUCESTER,18,Upholstery Manufactories,1,,,,600,2,,,,Upholstery,800,,,,,,,,,,,,,,,,,,,,,,,,,,,,,,,,,,,,,,,,,,,,,,
GLOUCESTER,18,Cordage Manufactories,1,,,,10000,14,,,,cordage,14000,80,tons,,,,,,,,,,,,,,,,,,,,,,,,,,,,,,,,,,,,,,,,,,,,
GLOUCESTER,18,Establish ments     Rail-road  Cars Coaches and other vehicles,2,,,,225,2,,,,vehicles,430,,,,,,,,,,,,,,,,,,,,,,,,,,,,,,,,,,,,,,,,,,,,,,
GLOUCESTER,18,Soap and Tallow Candle Manufactories,1,,,,4000,2,,,,soap,4675,129500,lbs,candles,1980,22000,lbs,,,,,,,,,,,,,,,,,,,,,,,,,,,,,,,,,,,,,,,,
GLOUCESTER,18,Chair and Cabinet-ware Manufactories,3,,,,4375,13,,,,Chair and Cabinet-ware,9375,,,,,,,,,,,,,,,,,,,,,,,,,,,,,,,,,,,,,,,,,,,,,,
GLOUCESTER,18,Tin  Ware  Manufactories,1,,,,3000,6,,,,ware,8000,,,,,,,,,,,,,,,,,,,,,,,,,,,,,,,,,,,,,,,,,,,,,,
GLOUCESTER,18,,,,,,,,41,36,,Boots,21712,954,,shoes,,25643,,boots and shoes:,,,,,,,,,,,,,,,,,,,,,,,,,,,,,,,,,,,,,,,
GLOUCESTER,18,,,,,,,,,8,,Palm-leaf  Hats,201,915,,,,,,,,,,,,,,,,,,,,,,,,,,,,,,,,,,,,,,,,,,,,,
GLOUCESTER,18,,,,,,712,2,,,,Snuff Tobacco and Cigars,712,,,,,,,,,,,,,,,,,,,,,,,,,,,,,,,,,,,,,,,,,,,,,,
GLOUCESTER,18,,,,,,,4,,,,Stone quarried and prepared  building,1000,,,,,,,,,,,,,,,,,,,,,,,,,,,,,,,,,,,,,,,,,,,,,,
GLOUCESTER,18,,,,,,,1,,,,Blacking,250,,,,,,,,,,,,,,,,,,,,,,,,,,,,,,,,,,,,,,,,,,,,,,
GLOUCESTER,18,,,,,,,5,,,,Blocks and pum ps,1200,,,,,,,,,,,,,,,,,,,,,,,,,,,,,,,,,,,,,,,,,,,,,,
GLOUCESTER,18,Lumber prepared  fe&t,104000,,,,,8,,,,Lumber prepared  fe&t,1374,,,,,,,,,,,,,,,,,,,,,,,,,,,,,,,,,,,,,,,,,,,,,,
GLOUCESTER,18,,,,,,,35,,,,Fire Wood prepared,2653,655,cords,,,,,,,,,,,,,,,,,,,,,,,,,,,,,,,,,,,,,,,,,,,,
GLOUCESTER,18,,,Vessels launched,3,209,,18,,,,,6270,,,,,,,,,,,,,,,,,,,,,,,,,,,,,,,,,,,,,,,,,,,,,,
GLOUCESTER,18,,,,,,,6,,,,Boats built,470,35,,,,,,,,,,,,,,,,,,,,,,,,,,,,,,,,,,,,,,,,,,,,,
GLOUCESTER,18,,,Vessels employed in Mackerel and Cod  fisheries,156,5752,199450,1063,,,,mackerel taken,134838,17456,bbls,cod­ fish,67023,28654,quintals,salt consumed,,59840,bush,,,,,,,,,,,,,,,,,,,,,,,,,,,,,,,,,,,,
GLOUCESTER,18,,,,,,,,,,,Sheep total,70,35,head,Wool total,28,77,lbs,,,,,,,,,,,,,,,,,,,,,,,,,,,,,,,,,,,,,,,,
GLOUCESTER,18,,,,,,,,,,,Horses,9561,192,head,neat cattle,16478,839,head,swine,5243,382,head,,,,,,,,,,,,,,,,,,,,,,,,,,,,,,,,,,,,
GLOUCESTER,18,,,,,,4965,,,,,Indian Corn or Maize raised,3249,4965,bush,wheat,15,14,bush,rye,215,280,bush,barley,481,798,bush,oats,18,50,bush,potatoes,6050,26257,bush,other  esculen t   vegetables,1852,5170,bush,squashes,320,85500,lbs,hay,16806,1624,tons,,,,,,,,,,,,
GLOUCESTER,18,,,,,,,,,,,Fruit raised,1732,7129,bush,,,,,,,,,,,,,,,,,,,,,,,,,,,,,,,,,,,,,,,,,,,,
GLOUCESTER,18,,,,,,,,,,,Butter,2519,16103,lbs,cheese,6,100,lbs,,,,,,,,,,,,,,,,,,,,,,,,,,,,,,,,,,,,,,,,
GLOUCESTER,19,,,,,,,,,,,,,,,,,,,,,,,,,,,,,,,,,,,,,,,,,,,,,,,,,,,,,,,,,,
GLOUCESTER,19,,,,,,2037,15,,,,Fish  Casks      hhds.,4342,12003750,bbls,,,,,,,,,,,,,,,,,,,,,,,,,,,,,,,,,,,,,,,,,,,,
GLOUCESTER,19,,,,,,,,,,,Timber  prepared,368,46,tons,,507,102,tons,,,,,,,,,,,,,,,,,,,,,,,,,,,,,,,,,,,,,,,,
GLOUCESTER,19,,,,,,,,,,,Hake  and  Scale Fish,15246,12197,quintals,halibut,28636,,,,,,,,,,,,,,,,,,,,,,,,,,,,,,,,,,,,,,,,,,
HAMILTON,19,,,,,,,,,,,,,,,,,,,,,,,,,,,,,,,,,,,,,,,,,,,,,,,,,,,,,,,,,,
HAMILTON,19,Woollen Mills,1,,,,,,28,14,,wool consumed,40000,120000,lbs,yarn  and not made into cloth,,100000,lbs,,,,,,,,,,,,,,,,,,,,,,,,,,,,,,,,,,,,,,,,
HAMILTON,19,,,,,,,,60,60,,Boots,,550,pairs,shoes,,52220,pairs,,,,,,,,,,,,,,,,,,,,,,,,,,,,,,,,,,,,,,,,
HAMILTON,19,,,,,,,,,,,Fire Wood prepared,1420,355,cords,,,,,,,,,,,,,,,,,,,,,,,,,,,,,,,,,,,,,,,,,,,,
HAMILTON,19,,,,,,,,,,,Sheep total,283,189,head,wool  produced,170,567,lbs,,,,,,,,,,,,,,,,,,,,,,,,,,,,,,,,,,,,,,,,
HAMILTON,19,,,,,,,,,,,Horses,4850,97,head,neat cattle,16840,689,head,swine,1136,242,head,,,,,,,,,,,,,,,,,,,,,,,,,,,,,,,,,,,,
HAMILTON,19,,,,,,4930,,,,,Indian  Corn  or Maize  raised,3204,4930,bush,rye,229,349,bush,barley,36,45,bush,oats,368,920,bush,potatoes,2540,10159,bush,other  esculent vegetables,12816,600,bush,hay,,1493,tons,,,,,,,,,,,,,,,,,,,,
HAMILTON,19,,,,,,,,,,,Fruit raised,1918,21266,bush,,,,,,,,,,,,,,,,,,,,,,,,,,,,,,,,,,,,,,,,,,,,
HAMILTON,19,Butter  l bs,177731,,,,,,,,,cheese,3021,4495,lbs,,270,,,,,,,,,,,,,,,,,,,,,,,,,,,,,,,,,,,,,,,,,,
HAVERHILL,19,,,,,,,,,,,,,,,,,,,,,,,,,,,,,,,,,,,,,,,,,,,,,,,,,,,,,,,,,,
HAVERHILL,19,Woollen  Mills,1,,,,40000,,20,30,,wool  consumed,87500,125000,lbs,flannel  or  blanketing,,350000,yds,,,,,,,,,,,,,,,,,,,,,,,,,,,,,,,,,,,,,,,,
HAVERHILL,19,ges,19,,,,1500,21,,,,bar  iron anchors  and  other,4455,491,tons,,,,,,,,,,,,,,,,,,,,,,,,,,,,,,,,,,,,,,,,,,,,
HAVERHILL,19,Tack and Awl Manufactories,1,,,,25,1,,,,tacks and awls,400,30000,,,,,,,,,,,,,,,,,,,,,,,,,,,,,,,,,,,,,,,,,,,,,
HAVERHILL,20,,,,,,,,,,,,,,,,,,,,,,,,,,,,,,,,,,,,,,,,,,,,,,,,,,,,,,,,,,
HAVERHILL,20,Silver Ware  Manufactories,3,,,,3900,10,,,,Silver Ware,11300,,,,,,,,,,,,,,,,,,,,,,,,,,,,,,,,,,,,,,,,,,,,,,
HAVERHILL,20,Musical  Instrument  Manufactories,2,,,,550,5,,,,Musical  Instrument,3150,,,,,,,,,,,,,,,,,,,,,,,,,,,,,,,,,,,,,,,,,,,,,,
HAVERHILL,20,Saddle Harness and Trunk Manufactories,2,,,,1000,5,,,,Saddle Harness and Trunk,2800,,,,,,,,,,,,,,,,,,,,,,,,,,,,,,,,,,,,,,,,,,,,,,
HAVERHILL,20,Upholstery   Manufactories,2,,,,50,2,,,,Upholstery,200,,,,,,,,,,,,,,,,,,,,,,,,,,,,,,,,,,,,,,,,,,,,,,
HAVERHILL,20,Hat  Manufactories,6,,,,14400,63,,,,hats,38095,84000,,,,,,,,,,,,,,,,,,,,,,,,,,,,,,,,,,,,,,,,,,,,,
HAVERHILL,20,Establishments    Chaises Wagons and other vehicles,6,,,,4250,26,,,,vehicles,16600,,,,,,,,,,,,,,,,,,,,,,,,,,,,,,,,,,,,,,,,,,,,,,
HAVERHILL,20,Soap Manufactories,1,,,,500,2,,,,soap,2000,320000,lbs,,,,,,,,,,,,,,,,,,,,,,,,,,,,,,,,,,,,,,,,,,,,
HAVERHILL,20,Chair and Cabinet-ware Manufactories,2,,,,2000,6,,,,Chair and Cabinet-ware,4500,,,,,,,,,,,,,,,,,,,,,,,,,,,,,,,,,,,,,,,,,,,,,,
HAVERHILL,20,Tin Ware and  Sheet Iron  Manufactories,2,,,,2000,8,,,,Tin Ware and  Sheet Iron,5000,,,,,,,,,,,,,,,,,,,,,,,,,,,,,,,,,,,,,,,,,,,,,,
HAVERHILL,20,Comb Manufactories,3,,,,550,12,,,,combs,3760,,,,,,,,,,,,,,,,,,,,,,,,,,,,,,,,,,,,,,,,,,,,,,
HAVERHILL,20,Grist Mills,7,,,,,6,,,,run stones,,10,,,,,,,,,,,,,,,,,,,,,,,,,,,,,,,,,,,,,,,,,,,,,
HAVERHILL,20,Tanneries,1,,,,15500,52,,,,leather   tanned,4000,,,leather   curried,82000,,,,,,,,,,,,,,,,,,,,,,,,,,,,,,,,,,,,,,,,,,
HAVERHILL,20,,,,,,,,2042,1680,,Shoes,898824,1860915,pairs,,,,,,,,,,,,,,,,,,,,,,,,,,,,,,,,,,,,,,,,,,,,
HAVERHILL,20,,,,,,,6,,,,Bricks,1600,400000,,,,,,,,,,,,,,,,,,,,,,,,,,,,,,,,,,,,,,,,,,,,,
HAVERHILL,20,,,,,,300,2,,,,Cigars,300,,,,,,,,,,,,,,,,,,,,,,,,,,,,,,,,,,,,,,,,,,,,,,
HAVERHILL,20,,,,,,,5,,,,Building Stone quarried  and prepared,1200,,,,,,,,,,,,,,,,,,,,,,,,,,,,,,,,,,,,,,,,,,,,,,
HAVERHILL,20,,,,,,,27,,,,Lumber prepared    tons and,20173,217388000,tonsfeet,,,,,,,,,,,,,,,,,,,,,,,,,,,,,,,,,,,,,,,,,,,,
HAVERHILL,20,,,,,,,123,,,,Fire Wood prepared .,6410,2048,cords,,,,,,,,,,,,,,,,,,,,,,,,,,,,,,,,,,,,,,,,,,,,
HAVERHILL,20,Machines     cutting  Sole  Leather,129,,,,1500,4,,,,Machines     cutting  Sole  Leather,8000,,,,,,,,,,,,,,,,,,,,,,,,,,,,,,,,,,,,,,,,,,,,,,
HAVERHILL,20,,,,,,2000,7,,,,Lasts,5000,35000,,,,,,,,,,,,,,,,,,,,,,,,,,,,,,,,,,,,,,,,,,,,,
HAVERHILL,20,,,,,,,,,,,Sperm  Oil  consumed   in  Manufactories,2113,2348,galls,whale oil .,1845,4100,galls,,,,,,,,,,,,,,,,,,,,,,,,,,,,,,,,,,,,,,,,
HAVERHILL,21,,,,,,,,,,,,,,,,,,,,,,,,,,,,,,,,,,,,,,,,,,,,,,,,,,,,,,,,,,
HAVERHILL,21,,,,,,,,,,,Horses,20209,340,head,neat  cattle,26913,1456,head,swine,10496,751,head,,,,,,,,,,,,,,,,,,,,,,,,,,,,,,,,,,,,
HAVERHILL,21,,,,,,11195,,,,,Indian Corn or Maize raised,7836,11195,bush,wheat,549,439,bush,rye,1144,1373,bush,barley,268,446,bush,oats,2144,6125,bush,potatoes,6221,31104,bush,other esculent vegetables,1364,5458,bush,beans,610,407,bush,hay,27665,2898,tons,,,,,,,,,,,,
HAVERHILL,21,,,,,,,,,,,Fruit raised,4648,29246,bush,,,,,,,,,,,,,,,,,,,,,,,,,,,,,,,,,,,,,,,,,,,,
HAVERHILL,21,,,,,,,,,,,Butter    lbs,5044,360281,lbs,cheese,1335,23211,lbs,honey,25,200,lbs,,,,,,,,,,,,,,,,,,,,,,,,,,,,,,,,,,,,
IPSWICH,21,,,,,,,,,,,,,,,,,,,,,,,,,,,,,,,,,,,,,,,,,,,,,,,,,,,,,,,,,,
IPSWICH,21,Cotton  Mills,1,,,,25000,,14,41,,spindles,26040,2576,lbs,cotton  consumed,,68000,yds,cloth,,372000,,,,,,,,,,,,,,,,,,,,,,,,,,,,,,,,,,,,,
IPSWICH,21,Hosiery Manufactories,5,,,,17500,,23,109,,quantity,26800,3100,doz,,,,,,,,,,,,,,,,,,,,,,,,,,,,,,,,,,,,,,,,,,,,
IPSWICH,21,Upholstery  Manufactories,1,,,,300,1,,,,Upholstery,600,,,,,,,,,,,,,,,,,,,,,,,,,,,,,,,,,,,,,,,,,,,,,,
IPSWICH,21,Establishments    Rail-road Cars Coaches and other vehicles,1,,,,300,3,,,,vehicles,1000,,,,,,,,,,,,,,,,,,,,,,,,,,,,,,,,,,,,,,,,,,,,,,
IPSWICH,21,Soap and 'allow Candle  Manufactories,11,,,,100,2,,,,hard soap,300,2,tons,other soap,,50,bbls,,,,,,,,,,,,,,,,,,,,,,,,,,,,,,,,,,,,,,,,
IPSWICH,21,Chair and Cabinet-ware Manufactories,6,,,,2500,13,,,,Chair and Cabinet-ware,5750,,,,,,,,,,,,,,,,,,,,,,,,,,,,,,,,,,,,,,,,,,,,,,
IPSWICH,21,Tanneries,2,,,,5200,13,,,,leather tanned and curried,16700,,,,,,,,,,,,,,,,,,,,,,,,,,,,,,,,,,,,,,,,,,,,,,
IPSWICH,21,,,,,,,,151,85,,Boots,57029,14800,pairs,shoes,,52419,pairs,,,,,,,,,,,,,,,,,,,,,,,,,,,,,,,,,,,,,,,,
IPSWICH,21,,,,,,,2,,,,Bricks,300,60000,,,,,,,,,,,,,,,,,,,,,,,,,,,,,,,,,,,,,,,,,,,,,
IPSWICH,21,,,,,,,,,,,Fire Wood prepared,709,170,cords,,,,,,,,,,,,,,,,,,,,,,,,,,,,,,,,,,,,,,,,,,,,
IPSWICH,21,,,,,,750,4,,,,other,2160,,,,,,,,,,,,,,,,,,,,,,,,,,,,,,,,,,,,,,,,,,,,,,
IPSWICH,22,,,,,,,,,,,,,,,,,,,,,,,,,,,,,,,,,,,,,,,,,,,,,,,,,,,,,,,,,,
IPSWICH,22,,,,,,,,,,,Sperm Oil consumed  in Man ufactories,270,300,galls,anthracite coal consumed,550,100,tons,other   American  production: excepting  cotton wool and  iron consumed in Manufactories,250,,,,,,,,,,,,,,,,,,,,,,,,,,,,,,,,,,,,,,
IPSWICH,22,,,Vessels employed in Mackerel and Cod Fisheries,1,80,1200,6,,,,cod fish taken,2450,980,quintals,,,,,,,,,,,,,,,,,,,,,,,,,,,,,,,,,,,,,,,,,,,,
IPSWICH,22,,,,,,,,,,,Sheep total,688,344,head,Wool total,298,1075,lbs,,,,,,,,,,,,,,,,,,,,,,,,,,,,,,,,,,,,,,,,
IPSWICH,22,,,,,,,,,,,Horses,10765,224,head,neat  cattle  :,22825,1236,head,swine,4708,464,head,,,,,,,,,,,,,,,,,,,,,,,,,,,,,,,,,,,,
IPSWICH,22,,,,,,10982,,,,,Indian Corn or Maize raised,6610,10982,bush,rye,962,11271,bush,barley,340,680,bush,oats,359,1169,bush,potatoes,4411,22035,bush,other escu­ lent  vegetables,515,2470,bush,hay,31925,3770,tons,,,,,,,,,,,,,,,,,,,,
IPSWICH,22,,,,,,,,,,,Fruit raised,3153,16382,bush,,,,,,,,,,,,,,,,,,,,,,,,,,,,,,,,,,,,,,,,,,,,
IPSWICH,22,,,,,,,,,,,Butter,5278,32896,lbs,cheese,498,8306,lbs,honey,100,500,lbs,,,,,,,,,,,,,,,,,,,,,,,,,,,,,,,,,,,,
IPSWICH,22,Clams dug  bbls.,2000,,,,2000,40,,,,Clams dug,9000,2000,bbls,,,,,,,,,,,,,,,,,,,,,,,,,,,,,,,,,,,,,,,,,,,,
IPSWICH,22,,,,,,,2,,,,Barrels,600,1000,,,,,,,,,,,,,,,,,,,,,,,,,,,,,,,,,,,,,,,,,,,,,
IPSWICH,22,,,,,,,2,,,,Shaving Soap :,1600,,,,,,,,,,,,,,,,,,,,,,,,,,,,,,,,,,,,,,,,,,,,,,
IPSWICH,22,,,,,,,4,,,,Veneers   Mahogany,12000,15000,,,,,,,,,,,,,,,,,,,,,,,,,,,,,,,,,,,,,,,,,,,,,
LYNN,22,,,,,,,,,,,,,,,,,,,,,,,,,,,,,,,,,,,,,,,,,,,,,,,,,,,,,,,,,,
LYNN,22,,,,,,40000,,25,4,,Calico printed,70000,713000,yds,,,,,,,,,,,,,,,,,,,,,,,,,,,,,,,,,,,,,,,,,,,,
LYNN,22,Establishments   Iron Butts or Hinges,1,,,,,18,,,,butts or hinges,10400,27000,doz,,,,,,,,,,,,,,,,,,,,,,,,,,,,,,,,,,,,,,,,,,,,
LYNN,22,Hat and Cap Mannfactories,2,,,,2,,,,,Hat and Cap,2500,,,,,,,,,,,,,,,,,,,,,,,,,,,,,,,,,,,,,,,,,,,,,,
LYNN,22,,,,,,,2,,,,vehicles,1000,,,,,,,,,,,,,,,,,,,,,,,,,,,,,,,,,,,,,,,,,,,,,,
LYNN,22,Soap and Tallow Candle  Manufactories,2,,,,2,3,,,,soap,6000,,,,,,,,,,,,,,,,,,,,,,,,,,,,,,,,,,,,,,,,,,,,,,
LYNN,22,Establishments       Fire  Arms,1,,,,,4,,,,rifles,2500,,,,,,,,,,,,,,,,,,,,,,,,,,,,,,,,,,,,,,,,,,,,,,
LYNN,22,Chocolate Mills,1,,,,1,4,,,,chocolate,21000,,,,,,,,,,,,,,,,,,,,,,,,,,,,,,,,,,,,,,,,,,,,,,
LYNN,22,Chair and Cabinet-ware Man ufactories,1,,,,1,6,,,,Chair and Cabinet-ware,4000,,,,,,,,,,,,,,,,,,,,,,,,,,,,,,,,,,,,,,,,,,,,,,
LYNN,23,,,,,,,,,,,,,,,,,,,,,,,,,,,,,,,,,,,,,,,,,,,,,,,,,,,,,,,,,,
LYNN,23,Tin Ware Manufactories,2,,,,,4,,,,ware,2000,,,,,,,,,,,,,,,,,,,,,,,,,,,,,,,,,,,,,,,,,,,,,,
LYNN,23,Glue Manufactories,1,,,,,2,,,,glue,1500,,,,,,,,,,,,,,,,,,,,,,,,,,,,,,,,,,,,,,,,,,,,,,
LYNN,23,Tanneries,3,,,,,54,,,,leather tanned and curried,61000,,,,,,,,,,,,,,,,,,,,,,,,,,,,,,,,,,,,,,,,,,,,,,
LYNN,23,,,,,,,,2719,3209,,Boots,1468000,2000,pairs,Shoes,,2404722,pairs,boots and shoes,,,,,,,,,,,,,,,,,,,,,,,,,,,,,,,,,,,,,,,
LYNN,23,,,,,,,5,,,,Bricks,,500000,,,,,,,,,,,,,,,,,,,,,,,,,,,,,,,,,,,,,,,,,,,,,
LYNN,23,,,,,,10990,23,,,,Snuff Tobacco and Cigars,10990,,,,,,,,,,,,,,,,,,,,,,,,,,,,,,,,,,,,,,,,,,,,,,
LYNN,23,,,,,,,3,,,,Building Stone quarried and prepared,1000,,,,,,,,,,,,,,,,,,,,,,,,,,,,,,,,,,,,,,,,,,,,,,
LYNN,23,,,,,,,2,,,,Blocks and Pumps,1200,,,,,,,,,,,,,,,,,,,,,,,,,,,,,,,,,,,,,,,,,,,,,,
LYNN,23,,,,,,,,,,,Fire Wood prepared,2835,630,cords,,,,,,,,,,,,,,,,,,,,,,,,,,,,,,,,,,,,,,,,,,,,
LYNN,23,,,,,,,,,,,Sperm Oil consumed in  Man ufactories,,95,galls,anthracite coal,,178,tons,,,,,,,,,,,,,,,,,,,,,,,,,,,,,,,,,,,,,,,,
LYNN,23,,,Vessels   employed   i n   Whale  Fishery,1,579,,,,,,oil  imported,,4680,galls,whale  oil,,54043,galls,whalebone,,14000,lbs,,,,,,,,,,,,,,,,,,,,,,,,,,,,,,,,,,,,
LYNN,23,,,Vessels employed in Mackerel and Cod Fisheries,16,733,16,160,,,,mackerel taken,8500,1000,bbls,codfish,3325,750,quintals,salt consumed,,3303,bush,salt consumed,,3303,,,,,,,,,,,,,,,,,,,,,,,,,,,,,,,,,
LYNN,23,,,,,,,,,,,Horses,21916,333,head,neat   cattle,9135,354,head,swine,4365,291,head,,,,,,,,,,,,,,,,,,,,,,,,,,,,,,,,,,,,
LYNN,23,,,,,,3642,,,,,Indian Corn or Maize raised,2914,3642,bush,rye,254,347,bush,barley,680,716,bush,oats .,180,400,bush,potatoes,6792,20378,bush,other escu­ lent vegetables,17400,334,tons,hay,,1250,tons,,,,,,,,,,,,,,,,,,,,
LYNN,23,,,,,,,,,,,Fruit raised,3683,8186,bush,,,,,,,,,,,,,,,,,,,,,,,,,,,,,,,,,,,,,,,,,,,,
LYNN,23,,,,,,,,,,,Butter,,8425,lbs,,,,,,,,,,,,,,,,,,,,,,,,,,,,,,,,,,,,,,,,,,,,
LYNN,23,Woollen Goods printed   pieces,1000,,,,,,,,,Woollen Goods printed   pieces,15000,,,,,,,,,,,,,,,,,,,,,,,,,,,,,,,,,,,,,,,,,,,,,,
LYNN,23,,,,,,,,,,,,6000,500,bbls,,,,,,,,,,,,,,,,,,,,,,,,,,,,,,,,,,,,,,,,,,,,
LYNN,23,,,,,,,,,,,Ground Spice,6000,50000,lbs,,,,,,,,,,,,,,,,,,,,,,,,,,,,,,,,,,,,,,,,,,,,
LYNN,23,,,,,,,,,,,Lasts,6900,,,,,,,,,,,,,,,,,,,,,,,,,,,,,,,,,,,,,,,,,,,,,,
LYNN,23,,,,,,10000,10,,,,Confectionary,10000,,,,,,,,,,,,,,,,,,,,,,,,,,,,,,,,,,,,,,,,,,,,,,
LYNN,23,,,,,,500,,,,,Tailors' Crayons,335,500,,,,,,,,,,,,,,,,,,,,,,,,,,,,,,,,,,,,,,,,,,,,,
LYNN,23,,,,,,,,,,,Book Binders' Business,1200,,,,,,,,,,,,,,,,,,,,,,,,,,,,,,,,,,,,,,,,,,,,,,
LYNN,23,Morocco Mannfactories,1,,,,,35,,,,Morocco,34000,,,,,,,,,,,,,,,,,,,,,,,,,,,,,,,,,,,,,,,,,,,,,,
LYNN,23,,,,,,,,,,,salted Pollock  Hake and Haddock,3400,,,,,,,,,,,,,,,,,,,,,,,,,,,,,,,,,,,,,,,,,,,,,,
LYNN,23,,,,,,,,,,,Fish taken and not salted,13950,,,,,,,,,,,,,,,,,,,,,,,,,,,,,,,,,,,,,,,,,,,,,,
LYNN,24,,,,,,,,,,,,,,,,,,,,,,,,,,,,,,,,,,,,,,,,,,,,,,,,,,,,,,,,,,
LYNN,24,Paper  Hanging Manufactories,1,,,,10000,,30,6,,Paper  Hanging,55000,,,,,,,,,,,,,,,,,,,,,,,,,,,,,,,,,,,,,,,,,,,,,,
LYNN,24,,,,,,5700,5,,,,Silk Cotton and Woollen dying,5700,,,,,,,,,,,,,,,,,,,,,,,,,,,,,,,,,,,,,,,,,,,,,,
LYNN,24,,,,,,,,10,,,Sashes and Blinds,7000,,,,,,,,,,,,,,,,,,,,,,,,,,,,,,,,,,,,,,,,,,,,,,
LYNN,24,,,,,,,2,,,,India Rubber Shoes,3000,6000,pairs,,,,,,,,,,,,,,,,,,,,,,,,,,,,,,,,,,,,,,,,,,,,
LYNNFIELD,24,,,,,,,,,,,,,,,,,,,,,,,,,,,,,,,,,,,,,,,,,,,,,,,,,,,,,,,,,,
LYNNFIELD,24,Woollen Mills,1,,,,5000,,7,2,,wool consumed,8269,11000,lbs,flannel or blanketing,,30350,yds,,,,,,,,,,,,,,,,,,,,,,,,,,,,,,,,,,,,,,,,
LYNNFIELD,24,Establishments    Rail-road Cars Coaches Chaises and other vehicles,2,,,,500,4,,,,vehicles,1000,,,,,,,,,,,,,,,,,,,,,,,,,,,,,,,,,,,,,,,,,,,,,,
LYNNFIELD,24,,,,,,,,62,43,,Shoes,23717,36661,pairs,,,,,,,,,,,,,,,,,,,,,,,,,,,,,,,,,,,,,,,,,,,,
LYNNFIELD,24,,,,,,,7,,,,Lumber prepared,1038,90000,feet,,,,,,,,,,,,,,,,,,,,,,,,,,,,,,,,,,,,,,,,,,,,
LYNNFIELD,24,,,,,,,25,,,,Fire Wood prepared,4098,1418,cords,,,,,,,,,,,,,,,,,,,,,,,,,,,,,,,,,,,,,,,,,,,,
LYNNFIELD,24,,,,,,,,,,,Sheep total,12,6,head,Wool total,15,30,lbs,,,,,,,,,,,,,,,,,,,,,,,,,,,,,,,,,,,,,,,,
LYNNFIELD,24,,,,,,,,,,,Horses,2505,58,head,neat cattle,6814,311,head,swine,997,103,head,,,,,,,,,,,,,,,,,,,,,,,,,,,,,,,,,,,,
LYNNFIELD,24,,,,,,2341,,,,,Indian Corn or Maize raised,1404,2341,bush,rye,283,354,bush,barley,29,37,bush,oats,128,321,bush,potatoes,2128,7095,bush,other esculent veg­ etables,112,750,bush,hay,7464,714,tons,,,,,,,,,,,,,,,,,,,,
LYNNFIELD,24,,,,,,,,,,,Fruit raised,750,3755,bush,,,,,,,,,,,,,,,,,,,,,,,,,,,,,,,,,,,,,,,,,,,,
LYNNFIELD,24,,,,,,,,,,,Butter,1874,11026,lbs,,,,,,,,,,,,,,,,,,,,,,,,,,,,,,,,,,,,,,,,,,,,
MANCHESTER,24,,,,,,,,,,,,,,,,,,,,,,,,,,,,,,,,,,,,,,,,,,,,,,,,,,,,,,,,,,
MANCHESTER,24,Upholstery  Manufactories,2,,,,500,2,,,,Upholstery,1000,,,,,,,,,,,,,,,,,,,,,,,,,,,,,,,,,,,,,,,,,,,,,,
MANCHESTER,24,Chair  and  Cabinet-ware  Manufactories,23,,,,53700,196,,,,Chair  and  Cabinet-ware,133680,,,,,,,,,,,,,,,,,,,,,,,,,,,,,,,,,,,,,,,,,,,,,,
MANCHESTER,24,Tanneries,1,,,,3000,4,,,,Tanneries,3000,,,,,,,,,,,,,,,,,,,,,,,,,,,,,,,,,,,,,,,,,,,,,,
MANCHESTER,25,,,,,,,,,,,,,,,,,,,,,,,,,,,,,,,,,,,,,,,,,,,,,,,,,,,,,,,,,,
MANCHESTER,25,,,,,,,,12,6,,Boots,5580,163,pairs,Shoes,,5235,pairs,boots and shoes,,,,,,,,,,,,,,,,,,,,,,,,,,,,,,,,,,,,,,,
MANCHESTER,25,,,,,,,3,,,,Bricks,800,150000,,,,,,,,,,,,,,,,,,,,,,,,,,,,,,,,,,,,,,,,,,,,,
MANCHESTER,25,,,,,,,7003,,,,Building Stone quarried and prepared,7003,,,,,,,,,,,,,,,,,,,,,,,,,,,,,,,,,,,,,,,,,,,,,,
MANCHESTER,25,,,,,,,3,,,,Lumber prepared,360,30000,feet,,,,,,,,,,,,,,,,,,,,,,,,,,,,,,,,,,,,,,,,,,,,
MANCHESTER,25,,,,,,,15,,,,Fire Wood prepared,1050,195,cords,,,,,,,,,,,,,,,,,,,,,,,,,,,,,,,,,,,,,,,,,,,,
MANCHESTER,25,,,,,,,,,,,Whale  Oil  consumed  in  Manufacturing,1000,1000,galls,anthracite coal,1400,400,tons,,,,,,,,,,,,,,,,,,,,,,,,,,,,,,,,,,,,,,,,
MANCHESTER,25,,,Vessels employed in Mackerel and Cod Fisheries,18,,23730,113,,,,ton­ nage,800,858,bbls,mackerel taken,20635,85,quintals,cod fish taken,,9201,bush,salt consumed,,11188,,,,,,,,,,,,,,,,,,,,,,,,,,,,,,,,,
MANCHESTER,25,,,,,,,,,,,Horses,1760,35,head,neat cattle,4200,143,head,swine,1100,75,head,,,,,,,,,,,,,,,,,,,,,,,,,,,,,,,,,,,,
MANCHESTER,25,,,,,,997,,,,,Indian Corn or Maize raised,700,997,bush,wheat,5,7,bush,rye,11,43,bush,barley,1800,284,bush,oats,570,27,bush,potatoes,4500,6905,bush,other esculent vegetables,190,1889,bush,hay,,380,tons,beans and peas,,100,bush,,,,,,,,,,,,
MANCHESTER,25,,,,,,,,,,,Fruit,580,2877,bush,,,,,,,,,,,,,,,,,,,,,,,,,,,,,,,,,,,,,,,,,,,,
MANCHESTER,25,,,,,,,,,,,Butter,630,4500,lbs,,,,,,,,,,,,,,,,,,,,,,,,,,,,,,,,,,,,,,,,,,,,
MANCHESTER,25,,,,,,100,,,,,Number  Ship Wheels,300,10,,,,,,,,,,,,,,,,,,,,,,,,,,,,,,,,,,,,,,,,,,,,,
MARBLEHEAD,25,,,,,,,,,,,,,,,,,,,,,,,,,,,,,,,,,,,,,,,,,,,,,,,,,,,,,,,,,,
MARBLEHEAD,25,Cordage Manufactories,2,,,,10000,28,,,,Cordage,25682,282083,lbs,,,,,,,,,,,,,,,,,,,,,,,,,,,,,,,,,,,,,,,,,,,,
MARBLEHEAD,25,Soap and Tallow Candle Manufactories,2,,,,2,,,,,soap,500,10000,lbs,,,,,,,,,,,,,,,,,,,,,,,,,,,,,,,,,,,,,,,,,,,,
MARBLEHEAD,25,Tin Ware Manufactories,2,,,,600,5,,,,ware,1200,,,,,,,,,,,,,,,,,,,,,,,,,,,,,,,,,,,,,,,,,,,,,,
MARBLEHEAD,25,Glue Manufactories,2,,,,9000,10,,,,glue and gums,12500,,,,,,,,,,,,,,,,,,,,,,,,,,,,,,,,,,,,,,,,,,,,,,
MARBLEHEAD,25,,,,,,,,435,723,,Shoes,196876,1689350,pairs,,,,,,,,,,,,,,,,,,,,,,,,,,,,,,,,,,,,,,,,,,,,
MARBLEHEAD,26,,,,,,,,,,,,,,,,,,,,,,,,,,,,,,,,,,,,,,,,,,,,,,,,,,,,,,,,,,
MARBLEHEAD,26,,,Vessels employed in Mackerel and Cod Fisheries,65,5120,133250,559,,,,salt consumed,127878,64750,bush,,,,,,,,,,,,,,,,,,,,,,,,,,,,,,,,,,,,,,,,,,,,
MARBLEHEAD,26,,,,,,,,,,,Horses,4400,110,head,neat cattle,6400,320,head,swine,3000,600,head,,,,,,,,,,,,,,,,,,,,,,,,,,,,,,,,,,,,
MARBLEHEAD,26,,,,,,15000,15000,,,,Indian Corn or MaizE raised,600,15000,bush,rye,140,200,bush,oats,120,300,bush,other esculent Vegetables,55251657,12000,bush,hay,3000,550,tons,,6600,,,,,,,,,,,,,,,,,,,,,,,,,,
MARBLEHEAD,26,,,,,,,,,,,Fruit,8001295,2000,bush,,181,,,,,,,,,,,,,,,,,,,,,,,,,,,,,,,,,,,,,,,,,,
MARBLEHEAD,26,Menhaden  bbls.,1000,,,,,14,,,,Menhaden,5000,1000,bbls,salt  consumed,,1000,bush,,,,,,,,,,,,,,,,,,,,,,,,,,,,,,,,,,,,,,,,
MARBLEHEAD,26,Suits  Oil Cloth made,1000,,,,1000,,6,48,,Suits  Oil Cloth made,2500,,,,,,,,,,,,,,,,,,,,,,,,,,,,,,,,,,,,,,,,,,,,,,
MARBLEHEAD,26,,,,,,5000,,4,,,Hemp  and  Cotton  Lines,25360,2170,doz,,,,,,,,,,,,,,,,,,,,,,,,,,,,,,,,,,,,,,,,,,,,
MARBLEHEAD,26,,,,,,,,6,15,,Seamen's Hats,900,1200,,,,,,,,,,,,,,,,,,,,,,,,,,,,,,,,,,,,,,,,,,,,,
METHUEN,26,,,,,,,,,,,,,,,,,,,,,,,,,,,,,,,,,,,,,,,,,,,,,,,,,,,,,,,,,,
METHUEN,26,Cotton Mills,2,,,,90000,198,,,,cotton consumed,104000,534415,lbs,ticking,,433134,yds,duck,,398934,yds,cottons,,,,,,,,,,,,,,,,,,,,,,,,,,,,,,,,,,,
METHUEN,26,Paper Manufactories,1,,,,5000,16,,,,paper,20000,,,,,,,,,,,,,,,,,,,,,,,,,,,,,,,,,,,,,,,,,,,,,,
METHUEN,26,Saddle  Harness  and  Trunk   Manufactories,2,,,,800,5,,,,Saddle  Harness  and  Trunk,1600,,,,,,,,,,,,,,,,,,,,,,,,,,,,,,,,,,,,,,,,,,,,,,
METHUEN,26,Hat and Cap Manufactories,4,,,,4,53,,,,hats and  caps,35000,91000,,,,,,,,,,,,,,,,,,,,,,,,,,,,,,,,,,,,,,,,,,,,,
METHUEN,26,Establishments    Rail-road Cars Coaches Chaises and other vehicles,1,,,,1000,3,,,,vehicles,2,,,,,,,,,,,,,,,,,,,,,,,,,,,,,,,,,,,,,,,,,,,,,,
METHUEN,26,Soap and Tallow Candle Manufactories,1,,,,500,3,,,,soap,1400,16180,lbs,candles,165,1655,lbs,,,,,,,,,,,,,,,,,,,,,,,,,,,,,,,,,,,,,,,,
METHUEN,26,Chair and Cabinet-ware Manufactories,1,,,,500,3,,,,Chair and Cabinet-ware,1000,,,,,,,,,,,,,,,,,,,,,,,,,,,,,,,,,,,,,,,,,,,,,,
METHUEN,27,,,,,,,,,,,,,,,,,,,,,,,,,,,,,,,,,,,,,,,,,,,,,,,,,,,,,,,,,,
METHUEN,27,,,,,,1000,2,,,,ware,1600,,,,,,,,,,,,,,,,,,,,,,,,,,,,,,,,,,,,,,,,,,,,,,
METHUEN,27,,,,,,,,205,177,,Shoes,108715,190078,pairs,,,,,,,,,,,,,,,,,,,,,,,,,,,,,,,,,,,,,,,,,,,,
METHUEN,27,,,,,,,2,,,,Bricks,850,170000,,,,,,,,,,,,,,,,,,,,,,,,,,,,,,,,,,,,,,,,,,,,,
METHUEN,27,,,,,,,,,,,Lumber prepared,2000,400,tons,,,,,,,,,,,,,,,,,,,,,,,,,,,,,,,,,,,,,,,,,,,,
METHUEN,27,,,,,,,,,,,Fire Wood prepared,1974,564,cords,,,,,,,,,,,,,,,,,,,,,,,,,,,,,,,,,,,,,,,,,,,,
METHUEN,27,,,,,,,,,,,Sperm  Oil  consumed  in  Manufacturing,2367,2505,galls,whale oil,20,40,galls,anthracite coal consum­ ed,367,82,tons,bituminous coal mined in U. S.,36,4,tons,all other   American production con­ sumed in manufacturing,6000,,,,,,,,,,,,,,,,,,,,,,,,,,,,,,
METHUEN,27,,,,,,,,,,,Sheep total,582,291,head,Wool total,179,715,lbs,,,,,,,,,,,,,,,,,,,,,,,,,,,,,,,,,,,,,,,,
METHUEN,27,,,,,,,,,,,Horses,9900,189,head,neat cattle,19340,967,head,swine,2824,353,head,,,,,,,,,,,,,,,,,,,,,,,,,,,,,,,,,,,,
METHUEN,27,,,,,,7247,,,,,Indian Corn or Maize raised,5073,7247,bush,wheat,78,78,bush,rye,867,1156,bush,barley,240,480,bush,oats,1700,4577,bush,potatoes,5269,21078,bush,hay,414,2150,tons,,17000,,,,,,,,,,,,,,,,,,
METHUEN,27,,,,,,,,,,,Fruit raised,6193,15469,bush,,,,,,,,,,,,,,,,,,,,,,,,,,,,,,,,,,,,,,,,,,,,
METHUEN,27,,,,,,,,,,,Butter,4007,33395,lbs,cheese,898,17965,lbs,honey,18,187,lbs,beeswax,3,17,lbs,,,,,,,,,,,,,,,,,,,,,,,,,,,,,,,,
METHUEN,27,,,,,,125,,,,,Cranberries,187,125,bush,,,,,,,,,,,,,,,,,,,,,,,,,,,,,,,,,,,,,,,,,,,,
MIDDLETON,27,,,,,,,,,,,,,,,,,,,,,,,,,,,,,,,,,,,,,,,,,,,,,,,,,,,,,,,,,,
MIDDLETON,27,Paper Manufactories,1,,,,12000,12,,,,stock used,20592,250000,lbs,paper,,188000,lbs,,,,,,,,,,,,,,,,,,,,,,,,,,,,,,,,,,,,,,,,
MIDDLETON,27,,,,,,,,75,75,,Shoes,35647,75645,pairs,,,,,,,,,,,,,,,,,,,,,,,,,,,,,,,,,,,,,,,,,,,,
MIDDLETON,27,,,,,,,3,,,,Fire Wood prepared,2912,832,cords,,,,,,,,,,,,,,,,,,,,,,,,,,,,,,,,,,,,,,,,,,,,
MIDDLETON,27,,,,,,130,,,,,Bituminous Coal mined in United States consumed in manufacturing,910,130,tons,,,,,,,,,,,,,,,,,,,,,,,,,,,,,,,,,,,,,,,,,,,,
MIDDLETON,27,,,,,,,,,,,Sheep total,190,98,head,Wool total,79,200,lbs,,,,,,,,,,,,,,,,,,,,,,,,,,,,,,,,,,,,,,,,
MIDDLETON,27,,,,,,,,,,,Horses,3700,71,head,neat  cattle,8395,437,head,swine,2594,172,head,,,,,,,,,,,,,,,,,,,,,,,,,,,,,,,,,,,,
MIDDLETON,28,,,,,,,,,,,,,,,,,,,,,,,,,,,,,,,,,,,,,,,,,,,,,,,,,,,,,,,,,,
MIDDLETON,28,,,,,,3311,,,,,Indian Corn or Maize raised,1886,3311,bush,wheat,18,12,bush,rye,97,122,bush,barley,66,111,bush,oats,105,264,bush,potatoes,2200,9090,bush,other  esculent vegetables,300,800,bush,hay,7763,946,tons,,,,,,,,,,,,,,,,
MIDDLETON,28,,,,,,,,,,,Fruit raised,557,7949,bush,,,,,,,,,,,,,,,,,,,,,,,,,,,,,,,,,,,,,,,,,,,,
MIDDLETON,28,,,,,,,,,,,Butter,1451,15320,lbs,cheese,132,2200,lbs,honey,15,100,lbs,,,,,,,,,,,,,,,,,,,,,,,,,,,,,,,,,,,,
NEWBURV,28,,,,,,,,,,,,,,,,,,,,,,,,,,,,,,,,,,,,,,,,,,,,,,,,,,,,,,,,,,
NEWBURV,28,Saddle Harness and Trunk Manufactories,1,,,,300,1,,,,Saddle Harness and Trunk,500,,,,,,,,,,,,,,,,,,,,,,,,,,,,,,,,,,,,,,,,,,,,,,
NEWBURV,28,Establistiments        Rail-road  Cars  Coaches  Chaises and other Vehicles,6,,,,5000,,,15,,Vehicles,6730,,,,,,,,,,,,,,,,,,,,,,,,,,,,,,,,,,,,,,,,,,,,,,
NEWBURV,28,Chair and Cabinet-ware Manufactories,1,,,,100,2,,,,Chair and Cabinet-ware,600,,,,,,,,,,,,,,,,,,,,,,,,,,,,,,,,,,,,,,,,,,,,,,
NEWBURV,28,Glue Manufactories and  the preparation  Gums,1,,,,100,1,,,,Glue,405,,,,,,,,,,,,,,,,,,,,,,,,,,,,,,,,,,,,,,,,,,,,,,
NEWBURV,28,Tanneries,4,,,,4800,10,,,,hides tanned,8300,2375,,leather  tanned,,,,,,,,,,,,,,,,,,,,,,,,,,,,,,,,,,,,,,,,,,,
NEWBURV,28,,,,,,,,63,11,,Boots,29305,2168,pairs,Shoes,,42597,pairs,boots and shoes,,,,,,,,,,,,,,,,,,,,,,,,,,,,,,,,,,,,,,,
NEWBURV,28,,,,,,,19,,,,Bricks,6700,1360000,,,,,,,,,,,,,,,,,,,,,,,,,,,,,,,,,,,,,,,,,,,,,
NEWBURV,28,,,,,,8440,5,,,,Snuff Tobacco and Cigars,8440,,,,,,,,,,,,,,,,,,,,,,,,,,,,,,,,,,,,,,,,,,,,,,
NEWBURV,28,,,Vessels launched,12,51130,,256,,,,,227000,,,,,,,,,,,,,,,,,,,,,,,,,,,,,,,,,,,,,,,,,,,,,,
NEWBURV,28,,,,,,,2,,,,Boats built,500,8,,,,,,,,,,,,,,,,,,,,,,,,,,,,,,,,,,,,,,,,,,,,,
NEWBURV,28,Oil consumed in Manufacturing  bbls.,20,,,,,,,,,Oil consumed in Manufacturing,250,20,bbls,,,,,,,,,,,,,,,,,,,,,,,,,,,,,,,,,,,,,,,,,,,,
NEWBURV,28,,,Vessels employed in Mackerel and Cod Fisheries,18,1080,12600,180,,,,Mackerel taken,14000,2000,bbls,Cod-fish taken,12000,6000,quintals,salt  consumed,,9500,bush,,,,,,,,,,,,,,,,,,,,,,,,,,,,,,,,,,,,
NEWBURV,28,,,,,,,,,,,Sheep total,554,292,head,,282,,,,,,,,,,,,,,,,,,,,,,,,,,,,,,,,,,,,,,,,,,
NEWBURV,28,,,,,,,,,,,Horses,10302,236,head,neat  cattle,25228,1386,head,swine  LO,3544,4,head,,,,,,,,,,,,,,,,,,,,,,,,,,,,,,,,,,,,
NEWBURV,28,,,,,,9399,,,,,Indian Corn or Maize raised,5639,9399,bush,Wheat,147,147,bush,Rye,582,831,bush,Barley,226,453,bush,Oats,209,626,bush,Potatoes,12293,49172,bush,other  esculent  vegetables,34094,21697,bush,v:,,6528,tons,Hay,,4623,,,,,,,,,,,,,
NEWBURV,29,,,,,,,,,,,,,,,,,,,,,,,,,,,,,,,,,,,,,,,,,,,,,,,,,,,,,,,,,,
NEWBURV,29,,,,,,,,,,,Fruit raised,8299,41497,bush,,,,,,,,,,,,,,,,,,,,,,,,,,,,,,,,,,,,,,,,,,,,
NEWBURV,29,,,,,,12810,,,,,Butter,3850,24065,lbs,Cheese,640,12810,lbs,Honey,25,160,lbs,,,,,,,,,,,,,,,,,,,,,,,,,,,,,,,,,,,,
NEWBURYPORT,29,,,,,,,,,,,,,,,,,,,,,,,,,,,,,,,,,,,,,,,,,,,,,,,,,,,,,,,,,,
NEWBURYPORT,29,Cotton Mills,3,,,,700000,,259,662,,spindles,562500,39856,lbs,cotton  consumed,,1284000,yds,cloth No.,,403800000,yds,No.,,301500000,,all cloth,,,,,,,,,,,,,,,,,,,,,,,,,,,,,,,
NEWBURYPORT,29,ges,22,,,,5100,30,,,,bar iron anchors cables and  other    wrought iron,15000,68,tons,,,,,,,,,,,,,,,,,,,,,,,,,,,,,,,,,,,,,,,,,,,,
NEWBURYPORT,29,Furnaces    Hollow Ware and Castings other than pig iron,1,,,,3000,8,,,,hollow ware and castings,9375,125,tons,,,,,,,,,,,,,,,,,,,,,,,,,,,,,,,,,,,,,,,,,,,,
NEWBURYPORT,29,Establishments    Cotton Woollen and other Machine­ ry,2,,,,8000,25,,,,machinery,13000,,,,,,,,,,,,,,,,,,,,,,,,,,,,,,,,,,,,,,,,,,,,,,
NEWBURYPORT,29,Establishments    Fire Engines,2,,,,,10,,,,engines,3200,4,,,,,,,,,,,,,,,,,,,,,,,,,,,,,,,,,,,,,,,,,,,,,
NEWBURYPORT,29,Musical Instrument Man ufactories,1,,,,300,2,,,,instruments,1000,,,,,,,,,,,,,,,,,,,,,,,,,,,,,,,,,,,,,,,,,,,,,,
NEWBURYPORT,29,Establish ments     Chronometers Watches Gold  and Silver Ware and Jewelry,3,,,,12600,13,,,,Establish ments     Chronometers Watches Gold  and Silver Ware and Jewelry,25200,,,,,,,,,,,,,,,,,,,,,,,,,,,,,,,,,,,,,,,,,,,,,,
NEWBURYPORT,29,Saddle Harness  and Trunk Manufactories,4,,,,900,8,,,,saddles,3200,,,,,,,,,,,,,,,,,,,,,,,,,,,,,,,,,,,,,,,,,,,,,,
NEWBURYPORT,29,Upholstery  Manufactories,2,,,,900,4,,,,Upholstery,1500,,,,,,,,,,,,,,,,,,,,,,,,,,,,,,,,,,,,,,,,,,,,,,
NEWBURYPORT,29,Hat and Cap Manufactories,4,,,,3000,12,,,,hats and caps,7684,4400,,,,,,,,,,,,,,,,,,,,,,,,,,,,,,,,,,,,,,,,,,,,,
NEWBURYPORT,29,Cordage Manufactories,1,,,,600,2,,,,cordage,1200,4,tons,,,,,,,,,,,,,,,,,,,,,,,,,,,,,,,,,,,,,,,,,,,,
NEWBURYPORT,30,,,,,,,,,,,,,,,,,,,,,,,,,,,,,,,,,,,,,,,,,,,,,,,,,,,,,,,,,,
NEWBURYPORT,30,Establishments       Rail-road   Cars Coaches  Chaises and other Vehicles,2,,,,1000,7,,,,vehicles,4200,,,,,,,,,,,,,,,,,,,,,,,,,,,,,,,,,,,,,,,,,,,,,,
NEWBURYPORT,30,Establishments    Soap and Tallow Candles,6,,,,5500,17,,,,soap,7500,150000,lbs,candles,2295,25500,lbs,,,,,,,,,,,,,,,,,,,,,,,,,,,,,,,,,,,,,,,,
NEWBURYPORT,30,Chair and Cabinet-ware Manufactories,9,,,,5000,22,,,,Chair and Cabinet-ware,10400,,,,,,,,,,,,,,,,,,,,,,,,,,,,,,,,,,,,,,,,,,,,,,
NEWBURYPORT,30,Tin Ware Manufactories,6,,,,10500,10,,,,ware,18700,,,,,,,,,,,,,,,,,,,,,,,,,,,,,,,,,,,,,,,,,,,,,,
NEWBURYPORT,30,Tanneries,1,,,,2000900,3,,,,C.,2000900,,,,,,,sheep and goat skins tanned,,6000,head,,,,,,,,,,,,,,,,,,,,,,,,,,,,,,,,,,,,
NEWBURYPORT,30,,,,,,,,142,107,,Boots,77795,3312,pairs,shoes,,100504,pairs,boots and shoes,,,,,,,,,,,,,,,,,,,,,,,,,,,,,,,,,,,,,,,
NEWBURYPORT,30,,,,,,,,,6,,Straw Bonnets and Hats,500,200,,palm-leaf hats,40,100,,,,,,,,,,,,,,,,,,,,,,,,,,,,,,,,,,,,,,,,,
NEWBURYPORT,30,,,,,,29369,109,,,,Snuff Tobacco and Cigars,29369,,,,,,,,,,,,,,,,,,,,,,,,,,,,,,,,,,,,,,,,,,,,,,
NEWBURYPORT,30,,,,,,,20,,,,Blocks and Pumps,6000,,,,,,,,,,,,,,,,,,,,,,,,,,,,,,,,,,,,,,,,,,,,,,
NEWBURYPORT,30,,,,,,,1,,,,Mechanics Tools,200,,,,,,,,,,,,,,,,,,,,,,,,,,,,,,,,,,,,,,,,,,,,,,
NEWBURYPORT,30,,,,,,,600010,,,,Wooden WarA including farming utensils,600010,,,,,,,,,,,,,,,,,,,,,,,,,,,,,,,,,,,,,,,,,,,,,,
NEWBURYPORT,30,,,,,,,6,,,,Boats built,3000,30,,,,,,,,,,,,,,,,,,,,,,,,,,,,,,,,,,,,,,,,,,,,,
NEWBURYPORT,30,,,,,,,,,,,Sperm Oil consumed in manufacturing,261,8200,galls,anthracite coal consumed in manufacturing,,2650,tons,,,,,,,,,,,,,,,,,,,,,,,,,,,,,,,,,,,,,,,,
NEWBURYPORT,30,,,Vessels employed in Mackerel and Cod Fisheries,57,3212,42500,525,,,,mackerel taken,56072,7009,bbls,codfish,44250,21000,quintals,salt  consumed,,34138,bush,,,,,,,,,,,,,,,,,,,,,,,,,,,,,,,,,,,,
NEWBURYPORT,30,,,,,,,,,,,Horses,22400,223,head,neat cattle,2700,90,head,swine,2000,120,head,,,,,,,,,,,,,,,,,,,,,,,,,,,,,,,,,,,,
NEWBURYPORT,30,,,,,,100,,,,,Indian Corn or Maize  raised,60,100,bush,potatoes,400,2000,bush,other esculent vegetables,600,1200,bush,hay,1500,150,tons,,,,,,,,,,,,,,,,,,,,,,,,,,,,,,,,
NEWBURYPORT,30,,,,,,,,,,,Fruit raised,4250,10500,bush,,,,,,,,,,,,,,,,,,,,,,,,,,,,,,,,,,,,,,,,,,,,
NEWBURYPORT,30,,,,,,,,,,,Butter,75,600,lbs,honey,144,1200,lbs,,,,,,,,,,,,,,,,,,,,,,,,,,,,,,,,,,,,,,,,
NEWBURYPORT,30,,,,,,,25,,,,,,,,,,,,,,,,,,,,,,,,,,,,,,,,,,,,,,,,,,,,,,,,,,,
NEWBURYPORT,30,,,,,,,35,,,,ship painters' work done,6000,,,,,,,,,,,,,,,,,,,,,,,,,,,,,,,,,,,,,,,,,,,,,,
NEWBURYPORT,30,,,,,,,6,,,,sail makers' work done,1500,,,,,,,,,,,,,,,,,,,,,,,,,,,,,,,,,,,,,,,,,,,,,,
NEWBURYPORT,31,,,,,,,,,,,,,,,,,,,,,,,,,,,,,,,,,,,,,,,,,,,,,,,,,,,,,,,,,,
NEWBURYPORT,31,,,,,,,20,,,,riggers' work done,5000,,,,,,,,,,,,,,,,,,,,,,,,,,,,,,,,,,,,,,,,,,,,,,
NEWBURYPORT,31,,,,,,,7,,,,mast makers' work done,2000,,,,,,,,,,,,,,,,,,,,,,,,,,,,,,,,,,,,,,,,,,,,,,
NEWBURYPORT,31,,,,,,,1,,,,carved work done,400,,,,,,,,,,,,,,,,,,,,,,,,,,,,,,,,,,,,,,,,,,,,,,
NEWBURYPORT,31,,,,,,,324000,,,,caulkers' work done,500,324000,lbs,E. . Wool pulled,6000,,,,,,,,,,,,,,,,,,,,,,,,,,,,,,,,,,,,,,,,,,
ROCKPORT,31,,,,,,,,,,,,,,,,,,,,,,,,,,,,,,,,,,,,,,,,,,,,,,,,,,,,,,,,,,
ROCKPORT,31,,,,,,,,30,20,,Boots,6250,700,pairs,shoes,,6500,pairs,,,,,,,,,,,,,,,,,,,,,,,,,,,,,,,,,,,,,,,,
ROCKPORT,31,,,,,,,,,20,,Straw  Bonnets  and  Hats,20,25,,,250,,,,,,,,,,,,,,,,,,,,,,,,,,,,,,,,,,,,,,,,,,
ROCKPORT,31,,,,,,,250,,,,Building  Stone  quarried  and  prepared,90000,,,,,,,,,,,,,,,,,,,,,,,,,,,,,,,,,,,,,,,,,,,,,,
ROCKPORT,31,,,Vessels employed in Mackerel and Cod fisheries,69,,50000,310,,,,mackerel taken,12575,1725,bbls,codfish,20185,17150,quintals,salt  consumed,,4500,bush,,,,,,,,,,,,,,,,,,,,,,,,,,,,,,,,,,,,
ROCKPORT,31,,,,,,,,,,,Sheep total,50,20,head,Wool total,,60,lbs,,,,,,,,,,,,,,,,,,,,,,,,,,,,,,,,,,,,,,,,
ROCKPORT,31,,,,,,,,,,,Horses,1000,32,head,neat cattle,3500,130,head,swine,2000,500,head,,,,,,,,,,,,,,,,,,,,,,,,,,,,,,,,,,,,
ROCKPORT,31,,,,,,3000,,,,,Indian Corn or Maize raised,2250,3000,bush,wheat,400,350,bush,rye,600,575,bush,barley,400,450,bush,potatoes,250,5500,bush,other esculent vegetables,150,100,bush,hay,11250,750,tons,,,,,,,,,,,,,,,,,,,,
ROCKPORT,31,,,,,,,,,,,Butter,80,400,lbs,,,,,,,,,,,,,,,,,,,,,,,,,,,,,,,,,,,,,,,,,,,,
ROCKPORT,31,,,,,,4000,,5,,,Lookinglass,3000,5000,lbs,,,,,,,,,,,,,,,,,,,,,,,,,,,,,,,,,,,,,,,,,,,,
ROWLEV,31,,,,,,,,,,,,,,,,,,,,,,,,,,,,,,,,,,,,,,,,,,,,,,,,,,,,,,,,,,
ROWLEV,31,ges,1,,,,200,1,,,,bar iron anchors chain cables and other   wrought iron,600,2,tons,,,,,,,,,,,,,,,,,,,,,,,,,,,,,,,,,,,,,,,,,,,,
ROWLEV,31,,,,,,150,1,,,,Value  Vehicles,,350,,,,,,,,,,,,,,,,,,,,,,,,,,,,,,,,,,,,,,,,,,,,,
ROWLEV,31,Tanneries,5,,,,6500,8,,,,Tanneries,12900,,,,,,,,,,,,,,,,,,,,,,,,,,,,,,,,,,,,,,,,,,,,,,
ROWLEV,32,,,,,,,,,,,,,,,,,,,,,,,,,,,,,,,,,,,,,,,,,,,,,,,,,,,,,,,,,,
ROWLEV,32,,,,,,,,128,78,,Boots,69660,6000,pairs,shoes,,95200,pairs,,,,,,,,,,,,,,,,,,,,,,,,,,,,,,,,,,,,,,,,
ROWLEV,32,,,,,,,1,,,,Lumber prepared,1080,60000,feet,,,,,,,,,,,,,,,,,,,,,,,,,,,,,,,,,,,,,,,,,,,,
ROWLEV,32,,,,,,,1,,,,Fire Wood prepared,687,158,cords,,,,,,,,,,,,,,,,,,,,,,,,,,,,,,,,,,,,,,,,,,,,
ROWLEV,32,,,,,,,,,,,Sheep total see species,364,323,,other kinds  wool,154,,,Merino sheep,,52,head,other kinds  sheep,,123,head,merino wool produced  lbs,,173,lbs,all the wool,,,,,,,,,,,,,,,,,,,,,,,,,,,
ROWLEV,32,,,,,,,,,,,Horses,5395,130,head,neat cattle,12427,736,head,swine,2737,219,head,,,,,,,,,,,,,,,,,,,,,,,,,,,,,,,,,,,,
ROWLEV,32,,,,,,4980,,,,,Indian Corn or Maize raised,3320,4980,bush,wheat,36,36,bush,rye,565,706,bush,barley,57,95,bush,oats,223,558,bush,potatoes,3648,18240,bush,other  esculent vegetables,1216,2500,bush,hay,13175,1774,tons,dax,4,35,lbs,,,,,,,,,,,,
ROWLEV,32,,,,,,,,,,,Fruit raised,1975,18543,bush,,,,,,,,,,,,,,,,,,,,,,,,,,,,,,,,,,,,,,,,,,,,
ROWLEV,32,,,,,,,,,,,Butter,3769,26925,lbs,cheese,809,13485,lbs,honey,12,75,lbs,,,,,,,,,,,,,,,,,,,,,,,,,,,,,,,,,,,,
ROWLEV,32,,,,,,230,,,,,Domestic Cloth,192,230,yds,,,,,,,,,,,,,,,,,,,,,,,,,,,,,,,,,,,,,,,,,,,,
ROWLEV,32,Clams  bbls.,50,,,,50,,,,,Clams,200,50,bbls,,,,,,,,,,,,,,,,,,,,,,,,,,,,,,,,,,,,,,,,,,,,
SALEM,32,,,,,,,,,,,,,,,,,,,,,,,,,,,,,,,,,,,,,,,,,,,,,,,,,,,,,,,,,,
SALEM,32,Brass Foundries,1,,,,7000,4,,,,Brass,10000,,,,,,,,,,,,,,,,,,,,,,,,,,,,,,,,,,,,,,,,,,,,,,
SALEM,32,Establishments    Chemical Preparations,1,,,,25000,25,,,,ar­ticles,66380,,,,,,,,,,,,,,,,,,,,,,,,,,,,,,,,,,,,,,,,,,,,,,
SALEM,32,Establishments    Chronometers Watches Gold and Silver Ware and Jewelry,5,,,,3400,5,,,,Chronometers Watches Gold and Silver Ware and Jewelry,5400,,,,,,,,,,,,,,,,,,,,,,,,,,,,,,,,,,,,,,,,,,,,,,
SALEM,32,Saddle Harness and  Trunk  Manufactories,3,,,,875,9,,,,Saddle Harness and  Trunk,2550,,,,,,,,,,,,,,,,,,,,,,,,,,,,,,,,,,,,,,,,,,,,,,
SALEM,32,Upholstery Manufactories,2,,,,2250,2,,,,Upholstery,5500,,,,,,,,,,,,,,,,,,,,,,,,,,,,,,,,,,,,,,,,,,,,,,
SALEM,32,Cordage Manufactorfos,2,,,,33000,60,,,,cordage,62000,310,tons,,,,,,,,,,,,,,,,,,,,,,,,,,,,,,,,,,,,,,,,,,,,
SALEM,33,,,,,,,,,,,,,,,,,,,,,,,,,,,,,,,,,,,,,,,,,,,,,,,,,,,,,,,,,,
SALEM,33,Establishments       Rail-road  Cars Coaches Chaises and other Vehicles,2,,,,3200,9,,,,vehicles,11300,,,,,,,,,,,,,,,,,,,,,,,,,,,,,,,,,,,,,,,,,,,,,,
SALEM,33,Lead Manufactories,1,,,,40000,51,,,,Lead,10000,90000,galls,oil,55000,54000,lbs,candles,14000,,,,,,,,,,,,,,,,,,,,,,,,,,,,,,,,,,,,,,
SALEM,33,Soap and Tallow Candle Manufactories,2,,,,6247,5,,,,soap   bbls,5250,41076000,bblslbs,tallow  candles,2880,32000,lbs,,,,,,,,,,,,,,,,,,,,,,,,,,,,,,,,,,,,,,,,
SALEM,33,Chair and Cabinet-ware Manufactories,8,,,,4000,27,,,,Chair and Cabinet-ware,17100,,,,,,,,,,,,,,,,,,,,,,,,,,,,,,,,,,,,,,,,,,,,,,
SALEM,33,Tin Ware Manufactories,7,,,,9700,15,,,,ware,18800,,,,,,,,,,,,,,,,,,,,,,,,,,,,,,,,,,,,,,,,,,,,,,
SALEM,33,Establishments    White Lead,1,,,,,31,,,,white lead,,900,tons,,,,,,,,,,,,,,,,,,,,,,,,,,,,,,,,,,,,,,,,,,,,
SALEM,33,Manufactories  the preparation  Gums,1,,,,250000,35,,,,gums,300000,,,,,,,,,,,,,,,,,,,,,,,,,,,,,,,,,,,,,,,,,,,,,,
SALEM,33,Tanneries,41,,,,401668,280,,,,hides tanned,642671,164940,,leather tanned and curried,,,,,,,,,,,,,,,,,,,,,,,,,,,,,,,,,,,,,,,,,,,
SALEM,33,,,,,,,,230,220,,Boots,209779,2086,pairs,shoes,,200563,pairs,boots and shoes,,,,,,,,,,,,,,,,,,,,,,,,,,,,,,,,,,,,,,,
SALEM,33,,,,,,,11,,,,Bricks,4280,830000,,,,,,,,,,,,,,,,,,,,,,,,,,,,,,,,,,,,,,,,,,,,,
SALEM,33,,,,,,72600,50,,,,Snuff Tobacco and Cigars,72600,,,,,,,,,,,,,,,,,,,,,,,,,,,,,,,,,,,,,,,,,,,,,,
SALEM,33,,,,,,,16,,,,Building Stone quarried and prepared,3600,,,,,,,,,,,,,,,,,,,,,,,,,,,,,,,,,,,,,,,,,,,,,,
SALEM,33,,,,,,,5,,,,Blocks and Pumps,2600,,,,,,,,,,,,,,,,,,,,,,,,,,,,,,,,,,,,,,,,,,,,,,
SALEM,33,,,Vessels employed in Whale Fishery,4,1308,121000,110,,,,sperm oil imported,39306,45705,galls,whale oil J,5686,8345,galls,whalebone imported,1459,4422,lbs,,,,,,,,,,,,,,,,,,,,,,,,,,,,,,,,,,,,
SALEM,33,,,Vessels employed in Mackerel and Cod Fisheries,3,239,8300,27,,,,codfish taken,7400,2650,quintals,salt con­sumed,,2720,bush,,,,,,,,,,,,,,,,,,,,,,,,,,,,,,,,,,,,,,,,
SALEM,33,,,,,,,,,,,Horses,28000,350,head,neat cattle,18750,750,head,swine,2600,260,head,,,,,,,,,,,,,,,,,,,,,,,,,,,,,,,,,,,,
SALEM,33,,,,,,9250,,,,,Indian Corn or Maize raised,5550,9250,bush,rye,40,50,bush,barley,213,355,bush,potatoes,3258,10860,bush,other  esculent vegetables,3200,9500,bush,hay,14950,1150,tons,,,,,,,,,,,,,,,,,,,,,,,,
SALEM,34,,,,,,,,,,,,,,,,,,,,,,,,,,,,,,,,,,,,,,,,,,,,,,,,,,,,,,,,,,
SALEM,34,,,,,,,,,,,Fruit raised,5580,12400,bush,,,,,,,,,,,,,,,,,,,,,,,,,,,,,,,,,,,,,,,,,,,,
SALEM,34,Line  and Twine  Manufactories,2,,,,5400,12,,,,quantity,9000,45,tons,,,,,,,,,,,,,,,,,,,,,,,,,,,,,,,,,,,,,,,,,,,,
SALISBURV,34,,,,,,,,,,,,,,,,,,,,,,,,,,,,,,,,,,,,,,,,,,,,,,,,,,,,,,,,,,
SALISBURV,34,Woollen Mills,2,,,,404000,,154,263,,wool consumed,3500,505000,lbs,cassimere,500,5000,yds,fiannel or blanketing,400000,1000,yds,other woollen goods   yds.,,500000,head,,,,,,,,,,,,,,,,,,,,,,,,,,,,,,,,
SALISBURV,34,,,,,,,,,,,Axes Hatchets and other edge tools,12100,50,,,40,,,,,,,,,,,,,,,,,,,,,,,,,,,,,,,,,,,,,,,,,,
SALISBURV,34,Saddle Harness and Trunk Manufactories,1,,,,300,1,,,,Saddle Harness and Trunk,1000,,,,,,,,,,,,,,,,,,,,,,,,,,,,,,,,,,,,,,,,,,,,,,
SALISBURV,34,Establishments    Rail-road Oars Coaches Chaises and other Vehicles,1,,,,700,4,,,,vehicles,2810,,,,,,,,,,,,,,,,,,,,,,,,,,,,,,,,,,,,,,,,,,,,,,
SALISBURV,34,Soap and Tallow Candle Manufactories,1,,,,1200,3,,,,soap,1689,45200,lbs,candles,225,2500,lbs,,,,,,,,,,,,,,,,,,,,,,,,,,,,,,,,,,,,,,,,
SALISBURV,34,Chair and Cabinet-ware Manufactories,2,,,,1500,9,,,,Chair and Cabinet-ware,3500,,,,,,,,,,,,,,,,,,,,,,,,,,,,,,,,,,,,,,,,,,,,,,
SALISBURV,34,Tin Ware  Manufactories,1,,,,500,3,,,,ware,600,,,stoves and funnel,600,,,,,,,,,,,,,,,,,,,,,,,,,,,,,,,,,,,,,,,,,,
SALISBURV,34,Comb  Manufactories,1,,,,300,2,,,,combs,522,,,,,,,,,,,,,,,,,,,,,,,,,,,,,,,,,,,,,,,,,,,,,,
SALISBURV,34,Glue Manufactories and Manufactories  preparation  Gums,1,,,,300,2,,,,glue and gums,1600,,,,,,,,,,,,,,,,,,,,,,,,,,,,,,,,,,,,,,,,,,,,,,
SALISBURV,34,Tanneries,5,,,,32900,31,,,,hides tanned,49100,14350,,leather tanned and curried,,,,,,,,,,,,,,,,,,,,,,,,,,,,,,,,,,,,,,,,,,,
SALISBURV,34,,,,,,,,9,12,,Boots,4037,812,pairs,shoes,,4180,pairs,,,,,,,,,,,,,,,,,,,,,,,,,,,,,,,,,,,,,,,,
SALISBURV,34,,,,,,,,,,,Mechanics' Tools,100,,,,,,,,,,,,,,,,,,,,,,,,,,,,,,,,,,,,,,,,,,,,,,
SALISBURV,34,,,,,,,,,,,Lumber prepared,750,64000,feet,,,,,,,,,,,,,,,,,,,,,,,,,,,,,,,,,,,,,,,,,,,,
SALISBURV,34,,,,,,,,,,,Fire Wood prepared,3915,950,cords,,,,,,,,,,,,,,,,,,,,,,,,,,,,,,,,,,,,,,,,,,,,
SALISBURV,35,,,,,,,,,,,,,,,,,,,,,,,,,,,,,,,,,,,,,,,,,,,,,,,,,,,,,,,,,,
SALISBURV,35,,,Vessels launched,2,142,,8,,,,,6000,,,,,,,,,,,,,,,,,,,,,,,,,,,,,,,,,,,,,,,,,,,,,,
SALISBURV,35,,,,,,,13,,,,Boats built,5720,310,,,,,,,,,,,,,,,,,,,,,,,,,,,,,,,,,,,,,,,,,,,,,
SALISBURV,35,,,,,,,,,,,Sperm  Oil  consumed  in  Manufactorics,1640,1700,galls,lard oil consumed,5600,8000,galls,other kinds  oil,1625,125,bbls,anthracite coal consumed in man­ ufacturing,2200,400,tons,eign bituminous coal,1875,250,chaldrons,wood consumed,540,180,cords,bar  iron  consumed,3060,6,tons,castings,3000,6,tons,estimated,10200,,,other   American production excepting cotton wool and iron consumed in manufactu ring,,,,other    eign production excepting as above consumed,,,,,,,
SALISBURV,35,,,Vessels employed in Mackerel and Cod Fisheries,5,311,16600,52,,,,mackerel,7400,952,bbls,salt  consumed,2336,2160,bush,,,,,,,,,,,,,,,,,,,,,,,,,,,,,,,,,,,,,,,,
SALISBURV,35,,,,,,,,,,,Sheep total,613,396,head,Wool total,358,1100,lbs,,,,,,,,,,,,,,,,,,,,,,,,,,,,,,,,,,,,,,,,
SALISBURV,35,,,,,,,,,,,Horses,4775,110,head,neat  cattle,18789,1056,head,swine,6107,363,head,,,,,,,,,,,,,,,,,,,,,,,,,,,,,,,,,,,,
SALISBURV,35,,,,,,5749,,,,,Indian Com or Maize raised,3832,5749,bush,wheat,119,95,bush,rye,450,674,bush,barley,12,18,bush,oats,590,3590,bush,potatoes,8266,33063,bush,other esculent vegetables,1481,7296,bush,hay,17106,2390,tons,,,,,,,,,,,,,,,,
SALISBURV,35,,,,,,,,,,,Fruit raised,3062,19679,bush,,,,,,,,,,,,,,,,,,,,,,,,,,,,,,,,,,,,,,,,,,,,
SALISBURV,35,,,,,,,,,,,Butter,4214,28095,lbs,cheese,936,15600,lbs,,,,,,,,,,,,,,,,,,,,,,,,,,,,,,,,,,,,,,,,
SALISBURV,35,,,,,,,,,,,Beans raised,660,440,bush,,,,,,,,,,,,,,,,,,,,,,,,,,,,,,,,,,,,,,,,,,,,
SALISBURV,35,,,,,,7400,8,,,,Hogsheads  and Barrels,7200,4900,,,,,,,,,,,,,,,,,,,,,,,,,,,,,,,,,,,,,,,,,,,,,
SALISBURV,35,,,,,,,,,,,Garden Seeds raised,11,,,,,,,,,,,,,,,,,,,,,,,,,,,,,,,,,,,,,,,,,,,,,,
SALISBURV,35,,,,,,,,,,,Poultry and Eggs,2769,,,,,,,,,,,,,,,,,,,,,,,,,,,,,,,,,,,,,,,,,,,,,,
SAUGUS,35,,,,,,,,,,,,,,,,,,,,,,,,,,,,,,,,,,,,,,,,,,,,,,,,,,,,,,,,,,
SAUGUS,35,Woollen Mills,1,,,,60000,,20,11,,wool consumed,56250,75000,lbs,flannel or blanketing,,225000,yds,,,,,,,,,,,,,,,,,,,,,,,,,,,,,,,,,,,,,,,,
SAUGUS,36,,,,,,,,,,,,,,,,,,,,,,,,,,,,,,,,,,,,,,,,,,,,,,,,,,,,,,,,,,
SAUGUS,36,Establishments    Rail-road Cara Coaches Chaisea and other Vehicles,1,,,,1,2,,,,vehicles,420,,,,,,,,,,,,,,,,,,,,,,,,,,,,,,,,,,,,,,,,,,,,,,
SAUGUS,36,Tanneries,2,,,,4200,7,,,,Tanneries,6949,,,,,,,,,,,,,,,,,,,,,,,,,,,,,,,,,,,,,,,,,,,,,,
SAUGUS,36,,,,,,,,217,204,,Boots,94240,100,pairs,shoes,,182100,pairs,boots and shoes,,,,,,,,,,,,,,,,,,,,,,,,,,,,,,,,,,,,,,,
SAUGUS,36,,,,,,,3,,,,Bricks,1265,230000,,,,,,,,,,,,,,,,,,,,,,,,,,,,,,,,,,,,,,,,,,,,,
SAUGUS,36,,,,,,31550,78,,,,Snuff Tobacco and Cigars,31550,,,,,,,,,,,,,,,,,,,,,,,,,,,,,,,,,,,,,,,,,,,,,,
SAUGUS,36,,,,,,,4,,,,Lumber prepared,480,60,tons,,,,,,,,,,,,,,,,,,,,,,,,,,,,,,,,,,,,,,,,,,,,
SAUGUS,36,,,,,,,30,,,,Fire Wood prepared,6116,1223,cords,,,,,,,,,,,,,,,,,,,,,,,,,,,,,,,,,,,,,,,,,,,,
SAUGUS,36,,,,,,,,,,,Sperm Oil consumed in,226,260,galls,whale oil,243,486,galls,wood,830,410,cords,other   American production excepting cotton wool and iron consumed in,2000,,,other   eign production excepting as above consumed,1254,,,,4500,,,,,,,,,,,,,,,,,,,,,,,,,,
SAUGUS,36,,,,,,,,,,,Horses,5345,107,head,neat cattle,5616,231,head,swine,2664,188,head,,,,,,,,,,,,,,,,,,,,,,,,,,,,,,,,,,,,
SAUGUS,36,,,,,,1887,,,,,Indian  Corn  or  Maize  raised,1123,1887,bush,rye,155,200,bush,potatoes,2924,8777,bush,other esculent vegetables,1482,3584,bush,hay,12434,1048,tons,,,,,,,,,,,,,,,,,,,,,,,,,,,,
SAUGUS,36,,,,,,,,,,,Fruit raised,6647394,2395,bush,,1218,,,,,,,,,,,,,,,,,,,,,,,,,,,,,,,,,,,,,,,,,,
SAUGUS,36,Wool Picking Mills,1,,,,2300,3,,,,wool picked,,25000,lbs,,,,,,,,,,,,,,,,,,,,,,,,,,,,,,,,,,,,,,,,,,,,
SAUGUS,36,Cfee Mills,1,,,,1000,1,,,,cfee ground,8330,104000,lbs,,,,,,,,,,,,,,,,,,,,,,,,,,,,,,,,,,,,,,,,,,,,
SAUGUS,36,Spice Mills,1,,,,1000,3,,,,spice ground,15600,100000,lbs,,,,,,,,,,,,,,,,,,,,,,,,,,,,,,,,,,,,,,,,,,,,
SAUGUS,36,Cocoa  Mills,1,,,,1000,1,,,,cocoa  ground,800,10000,lbs,,,,,,,,,,,,,,,,,,,,,,,,,,,,,,,,,,,,,,,,,,,,
SAUGUS,36,Wheel Hub Manufactories,1,,,,,118734,,,,hubs,250,1000,galls,E. . Milk sold,2431,118734,,,,,,,,,,,,,,,,,,,,,,,,,,,,,,,,,,,,,,,,,
SAUGUS,36,Grist Mills,1,,,,2000,1,,,,corn ground,3000,6000,bush,,,,,,,,,,,,,,,,,,,,,,,,,,,,,,,,,,,,,,,,,,,,
SAUGUS,37,,,,,,,,,,,,,,,,,,,,,,,,,,,,,,,,,,,,,,,,,,,,,,,,,,,,,,,,,,
TOPSFIELD,37,,,,,,,,,,,,,,,,,,,,,,,,,,,,,,,,,,,,,,,,,,,,,,,,,,,,,,,,,,
TOPSFIELD,37,,,,,,,,228,133,,Boots,126983,555,pairs,shoes,,174826,pairs,boots and shoes,,,,,,,,,,,,,,,,,,,,,,,,,,,,,,,,,,,,,,,
TOPSFIELD,37,,,,,,,1,,,,Fire Wood prepared,637,148,cords,,,,,,,,,,,,,,,,,,,,,,,,,,,,,,,,,,,,,,,,,,,,
TOPSFIELD,37,,,,,,,,,,,Sheep total,253,111,head,Wool total,85,342,lbs,,,,,,,,,,,,,,,,,,,,,,,,,,,,,,,,,,,,,,,,
TOPSFIELD,37,,,,,,,,,,,Horses,6380,113,head,neat cattle,14489,695,head,swine,1995,264,head,,,,,,,,,,,,,,,,,,,,,,,,,,,,,,,,,,,,
TOPSFIELD,37,,,,,,5158,,,,,Indian Corn  or Maize raised,3175,5158,bush,rye,276,358,bush,barley,77,144,bush,oats,3198,843,bush,potatoes,138,13280,bush,other escu­ lent vegetables,14383181,527,bush,hay,2,1621,tons,,,,,,,,,,,,,,,,,,,,
TOPSFIELD,37,,,,,,,,,,,Fruit raised,2414,26885,bush,,,,,,,,,,,,,,,,,,,,,,,,,,,,,,,,,,,,,,,,,,,,
TOPSFIELD,37,,,,,,,,,,,Butter,3691,23271,lbs,cheese,293,6520,lbs,,,,,,,,,,,,,,,,,,,,,,,,,,,,,,,,,,,,,,,,
TOPSFIELD,37,,,,,,,,,,,Pumpkins and Squashes,364,216840,lbs,beans,210,110,bush,,,,,,,,,,,,,,,,,,,,,,,,,,,,,,,,,,,,,,,,
WENHAM,37,,,,,,,,,,,,,,,,,,,,,,,,,,,,,,,,,,,,,,,,,,,,,,,,,,,,,,,,,,
WENHAM,37,Establishments     Rail-road  Cars Coaches Chaises and  other  Vehicles,1,,,,200,3,,,,vehicles,560,,,,,,,,,,,,,,,,,,,,,,,,,,,,,,,,,,,,,,,,,,,,,,
WENHAM,37,,,,,,,,160,67,,Boots   pairs i shoes  pair,109580,23001522421,pairs,boots and shoes,,,,,,,,,,,,,,,,,,,,,,,,,,,,,,,,,,,,,,,,,,,
WENHAM,37,,,,,,,,,,,Fire Wood prepared,486,118,cords,,,,,,,,,,,,,,,,,,,,,,,,,,,,,,,,,,,,,,,,,,,,
WENHAM,37,,,,,,,,,,,Sheep total,66,22,head,Wool total,28,66,lbs,,,,,,,,,,,,,,,,,,,,,,,,,,,,,,,,,,,,,,,,
WENHAM,37,,,,,,,,,,,Horses,3865,78,head,neat cattle,7935,383,head,swine,901,135,head,,,,,,,,,,,,,,,,,,,,,,,,,,,,,,,,,,,,
WENHAM,37,,,,,,3527,,,,,Indian Com or Maize raised,2165,3527,bush,rye,180,241,bush,oats,119,405,bush,potatoes,231,8601,bush,other esculent vegetables,79,398,bush,hay,8595,911,tons,,,,,,,,,,,,,,,,,,,,,,,,
WENHAM,37,,,,,,,,,,,Fruit raised :,2308,14508,bush,,,,,,,,,,,,,,,,,,,,,,,,,,,,,,,,,,,,,,,,,,,,
WENHAM,37,,,,,,,,,,,Butter,2541,15123,lbs,cheese,115,1750,lbs,honey,44,220,lbs,,,,,,,,,,,,,,,,,,,,,,,,,,,,,,,,,,,,
WENHAM,38,,,,,,,,,,,,,,,,,,,,,,,,,,,,,,,,,,,,,,,,,,,,,,,,,,,,,,,,,,
WENHAM,38,,,,,,,,,,,,,,,,,,,,,,,,,,,,,,,,,,,,,,,,,,,,,,,,,,,,,,,,,,
WENHAM,38,Saddle Harness and Trunk Manufactories,3,,,,1150,5,,,,Saddle Harness and Trunk,2305,,,,,,,,,,,,,,,,,,,,,,,,,,,,,,,,,,,,,,,,,,,,,,
WENHAM,38,Establishments     Rail-road  Cars Coaches Chaises and other Vehicles,4,,,,4705,13,,,,vehcles,9410,,,,,,,,,,,,,,,,,,,,,,,,,,,,,,,,,,,,,,,,,,,,,,
WENHAM,38,Comb  Manufactories,25,,,,22575,86,,,,combs,70700,,,,,,,,,,,,,,,,,,,,,,,,,,,,,,,,,,,,,,,,,,,,,,
WENHAM,38,Tanneries,1,,,,2800,3,,,,hides tanned,4000,950,,leather tanned and curried,,,,,,,,,,,,,,,,,,,,,,,,,,,,,,,,,,,,,,,,,,,
WENHAM,38,,,,,,,,68,44,,Boots,33000,205,pairs,shoes,,591500,pairs,boots and shoes,,,,,,,,,,,,,,,,,,,,,,,,,,,,,,,,,,,,,,,
WENHAM,38,,,,,,,,,,,Fire Wood prepared,550,100,cords,,,,,,,,,,,,,,,,,,,,,,,,,,,,,,,,,,,,,,,,,,,,
WENHAM,38,,,,,,,,,,,Sheep total,315,210,head,Wool total,157,630,lbs,,,,,,,,,,,,,,,,,,,,,,,,,,,,,,,,,,,,,,,,
WENHAM,38,,,,,,,,,,,Horses,6440,161,head,neat  cattle,18180,11010,head,swine,864,288,head,,,,,,,,,,,,,,,,,,,,,,,,,,,,,,,,,,,,
WENHAM,38,,,,,,8283,,,,,Indian Corn or Maize raised,5177,8283,bush,wheat,699,699,bush,rye,575,700,bush,barley,144,288,bush,oats,1199,3199,bush,potatoes,4823,19292,bush,other esculent vegetables,741,2963,bush,hay,21399,2039,tons,,,,,,,,,,,,,,,,
WENHAM,38,,,,,,,,,,,Fruit raised,7961,31843,bush,,,,,,,,,,,,,,,,,,,,,,,,,,,,,,,,,,,,,,,,,,,,
WENHAM,38,,,,,,,,,,,Butter,4061,24364,lbs,cheese,1338,22310,lbs,honey,164,987,lbs,beeswax,16,50,lbs,,,,,,,,,,,,,,,,,,,,,,,,,,,,,,,,
