city,page,manufacturing site,number  factories,vessels,number  vessels,vessel tonnage,capital,employeeS,employeesM,employeesF,siteIncome,goods0,value0,quantity0,units0,goods1,value1,quantity1,units1,goods2,value2,quantity2,units2,goods3,value3,quantity3,units3,goods4,value4,quantity4,units4,goods5,value5,quantity5,units5,goods6,value6,quantity6,units6,goods7,value7,quantity7,units7,goods8,value8,quantity8,units8,goods9,value9,quantity9,units9,goods10,value10,quantity10,units10,goods11,value11,quantity11,units11
,148,,,,,,,,,,,,,,,,,,,,,,,,,,,,,,,,,,,,,,,,,,,,,,,,,,,,,,,,,,
AMHERST,148,,,,,,,,,,,,,,,,,,,,,,,,,,,,,,,,,,,,,,,,,,,,,,,,,,,,,,,,,,
AMHERST,148,Cotton Mills,1,,,,5000,12,5,,,spindles,7500,672,lbs,cotton  consumed,150,120000,lbs,cotton yarn,,2500,,ba tting,,,,,,,,,,,,,,,,,,,,,,,,,,,,,,,,,,,
AMHERST,148,Wool len Mills,2,,,,18000,,25,30,,wool consumed,52600,102200,lbs,Kentucky jeans,,252000,yds,,,,,,,,,,,,,,,,,,,,,,,,,,,,,,,,,,,,,,,,
AMHERST,148,Paper Manufactories,2,,,,1700,10,,,,stock consu med,6000,175,tons,paper,,105,tons,,,,,,,,,,,,,,,,,,,,,,,,,,,,,,,,,,,,,,,,
AMHERST,148,Saddle Harness and Trunk Manufactories,4,,,,1550,8,,,,Saddle Harness and Trunk,4375,,,,,,,,,,,,,,,,,,,,,,,,,,,,,,,,,,,,,,,,,,,,,,
AMHERST,148,Card Ma nufactories,1,,,,1,,,,,cards,250,,,,,,,,,,,,,,,,,,,,,,,,,,,,,,,,,,,,,,,,,,,,,,
AMHERST,148,Establishments  m.  Rail-road  Cars Coaches Chaises and other Vehicles,4,,,,2800,,,,,vehicles,7250,,,,,,,,,,,,,,,,,,,,,,,,,,,,,,,,,,,,,,,,,,,,,,
AMHERST,148,Chair and Cabinet Ware Manufactories,2,,,,3150,7,,,,Chair and Cabinet Ware,5450,,,,,,,,,,,,,,,,,,,,,,,,,,,,,,,,,,,,,,,,,,,,,,
AMHERST,148,Tanneries,1,,,,1500,2,,,,hides ta nned,1600,650,,leather tanned and curried,,,,,,,,,,,,,,,,,,,,,,,,,,,,,,,,,,,,,,,,,,,
AMHERST,148,,,,,,,,18,4,,Boots,5870,918,pairs,shoes,,2833,pairs,boots and shoes,,,,,,,,,,,,,,,,,,,,,,,,,,,,,,,,,,,,,,,
AMHERST,148,,,,,,,,5,65,,Straw Bonnets and Hats,23000,14500,,palm­ leaf hats,56696,317236,,,,,,,,,,,,,,,,,,,,,,,,,,,,,,,,,,,,,,,,,
AMHERST,149,,,,,,,,,,,,,,,,,,,,,,,,,,,,,,,,,,,,,,,,,,,,,,,,,,,,,,,,,,
AMHERST,149,,,,,,,2,,,,Bricks,225,85000,,,,,,,,,,,,,,,,,,,,,,,,,,,,,,,,,,,,,,,,,,,,,
AMHERST,149,,,,,,,22,,,,Mechanics' Tools,14975,,,,,,,,,,,,,,,,,,,,,,,,,,,,,,,,,,,,,,,,,,,,,,
AMHERST,149,,,,,,,8,,,,Brooms,5314,42510,,,,,,,,,,,,,,,,,,,,,,,,,,,,,,,,,,,,,,,,,,,,,
AMHERST,149,,,,,,,3,,,,Lumber prepared,1600,200000,feet,,150,,,,,,,,,,,,,,,,,,,,,,,,,,,,,,,,,,,,,,,,,,
AMHERST,149,,,,,,,,,,,Fire Wood prepared,2000,950,cords,,,,,,,,,,,,,,,,,,,,,,,,,,,,,,,,,,,,,,,,,,,,
AMHERST,149,,,,,,,,,,,other kinds  wool,2568,2749,lbs,,1650,,,Merino Sheep,,1027,head,other kinds  sheep,,1027,head,merino wool prod uced  lbs.,,2749,lbs,,,,,,,,,,,,,,,,,,,,,,,,,,,,
AMHERST,149,,,,,,,,,,,Horses,15120,336,head,neat  cattle,30083,1668,head,swine,9375,625,head,,,,,,,,,,,,,,,,,,,,,,,,,,,,,,,,,,,,
AMHERST,149,,,,,,18930,,,,,Indian Corn or Maize raised,12683,18930,bush,wheat,389,311,bush,r ye,4940,6586,bnsh,oats,3116,8903,bush,beans raised,250,200,bush,buck wheat,250,500,bush,potatoes,4022,1691,bush,other esculen t vegetables,137,750,bush,hay,29250,3900,tons,,,,,,,,,,,,
AMHERST,149,,,,,,,,,,,Fruit  raised,1600,4805,bush,hops,100,950,lbs,tobacco,1630,29638,lbs,,,,,,,,,,,,,,,,,,,,,,,,,,,,,,,,,,,,
AMHERST,149,,,,,,,,,,,Butter,10306,62447,lbs,cheese,2245,37425,lbs,honey,53,422,lbs,,,,,,,,,,,,,,,,,,,,,,,,,,,,,,,,,,,,
AMHERST,149,,,,,,,,,,,Broom Seed raised,1131,4526,bush,broom  brush,3939,65659,lbs,,,,,,,,,,,,,,,,,,,,,,,,,,,,,,,,,,,,,,,,
AMHERST,149,,,,,,,,,,,Lace and Edging,750,6000,yds,,,,,,,,,,,,,,,,,,,,,,,,,,,,,,,,,,,,,,,,,,,,
AMHERST,149,,,,,,,,,,,Band and Hat Boxes,620,,,,,,,,,,,,,,,,,,,,,,,,,,,,,,,,,,,,,,,,,,,,,,
AMHERST,149,,,,,,800,,,,,Type Cases,800,,,,,,,,,,,,,,,,,,,,,,,,,,,,,,,,,,,,,,,,,,,,,,
AMHERST,149,,,,,,7000,,,,,Children's Wagons,8500,7000,,velocipedes,1200,,,,,,,,,,,,,,,,,,,,,,,,,,,,,,,,,,,,,,,,,,
AMHERST,149,,,,,,,,,,,Washing Machines,318,,,,,,,,,,,,,,,,,,,,,,,,,,,,,,,,,,,,,,,,,,,,,,
AMHERST,149,,,,,,,,,,,Steel Springs,1600,,,,,,,,,,,,,,,,,,,,,,,,,,,,,,,,,,,,,,,,,,,,,,
AMHERST,149,Printing fices,1,,,,,6,,,,work  done,3000,,,,,,,,,,,,,,,,,,,,,,,,,,,,,,,,,,,,,,,,,,,,,,
AMHERST,150,,,,,,,,,,,,,,,,,,,,,,,,,,,,,,,,,,,,,,,,,,,,,,,,,,,,,,,,,,
BELCHERTOWN,150,,,,,,,,,,,,,,,,,,,,,,,,,,,,,,,,,,,,,,,,,,,,,,,,,,,,,,,,,,
BELCHERTOWN,150,Cotton Wicking Mills,1,,,,4000,,,,,wicking,6000,,,,,,,,,,,,,,,,,,,,,,,,,,,,,,,,,,,,,,,,,,,,,,
BELCHERTOWN,150,Manufactories  Shovels Spades ks and Hoes,1,,,,600,1,,,,,600,,,,,,,,,,,,,,,,,,,,,,,,,,,,,,,,,,,,,,,,,,,,,,
BELCHERTOWN,150,Plough Manufactories,1,,,,400,1,,,,ploughs,410,30,,ploughs and rakes,,,,,,,,,,,,,,,,,,,,,,,,,,,,,,,,,,,,,,,,,,,
BELCHERTOWN,150,Brass Foundries,1,,,,300,21,,,,Brass,450,21,,E. . Organs,300,,,,,,,,,,,,,,,,,,,,,,,,,,,,,,,,,,,,,,,,,,
BELCHERTOWN,150,Saddle Harness and Trunk Manufactories,4,,,,1500,4,,,,Saddle Harness and Trunk,1200,,,,,,,,,,,,,,,,,,,,,,,,,,,,,,,,,,,,,,,,,,,,,,
BELCHERTOWN,150,Hat and Cap Mannfactories,1,,,,500,2,,,,hats and caps,900,475,,,,,,,,,,,,,,,,,,,,,,,,,,,,,,,,,,,,,,,,,,,,,
BELCHERTOWN,150,,,,,,80000,60,,,,Wagons,40440,667,,sleighs,,21,,vehicles,,,,,,,,,,,,,,,,,,,,,,,,,,,,,,,,,,,,,,,
BELCHERTOWN,150,,,,,,1000,3,,,,Chairs and Cabinet Ware,700,,,,,,,,,,,,,,,,,,,,,,,,,,,,,,,,,,,,,,,,,,,,,,
BELCHERTOWN,150,,,,,,,,3,,,Boots m'u,1062,265,pairs,shoes,,200,pairs,boots and shoes,,,,,,,,,,,,,,,,,,,,,,,,,,,,,,,,,,,,,,,
BELCHERTOWN,150,,,,,,,,,96,,Palm-leaf  Hats,15356,76782,,,,,,,,,,,,,,,,,,,,,,,,,,,,,,,,,,,,,,,,,,,,,
BELCHERTOWN,150,,,,,,,2,,,,Bricks,525,150000,,,,,,,,,,,,,,,,,,,,,,,,,,,,,,,,,,,,,,,,,,,,,
BELCHERTOWN,150,,,,,,60,,,,,Snuff Tobacco and Cigars,60,,,,,,,,,,,,,,,,,,,,,,,,,,,,,,,,,,,,,,,,,,,,,,
BELCHERTOWN,150,,,,,,,20,,,,Lumber prepared,7942,722000,feet,,1785,,,,,,,,,,,,,,,,,,,,,,,,,,,,,,,,,,,,,,,,,,
BELCHERTOWN,150,,,,,,,4,,,,Fire Wood prepared,2636,1764,cords,,,,,,,,,,,,,,,,,,,,,,,,,,,,,,,,,,,,,,,,,,,,
BELCHERTOWN,150,,,,,,,,,,,Sheep total see species,4219,631,lbs,Saxony wool prod uc­ ed,,2711,lbs,Saxony sheep,,224,head,merino sheep,,1250,head,other kinds  sheep,,937,head,Saxony wool prod uc­ ed  lbs.,,631,lbs,merino wool  lbs.,,3341,lbs,other kinds  wool,,,,Wool total see species,2235,,,,,,,,,,,,,,
BELCHERTOWN,150,,,,,,,,,,,Horses,18180,404,head,neat cattle,33138,1841,head,swine,2180,436,head,,,,,,,,,,,,,,,,,,,,,,,,,,,,,,,,,,,,
BELCHERTOWN,150,,,,,,19676,,,,,Indian Corn or Maize raised,12759,19676,bush,wheat,424,339,bush,rye,5265,7522,bush,bar­ ley,72,124,bush,oats,5235,14956,bush,buck­ wheat raised,612,1224,bush,potatoes,8118,24601,bush,other  esculent vegetables,770,2200,bush,hay,26526,4421,tons,,,,,,,,,,,,
BELCHERTOWN,151,,,,,,,,,,,,,,,,,,,,,,,,,,,,,,,,,,,,,,,,,,,,,,,,,,,,,,,,,,
BELCHERTOWN,151,,,,,,,,,,,Fruit raised,2961,8972,bush,tobacco,60,1000,lbs,,,,,,,,,,,,,,,,,,,,,,,,,,,,,,,,,,,,,,,,
BELCHERTOWN,151,,,,,,,,,,,Raw Silk raised,55,8,lbs,,,,,,,,,,,,,,,,,,,,,,,,,,,,,,,,,,,,,,,,,,,,
BELCHERTOWN,151,,,,,,,,,,,Butter,10092,72088,lbs,cheese,2504,40067,lbs,honey,583,4165,lbs,beeswax,34,80,lbs,,,,,,,,,,,,,,,,,,,,,,,,,,,,,,,,
BELCHERTOWN,151,,,,,,,,,,,Axe Handles,50,300,,,,,,,,,,,,,,,,,,,,,,,,,,,,,,,,,,,,,,,,,,,,,
BELCHERTOWN,151,,,,,,50,,,,,Chestnuts,100,50,bush,,,,,,,,,,,,,,,,,,,,,,,,,,,,,,,,,,,,,,,,,,,,
BELCHERTOWN,151,,,,,,,,,,,Maple Sugar,168,2100,lbs,,,,,,,,,,,,,,,,,,,,,,,,,,,,,,,,,,,,,,,,,,,,
BELCHERTOWN,151,Sash and Blind Manufactories,1,,,,,,,,,Sash and Blind,600,,,,,,,,,,,,,,,,,,,,,,,,,,,,,,,,,,,,,,,,,,,,,,
BELCHERTOWN,151,,,,,,,,,,,Hollow Augers,50,20,,,,,,,,,,,,,,,,,,,,,,,,,,,,,,,,,,,,,,,,,,,,,
BELCHERTOWN,151,,,,,,7,,,,,Curled Palm-leaf,,7,tons,,,,,,,,,,,,,,,,,,,,,,,,,,,,,,,,,,,,,,,,,,,,
BELCHERTOWN,151,,,,,,300,,,,,Marble prepared,600,,,,,,,,,,,,,,,,,,,,,,,,,,,,,,,,,,,,,,,,,,,,,,
CHESTERFIELD,151,,,,,,,,,,,,,,,,,,,,,,,,,,,,,,,,,,,,,,,,,,,,,,,,,,,,,,,,,,
CHESTERFIELD,151,Furnaces  m.  Hollow Ware and Castings other than Pig Iron,1,,,,2000970,4,,,,Hollow ware and castings,2000970,12,tons,C.,,,,,,,,,,,,,,,,,,,,,,,,,,,,,,,,,,,,,,,,,,,
CHESTERFIELD,151,Tanneries,2,,,,3600,7,,,,leather tanned and curried,17400,,,,,,,,,,,,,,,,,,,,,,,,,,,,,,,,,,,,,,,,,,,,,,
CHESTERFIELD,151,,,,,,,,,,,Palm-leaf Hats,504,3600,,,,,,,,,,,,,,,,,,,,,,,,,,,,,,,,,,,,,,,,,,,,,
CHESTERFIELD,151,,,,,,,1,,,,Wooden Ware including farming utensils not  other· wise enumerated,103,,,,,,,,,,,,,,,,,,,,,,,,,,,,,,,,,,,,,,,,,,,,,,
CHESTERFIELD,151,,,,,,,8,,,,Lumber prepared,2080,520000,feet,,,,,,,,,,,,,,,,,,,,,,,,,,,,,,,,,,,,,,,,,,,,
CHESTERFIELD,151,,,,,,,2,,,,Fire Wood prepared,802,757,cords,,,,,,,,,,,,,,,,,,,,,,,,,,,,,,,,,,,,,,,,,,,,
CHESTERFIELD,151,,,,,,,,,,,,11079,,,,6081,,,Merino Sheep,,4924,head,merino wool produced  lbs.,,16003,lbs,,,,,,,,,,,,,,,,,,,,,,,,,,,,,,,,
CHESTERFIELD,151,,,,,,,,,,,Horses,7380,164,head,neat cattle,17696,801,head,swine,1057,151,head,,,,,,,,,,,,,,,,,,,,,,,,,,,,,,,,,,,,
CHESTERFIELD,151,,,,,,2745,,,,,Indian  Corn or Maize  raised,2049,2745,bush,wheat,64,58,bush,rye ·,53,81,bush,barley,374,623,bush,oats,115,3046,bush,potatoes,2969,11875,bush,other  esculent  vegetables,54,357,bush,hay,14538350,2423,tons,,117,,,,,,,,,,,,,,
CHESTERFIELD,152,,,,,,,,,,,,,,,,,,,,,,,,,,,,,,,,,,,,,,,,,,,,,,,,,,,,,,,,,,
CHESTERFIELD,152,,,,,,,,,,,Butter,2900,29000,lbs,cheese,673,13464,lbs,,,,,,,,,,,,,,,,,,,,,,,,,,,,,,,,,,,,,,,,
CHESTERFIELD,152,,,,,,,,,,,Broom Handles,218,29000,,,,,,,,,,,,,,,,,,,,,,,,,,,,,,,,,,,,,,,,,,,,,
CHESTERFIELD,152,,,,,,,,,,,,750,,,,,,,,,,,,,,,,,,,,,,,,,,,,,,,,,,,,,,,,,,,,,,
CHESTERFIELD,152,,,,,,,,,,,Button  Moulds,640,16000,,,,,,,,,,,,,,,,,,,,,,,,,,,,,,,,,,,,,,,,,,,,,
CHESTERFIELD,152,,,,,,,,,,,Maple Sugar,2827,40388,lbs,,,,,,,,,,,,,,,,,,,,,,,,,,,,,,,,,,,,,,,,,,,,
CUMMINGTON,152,,,,,,,,,,,,,,,,,,,,,,,,,,,,,,,,,,,,,,,,,,,,,,,,,,,,,,,,,,
CUMMINGTON,152,Woollen Mills,2,,,,,5,,6,,wool consumed,4250,11000,lbs,satinet,,13000,yds,,,,,,,,,,,,,,,,,,,,,,,,,,,,,,,,,,,,,,,,
CUMMINGTON,152,Furnaces  m.  Hollow Ware and Castings other than Pig Iron,1,,,,500,2,,,,hollow ware and castings,1800,18,tons,,,,,,,,,,,,,,,,,,,,,,,,,,,,,,,,,,,,,,,,,,,,
CUMMINGTON,152,Tanneries,4,,,,34000,34,,,,leather  tanned and curried,115800,,,,,,,,,,,,,,,,,,,,,,,,,,,,,,,,,,,,,,,,,,,,,,
CUMMINGTON,152,,,,,,,,4,,,Boots,2270,515,pairs,shoes,,725,,boots and shoes,,,,,,,,,,,,,,,,,,,,,,,,,,,,,,,,,,,,,,,
CUMMINGTON,152,,,,,,,,,,,Palm-leaf  Hats,1620,11000,,,,,,,,,,,,,,,,,,,,,,,,,,,,,,,,,,,,,,,,,,,,,
CUMMINGTON,152,,,,,,,,,,,Sperm  Oil  consu med  in  manufact u ring,,55,galls,lard oil,,80,galls,anth racite  coal  consu med in manu fact nring,,7,tons,,,,,,,,,,,,,,,,,,,,,,,,,,,,,,,,,,,,
CUMMINGTON,152,Merino  Sher.p,4143,,,,,,,,,Sheep total see species,5836,76,lbs,other  wool,,,,Merino  Sher.p,,4143,head,other  sheep,,26,head,merino  wool  produced   lbs.,,11653,lbs,Wool total see species,4496,,,,,,,,,,,,,,,,,,,,,,,,,,
CUMMINGTON,152,,,,,,,,,,,Horses,8962,190,head,neat cattle,15737,922,head,swine,3024,252,head,,,,,,,,,,,,,,,,,,,,,,,,,,,,,,,,,,,,
CUMMINGTON,152,,,,,,3276,,,,,Indian Corn or Maize raised,2457,3276,bush,wheat,671,537,bush,rye,39,53,bush,ba rley,475,818,bush,oats,788,2130,bush,potatoes,3772,15090,bush,etables,285,1141,bush,hay,17612,2516,tons,,,,,,,,,,,,,,,,
CUMMINGTON,152,,,,,,,,,,,Fruit,1450,8700,bnsh,raw silk,75,15,lbs,,,,,,,,,,,,,,,,,,,,,,,,,,,,,,,,,,,,,,,,
CUMMINGTON,152,,,,,,,,,,,Butter,3669,17580,lbs,cheese,1282,15065,lbs,,,,,,,,,,,,,,,,,,,,,,,,,,,,,,,,,,,,,,,,
CUMMINGTON,152,,,,,,,,,,,Maple Sugar,2360,29500,lbs,,,,,,,,,,,,,,,,,,,,,,,,,,,,,,,,,,,,,,,,,,,,
CUMMINGTON,152,Scythe Smiths untrimmed cut,65000,,,,1300,20,,,,Scythe Smiths untrimmed cut,,,,,,,,,,,,,,,,,,,,,,,,,,,,,,,,,,,,,,,,,,,,,,,
CUMMINGTON,152,scythe  stones  prepared,108000,,,,2500,15,,,,scythe  stones  prepared,,,,,,,,,,,,,,,,,,,,,,,,,,,,,,,,,,,,,,,,,,,,,,,
CUMMINGTON,153,,,,,,,,,,,,,,,,,,,,,,,,,,,,,,,,,,,,,,,,,,,,,,,,,,,,,,,,,,
CUMMINGTON,153,,,,,,,1,,,,Broom Handles,200,25000,,,,,,,,,,,,,,,,,,,,,,,,,,,,,,,,,,,,,,,,,,,,,
CUMMINGTON,153,,,,,,,,,,,,,,,,,,,,,,,,,,,,,,,,,,,,,,,,,,,,,,,,,,,,,,,,,,
CUMMINGTON,153,,,,,,1000,,,,,Cotton Wicking,465,30,,,,,,,,,,,,,,,,,,,,,,,,,,,,,,,,,,,,,,,,,,,,,
CUMMINGTON,153,Establishments  m.  Coaches Chaises Wagons and other Vehicles,1,,,,500,5,,,,vehicles,1780,,,,,,,,,,,,,,,,,,,,,,,,,,,,,,,,,,,,,,,,,,,,,,
CUMMINGTON,153,Tanneries,1,,,,1000,2,,,,leather tanned and curried,500,,,,,,,,,,,,,,,,,,,,,,,,,,,,,,,,,,,,,,,,,,,,,,
CUMMINGTON,153,,,,,,,,5,,,Boots,700,150,pairs,shoes,,400,pairs,boots and shoes,,,,,,,,,,,,,,,,,,,,,,,,,,,,,,,,,,,,,,,
CUMMINGTON,153,,,,,,,,,12,,Palm-leaf  Hats,372,3000,,,,,,,,,,,,,,,,,,,,,,,,,,,,,,,,,,,,,,,,,,,,,
CUMMINGTON,153,,,,,,,,,,,Lumber prepared,2500,250000,feet,,,,,,,,,,,,,,,,,,,,,,,,,,,,,,,,,,,,,,,,,,,,
CUMMINGTON,153,,,,,,,,,,,Fire Wood prepared,740,370,cords,,,,,,,,,,,,,,,,,,,,,,,,,,,,,,,,,,,,,,,,,,,,
CUMMINGTON,153,,,,,,,,,,,Sheep total,651,651,head,Wool total,438,1751,lbs,,,,,,,,,,,,,,,,,,,,,,,,,,,,,,,,,,,,,,,,
CUMMINGTON,153,,,,,,,,,,,Horses,3500,112,head,neat  cattle,7336,707,head,swine,531,167,head,,,,,,,,,,,,,,,,,,,,,,,,,,,,,,,,,,,,
CUMMINGTON,153,,,,,,7530,,,,,Indian Corn or Maize raised,4521,7530,bush,wheat,139,139,bush,rye,3195,4564,bush,oats i,947,280,bush,potatoes,470,5,bush,other escnlen t vegetables,200,1200,bush,hay,7296,912,tons,,,,,,,,,,,,,,,,,,,,
CUMMINGTON,153,,,,,,,,,,,Fruit raised,160,800,bush,,,,,,,,,,,,,,,,,,,,,,,,,,,,,,,,,,,,,,,,,,,,
CUMMINGTON,153,,,,,,,,,,,Butter,1986,16555,lbs,cheese,240,400,lbs,,,,,,,,,,,,,,,,,,,,,,,,,,,,,,,,,,,,,,,,
CUMMINGTON,153,,,,,,6,,,,,Broom Corn,6,6,tons,,,,,,,,,,,,,,,,,,,,,,,,,,,,,,,,,,,,,,,,,,,,
CUMMINGTON,153,Flouring Mills,1,,,,,,,,,grain ground,,12000,bush,,,,,,,,,,,,,,,,,,,,,,,,,,,,,,,,,,,,,,,,,,,,
ENFIELD,153,,,,,,,,,,,,,,,,,,,,,,,,,,,,,,,,,,,,,,,,,,,,,,,,,,,,,,,,,,
ENFIELD,153,Cotton Mills,2,,,,10000,,6,15,,spindles,,1280,lbs,cotton consumed -,,50000,yds,satinet warps,,600000,,,,,,,,,,,,,,,,,,,,,,,,,,,,,,,,,,,,,
ENFIELD,153,Woollen  Mills,2,,,,25000,25,,16,,wool  consumed,20000,5000,lbs,satinet,12500,50000,yds,Kentucky jeans,,50000,yds,,,,,,,,,,,,,,,,,,,,,,,,,,,,,,,,,,,,
ENFIELD,154,,,,,,,,,,,,,,,,,,,,,,,,,,,,,,,,,,,,,,,,,,,,,,,,,,,,,,,,,,
ENFIELD,154,Establishments  m.  Cotton Woollen and other Ma­ chinery,1,,,,2000,10,,,,machinery  (looms),6000,,,,,,,,,,,,,,,,,,,,,,,,,,,,,,,,,,,,,,,,,,,,,,
ENFIELD,154,Plough Manufactories,1,,,,,1,,,,ploughs  and other agricultural tools,240,30,,,,,,,,,,,,,,,,,,,,,,,,,,,,,,,,,,,,,,,,,,,,,
ENFIELD,154,Saddle Harness and 'f runk Manufactories,1,,,,300,1,,,,Saddle Harness and 'f runk,600,,,,,,,,,,,,,,,,,,,,,,,,,,,,,,,,,,,,,,,,,,,,,,
ENFIELD,154,Card  Manufactories,1,,,,18000,14,,,,cards,35000,,,,,,,,,,,,,,,,,,,,,,,,,,,,,,,,,,,,,,,,,,,,,,
ENFIELD,154,Estahlish ments   m.  Wagons  Sleighs  and other Vehicles,1,,,,800,4,,,,vehicles,1300,,,,,,,,,,,,,,,,,,,,,,,,,,,,,,,,,,,,,,,,,,,,,,
ENFIELD,154,Chair nnd Cabinet Ware Manufactories,2,,,,200,2,,,,Chair nnd Cabinet Ware,500,,,,,,,,,,,,,,,,,,,,,,,,,,,,,,,,,,,,,,,,,,,,,,
ENFIELD,154,Tanneries,2,,,,5000,4,,,,leather tanned and curried,10000,,,,,,,,,,,,,,,,,,,,,,,,,,,,,,,,,,,,,,,,,,,,,,
ENFIELD,154,,,,,,,4,2,,,Boots,22700,10750,pairs,shoes,,1000,,boots and shoes,,,,,,,,,,,,,,,,,,,,,,,,,,,,,,,,,,,,,,,
ENFIELD,154,,,,,,,,,205,,Palm-leaf  Hats,13541,75000,,,,,,,,,,,,,,,,,,,,,,,,,,,,,,,,,,,,,,,,,,,,,
ENFIELD,154,,,,,,,5,,,,Lumber prepa red,4000,425000,feet,lumber and shingles,,,,,,,,,,,,,,,,,,,,,,,,,,,,,,,,,,,,,,,,,,,
ENFIELD,154,,,,,,,20,,,,Fire Wood prepared,1407,804,cords,,,,,,,,,,,,,,,,,,,,,,,,,,,,,,,,,,,,,,,,,,,,
ENFIELD,154,,,,,,,,,,,Sperm Oil consumed in man ufacturing,404,425,galls,whale  oil,150,300,galls,other  kinds  oil,341,425,galls,all  other    American  prod uction ex­ cepting cotton wool  and  iron  consumed  in  man ufacturing,27420,,,,,,,,,,,,,,,,,,,,,,,,,,,,,,,,,,
ENFIELD,154,,,,,,,,,,,Sheep total see species,1378,717,lbs,other  wool,,,,Merino  Sheep,,450,head,other  sheep,,239,head,merino  wool  prod uced    lbs.,,1125,lbs,Wool total see species,465,,,,,,,,,,,,,,,,,,,,,,,,,,
ENFIELD,154,,,,,,,,,,,Horses,6165,137,head,neat cattle,12851,565,head,swine,1158,187,head,,,,,,,,,,,,,,,,,,,,,,,,,,,,,,,,,,,,
ENFIELD,154,,,,,,4662,,,,,Indian Corn or Maize raised,3497,4662,bush,buck­ wheat,105,209,bnsh,rye  !l,142,196,bush,ba rley,51,6,bush,oats,1206,3619,bush,potatoes,2387,9550,bush,ot her escnlcn t vegetables,1000,1500,bush,hay,9376,1172,tons,,,,,,,,,,,,,,,,
ENFIELD,155,,,,,,,,,,,,,,,,,,,,,,,,,,,,,,,,,,,,,,,,,,,,,,,,,,,,,,,,,,
ENFIELD,155,,,,,,,,,,,Fruit raised,904,2712,bush,,,,,,,,,,,,,,,,,,,,,,,,,,,,,,,,,,,,,,,,,,,,
ENFIELD,155,,,,,,,,,,,Butter,1736,13889,lbs,cheese,1816,30280,lbs,,50,,,,,,,,,,,,,,,,,,,,,,,,,,,,,,,,,,,,,,
ENFIELD,155,,,,,,,,,,,Wagon  Hubs,267,800,,,,,,,,,,,,,,,,,,,,,,,,,,,,,,,,,,,,,,,,,,,,,
ENFIELD,155,,,,,,,,,,,Bedstead Posts,31,50,,,,,,,,,,,,,,,,,,,,,,,,,,,,,,,,,,,,,,,,,,,,,
ENFIELD,155,,,,,,,,,,,Shingle Mills,325,5,,,,,,,,,,,,,,,,,,,,,,,,,,,,,,,,,,,,,,,,,,,,,
GOSHEN,155,,,,,,,,,,,,,,,,,,,,,,,,,,,,,,,,,,,,,,,,,,,,,,,,,,,,,,,,,,
GOSHEN,155,,,,,,,,,,,Sheep total see species,3405,,,Wool total see species,3269,,,Merino Sheep,,2500,head,other sheep,,224,head,merino wool    lbs.,,7500,lbs,other wool  lbs.,,672,lbs,,,,,,,,,,,,,,,,,,,,,,,,
GOSHEN,155,,,,,,,,,,,Horses,3420,76,head,neat cattle,8197,434,head,swine,440,88,head,,,,,,,,,,,,,,,,,,,,,,,,,,,,,,,,,,,,
GOSHEN,155,,,,,,1402,,,,,Indian Corn or Maize raised,1052,1402,bush,wheat,275,208,bnsh,rye,102,128,bush,barley,9,178,bush,oats,400,1200,bush,potatoes,2498,7495,bush,other csculcnt vegetables,12,500,bush,.millet,7476,1246,tons,,,,,,,,,,,,,,,,
GOSHEN,155,,,,,,,,,,,Fruit raised,400,1600,bush,,,,,,,,,,,,,,,,,,,,,,,,,,,,,,,,,,,,,,,,,,,,
GOSHEN,155,Butter  l bs,118301,,,,,,,,,cheese i,1479,62,lbs,,404,,,,,,,,,,,,,,,,,,,,,,,,,,,,,,,,,,,,,,,,,,
GOSHEN,155,,,,,,,,,,,Maple Sugar,1255,15693,lbs,,,,,,,,,,,,,,,,,,,,,,,,,,,,,,,,,,,,,,,,,,,,
GOSHEN,155,,,,,,,,,,,Bark prepared,1200,400,cords,,,,,,,,,,,,,,,,,,,,,,,,,,,,,,,,,,,,,,,,,,,,
GOSHEN,155,,,,,,,,,,,Lumber prepared,2855,571000,feet,,,,,,,,,,,,,,,,,,,,,,,,,,,,,,,,,,,,,,,,,,,,
GOSHEN,155,,,,,,,,,,,Broom Handles :,2625350,350000,,V.  wood  turned,,,,,,,,,,,,,,,,,,,,,,,,,,,,,,,,,,,,,,,,,,,
GRANBY,155,,,,,,,,,,,,,,,,,,,,,,,,,,,,,,,,,,,,,,,,,,,,,,,,,,,,,,,,,,
GRANBY,155,Woollen Mills,2,,,,10500,1110,,8,,wool consumed,30250,46000,lbs,satinet,1000,55000,yds,flannel or blanketing,,2000,yds,,,,,,,,,,,,,,,,,,,,,,,,,,,,,,,,,,,,
GRANBY,155,Paper Manufactories,1,,,,,9,,,,stock consumed,7200,142,tons,paper,,90,tons,,,,,,,,,,,,,,,,,,,,,,,,,,,,,,,,,,,,,,,,
GRANBY,156,,,,,,,,,,,,,,,,,,,,,,,,,,,,,,,,,,,,,,,,,,,,,,,,,,,,,,,,,,
GRANBY,156,,,,,,,,,,,Palm-leaf Hats,819,4815,,,,,,,,,,,,,,,,,,,,,,,,,,,,,,,,,,,,,,,,,,,,,
GRANBY,156,,,,,,,14,,,,Fire Wood prepared,6964,3095,cords,,,,,,,,,,,,,,,,,,,,,,,,,,,,,,,,,,,,,,,,,,,,
GRANBY,156,,,,,,,,,,,Sperm Oil consumed in man ufacturing,92,115,galls,other kinds  oil,361,550,galls,other   American production excepting cotton wool and iron consum­ ed in manufacturing,1624,,,other   eign productions excepting as above  consumed,1400,,,,,,,,,,,,,,,,,,,,,,,,,,,,,,,,,,
GRANBY,156,,,,,,,,,,,,1695,,,,1421,,,Merino Sheep I,,356,head,merino wool produced . lbs.,,4068,lbs,,,,,,,,,,,,,,,,,,,,,,,,,,,,,,,,
GRANBY,156,,,,,,,,,,,Horses,8650,71,head,neat cattle,23016,959,head,swine,2302,275,head,,,,,,,,,,,,,,,,,,,,,,,,,,,,,,,,,,,,
GRANBY,156,,,,,,10509,,,,,Indian Corn or Maize raised,741,10509,bush,wheat,102,68,bush,rye,3696,5280,bush,oats,1561,4729,bush,buckwheat raised,200,400,bush,onions,113,150,bush,turnips,100,400,bush,beans,75,50,bush,potatoes,2298,13195,,hay,16874,2596,,,,,,,,,
GRANBY,156,,,,,,,,,,,Fruit raised,1033,3129,bush,,,,,,,,,,,,,,,,,,,,,,,,,,,,,,,,,,,,,,,,,,,,
GRANBY,156,,,,,,,,,,,Butter,7343,52452,lbs,honey,765,898,lbs,beeswax,153,23,,,7,,,,,,,,,,,,,,,,,,,,,,,,,,,,,,,,,,
GREENWICH,156,,,,,,,,,,,,,,,,,,,,,,,,,,,,,,,,,,,,,,,,,,,,,,,,,,,,,,,,,,
GREENWICH,156,Woollen Mills,1,,,,,,,,,wool consumed,1500,2500,lbs,cassimere,,1600,yds,,,,,,,,,,,,,,,,,,,,,,,,,,,,,,,,,,,,,,,,
GREENWICH,156,Scythe Man ufactories,1,,,,3000,10,,,,scythes,6000,850,doz,,,,,,,,,,,,,,,,,,,,,,,,,,,,,,,,,,,,,,,,,,,,
GREENWICH,156,Manufactories  Shovels Spades ks and Hoes,1,,,,300,3,,,,,1800,,,,,,,,,,,,,,,,,,,,,,,,,,,,,,,,,,,,,,,,,,,,,,
GREENWICH,156,Brush Manufactories,1,,,,,,,,,brushes,200,,,,,,,,,,,,,,,,,,,,,,,,,,,,,,,,,,,,,,,,,,,,,,
GREENWICH,156,,,,,,,,,,,Wagons,350,,,,,,,,,,,,,,,,,,,,,,,,,,,,,,,,,,,,,,,,,,,,,,
GREENWICH,156,,,,,,,,1,,,Boots,525,100,pairs,shoes,,100,pairs,boots and shoes,,,,,,,,,,,,,,,,,,,,,,,,,,,,,,,,,,,,,,,
GREENWICH,156,,,,,,,5,,,,Palm-leaf  Hats,80003000,31000,,. V.   Pails,,,,,,,,,,,,,,,,,,,,,,,,,,,,,,,,,,,,,,,,,,,
GREENWICH,157,,,,,,,,,,,,,,,,,,,,,,,,,,,,,,,,,,,,,,,,,,,,,,,,,,,,,,,,,,
GREENWICH,157,,,,,,,,,,,Lumber prepared,2100,200000,feet,lum­ ber and shingles,,,,,,,,,,,,,,,,,,,,,,,,,,,,,,,,,,,,,,,,,,,
GREENWICH,157,,,,,,,,,,,Sheep total,1058,846,head,Wool total,837,2470,lbs,,,,,,,,,,,,,,,,,,,,,,,,,,,,,,,,,,,,,,,,
GREENWICH,157,,,,,,,,,,,Horses,6097,113,head,neat cattle,11655,668,head,swine,3354,301,head,,,,,,,,,,,,,,,,,,,,,,,,,,,,,,,,,,,,
GREENWICH,157,,,,,,5667,,,,,Indian Com or Maize raised,4250,5667,bush,wheat,60,40,bush,rye,2593,3458,bush,oats,1375,3447,bnsh,potatoes,2700,9120,bush,beans rais­ ed,137,110,bush,buck wheat,435,871,bush,other esculent vegetables,100,1223,tons,hay,8143,,,,,,,,,,,,,,
GREENWICH,157,,,,,,,,,,,Fruit raised,45,100,bush,hops,200,1850,lbs,tobacco,40,700,lbs,,,,,,,,,,,,,,,,,,,,,,,,,,,,,,,,,,,,
GREENWICH,157,,,,,,,,,,,Butter,2230,14865,lbs,cheese,1100,20700,lbs,,,,,,,,,,,,,,,,,,,,,,,,,,,,,,,,,,,,,,,,
GREENWICH,157,Establishments  Plating Harness and Carriage Trimming,1,,,,2000,8,,,,trimmings,5000,,,,,,,,,,,,,,,,,,,,,,,,,,,,,,,,,,,,,,,,,,,,,,
GREENWICH,157,,,,,,,,,,,Poultry,543,,,,,,,,,,,,,,,,,,,,,,,,,,,,,,,,,,,,,,,,,,,,,,
GREENWICH,157,,,,,,,,,,,Lead Pipe,1200,,,,,,,,,,,,,,,,,,,,,,,,,,,,,,,,,,,,,,,,,,,,,,
HADLEY,157,,,,,,,,,,,,,,,,,,,,,,,,,,,,,,,,,,,,,,,,,,,,,,,,,,,,,,,,,,
HADLEY,157,,,,,,75,,,,,Cutlery,75,,,,,,,,,,,,,,,,,,,,,,,,,,,,,,,,,,,,,,,,,,,,,,
HADLEY,157,,,,,,,,,,,Broom Screws,100,,,,,,,,,,,,,,,,,,,,,,,,,,,,,,,,,,,,,,,,,,,,,,
HADLEY,157,,,,,,,,,,,Iron Butts or Hinges,40,100,,,,,,,,,,,,,,,,,,,,,,,,,,,,,,,,,,,,,,,,,,,,,
HADLEY,157,,,,,,100000,,,,,Corn Brooms,7000,100000,,,,,,,,,,,,,,,,,,,,,,,,,,,,,,,,,,,,,,,,,,,,,
HADLEY,157,Saddle Harness and Trunk Manufactories,1,,,,,1,,,,Saddle Harness and Trunk,90,,,,,,,,,,,,,,,,,,,,,,,,,,,,,,,,,,,,,,,,,,,,,,
HADLEY,157,Card Manufactories,1,,,,1,,,,,cards,495,,,,,,,,,,,,,,,,,,,,,,,,,,,,,,,,,,,,,,,,,,,,,,
HADLEY,157,Chair and  Cabinet  Ware  Manufactories,1,,,,1,2,,,,Chair and  Cabinet  Ware,700,,,,,,,,,,,,,,,,,,,,,,,,,,,,,,,,,,,,,,,,,,,,,,
HADLEY,157,Glue Maoufactories and Mann factories  the Preparation  Gu.ms,1,,,,550,1,,,,glue and gu ms,1000,,,,,,,,,,,,,,,,,,,,,,,,,,,,,,,,,,,,,,,,,,,,,,
HADLEY,157,,,,,,1500,3,,,,leather tanned and curried,2500,,,,,,,,,,,,,,,,,,,,,,,,,,,,,,,,,,,,,,,,,,,,,,
HADLEY,157,,,,,,,8,,,,Boots,3083,487,pairs,shoes,,1400,pairs,boots and shoes,,,,,,,,,,,,,,,,,,,,,,,,,,,,,,,,,,,,,,,
HADLEY,158,,,,,,,,,,,,,,,,,,,,,,,,,,,,,,,,,,,,,,,,,,,,,,,,,,,,,,,,,,
HADLEY,158,,,,,,,,,182,,Palm-leaf  Hats,7707,46022,,,,,,,,,,,,,,,,,,,,,,,,,,,,,,,,,,,,,,,,,,,,,
HADLEY,158,,,,,,,5,,,,Bricks,372,93000,,,,,,,,,,,,,,,,,,,,,,,,,,,,,,,,,,,,,,,,,,,,,
HADLEY,158,,,,,,,1,,,,Pumps,205,,,,,,,,,,,,,,,,,,,,,,,,,,,,,,,,,,,,,,,,,,,,,,
HADLEY,158,,,,,,599369,139,,,,Corn and  other  Brooms,83102,599369,,,,,,,,,,,,,,,,,,,,,,,,,,,,,,,,,,,,,,,,,,,,,
HADLEY,158,,,,,,,14,,,,Lumber prepared,24304,1201000,feet,,,,,,,,,,,,,,,,,,,,,,,,,,,,,,,,,,,,,,,,,,,,
HADLEY,158,,,,,,,,,,,Fire Wood prepared,3151,1364,cords,,,,,,,,,,,,,,,,,,,,,,,,,,,,,,,,,,,,,,,,,,,,
HADLEY,158,,,,,,,,,,,Boats Built,173,5,,,,,,,,,,,,,,,,,,,,,,,,,,,,,,,,,,,,,,,,,,,,,
HADLEY,158,,,,,,,,,,,Sheep total,1764,1483,head,wool  produced,1389,3969,lbs,·,,,,,,,,,,,,,,,,,,,,,,,,,,,,,,,,,,,,,,,
HADLEY,158,,,,,,,,,,,Horses,16322,302,head,neat cattle,27048,1278,head,swine,8360,831,head,,,,,,,,,,,,,,,,,,,,,,,,,,,,,,,,,,,,
HADLEY,158,,,,,,26696,,,,,Indian Corn or Maize raised,17886,26696,bush,wheat,606,485,bush,rye,5452,7,bush,i,3044,20,bush,oa ts,3327,9223,bush,potatoes,500,10082,bush,other esculent vegetables,24739,1999,tons,hay,,3059,,,,,,,,,,,,,,,,,
HADLEY,158,,,,,,,,,,,Fruit  raised,1310,3749,bush,tobacco,,16990,lbs,,,,,,,,,,,,,,,,,,,,,,,,,,,,,,,,,,,,,,,,
HADLEY,158,,,,,,,,,,,Butter,6155,49238,lbs,cheese,810,13495,lbs,honey,73,431,lbs,,,,,,,,,,,,,,,,,,,,,,,,,,,,,,,,,,,,
HADLEY,158,,,,,,,,,,,Broom Brush  raised,31232,503859,lbs,broom seed,7843,31372,,,,,,,,,,,,,,,,,,,,,,,,,,,,,,,,,,,,,,,,,
HADLEY,158,,,,,,,,,,,Beans raised,103,15,bush,,,,,,,,,,,,,,,,,,,,,,,,,,,,,,,,,,,,,,,,,,,,
HADLEY,158,,,,,,,4,,,,Felloes  :,2225,43500,,,,,,,,,,,,,,,,,,,,,,,,,,,,,,,,,,,,,,,,,,,,,
HADLEY,158,,,,,,,,,,,wagon hubs,50,100,,,,,,,,,,,,,,,,,,,,,,,,,,,,,,,,,,,,,,,,,,,,,
HADLEY,158,,,,,,,,,,,Bungs,75,25000,,,,,,,,,,,,,,,,,,,,,,,,,,,,,,,,,,,,,,,,,,,,,
HADLEY,158,,,,,,12,1,,,,Cultivators,60,12,,,,,,,,,,,,,,,,,,,,,,,,,,,,,,,,,,,,,,,,,,,,,
HADLEY,158,,,,,,3600,3,,,,Childrens' Wagons,1800,3600,,,,,,,,,,,,,,,,,,,,,,,,,,,,,,,,,,,,,,,,,,,,,
HADLEY,158,,,,,,,4,,,,Wire drawn,6000,4000,lbs,,,,,,,,,,,,,,,,,,,,,,,,,,,,,,,,,,,,,,,,,,,,
HATFIELD,158,,,,,,,,,,,,,,,,,,,,,,,,,,,,,,,,,,,,,,,,,,,,,,,,,,,,,,,,,,
HATFIELD,158,,,,,,,113,,,,Boots,331,415,pairs,shoes,,350,pairs,boots  and shoes,,,,,,,,,,,,,,,,,,,,,,,,,,,,,,,,,,,,,,,
HATFIELD,158,,,,,,,,,40,,Palm-leaf  Hats,1862,11175,,,,,,,,,,,,,,,,,,,,,,,,,,,,,,,,,,,,,,,,,,,,,
HATFIELD,158,,,,,,,43,,,,Brooms and Brushes,40950,312000,,,,,,,,,,,,,,,,,,,,,,,,,,,,,,,,,,,,,,,,,,,,,
HATFIELD,159,,,,,,,,,,,,,,,,,,,,,,,,,,,,,,,,,,,,,,,,,,,,,,,,,,,,,,,,,,
HATFIELD,159,,,,,,,,,,,Lumber prepared,13500,136000,feet,,438,,,,,,,,,,,,,,,,,,,,,,,,,,,,,,,,,,,,,,,,,,
HATFIELD,159,,,,,,,20,,,,Fire Wood prepared,1275,850,cords,,,,,,,,,,,,,,,,,,,,,,,,,,,,,,,,,,,,,,,,,,,,
HATFIELD,159,,,,,,,,,,,Sheep total,2330,932,head,Wool total,913,3262,lbs,,,,,,,,,,,,,,,,,,,,,,,,,,,,,,,,,,,,,,,,
HATFIELD,159,,,,,,,,,,,Horses,8410,190,head,neat  cattle,34411,1089,head,swine,4665,311,head,,,,,,,,,,,,,,,,,,,,,,,,,,,,,,,,,,,,
HATFIELD,159,,,,,,15840,,,,,Indian Corn or Maize raised,10560,15840,bush,wheat,1893,1893,bush,rye,2030,2706,bush,oats,1090,3272,bush,potatoes,1685,5056,bush,hay,20315,2216,tons,,,,,,,,,,,,,,,,,,,,,,,,
HATFIELD,159,,,,,,,,,,,Fruit raised,500,1500,bush,,,,,,,,,,,,,,,,,,,,,,,,,,,,,,,,,,,,,,,,,,,,
HATFIELD,159,,,,,,,,,,,Butter,6250,50000,lbs,cheese,192,3200,lbs,,,,,,,,,,,,,,,,,,,,,,,,,,,,,,,,,,,,,,,,
MIDDLEFIELD,159,,,,,,,,,,,,,,,,,,,,,,,,,,,,,,,,,,,,,,,,,,,,,,,,,,,,,,,,,,
MIDDLEFIELD,159,Woollen Mills,3,,,,50000,,40,33,,wool consumed,5,85000,lbs,broadcloth,3200,30000,yds,sntinet,,6200,yds,,,,,,,,,,,,,,,,,,,,,,,,,,,,,,,,,,,,
MIDDLEFIELD,159,Tanneries,1,,,,2000,2,,,,hides tanned,4000,750,,leather tanned and curried,,,,,,,,,,,,,,,,,,,,,,,,,,,,,,,,,,,,,,,,,,,
MIDDLEFIELD,159,,,,,,,1,,,,Wooden Bowls,600,15000,feet,,,,,,,,,,,,,,,,,,,,,,,,,,,,,,,,,,,,,,,,,,,,
MIDDLEFIELD,159,,,,,,,4,,,,Lumber prepared,1452,264000,feet,,,,,,,,,,,,,,,,,,,,,,,,,,,,,,,,,,,,,,,,,,,,
MIDDLEFIELD,159,,,,,,,,,,,Fire Wood prepared,225,150,cords,,,,,,,,,,,,,,,,,,,,,,,,,,,,,,,,,,,,,,,,,,,,
MIDDLEFIELD,159,,,,,,,,,,,,19680,,,,11792,,,Saxony Sheep,,9840,head,Saxony wool produced  l bs,,259811,head,,,,,,,,,,,,,,,,,,,,,,,,,,,,,,,,
MIDDLEFIELD,159,,,,,,,,,,,Horses,4200,105,head,neat  cattle,11223,558,head,swine,500,125,head,,,,,,,,,,,,,,,,,,,,,,,,,,,,,,,,,,,,
MIDDLEFIELD,159,,,,,,1558,,,,,Indian Corn or Maize raised,1168,1558,bush,wheat,73,58,bush,rye,47,64,bush,ba rley,152,1253,bush,oats,692,1483,bush,potatoes,2268,5671,bush,other esculen t vegetables,5,300,bush,hay,15772,2462,tons,,,,,,,,,,,,,,,,
MIDDLEFIELD,159,,,,,,,,,,,Fruit raised,468,7792,bush,,,,,,,,,,,,,,,,,,,,,,,,,,,,,,,,,,,,,,,,,,,,
MIDDLEFIELD,159,,,,,,,,,,,Butter,2622,21846,lbs,cheese,483,9650,lbs,,,,,,,,,,,,,,,,,,,,,,,,,,,,,,,,,,,,,,,,
MIDDLEFIELD,160,,,,,,,,,,,,,,,,,,,,,,,,,,,,,,,,,,,,,,,,,,,,,,,,,,,,,,,,,,
NORTHAMPTON,160,,,,,,,,,,,,,,,,,,,,,,,,,,,,,,,,,,,,,,,,,,,,,,,,,,,,,,,,,,
NORTHAMPTON,160,Woollen Mills,1,,,,60000,,152,,,broadcloth,,71786,yds,cassimere,,20428,yds,,,,,,,,,,,,,,,,,,,,,,,,,,,,,,,,,,,,,,,,
NORTHAMPTON,160,Silk Manufactories,3,,,,14000,47,10,,,sewing silk,41500,6100,lbs,,,,,,,,,,,,,,,,,,,,,,,,,,,,,,,,,,,,,,,,,,,,
NORTHAMPTON,160,Furnaces  m.  Hollow Ware and Castings other than Pig  Iron,1,,,,3000,3,,,,hollow  ware  and  castings,5000,100,tons,,,,,,,,,,,,,,,,,,,,,,,,,,,,,,,,,,,,,,,,,,,,
NORTHAMPTON,160,Paper Manufactories,2,,,,56000,71,,,,stock consumed,64250,468000,lbs,pa­ per,,28500,reams,,,,,,,,,,,,,,,,,,,,,,,,,,,,,,,,,,,,,,,,
NORTHAMPTON,160,Establishmen ts  m.  Gold and Silver Ware and Jewelry,2,,,,1,4,,,,art icles,1800,,,,,,,,,,,,,,,,,,,,,,,,,,,,,,,,,,,,,,,,,,,,,,
NORTHAMPTON,160,Saddle Harness and Trun k Mauufactorics,3,,,,1600,8,,,,Saddle Harness and Trun k Mauufactorics,3000,,,,,,,,,,,,,,,,,,,,,,,,,,,,,,,,,,,,,,,,,,,,,,
NORTHAMPTON,160,Hat and Cap Manufoctories,2,,,,1400,5,,,,hats and caps,2850,1800,,,,,,,,,,,,,,,,,,,,,,,,,,,,,,,,,,,,,,,,,,,,,
NORTHAMPTON,160,Establishments    m.   Coaches  Chaises  Wagons  and other Vehicles,3,,,,11,7,,,,vehicles,2100,,,,,,,,,,,,,,,,,,,,,,,,,,,,,,,,,,,,,,,,,,,,,,
NORTHAMPTON,160,Soap and Tallow  Candle  Man ufactories,2,,,,1000,2,,,,soap,650,250,bbls,,660,,,,,,,,,,,,,,,,,,,,,,,,,,,,,,,,,,,,,,,,,,
NORTHAMPTON,160,Chair  and  Cabinet  Ware  Manufactories,4,,,,4200,16,,,,Chair  and  Cabinet  Ware,8300,,,,,,,,,,,,,,,,,,,,,,,,,,,,,,,,,,,,,,,,,,,,,,
NORTHAMPTON,160,Tin Ware Manufactories,3,,,,2500,9,,,,ware,3800,,,,,,,,,,,,,,,,,,,,,,,,,,,,,,,,,,,,,,,,,,,,,,
NORTHAMPTON,160,Tanneries,1,,,,5000,4,,,,leather tanned and curried,4000,,,,,,,,,,,,,,,,,,,,,,,,,,,,,,,,,,,,,,,,,,,,,,
NORTHAMPTON,160,,,,,,,,21,6,,Boots,5780,1400,pairs,shoes,,2700,pairs,boots and shoes,,,,,,,,,,,,,,,,,,,,,,,,,,,,,,,,,,,,,,,
NORTHAMPTON,160,,,,,,,,,340,,Straw Bonnets and Hats,15000,8000,,,10000,,,,,,,,,,,,,,,,,,,,,,,,,,,,,,,,,,,,,,,,,,
NORTHAMPTON,160,,,,,,,,,,,Bricks,1900,475000,,,,,,,,,,,,,,,,,,,,,,,,,,,,,,,,,,,,,,,,,,,,,
NORTHAMPTON,160,,,,,,16100,4,,,,Corn and other Brooms,2263,16100,,,,,,,,,,,,,,,,,,,,,,,,,,,,,,,,,,,,,,,,,,,,,
NORTHAMPTON,160,,,,,,,10,,,,Lumber prepared,6093,677000,feet,,,,,,,,,,,,,,,,,,,,,,,,,,,,,,,,,,,,,,,,,,,,
NORTHAMPTON,160,,,,,,,,,,,Fire Wood prepared,9540,6416,cords,,,,,,,,,,,,,,,,,,,,,,,,,,,,,,,,,,,,,,,,,,,,
NORTHAMPTON,160,,,,,,,,,,,Sperm Oil consumed in manufacturing,,23000,galls,other kinds   oil,,4000,galls,,,,,,,,,,,,,,,,,,,,,,,,,,,,,,,,,,,,,,,,
NORTHAMPTON,161,,,,,,,,,,,,,,,,,,,,,,,,,,,,,,,,,,,,,,,,,,,,,,,,,,,,,,,,,,
NORTHAMPTON,161,,,,,,,,,,,Sheep total see species,3796,3682,lbs,other  wool,3536,,,Saxony Sheep,,580,head,merino,,1374,head,other kinds  sheep,,1207,head,Saxony wool produced   lbs.,,1125,lbs,merino    lbs.,,3976,lbs,,,,,,,,,,,,,,,,,,,,
NORTHAMPTON,161,,,,,,,,,,,Horses,28791,526,head,neat cattle,28873,1355,head,swine,4380,711,head,,,,,,,,,,,,,,,,,,,,,,,,,,,,,,,,,,,,
NORTHAMPTON,161,,,,,,27347,,,,,Indian Com or Maize raised :,13674,27347,bush,wheat,750,750,bush,rye,3240,4863,bush,bar­ ley,45,60,bush,oats,1738,6952,bush,potatoes,4984,19935,bush,other esculent vegetbles .,1282,4042,bush,hay,35530,3740,tons,,,,,,,,,,,,,,,,
NORTHAMPTON,161,,,,,,,,,,,Fruit raised,4018,16002,bush,hops,5,45,lbs,tobacco,1073,18260,lbs,,,,,,,,,,,,,,,,,,,,,,,,,,,,,,,,,,,,
NORTHAMPTON,161,,,,,,,,,,,Raw Silk raised,350,75,lbs,,,,,,,,,,,,,,,,,,,,,,,,,,,,,,,,,,,,,,,,,,,,
NORTHAMPTON,161,,,,,,,,,,,Butter,6512,52100,lbs,cheese,296,4230,lbs,honey,116,585,lbs,beeswax,69,229,lbs,,,,,,,,,,,,,,,,,,,,,,,,,,,,,,,,
NORTHAMPTON,161,,,,,,,,,,,Broom Brush raised,12025,240500,lbs,broom seed,2855,11419,bush,,,,,,,,,,,,,,,,,,,,,,,,,,,,,,,,,,,,,,,,
NORTHAMPTON,161,Coopers' Establishments,1,,,,400,1,,,,hogsheads,560,240,,,,,,,,,,,,,,,,,,,,,,,,,,,,,,,,,,,,,,,,,,,,,
NORTHAMPTON,161,Bookbinderies,2,,,,2100,10,,,,Bookbinderies,,,,,,,,,,,,,,,,,,,,,,,,,,,,,,,,,,,,,,,,,,,,,,,
NORTHAMPTON,161,Printing  fices,4,,,,6000,181,,,,Printing  fices,,,,,,,,,,,,,,,,,,,,,,,,,,,,,,,,,,,,,,,,,,,,,,,
NORTHAMPTON,161,Job Printing fices,1,,,,1200,3,,,,Job Printing fices,,,,,,,,,,,,,,,,,,,,,,,,,,,,,,,,,,,,,,,,,,,,,,,
NORTHAMPTON,161,Turning  Machines,2,,,,1200,4,,,,Turning  Machines,,,,,,,,,,,,,,,,,,,,,,,,,,,,,,,,,,,,,,,,,,,,,,,
NORTHAMPTON,161,Grist Mills,2,,,,,,,,,grain ground,,46500,bush,,,,,,,,,,,,,,,,,,,,,,,,,,,,,,,,,,,,,,,,,,,,
NORWICH,161,,,,,,,,,,,,,,,,,,,,,,,,,,,,,,,,,,,,,,,,,,,,,,,,,,,,,,,,,,
NORWICH,161,Woollen  Mills,1,,,,,,2,1,,satinet,1250,2000,yds,,,,,,,,,,,,,,,,,,,,,,,,,,,,,,,,,,,,,,,,,,,,
NORWICH,161,Flou ring  Mills,1,,,,1000,1,,,,flour,3500,1000,bbls,,,,,,,,,,,,,,,,,,,,,,,,,,,,,,,,,,,,,,,,,,,,
NORWICH,161,Tanneries,1,,,,250,1,,,,leather tanned and curried,375,,,,,,,,,,,,,,,,,,,,,,,,,,,,,,,,,,,,,,,,,,,,,,
NORWICH,162,,,,,,,,,,,,,,,,,,,,,,,,,,,,,,,,,,,,,,,,,,,,,,,,,,,,,,,,,,
NORWICH,162,,,,,,,,1,,,Boots,700,200,pairs,shoes,,300,pairs,boots and shoes,,,,,,,,,,,,,,,,,,,,,,,,,,,,,,,,,,,,,,,
NORWICH,162,,,,,,,1,,,,Palm-leaf  Hats,40,145,,,,,,,,,,,,,,,,,,,,,,,,,,,,,,,,,,,,,,,,,,,,,
NORWICH,162,,,,,,,7,,,,Lumber prepared,2052,342000,feet,,,,,,,,,,,,,,,,,,,,,,,,,,,,,,,,,,,,,,,,,,,,
NORWICH,162,,,,,,,7,,,,Fire Wood prepared,1224,632,cords,,,,,,,,,,,,,,,,,,,,,,,,,,,,,,,,,,,,,,,,,,,,
NORWICH,162,,,,,,,,,,,Sheep total see species,2915,1058,lbs,other kinds   wool,1810,,,Merino Sheep,,1212,head,other kinds  sheep,,293,head,merino wool produced  lbs.,,3769,lbs,all the wool,,,,,,,,,,,,,,,,,,,,,,,,,,,
NORWICH,162,,,,,,,,,,,Horses,2495,83,head,neat  cattle,12233,654,head,swine -,642,102,head,,,,,,,,,,,,,,,,,,,,,,,,,,,,,,,,,,,,
NORWICH,162,,,,,,2641,,,,,Indian Corn or Maize raised,1750,2641,bush,wheat,18,14,bush,rye,256,365,bush,oats,745,2237,bush,potatoes,1355,5376,bush,other  esculent vegetables,86,80,bush,hay,7560,1260,tons,,,,,,,,,,,,,,,,,,,,
NORWICH,162,,,,,,,,,,,Fruit raised,743,6387,bush,,,,,,,,,,,,,,,,,,,,,,,,,,,,,,,,,,,,,,,,,,,,
NORWICH,162,,,,,,,,,,,Butter,2475,2493,lbs,cheese,442,8845,lbs,honey,22,175,lbs,,,,,,,,,,,,,,,,,,,,,,,,,,,,,,,,,,,,
NORWICH,162,Scythe Stones prepared,40000,,,,,3,,,,Scythe Stones prepared,1100,,,,,,,,,,,,,,,,,,,,,,,,,,,,,,,,,,,,,,,,,,,,,,
PELHAM,162,,,,,,,,,,,,,,,,,,,,,,,,,,,,,,,,,,,,,,,,,,,,,,,,,,,,,,,,,,
PELHAM,162,,,,,,,17,,,,Wagons,9625,175,,,,,,,,,,,,,,,,,,,,,,,,,,,,,,,,,,,,,,,,,,,,,
PELHAM,162,,,,,,,,7,,,Boots,261,1167,pairs,shoes,,560,pairs,boots and shoes,,,,,,,,,,,,,,,,,,,,,,,,,,,,,,,,,,,,,,,
PELHAM,162,,,,,,,,,183,,Palm-leaf Hats,7183,46367,,,,,,,,,,,,,,,,,,,,,,,,,,,,,,,,,,,,,,,,,,,,,
PELHAM,162,,,,,,,6,,,,Building Stone quarried  and prepared,1000,,,,,,,,,,,,,,,,,,,,,,,,,,,,,,,,,,,,,,,,,,,,,,
PELHAM,162,,,,,,,10,,,,Lumber prepared,1648,2061000,feet,,,,,,,,,,,,,,,,,,,,,,,,,,,,,,,,,,,,,,,,,,,,
PELHAM,162,,,,,,,6,,,,Fire Wood prepared,450,450,cords,,,,,,,,,,,,,,,,,,,,,,,,,,,,,,,,,,,,,,,,,,,,
PELHAM,162,,,,,,,,,,,Sheep total,350,350,head,,289,,,,,,,,,,,,,,,,,,,,,,,,,,,,,,,,,,,,,,,,,,
PELHAM,162,,,,,,,,,,,Horses   i,3165,9,head,neat   cattle,10842,615,head,swine,660,165,head,,,,,,,,,,,,,,,,,,,,,,,,,,,,,,,,,,,,
PELHAM,162,,,,,,4233,,,,,Indian Corn or Maize raised,3175,4233,bush,rye .,954,1271,bush,barley S,43,6,bush,oats i,905,216,bush,potatoes,2274,9095,bush,hay,7928,991,tons,,,,,,,,,,,,,,,,,,,,,,,,
PELHAM,162,,,,,,,,,,,Fruit raised,947,6779,bush,,,,,,,,,,,,,,,,,,,,,,,,,,,,,,,,,,,,,,,,,,,,
PELHAM,163,,,,,,,,,,,,,,,,,,,,,,,,,,,,,,,,,,,,,,,,,,,,,,,,,,,,,,,,,,
PELHAM,163,,,,,,,,,,,Butter,2299,15324,lbs,cheese,437,8740,lbs,,,,,,,,,,,,,,,,,,,,,,,,,,,,,,,,,,,,,,,,
PELHAM,163,,,,,,13500,,,,,Charcoal,540,13500,bush,,,,,,,,,,,,,,,,,,,,,,,,,,,,,,,,,,,,,,,,,,,,
PELHAM,163,,,,,,,,,,,Bench and Hand Screws,189,756,,,,,,,,,,,,,,,,,,,,,,,,,,,,,,,,,,,,,,,,,,,,,
PELHAM,163,,,,,,,,,,,Lasts,250,1200,,,,,,,,,,,,,,,,,,,,,,,,,,,,,,,,,,,,,,,,,,,,,
PELHAM,163,Woollen Mills,2,,,,3400,4,,4,,wool consnmed,1200,17500,lbs,cassimere,892,1300,yds,satinet,580,2400,yds,Kentucky jeans,200,2000,yds,flannel or  blanketing,,400,yds,,,,,,,,,,,,,,,,,,,,,,,,,,,,
PELHAM,163,,,,,,,,,,,Harnesses,600,60,,,,,,,,,,,,,,,,,,,,,,,,,,,,,,,,,,,,,,,,,,,,,
PELHAM,163,,,,,,100,,,,,Cabinet Ware,100,,,,,,,,,,,,,,,,,,,,,,,,,,,,,,,,,,,,,,,,,,,,,,
PELHAM,163,Tanneries,1,,,,500,5,,,,or leather tanned and curried,18600,,,,,,,,,,,,,,,,,,,,,,,,,,,,,,,,,,,,,,,,,,,,,,
PELHAM,163,,,,,,,,1,,,Boots,500,200,pairs,shoes,,200,pairs,hoots and shoes,,,,,,,,,,,,,,,,,,,,,,,,,,,,,,,,,,,,,,,
PELHAM,163,,,,,,,,,78,,Palm-leaf  Hats,3831,26,,,,,,,,,,,,,,,,,,,,,,,,,,,,,,,,,,,,,,,,,,,,,
PELHAM,163,,,,,,,1,,,,Bricks,260,65000,,,,,,,,,,,,,,,,,,,,,,,,,,,,,,,,,,,,,,,,,,,,,
PELHAM,163,,,,,,,5,,,,Wooden   Ware   including   Farming  Utensils,3579,,,,,,,,,,,,,,,,,,,,,,,,,,,,,,,,,,,,,,,,,,,,,,
PELHAM,163,,,,,,,,,,,Lumber prepared,439,102500,feet,,,,,,,,,,,,,,,,,,,,,,,,,,,,,,,,,,,,,,,,,,,,
PELHAM,163,,,,,,,1,,,,Fire Wood prepared,339,339,cords,,,,,,,,,,,,,,,,,,,,,,,,,,,,,,,,,,,,,,,,,,,,
PELHAM,163,,,,,,,,,,,Sheep total see species,5305,,,Wool total see species,3756,,,Saxony Sheep,,10,head,merino,,3527,head,Saxony wool produced  lbs.,,36,lbs,merino  lbs.,,9374,lbs,,,,,,,,,,,,,,,,,,,,,,,,
PELHAM,163,,,,,,,,,,,Horses,5510,152,head,neat cattle,9415,607,head,swine,1200,147,head,,,,,,,,,,,,,,,,,,,,,,,,,,,,,,,,,,,,
PELHAM,163,,,,,,2027,,,,,Indian Corn or .Maize raised,1358,2027,bush,wheat,370,296,bush,rye,29,44,bush,barley,256,513,bush,oats,616,1849,bush,potatoes,3386,13546,bush,hay,8123,1625,tons,flax,2,25,lbs,,,,,,,,,,,,,,,,
PELHAM,163,,,,,,,,,,,Fruit raised,503,2030,bush,,,,,,,,,,,,,,,,,,,,,,,,,,,,,,,,,,,,,,,,,,,,
PELHAM,163,,,,,,,,,,,Butter,1190,20820,lbs,cheese,878,17560,lbs,,,,,,,,,,,,,,,,,,,,,,,,,,,,,,,,,,,,,,,,
PELHAM,163,,,,,,,,,,,honey,45,,,,,,,,,,,,,,,,,,,,,,,,,,,,,,,,,,,,,,,,,,,,,,
PELHAM,163,,,,,,,,,,,beeswax,4,12,lbs,,,,,,,,,,,,,,,,,,,,,,,,,,,,,,,,,,,,,,,,,,,,
PELHAM,164,,,,,,,,,,,,,,,,,,,,,,,,,,,,,,,,,,,,,,,,,,,,,,,,,,,,,,,,,,
PELHAM,164,,,,,,,,,,,Maple Sugar,1796,25661,lbs,molasses,98,146,galls,,,,,,,,,,,,,,,,,,,,,,,,,,,,,,,,,,,,,,,,
PELHAM,164,,,,,,,,,,,Window Sashes,65,1540,lights,,,,,,,,,,,,,,,,,,,,,,,,,,,,,,,,,,,,,,,,,,,,
PRESCOTT,164,,,,,,,,,,,,,,,,,,,,,,,,,,,,,,,,,,,,,,,,,,,,,,,,,,,,,,,,,,
PRESCOTT,164,,,,,,,,3,,,Boots,838,175,pairs,shoes,,400,pairs,boots and shoes,,,,,,,,,,,,,,,,,,,,,,,,,,,,,,,,,,,,,,,
PRESCOTT,164,,,,,,,,,100,,Palm-leaf Hats,6822,34110,,,,,,,,,,,,,,,,,,,,,,,,,,,,,,,,,,,,,,,,,,,,,
PRESCOTT,164,,,,,,,2,,,,Bricks,200,50000,,,,,,,,,,,,,,,,,,,,,,,,,,,,,,,,,,,,,,,,,,,,,
PRESCOTT,164,,,,,,,4,,,,Lum ber prepared,4200,600000,feet,,,,,,,,,,,,,,,,,,,,,,,,,,,,,,,,,,,,,,,,,,,,
PRESCOTT,164,,,,,,,1,,,,Fire Wood prepared,100,100,cords,,,,,,,,,,,,,,,,,,,,,,,,,,,,,,,,,,,,,,,,,,,,
PRESCOTT,164,,,,,,,,,,,Sheep total,491,491,head,,142,,,,,,,,,,,,,,,,,,,,,,,,,,,,,,,,,,,,,,,,,,
PRESCOTT,164,,,,,,,,,,,Horses,3320,83,head,neat  cattle,12447,630,head,swine,848,106,head,,,,,,,,,,,,,,,,,,,,,,,,,,,,,,,,,,,,
PRESCOTT,164,,,,,,2652,,,,,Indian Corn or Maize raised,1989,2652,bush,wheat,54,43,bush,rye,533,710,bush,barley,354,472,bush,oats,813,2464,bush,potatoes,2500,10000,bush,hay,8967,1281,tons,,,,,,,,,,,,,,,,,,,,
PRESCOTT,164,,,,,,,,,,,Fruit raised,375,1500,bush,,,,,,,,,,,,,,,,,,,,,,,,,,,,,,,,,,,,,,,,,,,,
PRESCOTT,164,,,,,,,,,,,Butter,1450,10355,bush,cheese,2301,46025,lbs,honey,62,445,lbs,,,,,,,,,,,,,,,,,,,,,,,,,,,,,,,,,,,,
PRESCOTT,164,,,,,,,,,,,,,,,,,,,,,,,,,,,,,,,,,,,,,,,,,,,,,,,,,,,,,,,,,,
PRESCOTT,164,Woollen Mills,2,,,,20000,,10,10,,wool consumed,8000,40000,lbs,cassimere,20000,110000,yds,satinet,,40000,yds,,,,,,,,,,,,,,,,,,,,,,,,,,,,,,,,,,,,
PRESCOTT,164,Pearl Button Manufactories,1,,,,2000,22,,,,buttons,5120,14625,tonsgroce,,,,,,,,,,,,,,,,,,,,,,,,,,,,,,,,,,,,,,,,,,,,
PRESCOTT,165,,,,,,,,,,,,,,,,,,,,,,,,,,,,,,,,,,,,,,,,,,,,,,,,,,,,,,,,,,
PRESCOTT,165,Saddle Harness and Trunk Manufactories,1,,,,500,2,,,,Saddle Harness and Trunk,1000,,,,,,,,,,,,,,,,,,,,,,,,,,,,,,,,,,,,,,,,,,,,,,
PRESCOTT,165,Establishments  m.  Coaches Chaises and other Ve­hicles,1,,,,4000,13,,,,vehicles,9000,,,,,,,,,,,,,,,,,,,,,,,,,,,,,,,,,,,,,,,,,,,,,,
PRESCOTT,165,Tanneries,3,,,,4000,10,,,,hides tanned,10710,2940,,leather tanned and curried,,,,,,,,,,,,,,,,,,,,,,,,,,,,,,,,,,,,,,,,,,,
PRESCOTT,165,,,,,,,,7,2,,Boots,2800,600,pairs,shoes,,1275,pairs,boots and shoes,,,,,,,,,,,,,,,,,,,,,,,,,,,,,,,,,,,,,,,
PRESCOTT,165,,,,,,,2,,,,Bricks,250,80000,,,,,,,,,,,,,,,,,,,,,,,,,,,,,,,,,,,,,,,,,,,,,
PRESCOTT,165,,,,,,2000,1,,,,Corn and other Brooms,240,2000,,,,,,,,,,,,,,,,,,,,,,,,,,,,,,,,,,,,,,,,,,,,,
PRESCOTT,165,,,,,,,,,,,Sheep total,1000,725,head,wool prod uced -,650,2166,lbs,,,,,,,,,,,,,,,,,,,,,,,,,,,,,,,,,,,,,,,,
PRESCOTT,165,,,,,,,,,,,Horses,5280,176,head,neat  cattle,10179,783,head,swine,609,203,head,,,,,,,,,,,,,,,,,,,,,,,,,,,,,,,,,,,,
PRESCOTT,165,,,,,,7497,,,,,Indian Corn or Maize raised,4500,7497,bush,whea t,285,228,bush,rye,1584,2640,bush,oats,140,4896,bush,potatoes,1000,5842,bush,hay,190,2,bush,,10752,1792,tons,,,,,,,,,,,,,,,,,,,,
PRESCOTT,165,,,,,,,,,,,Fruit  raised,1000,3428,bush,tobacco,360,6000,lbs,,,,,,,,,,,,,,,,,,,,,,,,,,,,,,,,,,,,,,,,
PRESCOTT,165,,,,,,,,,,,Butter,4000,32000,lbs,cheese,445,7415,lbs,,,,,,,,,,,,,,,,,,,,,,,,,,,,,,,,,,,,,,,,
SOUTHAMPTON,165,,,,,,,,,,,,,,,,,,,,,,,,,,,,,,,,,,,,,,,,,,,,,,,,,,,,,,,,,,
SOUTHAMPTON,165,,,,,,,,,,,Satinet,375,500,yds,,,,,,,,,,,,,,,,,,,,,,,,,,,,,,,,,,,,,,,,,,,,
SOUTHAMPTON,165,Plough  Manufactories,1,,,,100,1,,,,ploughs,290,30,,,,,,,,,,,,,,,,,,,,,,,,,,,,,,,,,,,,,,,,,,,,,
SOUTHAMPTON,165,Saddle Harness and Trunk Manufactories,1,,,,100,1,,,,Saddle Harness and Trunk,500,,,,,,,,,,,,,,,,,,,,,,,,,,,,,,,,,,,,,,,,,,,,,,
SOUTHAMPTON,165,Tin Ware Manufactories,1,,,,150,1,,,,ware,500,,,,,,,,,,,,,,,,,,,,,,,,,,,,,,,,,,,,,,,,,,,,,,
SOUTHAMPTON,165,Grist Mills,2,,,,,,,,,grain ground,,20000,bush,,,,,,,,,,,,,,,,,,,,,,,,,,,,,,,,,,,,,,,,,,,,
SOUTHAMPTON,165,Tanneries,1,,,,2000,3,,,,leather tanned  and  curried,5000,,,,,,,,,,,,,,,,,,,,,,,,,,,,,,,,,,,,,,,,,,,,,,
SOUTHAMPTON,165,,,,,,,5,,,,Bricks,15000,500000,,,,,,,,,,,,,,,,,,,,,,,,,,,,,,,,,,,,,,,,,,,,,
SOUTHAMPTON,165,,,,,,,,,,,Lumber prepared,296,29600,feet,,,,,,,,,,,,,,,,,,,,,,,,,,,,,,,,,,,,,,,,,,,,
SOUTHAMPTON,165,,,,,,,,,,,Fire Wood prepared,549,366,cords,,,,,,,,,,,,,,,,,,,,,,,,,,,,,,,,,,,,,,,,,,,,
SOUTHAMPTON,166,,,,,,,,,,,,,,,,,,,,,,,,,,,,,,,,,,,,,,,,,,,,,,,,,,,,,,,,,,
SOUTHAMPTON,166,,,,,,,,,,,Sheep total,1125,1500,head,wool  produced,1125,3750,lbs,,,,,,,,,,,,,,,,,,,,,,,,,,,,,,,,,,,,,,,,
SOUTHAMPTON,166,,,,,,,,,,,Horses,8820,210,head,neat cattle,12630,842,head,swine,1520,380,head,,,,,,,,,,,,,,,,,,,,,,,,,,,,,,,,,,,,
SOUTHAMPTON,166,,,,,,6825,,,,,Indian Corn or Maize raised,4265,6825,bush,rye,117,5871,bush,oats,4109,5344,bnsh,buck wheat raised,1817,1000,bnsh,potatoes,400,9406,bush,other escnlen t  vegetables,23,1200,bush,hay,300,1725,tons,,17250,,,,,,,,,,,,,,,,,,
SOUTHAMPTON,166,,,,,,,,,,,Fruit raised,620,2000,bnsh,,,,,,,,,,,,,,,,,,,,,,,,,,,,,,,,,,,,,,,,,,,,
SOUTHAMPTON,166,,,,,,,,,,,Butter,3301,26411,lbs,cheese,318,5300,lbs,honey · l bs,52,4181,lbs,beeswax,12,40,,,,,,,,,,,,,,,,,,,,,,,,,,,,,,,,,
SOUTHAMPTON,166,,,,,,,,,,,Hogshead Shooks,1292,1615,,,,,,,,,,,,,,,,,,,,,,,,,,,,,,,,,,,,,,,,,,,,,
SOUTHAMPTON,166,Rail-road Sleepers prepared,14900,,,,,,,,,Rail-road Sleepers prepared,2384,,,,,,,,,,,,,,,,,,,,,,,,,,,,,,,,,,,,,,,,,,,,,,
SOUTHAMPTON,166,Baskets,1000,,,,,,,,,Baskets,500,,,,,,,,,,,,,,,,,,,,,,,,,,,,,,,,,,,,,,,,,,,,,,
SOUTHAMPTON,166,,,,,,,,,,,Poultry,300,,,,,,,,,,,,,,,,,,,,,,,,,,,,,,,,,,,,,,,,,,,,,,
SOUTHAMPTON,166,,,,,,,,,,,Eggs,500,,,,,,,,,,,,,,,,,,,,,,,,,,,,,,,,,,,,,,,,,,,,,,
WARE,166,,,,,,,,,,,,,,,,,,,,,,,,,,,,,,,,,,,,,,,,,,,,,,,,,,,,,,,,,,
WARE,166,Cotton Mills,3,,,,150000,,,,,Cotton Mills,,,,,,,,,,,,,,,,,,,,,,,,,,,,,,,,,,,,,,,,,,,,,,,
WARE,166,Woollen Mills,1,,,,50000,,,56,,wool consumed,125000,225000,lbs,cassimere,50000,120000,yds,flannel,,100000,yds,,,,,,,,,,,,,,,,,,,,,,,,,,,,,,,,,,,,
WARE,166,Saddle Harness and Trunk Manufactories,1,,,,100,1,,,,Saddle Harness and Trunk,500,,,,,,,,,,,,,,,,,,,,,,,,,,,,,,,,,,,,,,,,,,,,,,
WARE,166,Hat  Manufactories,1,,,,1000,3,,,,Hat,10002200,,,,,,,,,,,,,,,,,,,,,,,,,,,,,,,,,,,,,,,,,,,,,,
WARE,166,Soap Manufactories,1,,,,25,1,,,,soap,7,15,bbls,,,,,,,,,,,,,,,,,,,,,,,,,,,,,,,,,,,,,,,,,,,,
WARE,166,Chair and Cabinet Ware . Manufactories,2,,,,3000,9,,,,Chair and Cabinet Ware .,4000,,,,,,,,,,,,,,,,,,,,,,,,,,,,,,,,,,,,,,,,,,,,,,
WARE,166,Tin Ware Manufactories,1,,,,2000,6,,,,ware,4000,,,,,,,,,,,,,,,,,,,,,,,,,,,,,,,,,,,,,,,,,,,,,,
WARE,166,,,,,,,,14,5,,Boots,12000,2400,pairs,shoes,,5300,pairs,boots and shoes,,,,,,,,,,,,,,,,,,,,,,,,,,,,,,,,,,,,,,,
WARE,167,,,,,,,,,,,,,,,,,,,,,,,,,,,,,,,,,,,,,,,,,,,,,,,,,,,,,,,,,,
WARE,167,,,,,,,,10,150,,Florence and Fancy Bonnets,80000,26000,,palm­ leaf hats,4000,20000,,,,,,,,,,,,,,,,,,,,,,,,,,,,,,,,,,,,,,,,,
WARE,167,,,,,,,2,,,,Bricks,500,100000,,,,,,,,,,,,,,,,,,,,,,,,,,,,,,,,,,,,,,,,,,,,,
WARE,167,,,,,,,,,,,Sheep total see species,2400,,,nil the wool,2550,,,Merino Sheep,,1208,head,other sheep,,240,head,merino wool  prod uced  lbs.,,3500,lbs,other wool  lbs.,,900,lbs,,,,,,,,,,,,,,,,,,,,,,,,
WARE,167,,,,,,,,,,,Horses,11200,224,head,neat  cattle,24305,1211,head,swine,1620,231,head,,,,,,,,,,,,,,,,,,,,,,,,,,,,,,,,,,,,
WARE,167,,,,,,8092,,,,,Indian Corn or Maize raised,5411,8092,bush,buck­ wheat,174,349,bush,rye ii,2471,295,bush,bar­ ley,20,30,bush,oats,2375,7921,bush,potatoes,3517,14071,bush,other esculent vegetables :,1060,5300,bush,hay,17654,2522,tons,,,,,,,,,,,,,,,,
WARE,167,,,,,,,,,,,Fruit raised,1653,8268,bush,,,,,,,,,,,,,,,,,,,,,,,,,,,,,,,,,,,,,,,,,,,,
WARE,167,,,,,,,,,,,Butter,4545,32465,lbs,cheese,3708,59806,lbs,honey,57,356,lbs,beeswax,5,16,lbs,,,,,,,,,,,,,,,,,,,,,,,,,,,,,,,,
WARE,167,Curriers' establishments,1,,,,1,,,,,prits $,,4664,,,,,,,,,,,,,,,,,,,,,,,,,,,,,,,,,,,,,,,,,,,,,
WARE,167,Auger Manufactories,1,,,,1200,5,,,,Auger,1650,,,,,,,,,,,,,,,,,,,,,,,,,,,,,,,,,,,,,,,,,,,,,,
WARE,167,,,,,,,,1,3,,Weavers' Harnesses,1000,,,,,,,,,,,,,,,,,,,,,,,,,,,,,,,,,,,,,,,,,,,,,,
WARE,167,,,,,,,,,,,Milk sold,800,,,,,,,,,,,,,,,,,,,,,,,,,,,,,,,,,,,,,,,,,,,,,,
WARE,167,,,,,,,,,,,,,,,,,,,,,,,,,,,,,,,,,,,,,,,,,,,,,,,,,,,,,,,,,,
WARE,167,,,,,,,,,,,Hoes,200,400,,,,,,,,,,,,,,,,,,,,,,,,,,,,,,,,,,,,,,,,,,,,,
WARE,167,Brass Foundries and Silver Plating Establishments,1,,,,2000,1,,,,Brass,2700,,,,,,,,,,,,,,,,,,,,,,,,,,,,,,,,,,,,,,,,,,,,,,
WARE,167,Tanneries,1,,,,400,1,,,,hides  ta n ned,350,380,,leather tan ned and curried,,,,,,,,,,,,,,,,,,,,,,,,,,,,,,,,,,,,,,,,,,,
WARE,167,,,,,,,,,,,Lumber prepared,1881,233000,feet,,,,,,,,,,,,,,,,,,,,,,,,,,,,,,,,,,,,,,,,,,,,
WARE,167,,,,,,,,,,,FireWood prepa red,1338,705,cords,,,,,,,,,,,,,,,,,,,,,,,,,,,,,,,,,,,,,,,,,,,,
WARE,167,,,,,,,,,,,Bark prepared,976,217,cords,,,,,,,,,,,,,,,,,,,,,,,,,,,,,,,,,,,,,,,,,,,,
WARE,167,,,,,,11850,,,,,Charcoal  prepared,751,11850,bush,,,,,,,,,,,,,,,,,,,,,,,,,,,,,,,,,,,,,,,,,,,,
WARE,167,,,,,,,,,,,Sheep total see species,2979,1025,lbs,Saxony wool prod uced,1950,2612,lbs,Saxon y Sheep,,377,head,merino,,1027,head,other sheep,,489,head,Saxony wool prod uced  lbs.,,1025,lbs,me­ rino,,,,other wool  lbs.,,1500,lbs,,,,,,,,,,,,,,,,
WARE,167,,,,,,,,,,,Horses,6365,128,head,neat cattle .,12997,718,head,swine,1057,151,head,,,,,,,,,,,,,,,,,,,,,,,,,,,,,,,,,,,,
WARE,167,,,,,,,,,,,,,,,,,,,,,,,,,,,,,,,,,,,,,,,,,,,,,,,,,,,,,,,,,,
WARE,168,,,,,,,,,,,,,,,,,,,,,,,,,,,,,,,,,,,,,,,,,,,,,,,,,,,,,,,,,,
WARE,168,,,,,,2962,,,,,Indian Corn or Maize raised,1922,2962,bush,wheat,34,27,bush,rye,981,1401,bush,oats,497,1507,bnsh,potatoes,3148,7870,bush,other escu­ lent  vegetables,123,496,bush,hay,9432,1166,tons,,,,,,,,,,,,,,,,,,,,
WARE,168,,,,,,,,,,,Fruit raised,1376,7677,bnsh,,,,,,,,,,,,,,,,,,,,,,,,,,,,,,,,,,,,,,,,,,,,
WARE,168,,,,,,,,,,,Butter,3750,30000,lbs,cheese,358,5720,lbs,honey,68,400,lbs,beeswax,13,40,lbs,,,,,,,,,,,,,,,,,,,,,,,,,,,,,,,,
WARE,168,,,,,,300,1,,,,axe helves and bobbins,486,200,doz,,,,,,,,,,,,,,,,,,,,,,,,,,,,,,,,,,,,,,,,,,,,
WARE,168,,,,,,,,,,,Maple Sugar,517,5744,lbs,,,,,,,,,,,,,,,,,,,,,,,,,,,,,,,,,,,,,,,,,,,,
WILLIAMSBURG,168,,,,,,,,,,,,,,,,,,,,,,,,,,,,,,,,,,,,,,,,,,,,,,,,,,,,,,,,,,
WILLIAMSBURG,168,Woollen Mills,4,,,,10000,,22,14,,wool consumed -,4500,36500,lbs,broadcloth,3000,2250,yds,cassimere,12500,4000,yds,satinet,1200,25000,yds,tlan­ nel,,3000,yds,,,,,,,,,,,,,,,,,,,,,,,,,,,,
WILLIAMSBURG,168,,,,,,1000,,3,3,,Yarn  and not made into Hosiery,2400,3200,lbs,,,,,,,,,,,,,,,,,,,,,,,,,,,,,,,,,,,,,,,,,,,,
WILLIAMSBURG,168,Furnaces  m.  Hollow Ware and Castings other than Pig Iron,1,,,,3000,5,,,,hollow ware and castings,8000,90,tons,,,,,,,,,,,,,,,,,,,,,,,,,,,,,,,,,,,,,,,,,,,,
WILLIAMSBURG,168,Axe Manufactories,2,,,,1800,6,,,,axes hatchets and other edge tools,2607,237,doz,,,,,,,,,,,,,,,,,,,,,,,,,,,,,,,,,,,,,,,,,,,,
WILLIAMSBURG,168,Establishments    m.   Cutlery,1,,,,6000,6,,,,cutlery,1500,,,,,,,,,,,,,,,,,,,,,,,,,,,,,,,,,,,,,,,,,,,,,,
WILLIAMSBURG,168,Establishmen ts   m.   Hoes,1,,,,1000,3,,,,hoes,2000,4000,,,,,,,,,,,,,,,,,,,,,,,,,,,,,,,,,,,,,,,,,,,,,
WILLIAMSBURG,168,Coverd Button Man ufactorics,1,,,,100000,160,,,,buttons,175000,225000,tonsgroce,,,,,,,,,,,,,,,,,,,,,,,,,,,,,,,,,,,,,,,,,,,,
WILLIAMSBURG,168,,,,,,200,2,,,,Wood Button Moulds,600,1200,groce,,,,,,,,,,,,,,,,,,,,,,,,,,,,,,,,,,,,,,,,,,,,
WILLIAMSBURG,168,,,,,,10000,30,,,,Horn Buttons,30060,60000,groce,horn used,,6000,tons,,,,,,,,,,,,,,,,,,,,,,,,,,,,,,,,,,,,,,,,
WILLIAMSBURG,169,,,,,,,,,,,,,,,,,,,,,,,,,,,,,,,,,,,,,,,,,,,,,,,,,,,,,,,,,,
WILLIAMSBURG,169,,,,,,1500,15,,,,Japanned Buttons,15000,78000,tonsgroce,,,,,,,,,,,,,,,,,,,,,,,,,,,,,,,,,,,,,,,,,,,,
WILLIAMSBURG,169,Saddle Harness and Trunk Manufactories,1,,,,300,3,,,,Saddle Harness and Trunk,1200,,,,,,,,,,,,,,,,,,,,,,,,,,,,,,,,,,,,,,,,,,,,,,
WILLIAMSBURG,169,Flouring Mills,1,,,,3000,,,,,Flouring Mills,,,,,,,,,,,,,,,,,,,,,,,,,,,,,,,,,,,,,,,,,,,,,,,
WILLIAMSBURG,169,Tanneries,1,,,,3000,5,,,,leather tanned and curried,5000,,,,,,,,,,,,,,,,,,,,,,,,,,,,,,,,,,,,,,,,,,,,,,
WILLIAMSBURG,169,,,,,,,,7,2,,Boots,2200,725,pairs,shoes,,800,,boots and shoes,,,,,,,,,,,,,,,,,,,,,,,,,,,,,,,,,,,,,,,
WILLIAMSBURG,169,,,,,,,,,30,,Palm-leaf  Hats,3000,18000,,,,,,,,,,,,,,,,,,,,,,,,,,,,,,,,,,,,,,,,,,,,,
WILLIAMSBURG,169,,,,,,,2,,,,Building Stone qnarried and prepared,500,,,,,,,,,,,,,,,,,,,,,,,,,,,,,,,,,,,,,,,,,,,,,,
WILLIAMSBURG,169,,,,,,5000,12,,,,Steel  Pens,15000,30000,groce,,,,,,,,,,,,,,,,,,,,,,,,,,,,,,,,,,,,,,,,,,,,
WILLIAMSBURG,169,,,,,,,25,,,,Lumber prepared ',2800,397000,feet,,,,,,,,,,,,,,,,,,,,,,,,,,,,,,,,,,,,,,,,,,,,
WILLIAMSBURG,169,,,,,,,15,,,,Fire Wood ·prepared,3500,2000,cords,,,,,,,,,,,,,,,,,,,,,,,,,,,,,,,,,,,,,,,,,,,,
WILLIAMSBURG,169,,,,,,,,,,,Sperm Oil consu med in man ufact uring »,950,90,galls,lard oil,300,400,galls,anthraci te coal consumed in manufacturi ng,200,20,tons,art icles  eign pro­ duction excepti ng cotton wool and iron consumed in man u­ facturing,80000,,,,,,,,,,,,,,,,,,,,,,,,,,,,,,,,,,
WILLIAMSBURG,169,,,,,,,,,,,,2800,,,Wool total,,7412,lbs,Merino Sheep,,2824,head,,,,,,,,,,,,,,,,,,,,,,,,,,,,,,,,,,,,
WILLIAMSBURG,169,,,,,,,,,,,Horses,7000,152,head,neat cattle,10667,707,head,swine,700,138,head,,,,,,,,,,,,,,,,,,,,,,,,,,,,,,,,,,,,
WILLIAMSBURG,169,,,,,,3180,,,,,Indian Corn or Maize raised,100,3180,bush,wheat,342,2130,bush,rye,300,100,bush,oats,11067,456,bush,potatoes,1375,867,bush,other escu­ lent vegetables,16000,3200,tons,hay,,2000,,,,,,,,,,,,,,,,,,,,,
WILLIAMSBURG,169,,,,,,,,,,,Fruit raised,850,12650,bush,,,,,,,,,,,,,,,,,,,,,,,,,,,,,,,,,,,,,,,,,,,,
WILLIAMSBURG,169,,,,,,,,,,,Teazles raised,1418,1418000,,,,,,,,,,,,,,,,,,,,,,,,,,,,,,,,,,,,,,,,,,,,,
WILLIAMSBURG,169,,,,,,,,,,,Butter,3575,28605,lbs,cheese,655,13115,lbs,honey,60,430,lbs,,,,,,,,,,,,,,,,,,,,,,,,,,,,,,,,,,,,
WILLIAMSBURG,169,,,,,,300,3,,,,Lather Boxes (glassed),1200,150,groce,,,,,,,,,,,,,,,,,,,,,,,,,,,,,,,,,,,,,,,,,,,,
WILLIAMSBURG,169,Blacksmiths' Shops,2,,,,,,,,,labor,1000,,,,,,,,,,,,,,,,,,,,,,,,,,,,,,,,,,,,,,,,,,,,,,
WILLIAMSBURG,169,,,,,,3000,,,,,Carpenters' work done,3000,,,,,,,,,,,,,,,,,,,,,,,,,,,,,,,,,,,,,,,,,,,,,,
WILLIAMSBURG,169,Carding Fulling  and  Finishing  Machines,1,,,,1,,,,,labor,600,,,,,,,,,,,,,,,,,,,,,,,,,,,,,,,,,,,,,,,,,,,,,,
WILLIAMSBURG,170,,,,,,,,,,,,,,,,,,,,,,,,,,,,,,,,,,,,,,,,,,,,,,,,,,,,,,,,,,
WORTHINGTON,170,,,,,,,,,,,,,,,,,,,,,,,,,,,,,,,,,,,,,,,,,,,,,,,,,,,,,,,,,,
WORTHINGTON,170,Hat and Cap Manufactories,1,,,,200,2,,,,Hat and Cap,1100,,,,,,,,,,,,,,,,,,,,,,,,,,,,,,,,,,,,,,,,,,,,,,
WORTHINGTON,170,Tanneries,2,,,,3000,9,,,,leather tanned and curried.,37500,,,,,,,,,,,,,,,,,,,,,,,,,,,,,,,,,,,,,,,,,,,,,,
WORTHINGTON,170,,,,,,,,4,,,Boots,1800,400,pairs,shoes,,800,pairs,boots  and shoes,,,,,,,,,,,,,,,,,,,,,,,,,,,,,,,,,,,,,,,
WORTHINGTON,170,,,,,,,8,,,,Lumber prepared,1600,400000,feet,,,,,,,,,,,,,,,,,,,,,,,,,,,,,,,,,,,,,,,,,,,,
WORTHINGTON,170,,,,,,,,,,,wool  produced,16032,32064,lbs,,12800,,,Merino  Sheep,,10688,head,,,,,,,,,,,,,,,,,,,,,,,,,,,,,,,,,,,,
WORTHINGTON,170,,,,,,,,,,,Horses,6700,167,head,neat cattle,17695,920,head,swine,644,161,head,,,,,,,,,,,,,,,,,,,,,,,,,,,,,,,,,,,,
WORTHINGTON,170,,,,,,2589,,,,,Ind ia n Corn or Maize raised,1726,2589,bush,wheat,697,658,bush,barley,395,789,bush,oa ts,1912,5737,bush,potatoes,6681,20042,bush,hay,20178,3363,tons,,,,,,,,,,,,,,,,,,,,,,,,
WORTHINGTON,170,,,,,,,,,,,Fruit raised,375121,3000,bush,,60,,,,,,,,,,,,,,,,,,,,,,,,,,,,,,,,,,,,,,,,,,
WORTHINGTON,170,,,,,,,,,,,Butter,3730,37300,lbs,cheese,550,10800,lbs,,,,,,,,,,,,,,,,,,,,,,,,,,,,,,,,,,,,,,,,
WORTHINGTON,170,,,,,,,,,,,Maple Sugar,2600,37280,lbs,,,,,,,,,,,,,,,,,,,,,,,,,,,,,,,,,,,,,,,,,,,,
WORTHINGTON,170,,,,,,2900,,,,,Painted Curtain Blinds,2900,,,,,,,,,,,,,,,,,,,,,,,,,,,,,,,,,,,,,,,,,,,,,,
WORTHINGTON,170,,,,,,3000,,,,,Children's Waons,3000,,,,,,,,,,,,,,,,,,,,,,,,,,,,,,,,,,,,,,,,,,,,,,
WORTHINGTON,170,,,,,,3000,,,,,Carpenters'  Planes,3000,,,,,,,,,,,,,,,,,,,,,,,,,,,,,,,,,,,,,,,,,,,,,,
