city,page,site,goods,value,quantity,units
ABINGTON,291,Saddle Harness and Trunk Ma nufactories,Saddle Harness and Trunk Ma nufactories,1200,,
ABINGTON,291,Tack and Brad Manufactories,tacks and brads,18622,,
ABINGTON,291,Tanneries,leather tanned and curried,4400,,
ABINGTON,291,distributed,Boot and Shoe Boxes,11300,47100,
ABINGTON,291,distributed,Boots,1013126,198314,pairs
ABINGTON,291,distributed,shoes,,1067962,pairs
ABINGTON,291,distributed,boots and shoes,,,
ABINGTON,291,distributed,Confectionary,3120,20000,lbs
ABINGTON,291,distributed,Fire Wood prepared,5800,1450,cords
ABINGTON,291,distributed,Horses,19320,322,head
ABINGTON,291,distributed,neat  cattle,12750,587,head
ABINGTON,291,distributed,swine $,2640,440,head
ABINGTON,291,distributed,Lumber prepared,3730,413000,feet
ABINGTON,291,distributed,Sheep total,80,40,head
ABINGTON,291,distributed,Wool total,53,160,lbs
ABINGTON,291,distributed,Shingles,1200,400000,
BRIDGEWATER,292,Hollow Auger Manufactories,augers,600,,
BRIDGEWATER,292,Establishments    Steam Engines and Boilers,engines and boilers,5000,,
BRIDGEWATER,292,Tack and Brad Manufactories,tacks and brads,7000,,
ABINGTON,292,distributed,Butter,1927,12714,lbs
ABINGTON,292,distributed,cheese,570,7125,lbs
BRIDGEWATER,292,distributed,Door Handles and Latches,1000,100,doz
BRIDGEWATER,292,distributed,blind hinforges and fastenings,400,,
BRIDGEWATER,292,distributed,Flannel or Blanketing,150,150,yds
ABINGTON,292,distributed,Fruit raised,1407,4689,bush
BRIDGEWATER,292,Cotton Gin Manufactories,gins,30000,200,
BRIDGEWATER,292,Soap and Tallow Cand le Man ufactories,hard soap,1700,5,tons
BRIDGEWATER,292,Soap and Tallow Cand le Man ufactories,st,,101,bbls
BRIDGEWATER,292,Furnaces    Hollow Ware and  Castings  other  than Pig  Iron,hollow ware   and  castings,28000,460,tons
ABINGTON,292,distributed,Indian Corn or Maize raised,1308,2012,bush
ABINGTON,292,distributed,wheat,36,24,bush
ABINGTON,292,distributed,rye,152,190,bush
ABINGTON,292,distributed,barley,72,103,bush
ABINGTON,292,distributed,oats,30,87,bush
ABINGTON,292,distributed,potatoes,6127,24509,bush
ABINGTON,292,distributed,other esculent vegetables,38,150,bush
ABINGTON,292,distributed,hay,12372,1031,tons
BRIDGEWATER,292,Rolling Slitting and Nail Mills,iron  and not made into nails .,72000,800,tons
BRIDGEWATER,292,Rolling Slitting and Nail Mills,nails,60000,700,tons
BRIDGEWATER,292,Rolling Slitting and Nail Mills,forges,20000,2,tons
BRIDGEWATER,292,Rolling Slitting and Nail Mills,bar iron cables anchors  and  other    wrought iron,,100,
BRIDGEWATER,292,Establishments    Butts and Hinforges,iron butts or hinforges,100,24,doz
BRIDGEWATER,292,Paper Man ufactories,stock consumed,4000,50,tons
BRIDGEWATER,292,Paper Man ufactories,paper,,40,tons
BRIDGEWATER,292,brass foundries,brass foundries,,,
BRIDGEWATER,293,distributed,Boots,7375,1600,pairs
BRIDGEWATER,293,distributed,shoes,,5000,pairs
BRIDGEWATER,293,distributed,boots and shoes,,50000,pairs
BRIDGEWATER,293,distributed,also,,,
CARVER,293,distributed,Boots,2664,25,pairs
CARVER,293,distributed,shoes,,3780,pairs
CARVER,293,distributed,boots and shoes,,,
BRIDGEWATER,293,distributed,Bricks,2400,600000,
BRIDGEWATER,293,distributed,Butter,3634,21505,lbs
BRIDGEWATER,293,distributed,cheese,812,11575,lbs
BRIDGEWATER,293,distributed,honey,32,160,lbs
CARVER,293,energy imports,Char­coal,1113,17800,bush
BRIDGEWATER,293,distributed,Corn and other Brooms,50,300,
CARVER,293,distributed,Fire  Wood  prepared,4048,2024,cords
BRIDGEWATER,293,distributed,Fire Wood prepared,2814,804,cords
BRIDGEWATER,293,distributed,Fruit raised,2071,6906,bush
CARVER,293,Furnaces     Hollow Ware  and  Castings  other   than Pig Iron,hollow  ware  and   castings,36350,445,tons
BRIDGEWATER,293,distributed,Horses,10940,254,head
BRIDGEWATER,293,distributed,neat cattle,14420,765,head
BRIDGEWATER,293,distributed,swine,6640,415,head
BRIDGEWATER,293,distributed,Indian Corn or Maize raised,5627,7519,bush
BRIDGEWATER,293,distributed,wheat,53,43,bush
BRIDGEWATER,293,distributed,rye,1024,1138,bush
BRIDGEWATER,293,distributed,barley,175,282,bush
BRIDGEWATER,293,distributed,oats,1705,4263,bush
BRIDGEWATER,293,distributed,potatoes,5024,25124,bush
BRIDGEWATER,293,distributed,other esculent vegetables,2100,1063,tons
BRIDGEWATER,293,distributed,hay,13819,,
BRIDGEWATER,293,distributed,Lumber prepared,2000,200000,feet
CARVER,293,distributed,Lumber prepared,4636,564000,feet
BRIDGEWATER,293,distributed,Sheep total,270,185,head
BRIDGEWATER,293,distributed,Wool total,205,686,lbs
BRIDGEWATER,293,distributed,Straw Bonnets and Hats,15000,7000,yds
BRIDGEWATER,293,distributed,straw braid  and not made into bonnets and hats,333,33300,
CARVER,293,distributed,Straw Bonnets and Hats,75,75,
CARVER,293,distributed,straw braid  and not made into bonnets and hats,292,,
CARVER,293,Establishments    Rail-road Cars Coaches Chaises and  other Vehicles,vehicles,500,,
DUXBURV,294,Saddle Harness and Trunk Manufactories,Saddle Harness and Trunk,1300,,
DUXBURV,294,Chair and Cabinet Ware  Manufactories,Chair and Cabinet Ware,1000,,
DUXBURV,294,Tanneries,leather tanned and curried,3600,,
DUXBURV,294,Establishments        Rail-road  Cars Coaches Chaises and other Vehicles,vehicles,1100,,
CARVER,294,distributed,Willow Baskets,900,,
CARVER,294,distributed,Butter,1813,10875,lbs
CARVER,294,distributed,cheese,196,2700,lbs
CARVER,294,distributed,honey,28,185,lbs
CARVER,294,distributed,beeswax,8,30,lbs
DUXBURV,294,Cordage Manufactories,cordage,2400,12,tons
CARVER,294,distributed,Fruit raised,854,3230,bush
CARVER,294,distributed,hops,1,14,lbs
CARVER,294,distributed,Horses,5055,109,head
CARVER,294,distributed,neat cattle,9820,579,head
CARVER,294,distributed,swine,2120,212,head
CARVER,294,distributed,Ind ian Corn or Maize raised,3058,4077,bush
CARVER,294,distributed,rye,979,1224,bush
CARVER,294,distributed,oats,224,598,bush
CARVER,294,distributed,potatoes,1613,7170,bush
CARVER,294,distributed,other esculent vegetables,10569,2367,bush
CARVER,294,distributed,$,,710,tons
CARVER,294,distributed,hay,,1086,
DUXBURV,294,Establishments      Salt,salt,688,2200,bush
CARVER,294,distributed,Sheep total,732,488,head
CARVER,294,distributed,wool  produced,418,1253,lbs
CARVER,294,energy imports,Sperm Oil consumed,40,40,galls
CARVER,294,energy imports,anthracite coal consumed,1099,157,tons
DUXBURV,294,Woollen Mills,Yarn and not made into cloth,10000,11500,lbs
DUXBURV,294,Tin Ware Manufactories,Tin Ware,,,
DUXBURV,295,Brass Foundries,Brass,1000,,
DUXBURV,295,distributed,Blocks and Pum ps,750,,
DUXBURV,295,distributed,Poultry and Eggs,5015,,
DUXBURV,295,distributed,Bnilding Stone quarried  and prepared,1056,,
DUXBURV,295,Turning  and  Carving  Establishments,Turning  and  Carving,500,,
DUXBURV,295,distributed,Asses and Mules,45,3,head
DUXBURV,295,distributed,horse,12205,192,head
DUXBURV,295,distributed,horse,12060,192,
DUXBURV,295,distributed,neat cattle,8463,603,head
DUXBURV,295,distributed,swine,,403,head
DUXBURV,295,distributed,Boots,122500,2079,pairs
DUXBURV,295,distributed,shoes,,163265,pairs
DUXBURV,295,distributed,Bricks,1300,260000,
DUXBURV,295,distributed,Butter,2964,17785,lbs
DUXBURV,295,distributed,cheese,111,1390,lbs
DUXBURV,295,distributed,Fire Wood prepared,10157,2266,cords
DUXBURV,295,distributed,Fruit raised,2438,6096,bush
DUXBURV,295,distributed,Indian Com or Maize raised,4475,5967,bush
DUXBURV,295,distributed,wheat,58,58,bush
DUXBURV,295,distributed,rye,1451,1451,bush
DUXBURV,295,distributed,barley,2,3,bush
DUXBURV,295,distributed,oats,480,1201,bush
DUXBURV,295,distributed,potatoes,4788,19150,bush
DUXBURV,295,distributed,other eseulent vegetables,1689,3378,bush
DUXBURV,295,distributed,hay,27036,2253,tons
DUXBURV,295,Rolling Slitting and Nail Mills,iron    and  not  made into nails,11400,184,tons
DUXBURV,295,Rolling Slitting and Nail Mills,nails,29010,312,tons
DUXBURV,295,distributed,Lumber prepared,3150,350000,feet
DUXBURV,295,distributed,Sheep total,426,284,head
DUXBURV,295,distributed,Wool total,284,852,lbs
DUXBURV,295,Tack and Brad Man ufactories,tacks and brads,22000,155,tons
DUXBURV,295,Vessels employed in the Mackerel and Cod Fisheries,mackerel,10033,4300,tons
DUXBURV,295,Vessels employed in the Mackerel and Cod Fisheries,codfish,,5684,quintals
DUXBURV,295,Vessels employed in the Mackerel and Cod Fisheries,salt consumed,,4519,bush
DUXBURV,296,Saddle Harness and Trunk Manufactories,Saddle Harness and Trunk,2000,,
DUXBURV,296,distributed,Building Stone quarried and prepared,500,,
DUXBURV,296,distributed,Indian Corn or Maize raised,16926,284,bush
DUXBURV,296,distributed,rye,227,90,bush
DUXBURV,296,distributed,barley,58,624,bush
DUXBURV,296,distributed,oats,281,19498,bush
DUXBURV,296,distributed,potatoes,3900,1001,tons
DUXBURV,296,distributed,other . esculent vege­ tables,1856,,
DUXBURV,296,distributed,hay,12252,,
DUXBURV,296,distributed,Leather curried,12000,,
DUXBURV,296,distributed,other,8000,,
DUXBURV,296,Establishments    Rail-road  Cars Coaches Chaises and other Vehicles,vehicles,5025,,
DUXBURV,296,distributed,Boots,153440,20350,pairs
DUXBURV,296,distributed,shoes,,189100,pairs
HALIFAX,296,distributed,Boots,34368,4945,pairs
HALIFAX,296,distributed,shoes,,37785,pairs
HALIFAX,296,distributed,boots and shoes,,,
DUXBURV,296,distributed,Butter,2683,15783,lbs
DUXBURV,296,distributed,cheese,1047,13098,lbs
DUXBURV,296,distributed,honey,14,100,lbs
DUXBURV,296,distributed,beeswax,2,6,lbs
HALIFAX,296,distributed,Corn and other Brooms,25,125,
DUXBURV,296,distributed,Fire Wood prepared,2010,610,cords
DUXBURV,296,distributed,Fruit raised,736,2944,bush
DUXBURV,296,Soap and Tallow Candle Manufactories,hard soap,5200,5,tons
DUXBURV,296,Soap and Tallow Candle Manufactories,st,,300,bbls
DUXBURV,296,Soap and Tallow Candle Manufactories,all the soap,,,
DUXBURV,296,distributed,Horses .,7735,221,head
DUXBURV,296,distributed,neat cattle,8965,509,head
DUXBURV,296,distributed,swine,2256,287,head
DUXBURV,296,distributed,Lumber prepared,1690,159000,feet
DUXBURV,296,energy imports,Whale Oil consumed,240,252,galls
DUXBURV,296,energy imports,other oil,350,630,galls
DUXBURV,296,energy imports,anthracite coal  consumed,1750,250,tons
HALIFAX,296,Woollen Mills,wool consumed,75000,100000,lbs
HALIFAX,296,Woollen Mills,cassimere,12000,75000,yds
HALIFAX,296,Woollen Mills,satinet,,25000,yds
HANOVER,297,Cotton   Gin  Manufactorics,gins,444,,
HANOVER,297,Establishments    Rail-road Cars Coaches Chaises and  other  Vehicles,vehicles,400,,
HANOVER,297,forges,bar iron anchors cables and other   wrought iron,24800,170,tons
HALIFAX,297,distributed,Butter,1357,9055,lbs
HALIFAX,297,distributed,.cheese,925,11700,lbs
HALIFAX,297,distributed,honey,17,166,lbs
HALIFAX,297,distributed,beeswax,2,6,lbs
HALIFAX,297,distributed,Fruit raised,219,862,bush
HANOVER,297,Tanneries,hides  tanned,1412,450,
HANOVER,297,Furnaces    Hollow Ware  and Castings other than Pig Iron,hollow ware and castings,2840,35,tons
HALIFAX,297,distributed,Horses,5487,106,head
HALIFAX,297,distributed,neat cattle,8425,425,head
HALIFAX,297,distributed,swine,2162,176,head
HALIFAX,297,distributed,Indian Corn or Maize  raised,2930,3701,bush
HALIFAX,297,distributed,rye,454,514,bush
HALIFAX,297,distributed,barley,20,26,bush
HALIFAX,297,distributed,oats,348,1031,bush
HALIFAX,297,distributed,potatoes $,3053,10970,bnsh
HALIFAX,297,distributed,other. esculent vegetables,151,495,bush
HALIFAX,297,distributed,hay,7790,686,tons
HALIFAX,297,distributed,Lumber prepared,3655,325,tons
HALIFAX,297,distributed,E. . Fire Wood prepared,1536,20448,cords
HALIFAX,297,energy imports,Sperm Oil consumed,300,315,galls
HALIFAX,297,energy imports,lard oil,900,1575,galls
HALIFAX,297,energy imports,anthracite coal consumed in manufacturing,525,75,tons
HALIFAX,297,distributed,other Foreign production consumed,2000,,
HANOVER,297,Tack and Brad Manufactories,tacks and brads,14000,80,tons
HANOVER,298,distributed,Wooden  Ware,901,,
HANSON,298,Harness Manufactorics,harnesses,150,,
HANSON,298,Wagon Manufactories,vehicles,460,,
HANSON,298,forges,bar iron cables nnchors and other   wrough t iron,9300,62,tons
HANOVER,298,distributed,Boots,97626,7397,pairs
HANOVER,298,distributed,shoes,,105902,pairs
HANOVER,298,distributed,boots  and shoes,,,
HANOVER,298,distributed,Butter,2798,17019,lbs
HANOVER,298,distributed,cheese,523,8425,lbs
HANOVER,298,distributed,honey,38,310,lbs
HANOVER,298,distributed,beeswax,15,44,lbs
HANOVER,298,distributed,Fire Wood prepared,25,906,cords
HANSON,298,distributed,Flannel or Blanketing,9,22,yds
HANSON,298,distributed,woollen  yarn,4,10,lbs
HANOVER,298,distributed,Fruit raised,1289,5121,bush
HANSON,298,Soap Man ufactories,hard soap,1520,2,tons
HANSON,298,Soap Man ufactories,st,,70,bbls
HANOVER,298,distributed,Horses,5832,131,head
HANOVER,298,distributed,neat cattle,8794,467,head
HANOVER,298,distributed,swine,3188,319,head
HANOVER,298,distributed,Indian Corn or Maize raised,2312,3522,bush
HANOVER,298,distributed,rye,585,731,bush
HANOVER,298,distributed,barley,32,57,bush
HANOVER,298,distributed,oats,56,122,bush
HANOVER,298,distributed,potatoes,4310,17240,bush
HANOVER,298,distributed,hay,572,825,tons
HANOVER,298,distributed,Lumber prepared,3867,453583,feet
HANSON,298,Rolling Slitting and Nail Mills,nai ls,6000,50,tons
HANOVER,298,distributed,Sheep total,700,382,head
HANOVER,298,distributed,Wool total,321,1125,lbs
HANSON,298,distributed,tack machines,1400,15,
HANSON,298,Tack and Brad Man ufactorics,tacks and brads,21375,202,tons
HANOVER,298,energy imports,Whale Oil consumed,9,18,galls
HANOVER,298,energy imports,anthracite coal consumed,2520,378,tons
HANSON,299,distributed,Lumber,1906,,
HANSON,299,Tanneries,leather tanned and curried,1000,,
HANSON,299,distributed,Asses,10,1,head
HANSON,299,distributed,horses,5060,123,head
HANSON,299,distributed,horses,6394,123,
HANSON,299,distributed,neat cattle,3722,394,head
HANSON,299,distributed,swine,,246,head
HINGHAM,299,Axe Manufactories,axes and other edge tools,3800,6408,
HINGHAM,299,forges,bar iron anchors cables and other    wrought  iron,5100,21,tons
HANSON,299,distributed,Boots,66257,2380,pairs
HANSON,299,distributed,shoes,,82050,pairs
HANSON,299,distributed,boots and shoes,,,
HANSON,299,distributed,Butter,1600,9597,lbs
HANSON,299,distributed,cheese,326,41650,lbs
HANSON,299,distributed,honey,17,280,lbs
HANSON,299,distributed,beeswax,17,33,lbs
HANSON,299,distributed,Fire Wood prepared,1866,736,cords
HANSON,299,distributed,Fruit raised  l,663,442,bush
HANSON,299,distributed,hops,4,20,lbs
HINGHAM,299,Establishments    Worsted Goods,goods,40000,30000,yds
HINGHAM,299,Establishments  Bleaching or Coloring Cotton Goods not connected wit h Calico Establishments,goods bleached or colored,1000,12000,yds
HINGHAM,299,Furnaces    Hollow Ware and Castings  other than Pig Iron,hollow ware and castings,13200,221,tons
HANSON,299,distributed,Indian Corn or Maize raised,6322,8429,bush
HANSON,299,distributed,wheat,20,13,bush
HANSON,299,distributed,rye,409,454,bush
HANSON,299,distributed,barley,113,150,bush
HANSON,299,distributed,oats,128,319,bush
HANSON,299,distributed,potatoes,10591,42365,bush
HANSON,299,distributed,other esculent vegetaLles,600,620,tons
HANSON,299,distributed,hay,7285,,
HANSON,299,distributed,Sheep total,313,217,head
HANSON,299,distributed,wool prod uced,195,651,lbs
HANSON,299,distributed,Shoe Boxes,8325,32500,
HANSON,299,Shoe Fitting Machines,Shoe Fitting Machines,54,,
HINGHAM,300,Saddle Harness and Trunk Manufactories,Saddle Harness and Trunk,700,,
HINGHAM,300,Chair  and  Cabinet  Ware  Manufactories,Chair  and  Cabinet  Ware,10200,,
HINGHAM,300,distributed,Blocks Spars and Pumps,1500,,
HINGHAM,300,distributed,Mechanics' Tools,50,,
HINGHAM,300,Establishments    Rail-road Cars Coaches Chaises and other Vehicles,vehicles,3600,,
HINGHAM,300,Tin Ware Manufactories,ware,2200,,
HINGHAM,300,distributed,Wooden Ware,25066,,
HINGHAM,300,energy imports,Anthracite coal consumed  in manufacturing,710,120,tons
HINGHAM,300,energy imports,bituminous coal mined  in  the U. States,288,32,chaldrons
HINGHAM,300,energy imports,eign bituminous coal,200,20,chaldrons
HINGHAM,300,distributed,Boots,38097,2458,pairs
HINGHAM,300,distributed,shoes,,27105,pairs
HINGHAM,300,distributed,boots and shoes,,,
HINGHAM,300,Cordage Manufactories,cordage,28000,150,tons
HINGHAM,300,distributed,Fire Wood prepared,8575,2007,cords
HINGHAM,300,Establishments    Fire Arms,fowling-pieces,500,50,
HINGHAM,300,Hat and Cap Manufactories,hats and caps,26500,11916,
HINGHAM,300,Tanneries,hides tanned,10100,3225,
HINGHAM,300,Tanneries,leather tanned and curried,,,
HINGHAM,300,distributed,Horses,10500,210,head
HINGHAM,300,distributed,neat  cattle,18740,733,head
HINGHAM,300,distributed,swine,2330,233,head
HINGHAM,300,distributed,Lumber prepared,319,33000,feet
HINGHAM,300,Plough  Manufactories,ploughs  and  other   agricuJtural tools,1200,150,
HINGHAM,300,Establishments     Salt,salt,496,1675,bush
HINGHAM,300,distributed,Sheep total,1546,773,head
HINGHAM,300,distributed,wool prod uced,699,2590,lbs
HINGHAM,300,Vessels employed in Mackerel and Cod Fisheries,mackerel,66558,9341,bbls
HINGHAM,300,Vessels employed in Mackerel and Cod Fisheries,salt consumed,33000,14482,bush
HULL,301,distributed,Boots,,175,pairs
HULL,301,distributed,shoes,,300,pairs
HINGHAM,301,distributed,Butter,4474,24860,lbs
HINGHAM,301,distributed,cheese,300,4300,lbs
HINGHAM,301,distributed,honey,32,160,lbs
HULL,301,distributed,Butter,80,400,lbs
HULL,301,distributed,cheese,24,300,lbs
HINGHAM,301,distributed,Fruit raised,3174,8431,bush
HULL,301,distributed,Fruit raised,310,497,bush
HULL,301,distributed,Horses,111550,111550,head
HULL,301,distributed,neat cattle,1785,51,head
HULL,301,distributed,swine,440,44,head
HULL,301,distributed,Indian  Corn  or  Maize  raised,172,245,bush
HULL,301,distributed,rye,15,20,bush
HULL,301,distributed,barley,216,360,bush
HULL,301,distributed,potatoes,357,1021,bush
HULL,301,distributed,other esculent vegetables,285,325,tons
HULL,301,distributed,hay,2600,,
HINGHAM,301,distributed,Indian Corn or Maize raised,3029,4039,bush
HINGHAM,301,distributed,rye,669,787,bush
HINGHAM,301,distributed,barley,176,294,bush
HINGHAM,301,distributed,oats,22,55,bush
HINGHAM,301,distributed,potatoes,3459,11530,bush
HINGHAM,301,distributed,other escu­ lent vegetables,800,100,tons
HINGHAM,301,distributed,hay,,1492,tons
HULL,301,Vessels employed in the Mackerel and Cod Fisheries,mackerel,1500,200,bbls
HULL,301,Vessels employed in the Mackerel and Cod Fisheries,salt consumed,,200,bush
KINGSTON,301,forges,ron anchors cables and other ·  wrought iron,11500,80,tons
HULL,301,Establishments     Salt,salt,726,2200,bush
HULL,301,distributed,Sheep total,419,381,head
HULL,301,distributed,Wool total,,1675,lbs
KINGSTON,301,Cotton Mills,spindles,,590,lbs
KINGSTON,301,Cotton Mills,cotton consumed,,10000,lbs
KINGSTON,301,Cotton Mills,yarn  and not made into cloth,,8350,
KINGSTON,302,Saddle Harness and Trunk Manufactories,Saddle Harness and Trunk,150,,
KINGSTON,302,distributed,Augers,1000,,
KINGSTON,302,Tanneries,leather  tanned  and curried,800,,
KINGSTON,302,distributed,Potters' Ware,500,,
KINGSTON,302,Axe Manufactories,axes and other edge tools,700,400,
KINGSTON,302,distributed,Boots,30000,2300,pairs
KINGSTON,302,distributed,shoes,,34300,pairs
KINGSTON,302,distributed,boots and shoes,,,
KINGSTON,302,distributed,Butter,1590,9541,lbs
KINGSTON,302,distributed,cheese,216,3095,lbs
KINGSTON,302,distributed,Fire Wood prepared,6376,2211,cords
KINGSTON,302,distributed,Frames  Harnesses,600,600,pairs
KINGSTON,302,distributed,Fruit raised,834,4020,bush
KINGSTON,302,Pig Iron,hollow ware and castings,8000,100,tons
KINGSTON,302,distributed,Horses,5000,117,head
KINGSTON,302,distributed,neat cattle,6919,342,head
KINGSTON,302,distributed,swine,1942,259,head
KINGSTON,302,distributed,swine slaughtered,5000,5000,
KINGSTON,302,distributed,V.  swine slaughtered $.,,,head
KINGSTON,302,distributed,Indian Corn or Maize raised,2511,3349,bush
KINGSTON,302,distributed,wheat,19,19,bush
KINGSTON,302,distributed,rye,763,763,bush
KINGSTON,302,distributed,barley,40,55,bush
KINGSTON,302,distributed,oats,60,182,bush
KINGSTON,302,distributed,potatoes,2500,10000,bush
KINGSTON,302,distributed,other esculent vegetables,352,1440,bush
KINGSTON,302,distributed,bay,8748,809,tons
KINGSTON,302,distributed,Lumber prepared,1400,164000,feet
KINGSTON,302,Vessels employed in the Mackerel and Cod Fisheries,mackerel,350,50,bbls
KINGSTON,302,Vessels employed in the Mackerel and Cod Fisheries,cod fish:,34500,11740,quintals
KINGSTON,302,Vessels employed in the Mackerel and Cod Fisheries,salt consumed,,13840,bush
KINGSTON,302,distributed,Sheep total,327,213,head
KINGSTON,302,distributed,wool prod uced,140,524,lbs
KINGSTON,302,distributed,Ship timber,900,100,tons
KINGSTON,302,Soap and Tallow Candle Manufactories,soap,3600,72000,lbs
KINGSTON,302,Tack  and Brad Manufactories,tacks and brads,,87,
MIDDLEBOROUGH,303,forges,bar iron anchors cables and other   wrough t iron,2500,30,tons
MARSHFIELD,303,distributed,Boots,1166,135,pairs
MARSHFIELD,303,distributed,shoes,,797,pairs
MARSHFIELD,303,distributed,boots and shoes,,,
MARSHFIELD,303,distributed,Butter,3555,22220,lbs
MARSHFIELD,303,distributed,cheese,710,10137,lbs
MARSHFIELD,303,distributed,honey,35,175,tons
MARSHFIELD,303,distributed,beeswax,7,21,lbs
MIDDLEBOROUGH,303,Cotton Mills,cotton consumed,40024,157164,lbs
MIDDLEBOROUGH,303,Cotton Mills,sheeting,208,255697,yds
MIDDLEBOROUGH,303,Cotton Mills,printing  cloth,,350000,yds
MIDDLEBOROUGH,303,Cotton Mills,all  the  cloth,,26001,
MIDDLEBOROUGH,303,Cotton Mills,batt ing    l bs,,,
MIDDLEBOROUGH,303,Rolling Slitting and Nail Mills,cut nails,18650,220000,lbs
MIDDLEBOROUGH,303,Rolling Slitting and Nail Mills,wrought nails,,51500,lbs
MIDDLEBOROUGH,303,Rolling Slitting and Nail Mills,all the nails,,,
MARSHFIELD,303,distributed,Fire Wood  prepared,2758,932,cords
MARSHFIELD,303,distributed,Fruit raised,2087,8347,bush
MARSHFIELD,303,distributed,Horses,7335,163,head
MARSHFIELD,303,distributed,neat  cattle,16510,807,head
MARSHFIELD,303,distributed,swine,7119,375,head
MARSHFIELD,303,distributed,India n Corn or Maize raised,4602,6136,bush
MARSHFIELD,303,distributed,wheat,189,189,bush
MARSHFIELD,303,distributed,rye,1184,1480,bush
MARSHFIELD,303,distributed,barley,3,5,bush
MARSHFIELD,303,distributed,oats,535,1337,bush
MARSHFIELD,303,distributed,potatoes,3934,19671,bush
MARSHFIELD,303,distributed,other csculen t vegetables,755,3775,bush
MARSHFIELD,303,distributed,hay,23190,3019,tons
MARSHFIELD,303,distributed,Lumber prepared,2022,262000,feet
MARSHFIELD,303,distributed,Sheep total,1160,773,head
MARSHFIELD,303,distributed,Wool total,554,2215,lbs
MARSHFIELD,303,Cotton Mills,sheeting,7762,115000,yds
MARSHFIELD,303,Cotton Mills,yarn  and not made in to cloth,4960,31000,lbs
MARSHFIELD,303,Cotton Mills,batting,70,1000,lbs
MARSHFIELD,303,energy imports,Sperm Oil consumed,162,170,galls
MARSHFIELD,303,distributed,Wool carded,,1500,lbs
MIDDLEBOROUGH,304,Saddle Harness and Trunk Manufnctories,Saddle Harness and Trunk,180,,
MIDDLEBOROUGH,304,Chair  and  Cabinet  Ware  Manufactories,Chair  and  Cabinet  Ware,1780,,
MIDDLEBOROUGH,304,distributed,Blocks and Pumps,150,,
MIDDLEBOROUGH,304,distributed,Building Stone quarried and prepared,2000,,
MIDDLEBOROUGH,304,distributed,Mechanics' Tools,100,,
MIDDLEBOROUGH,304,distributed,Snuff Tobacco and Cigars,1500,,
MIDDLEBOROUGH,304,Establish ments        R ail-rad  Cars Coaches  Chaise and other Vehicles,vehicles,3100,,
MIDDLEBOROUGH,304,Establish ments        R ail-rad  Cars Coaches  Chaise and other Vehicles,vehicles,3100,,
MIDDLEBOROUGH,304,distributed,Wooden Ware,300,,
MIDDLEBOROUGH,304,distributed,Boots,42793,309,pairs
MIDDLEBOROUGH,304,distributed,shoes,,60140,pairs
MIDDLEBOROUGH,304,distributed,boots  and shoes,,,
MIDDLEBOROUGH,304,distributed,Boots,,3476,pairs
MIDDLEBOROUGH,304,distributed,shoes,,57776,pairs
MIDDLEBOROUGH,304,energy imports,Char­coal,4694,671100,bush
MIDDLEBOROUGH,304,Latch and Door Handle Manufactories,door handles and latches,1200,1200,doz
MIDDLEBOROUGH,304,distributed,Fire Wood prepared,10194,3707,cords
MIDDLEBOROUGH,304,Furnaces     Hollow Ware  and Castings other than Pig Iron,hollow ware and castings,5000,225,tons
MIDDLEBOROUGH,304,distributed,Lumber  prepared,7631,693700,feet
MIDDLEBOROUGH,304,distributed,lumber  and shingles,,,
MIDDLEBOROUGH,304,distributed,Nail Casks,1260,14000,
MIDDLEBOROUGH,304,distributed,Sheep total,1924,1539,head
MIDDLEBOROUGH,304,distributed,Wool total,947,37881,lbs
MIDDLEBOROUGH,304,energy imports,Sperm Oil consumed,290,330,galls
MIDDLEBOROUGH,304,energy imports,anthracite coal consumed,980,124,tons
MIDDLEBOROUGH,304,distributed,Other American production consumed,926,,
MIDDLEBOROUGH,304,distributed,other Foreign production consumed,4505,,
MIDDLEBOROUGH,304,distributed,Straw Bonnets and Hats,25549350,18479,
MIDDLEBOROUGH,304,distributed,straw braid  and not made into bonnets and hats,70,,
MIDDLEBOROUGH,304,Tack and Brad Manufactories,tacks and brads,4500,75000,lbs
MIDDLEBOROUGH,304,Tin Ware Manufactories,Tin Ware,,,
MIDDLEBOROUGH,305,Saddle Harness and Trunk Manufactories,Saddle Harness and Trunk,1500,,
MIDDLEBOROUGH,305,Chair  and  Cabinet  Ware  Manufnctories,Chair  and  Cabinet  Ware,38000,,
MIDDLEBOROUGH,305,Brush  Manufactories,brushes,21500,,
MIDDLEBOROUGH,305,Tin Ware and  Stove Manufactories,ware,6074,,
MIDDLEBOROUGH,305,distributed,Blocks and Pumps,361,,
MIDDLEBOROUGH,305,Musical Instrument Manufactories,instruments,900,,
MIDDLEBOROUGH,305,distributed,Snuff Tobacco and Cigars,5200,,
MIDDLEBOROUGH,305,Establishments    Rail-road Cars -coaches Chaises and' other Vehicles,vehicles,1590,,
MIDDLEBOROUGH,305,distributed,Boots,179716,44711,pairs
MIDDLEBOROUGH,305,distributed,shoes,,155476,pairs
MIDDLEBOROUGH,305,distributed,Butter,8481,50887,lbs
MIDDLEBOROUGH,305,distributed,cheese,2481,35446,lbs
MIDDLEBOROUGH,305,distributed,honey,78,466,lbs
MIDDLEBOROUGH,305,distributed,Fruit raised,1200,20960,bush
MIDDLEBOROUGH,305,distributed,cranberries,,600,bush
MIDDLEBOROUGH,305,distributed,Fruit Trees raised,175,1150,
MIDDLEBOROUGH,305,Hat and Cap Manufactories,hats  and caps  $,2500,1040,
MIDDLEBOROUGH,305,distributed,Horses,2700,540,head
MIDDLEBOROUGH,305,distributed,neat  cattle,31746,2442,head
MIDDLEBOROUGH,305,distributed,swine,8856,984,head
MIDDLEBOROUGH,305,distributed,Indian Corn or Maize raised,16266,2688,bush
MIDDLEBOROUGH,305,distributed,wheat,133,133,bush
MIDDLEBOROUGH,305,distributed,rye,3356,3948,bush
MIDDLEBOROUGH,305,distributed,bar­ ley,131,174,bush
MIDDLEBOROUGH,305,distributed,oats,323,7956,bush
MIDDLEBOROUGH,305,distributed,potatoes,13935,55741,bush
MIDDLEBOROUGH,305,distributed,other esculent vegetables,1526,6102,bush
MIDDLEBOROUGH,305,distributed,hay,41438,3453,tons
MIDDLEBOROUGH,306,Shoe Last and  Boot  Tree Manufactories,Shoe Last and  Boot  Tree,7995,,
PEMBROKE,306,Chair and Cabinet Ware Manufactories,Chair and Cabinet Ware,45,,
MIDDLEBOROUGH,306,distributed,Mechanics' Tools,8250,,
PEMBROKE,306,distributed,Building Stone quarried and prepared,475,,
MIDDLEBOROUGH,306,distributed,Machines  Rolling Leather,1599,,
MIDDLEBOROUGH,306,distributed,Packing Boxes,2132,,
PEMBROKE,306,distributed,Packing Boxes,8250,,
PEMBROKE,306,distributed,Wagons,50,,
PEMBROKE,306,distributed,Boots,,650,pairs
PEMBROKE,306,distributed,shoes,,27180,pairs
MIDDLEBOROUGH,306,distributed,Butter,3279,20496,lbs
MIDDLEBOROUGH,306,distributed,cheese,1862,23280,lbs
MIDDLEBOROUGH,306,distributed,honey,28,235,lbs
MIDDLEBOROUGH,306,distributed,beeswax,4,16,lbs
MIDDLEBOROUGH,306,distributed,Fire Wood prepared,4620,1155,cords
MIDDLEBOROUGH,306,distributed,Fruit raised,1812,7249,bush
PEMBROKE,306,distributed,Fruit raised,1249,6246,bush
MIDDLEBOROUGH,306,distributed,Horses,17520,292,head
MIDDLEBOROUGH,306,distributed,neat  cattle,15800,632,head
MIDDLEBOROUGH,306,distributed,swine,5070,338,head
PEMBROKE,306,distributed,Horses,3660,122,head
PEMBROKE,306,distributed,neat cattle,10160,508,head
PEMBROKE,306,distributed,swine,2292,291,head
MIDDLEBOROUGH,306,distributed,Indian Corn  or  Maize  raised,3333,5000,bush
MIDDLEBOROUGH,306,distributed,rye,293,366,bush
MIDDLEBOROUGH,306,distributed,ba rley,143,239,bush
MIDDLEBOROUGH,306,distributed,oats,234,585,bush
MIDDLEBOROUGH,306,distributed,potatoes,5777,23111,bush
MIDDLEBOROUGH,306,distributed,other es­ culent  vegetables,600,2000,bush
MIDDLEBOROUGH,306,distributed,millet,50,4,tons
MIDDLEBOROUGH,306,distributed,hay,20230,1445,tons
PEMBROKE,306,distributed,Indian Corn or Maize raised,2993,3991,bush
PEMBROKE,306,distributed,wheat,3,2,bush
PEMBROKE,306,distributed,rye,800,964,bush
PEMBROKE,306,distributed,barley,81,108,bush
PEMBROKE,306,distributed,oats,259,648,bush
PEMBROKE,306,distributed,potatoes,3891,15563,bush
PEMBROKE,306,distributed,other esculent vegetables,406,1016,bush
PEMBROKE,306,distributed,hay,13020,1085,tons
MIDDLEBOROUGH,306,distributed,Lumber prepared,3531,300000,feet
PEMBROKE,306,distributed,Sheep total,473,315,head
PEMBROKE,306,distributed,Wool total,252,830,lbs
PLYMOUTH,307,Saddle Harness and Trunk Manufactories,Saddle Harness and Trunk,2550,,
PLYMOUTH,307,Chair  and Cabinet Ware  Ma.nufactories:,Chair  and Cabinet Ware  Ma.nufactories:,600,,
PLYMOUTH,307,distributed,Blocks and Pumps,650,,
PLYMOUTH,307,distributed,Building Stone quarried and prepared,1000,,
PLYMOUTH,307,Establishments    Rail-road Cars Coaches Chaises and other Vehicles,vehicles,700,,
PLYMOUTH,307,Tin Ware Manufactories,ware,3100,,
PEMBROKE,307,distributed,Amount  paid    Bottoming  and  fitting  Boots  and Shoes,8716,,
PLYMOUTH,307,forges,bar iron anchors and cables,8800,16,tons
PLYMOUTH,307,distributed,Boots,6326,1477,pairs
PLYMOUTH,307,distributed,shoes,,825,pairs
PLYMOUTH,307,distributed,boots and shoes,,,
PLYMOUTH,307,distributed,Bricks,600,100000,
PEMBROKE,307,distributed,Butter,2484,14611,lbs
PEMBROKE,307,distributed,cheese,325,4645,lbs
PEMBROKE,307,distributed,honey,15,74,lbs
PEMBROKE,307,distributed,beeswax,1,4,lbs
PLYMOUTH,307,Cordage Manufactories,cordage,203800,912,tons
PLYMOUTH,307,Tanneries,hides tanned,1000,550,
PLYMOUTH,307,Tanneries,leather tanned and curried,,,
PLYMOUTH,307,Rolling Slitting and Nail Mills,iron  and not made into nails,55000,600,tons
PLYMOUTH,307,Rolling Slitting and Nail Mills,nails,85000,1000,tons
PLYMOUTH,307,Oil and Sperm Candle Manufactories,oil,38200,45500,galls
PLYMOUTH,307,Oil and Sperm Candle Manufactories,candles,8687,34750,lbs
PLYMOUTH,307,Cotton Mills,spindles,10000,2768,lbs
PLYMOUTH,307,Cotton Mills,cotton  consumed,2018,187000,yds
PLYMOUTH,307,Cotton Mills,duck,4800,40000,lbs
PLYMOUTH,307,Cotton Mills,cotton yarn,2550,34000,
PLYMOUTH,307,Cotton Mills,batting,,,
PLYMOUTH,308,distributed,Fresh  Fish and Lobsters,4000,,
PLYMOUTH,308,distributed,Ship Thimbles,3000,,
PLYMOUTH,308,distributed,Butter,691,3640,lbs
PLYMOUTH,308,Coopers' Shops,casks,3200,10000,casks
PLYMOUTH,308,energy imports,Cod Liver Oil,7500,500,bbls
PLYMPTON,308,Cotton Mills,cotton consumed,11200,27000,lbs
PLYMPTON,308,Cotton Mills,printing cloth,120,16000,yds
PLYMPTON,308,Cotton Mills,batting,,1200,lbs
PLYMOUTH,308,distributed,Fire Wood prepared,24057,6583,cords
PLYMOUTH,308,distributed,Fruit raised,1217,3043,bush
PLYMOUTH,308,distributed,Horses,15452,324,head
PLYMOUTH,308,distributed,neat  cattle,14062,923,head
PLYMOUTH,308,distributed,swine:,7747,650,head
PLYMOUTH,308,distributed,Indian Corn or Maize raised,4700,7582,bush
PLYMOUTH,308,distributed,wheat,166,166,bush
PLYMOUTH,308,distributed,rye,1094,1459,bush
PLYMOUTH,308,distributed,barley,200,401,bush
PLYMOUTH,308,distributed,oats,256,640,bush
PLYMOUTH,308,distributed,potatoes,4045,16179,bush
PLYMOUTH,308,distributed,other esculent vegetables,1237,4124,tons
PLYMOUTH,308,distributed,hay,15953,1562,
PLYMOUTH,308,Rivet Manufactories,iron,10000,75,tons
PLYMOUTH,308,Rivet Manufactories,rivets,16500,76,tons
PLYMOUTH,308,Vessels employed in the Mackerel and Cod Fisheries,mackerel taken,780,120,bbls
PLYMOUTH,308,Vessels employed in the Mackerel and Cod Fisheries,codfish,93107,40617,quintals
PLYMOUTH,308,Vessels employed in the Mackerel and Cod Fisheries,salt consumed,,48575,bush
PLYMOUTH,308,energy imports,Oil Soap,850,30000,lbs
PLYMOUTH,308,distributed,Sheep total,1411,986,head
PLYMOUTH,308,distributed,Wool total,572,1907,lbs
PLYMOUTH,308,energy imports,Sperm Oil consumed,3600,4000,galls
PLYMOUTH,308,energy imports,whale oil,4252,14175,galls
PLYMOUTH,308,energy imports,anthracite coal consumed in manufacturing,677,815,tons
PLYMOUTH,308,energy imports,bituminous coal U S,3200,278,chaldrons
PLYMOUTH,308,energy imports,eign bituminous coal,21780,1980,chaldrons
PLYMOUTH,308,Vessels employed in the Whale Fishery,sperm oil imported,6007,6675,galls
PLYMOUTH,308,Vessels employed in the Whale Fishery,whale oil,355,860,galls
PLYMPTON,309,distributed,Poultry and  Eggs,480,,
ROCHESTER,309,forges,bar  iron  anchors  cables  and  other     wrought  iron,2000,25,tons
PLYMPTON,309,distributed,Butter,1759,10983,lbs
PLYMPTON,309,distributed,cheese,213,3040,lbs
PLYMPTON,309,distributed,Fire Wood prepared,436,223,cords
PLYMPTON,309,energy imports,char­coal,730,,
PLYMPTON,309,distributed,Fruit raised,552,1577,bush
ROCHESTER,309,Hat and Cap  Ma nufactories,hats and caps,200,100,
PLYMPTON,309,distributed,Horses,5340,89,head
PLYMPTON,309,distributed,neat cattle,8230,400,head
PLYMPTON,309,distributed,swine,2794,182,head
PLYMPTON,309,distributed,Indian Corn or Maize raised,2252,3753,bush
PLYMPTON,309,distributed,rye,400,500,bush
PLYMPTON,309,distributed,barley,51,69,bush
PLYMPTON,309,distributed,oats,240,600,bush
PLYMPTON,309,distributed,potatoes,2335,9341,bush
PLYMPTON,309,distributed,beans,300,200,bush
PLYMPTON,309,distributed,other esculent  vegetables,436,1308,bush
PLYMPTON,309,distributed,hay,8388,696,tons
PLYMPTON,309,distributed,Iron Rivets,1140,6,tons
PLYMPTON,309,distributed,Lumber  prepared,2287,369000,feet
PLYMPTON,309,distributed,Sheep total see species,220,42,lbs
PLYMPTON,309,distributed,Saxony wool  produced,,239,lbs
PLYMPTON,309,distributed,Saxony  Sheep,,15,head
PLYMPTON,309,distributed,other  sheep,,97,head
PLYMPTON,309,distributed,Saxony wool  produced   lbs.,,42,lbs
PLYMPTON,309,distributed,other  wool.,,,
PLYMPTON,309,distributed,Wool total see species,112,,
PLYMPTON,309,distributed,Ship timber,1800,200,tons
PLYMPTON,309,distributed,Shoe Boxes,1000,4000,
PLYMPTON,309,distributed,Shoes,8255,5000,pairs
PLYMPTON,309,distributed,boots,,3780,pairs
PLYMPTON,309,distributed,boots bottomed and fit­ted,,1850,pairs
PLYMPTON,309,distributed,shoes,,34129,
PLYMPTON,309,distributed,labor in bottoming and fitting boots and shoes,,,
PLYMPTON,309,distributed,tacks and brads,600,6000,lbs
PLYMPTON,309,Woollen Mills,wool consumed,6635,11793,lbs
PLYMPTON,309,Woollen Mills,satinet,,15720,yds
PLYMPTON,309,Saw Mills,Saw Mills,2000,,
PLYMPTON,309,Wooden Hoops prepared,Wooden Hoops prepared,830,,
ROCHESTER,310,Chair  and Cabinet  Ware  Manufactories,Chair  and Cabinet  Ware,1600,,
ROCHESTER,310,distributed,Blocks and Pum ps,700,,
ROCHESTER,310,distributed,Building Stone quarried and prepared,825,,
ROCHESTER,310,energy imports,Oil Casks,6666,,
ROCHESTER,310,distributed,Snuff Tobacco and Cigars,800,,
ROCHESTER,310,distributed,Boats built,1050,18,
ROCHESTER,310,distributed,Boots,2594,186,pairs
ROCHESTER,310,distributed,shoes,,2036,pairs
ROCHESTER,310,distributed,boots and shoes,,,
ROCHESTER,310,distributed,Butter,5340,29666,lbs
ROCHESTER,310,distributed,cheese,329,4107,lbs
ROCHESTER,310,distributed,Fire Wood  prepared,15513,5171,cords
ROCHESTER,310,distributed,Fruit raised,3994,13312,bush
ROCHESTER,310,distributed,honey,41,329,lbs
ROCHESTER,310,distributed,Horses,33600,272,head
ROCHESTER,310,distributed,neat cattle,17190,1146,head
ROCHESTER,310,distributed,swine,9120,760,head
ROCHESTER,310,distributed,Indian Corn or  Maize raised,6264,10641,bush
ROCHESTER,310,distributed,rye,1442,1803,bush
ROCHESTER,310,distributed,barley,251,314,bush
ROCHESTER,310,distributed,oats,836,2391,bush
ROCHESTER,310,distributed,potatoes,7913,31646,bush
ROCHESTER,310,distributed,other esculent  vegetables,1264,4213,bush
ROCHESTER,310,distributed,millet,24,11,tons
ROCHESTER,310,distributed,hay,20229,1839,tons
ROCHESTER,310,distributed,Lumber prepared,6438,572560,feet
ROCHESTER,310,distributed,Palm·leaf  Hats,40,115,
ROCHESTER,310,Establishments    Salt,salt,1796,7185,bush
ROCHESTER,310,distributed,Sheep total,1228,6228,head
ROCHESTER,310,distributed,Wool total see species,1148,,
ROCHESTER,310,distributed,Shingles,1008,4003000,
ROCHESTER,310,distributed,Ship timber,1096,137,tons
ROCHESTER,310,Vessels employed in the W hale Fishery,sperm oil imported,103120,113298,galls
ROCHESTER,310,Vessels employed in the W hale Fishery,whale oil,36239,103540,galls
ROCHESTER,310,Vessels employed in the W hale Fishery,whalebone,9776,30550,lbs
ROCHESTER,310,Vessels employed in the Mackerel and Cod Fisheries,codfish,2700,1350,quintals
ROCHESTER,310,Vessels employed in the Mackerel and Cod Fisheries,salt consumed,6500,1800,bush
SCITUATE,311,distributed,Fruit Trees raised,100,,
SCITUATE,311,distributed,Mechanics' Tools,300,,
SCITUATE,311,distributed,Boots,9193,642,pairs
SCITUATE,311,distributed,shoes,,9300,pairs
SCITUATE,311,distributed,Bricks,1300,250000,
SCITUATE,311,distributed,Butter,6502,39015,lbs
SCITUATE,311,distributed,cheese,1280,18286,lbs
SCITUATE,311,distributed,honey,82,620,lbs
SCITUATE,311,distributed,beeswax,12,35,lbs
SCITUATE,311,distributed,Fire Wood prepared,3795,1409,cords
SCITUATE,311,distributed,Fruit raised,2622,10488,bush
SCITUATE,311,Tanneries,hides tanned,570,150,
SCITUATE,311,Tanneries,leather tanned and curried,,,
SCITUATE,311,distributed,Horses,12493,340,head
SCITUATE,311,distributed,neat  cattle,23603,1268,head
SCITUATE,311,distributed,swine,8385,559,head
SCITUATE,311,distributed,Indian Corn or Maize raised,6810,9079,bush
SCITUATE,311,distributed,rye,1400,1847,bush
SCITUATE,311,distributed,barley,418,583,bush
SCITUATE,311,distributed,oats,132,395,bush
SCITUATE,311,distributed,potatoes,5500,27503,bush
SCITUATE,311,distributed,other es­ culent  vegetables,1305,261,tons
SCITUATE,311,distributed,hay,25171,278,tons
SCITUATE,311,distributed,Lobsters taken,900,30000,
SCITUATE,311,distributed,Lumber prepared  feet boards and,1730,12500067,feettons
SCITUATE,311,distributed,Ploughs,80,10,
SCITUATE,311,distributed,Sheep total,1367,915,head
SCITUATE,311,distributed,Wool total,660,2639,lbs
SCITUATE,311,Tack   and  Brad  Manufactories,tacks and brads,20500,195000,lbs
SCITUATE,311,Vessels employed in the Mackerel and Cod Fisheries,mackerel,5003,677,bbls
SCITUATE,311,Vessels employed in the Mackerel and Cod Fisheries,codfish,4925,2300,quintals
SCITUATE,311,Vessels employed in the Mackerel and Cod Fisheries,salt consumed,,4519,bush
SCITUATE,311,distributed,Wagons,750,15,
WAREHAM,311,Cotton Mills,Cotton Mills,,,
WAREHAM,312,Saddle Harness and Trunk Manufactories,Saddle Harness and Trunk,1000,,
WAREHAM,312,Chair and Cabinet Ware Man ufactories,Chair and Cabinet Ware,1200,,
WAREHAM,312,distributed,Building Stone quarried and prepared,4000,,
WAREHAM,312,forges,bar iron anchors cables and other   wrought iron,120000,2000,tons
WAREHAM,312,distributed,Boots,1400,150,pairs
WAREHAM,312,distributed,shoes,,800,pairs
WAREHAM,312,distributed,boots and shoes,,,
WAREHAM,312,distributed,Fire Wood prepared,10500,2575,cords
WAREHAM,312,Tanneries,hides tanned,1500,350,
WAREHAM,312,Tanneries,leather tanned and curried,,,
WAREHAM,312,Furnaces    Hollow Ware and Castings other than Pig Iron,hollow ware and castings,15000,600,tons
WAREHAM,312,distributed,Horses,9975,133,head
WAREHAM,312,distributed,neat cattle,8450,375,head
WAREHAM,312,distributed,swine,6762,322,head
WAREHAM,312,distributed,Indian Corn  or  Maize raised,2644,3306,bush
WAREHAM,312,distributed,rye,722,722,bush
WAREHAM,312,distributed,oats,198,595,bush
WAREHAM,312,distributed,potatoes,2002,6675,bush
WAREHAM,312,distributed,other esculent vegetables,2168,923,tons
WAREHAM,312,distributed,hay,11082,,
WAREHAM,312,Rolling Slitting and Nail Mills,iron   and  not made  into nails,147000,8122100,tons
WAREHAM,312,Rolling Slitting and Nail Mills,nails,360000,4000,tons
WAREHAM,312,distributed,Lumber prepared,3500,350000,feet
WAREHAM,312,Establishments      Salt,salt,90,300,bush
WAREHAM,312,distributed,Sheep total,1256,628,head
WAREHAM,312,distributed,Wool total,628,1884,lbs
WAREHAM,312,energy imports,Sperm Oil consumed,1500,1575,galls
WAREHAM,312,energy imports,other oil,250,315,galls
WAREHAM,312,energy imports,anthracite coal consumed in manufactu ring,28000,4000,tons
WAREHAM,312,energy imports,Foreign bituminous coal,6000,750,tons
WAREHAM,312,distributed,staves,4000,1120000,
WAREHAM,312,Vessels employed in the Mackerel and Cod Fisheries,codfish,1400,700,quintals
WAREHAM,312,Vessels employed in the Mackerel and Cod Fisheries,salt consumed,,960,bush
WAREHAM,312,Vessels employed in the Whale Fishery,tonnage  sperm oil imported,85500,136689750,galls
WAREHAM,312,Vessels employed in the Whale Fishery,whale oil,20000,73000,galls
WAREHAM,312,Vessels employed in the Whale Fishery,whalebone,4500,15000,lbs
WAREHAM,313,distributed,shingles box boards and laths,1241,348000,
WAREHAM,313,Establishments    Wagons Sleighs and other Vehi­ cles,vehicles,1400,,
WAREHAM,313,distributed,Boots,99201,20241,pairs
WAREHAM,313,distributed,shoes,,84022,pairs
WAREHAM,313,distributed,Butter,2836,17732,lbs
WAREHAM,313,distributed,cheese,876,11533,lbs
WAREHAM,313,distributed,Fire Wood prepared,3010,930,cords
WAREHAM,313,distributed,Fruit raised,2333,1858,bush
WAREHAM,313,distributed,V $. Butter,,92914000,lbs
WAREHAM,313,distributed,Fruit raised,1171,5626,bush
WAREHAM,313,Fu rnaces    Hollow Ware and Castings other than Pig Iron,hollow ware and castings,25750,315,tons
WAREHAM,313,distributed,Horses,5390,114,head
WAREHAM,313,distributed,neat cattle,14039,659,head
WAREHAM,313,distributed,swine,2840,241,head
WAREHAM,313,distributed,Indian Corn or Maize raised,3127,4571,bush
WAREHAM,313,distributed,rye,382,466,bush
WAREHAM,313,distributed,barley,370,517,bush
WAREHAM,313,distributed,oats,436,1242,bush
WAREHAM,313,distributed,potatoes,4139,20889,bush
WAREHAM,313,distributed,other es­ culen t vegetables,328,815,bush
WAREHAM,313,distributed,hay,17864,1528,tons
WAREHAM,313,distributed,Lumber prepared,1662,70500,feet
WAREHAM,313,Plough Man ufactories,ploughs and other agricultural tools,500,100,
WAREHAM,313,distributed,Sheep total see species,117,,
WAREHAM,313,distributed,Wool total see species,61,,
WAREHAM,313,distributed,Merino Sheep,,31,head
WAREHAM,313,distributed,other sheep,,20,head
WAREHAM,313,distributed,merino wool produced  lbs.,,93,lbs
WAREHAM,313,distributed,other wool  lbs.,,58,lbs
WAREHAM,313,distributed,Straw Bonnets and Hats,125,100,
WAREHAM,313,distributed,straw braid  and not made into bonnets and hats,628,,
