city,page,site,goods,value,quantity,units
BOSTON,1,Establishments for m.  Hosiery,woollen hose,17511,6000,pairs
BOSTON,1,Forges,chain cables,58240,400,tons
BOSTON,1,Furnaces for m.   Castings other than pig iron,castings,250600,3845,tons
BOSTON,1,Establishmen ts for  m.   Machinery,for  m.   Machinery,399990,,
BOSTON,1,Establishments for m.  Steam Engines boilers and locomo­tives,for m.  Steam Engines boilers and locomo­tives,187496,,
BOSTON,1,Shops  for m.    Fire  Engines,number,7200,12,
BOSTON,1,Establishments   for  m.    Cutlery,for  m.    Cutlery,7500,,
BOSTON,1,Lock  Manufactories,locks,37870,,
BOSTON,1,Plough Manufactories,ploughs and other agricultural tools,33500,4300,
BOSTON,2,Shops for m.   Iron Railing Fence and Safes,for m.   Iron Railing Fence and Safes,116000,,
BOSTON,2,Brass  Foundries,Brass,210840,,
BOSTON,2,Establishments for m.  Britannia Ware.and Block Tin,for m.  Britannia Ware.and Block Tin,20550,,
BOSTON,2,Flint Glass  Manufactories,glass,62400,,
BOSTON,2,Establishments for the making  Chemical Preparations,for the making  Chemical Preparations,3000,,
BOSTON,2,MusicaUnstrument Manufactories (exclusive  organs and piano fortes),MusicaUnstrument,5000,,
BOSTON,2,Clock  Manufactories,clocks,2225,66,
BOSTON,2,Establishments for m.  Gold and Silver Ware and Jewelry,for m.  Gold and Silver Ware and Jewelry,210100,,
BOSTON,2,Brush  Manufactories,Brush,90,,
BOSTON,2,Saddle Harness  and  Trunk  Manufactories,Saddle Harness  and  Trunk,143215,,
BOSTON,2,Upholstery   Manufactories,Upholstery,269925,,
BOSTON,2,Hat and Cap Manufactories,hats and caps,330071,292918,
BOSTON,2,Cordage  Mnnufactories,cordage,37892,275300,lbs
BOSTON,2,Establishments for m.  Coaches Chaises Wagons Sleighs and other vehicles,vehicles,127650,,
BOSTON,2,Lead Pipe Manufactories,Lead Pipe,13750,,
BOSTON,2,Sugar Refineries,sugar refined,940000,8433000,lbs
BOSTON,2,Oil  and  Sperm  Candle  Manufactories,oil,584755,979616,galls
BOSTON,2,Oil  and  Sperm  Candle  Manufactories,candles,89677,343262,lbs
BOSTON,2,Soap and Tallow Candle  Manufactories,hard  soap,5473,1316440,lbs
BOSTON,2,Soap and Tallow Candle  Manufactories,sterine,8339,1868,bbls
BOSTON,2,Soap and Tallow Candle  Manufactories,candles,,98700,lbs
BOSTON,3,Establishments for m.  Cannon,for m.  Cannon,50000,137,
BOSTON,3,Chair and Cabinet-ware Manufactories,.,163400,,
BOSTON,3,Tin  and Sheet  Iron  Manufactories,Tin  and Sheet  Iron,355250,,
BOSTON,3,Comb Manufactories,combs,1500,,
BOSTON,3,Establishments for m.  White Lead ·and other paints,white lead,50000,672000,lbs
BOSTON,3,Establishments for m.  White Lead ·and other paints,red lead litharge and sugar,18000,450000,lbs
BOSTON,3,Establishments for m.  White Lead ·and other paints,other paints,15000,,
BOSTON,3,Linseed Oil Mills,oil,50200,80000,galls
BOSTON,3,Linseed Oil Mills,oil cake,12500,625,tons
BOSTON,3,distributed,Boots,205126,32479,pairs
BOSTON,3,distributed,shoes,,47631,pairs
BOSTON,3,distributed,boots and shoes,,,
BOSTON,3,distributed,Straw Bonnets and Hats :,17550,,
BOSTON,3,distributed,Bricks,13180,2060000,
BOSTON,3,distributed,Mathematical  Instruments,4500,,
BOSTON,3,distributed,Snuff Tobacco and Cigars,50924,,
BOSTON,3,distributed,Building Stone prepared,275800,,
BOSTON,3,distributed,Marble prepared for market,117820,,
BOSTON,3,distributed,Whips,700,,
BOSTON,3,distributed,Blacking,112,,
BOSTON,3,distributed,Blocks and Pumps,57100,,
BOSTON,3,distributed,Wooden-ware not otherwise enumerated including Farming utensils,15300,,
BOSTON,3,distributed,Boats built,8205,93,
BOSTON,4,energy imports,Sperm Oil consumed in mnufacturing establishments,2055,2284,galls
BOSTON,4,energy imports,w hale oil,553,1006,galls
BOSTON,4,energy imports,other kinds   oil,7960,99700,galls
BOSTON,4,energy imports,anthracite   coal  consumed,51990,10438,tons
BOSTON,4,energy imports,bituminous coal mined in the United States,21450,2145,chaldrons
BOSTON,4,energy imports,foreign bituminous coal,64936,7754,chaldrons
BOSTON,4,energy imports,wood,26583,5916,cords
BOSTON,4,energy imports,charcoal,7185,23977,bush
BOSTON,4,energy imports,other   Amer­ ican production excepting cotton wool and iron consumed in manufacturing establishmen ts,262372,,
BOSTON,4,energy imports,all other arti­ cles   foreign production excepting as above,591386,,
BOSTON,4,Vessels employed in Whale Fishery,sperm oil imported,17539,21979,galls
BOSTON,4,Vessels employed in Whale Fishery,whale oil,459,1149,galls
BOSTON,4,Vessels employed in Mackerel aud Cod fisheries,mackerel taken,6311,7455,bbls
BOSTON,4,Vessels employed in Mackerel aud Cod fisheries,cod-fish,15840,6600,quintals
BOSTON,4,Vessels employed in Mackerel aud Cod fisheries,salt consumed,,16462,bush
BOSTON,4,distributed,Horses,290475,3873,head
BOSTON,4,distributed,neat  cattle,9180,366,head
BOSTON,4,distributed,swine,7070,1010,head
BOSTON,4,distributed,Fruits and Flowers,3060,,
BOSTON,4,Axletree Manufactories,axletrees,18000,,
BOSTON,4,Artificial Flower Manufactories,flowers,6000,,
BOSTON,4,Blank Book Manufactories,books,96000,,
BOSTON,4,Bakeries,bread  &C.,373000,,
BOSTON,4,Band  and  Fancy Box  Man ufactories,boxes,14660,7,
BOSTON,4,Balance  Manufactories,Balance,37000,,
BOSTON,4,Breweries,Breweries,45740,256832,galls
BOSTON,4,Breweries,manufacturing,,,
BOSTON,4,Coppersmith's  shops,Coppersmith's,12000,,
BOSTON,4,Cork Cutters,Cork Cutters,5500,,
BOSTON,4,Cooper's shops,Cooper's,24200,,
BOSTON,5,Currier's Establishments,leather dressed,243000,,
BOSTON,5,Camphor Refineries,Camphor,30000,60000,lbs
BOSTON,5,Camphor Refineries,quantity refined,,,
BOSTON,5,Black Lead Manufactories,Black Lead,9000,,
BOSTON,5,Distilleries,quantity    spirit,826240,2873623,galls
BOSTON,5,Furriers Establish ments,Furriers Establish ments,201000,,
BOSTON,5,Fringe and Tassel Manufactories,Fringe and Tassel,35800,,
BOSTON,5,File  Manufactories,File,7500,,
BOSTON,5,Friction Match Manufactories,matches,32000,,
BOSTON,5,Gas Manufactories,gas .,75000,,
BOSTON,5,Glass  Cutting  Establishments,glass,4000,,
BOSTON,5,Globe Man ufactories,globes,3000,,
BOSTON,5,Gold  Beater's  Establishments,Gold  Beater's,55000,,
BOSTON,5,India Rubber  Factories,India Rubber,2500,,
BOSTON,5,Looking Glass and Picture Frame Manufactories,frames,78600,49,
BOSTON,5,Lamp Manufactories,lamps,167000,,
BOSTON,5,Last Man nfactories,lasts,29000,,
BOSTON,5,Lard Oil Manufactories,oil,114150,174000,galls
BOSTON,5,Lard Oil Manufactories,stearine,7840,112000,lbs
BOSTON,5,Meteorological  Instrument  Manufactories,instru­ men ts,3500,,
BOSTON,6,Magnetical Instrument Manufactories,instruments,11000,,
BOSTON,6,Mineral  Teeth  Manufactories,Mineral  Teeth,8000,,
BOSTON,6,Morocco  Working   Establishments,.,6500,,
BOSTON,6,Optical Instrument Manufactories,instruments,9800,,
BOSTON,6,Organ Man ufactories,organs,40000,16,
BOSTON,6,Organ Man ufactories,organs,,,
BOSTON,6,Printers' Ink Manufactories,ink,11000,,
BOSTON,6,Piano  Forte  Manufactories,instruments,48537,1891,
BOSTON,6,Philosophical Instrument Manufactories,instruments,18000,14,
BOSTON,6,Pickle and Preserve Man ufactories,Pickle and Preserve,100000,,
BOSTON,6,Packing Box Man ufactories,boxes,6900,,
BOSTON,6,Plume Manufactories,plumes,700,,
BOSTON,6,Paper  Hanging Manufactories,paper,53500,,
BOSTON,6,Plane Manufactories,planes,6500,,
BOSTON,6,Rivet and Spike Manufactories,Rivet and Spike,8000,,
BOSTON,6,Root  Beer  Manufactories,beer,29000,,
BOSTON,6,Salmratus Manufactories,salmratus,145293,3947516,lbs
BOSTON,6,Salmratus Manufactories,quantity,,,
BOSTON,6,Saw Manufactories,saws,5200,,
BOSTON,6,Saltpetre Refineries,Saltpetre,79200,1187230,lbs
BOSTON,6,Saltpetre Refineries,quantity,,,
BOSTON,6,Silver Plating Establishments,plated  ware,10700,,
BOSTON,7,Spirits  Turpentine Manufactories,Spirits  Turpentine,102800,205000,galls
BOSTON,7,Steam Warming Apparatus Manufactories,Steam Warming Apparatus,35000,,
BOSTON,7,Type  and Stereotype  Foundries,types &c made in two foundries,75000,,
BOSTON,7,Truss Manufactories,trusses,4500,,
BOSTON,7,Umbrella and Parasol Manttfactories,Umbrella and Parasol,62000,57,
BOSTON,7,Varnish  Manufactories,varnish,27000,,
BOSTON,7,Visiting Card  Manufactories,cards,25000,,
BOSTON,7,Watch  Crystal  Manufactories,Watch  Crystal,6500,,
BOSTON,7,Wire-work  Manufactories,Wire-work,8000,,
CHELSEA,7,Furnaces for m.  Hollow-ware and Castings other than pig iron,hollow-ware and castings,18000,300,tons
CHELSEA,7,Shovel Spade Fork and Hoe Manufactories,Shovel Spade Fork and Hoe,1000,,
CHELSEA,7,Shops for m.  Iron Railing Fences and Safes,for m.  Iron Railing Fences and Safes,13300,,
CHELSEA,7,Brass Found ries,Brass,600,,
CHELSEA,7,Establishments for m.  Salt,salt,800,4000,bush
CHELSEA,7,Soap Manufactories,soap,12000,260000,lbs
CHELSEA,7,Tin-ware  Manufactories,Tin-ware,2000,,
CHELSEA,7,Tanneries,Tanneries,,,
CHELSEA,8,distributed,Boots and Shoes,2400,,
CHELSEA,8,distributed,Bricks,28500,4750000,
CHELSEA,8,distributed,Snuff Tobacco and Cigars :,10150,,
CHELSEA,8,distributed,Blacking,1200,,
CHELSEA,8,distributed,Indian Com or Maize raised,560,700,bush
CHELSEA,8,distributed,rye,160,200,bush
CHELSEA,8,distributed,barley,30,50,bush
CHELSEA,8,distributed,potatoes,1500,6000,bush
CHELSEA,8,distributed,other esculent  vegetables,8000,1453,tons
CHELSEA,8,distributed,hay,17436,,
CHELSEA,8,distributed,Fruit,2100,2800,bush
CHELSEA,8,distributed,Stone Ware,4000,,
CHELSEA,8,distributed,Paper stained,10000,,
CHELSEA,8,distributed,Whiting,4000,400,tons
CHELSEA,8,distributed,quantity,,,
CHELSEA,8,distributed,Spice ground,600,,
CHELSEA,8,distributed,Corn ground,13500,45000,bush
CHELSEA,8,distributed,quantity ground,,,
