city,page,manufacturing site,number of factories,vessels,number of vessels,vessel tonnage,capital,employeeS,employeesM,employeesF,goods0,value0,quantity0,units0,goods1,value1,quantity1,units1,goods2,value2,quantity2,units2
BOSTON,1,,,,,,,,,,,,,,,,,,,,,
BOSTON,1,Establishments for m. of Hosiery 1,,,,,,,,,,,,,,,,,,,,
BOSTON,1,Forges 1,,,,,,,,,,,,,,,,,,,,
BOSTON,1,Furnaces for m. of  Castings other than pig iron 6,,,,,,,,,,,,,,,,,,,,
BOSTON,1,Establishmen ts for  m. of  Machinery  19,,,,,,,,,,,,,,,,,,,,
BOSTON,1,Establishments for m. of Steam Engines boilers and locomo� tivs 2,,,,,,,,,,,,,,,,,,,,
BOSTON,1,Shops  for m.  of  Fire  Engines 1,,,,,,,,,,,,,,,,,,,,
BOSTON,1,Establishments   for  m.  of  Cutlery  2,,,,,,,,,,,,,,,,,,,,
BOSTON,1,Lock  Manufactories  6,,,,,,,,,,,,,,,,,,,,
BOSTON,1,Plough Manufactories 1,,,,,,,,,,,,,,,,,,,,
BOSTON,1,,,,,,,,,,,,,,,,,,,,,
BOSTON,2,,,,,,,,,,,,,,,,,,,,,
BOSTON,2,Shops for m. of  Iron Railing Fence and Safes 6,,,,,,,,,,,,,,,,,,,,
BOSTON,2,Brass  Found ries 8,,,,,,,,,,,,,,,,,,,,
BOSTON,2,Establishments for m. of Britannia Ware.and Block Tin 3,,,,,,,,,,,,,,,,,,,,
BOSTON,2,Flint Glass  Manufactories  2,,,,,,,,,,,,,,,,,,,,
BOSTON,2,Establishments for the making of Chemical Preparations 1,,,,,,,,,,,,,,,,,,,,
BOSTON,2,MusicaUnstrument Manufactories (exclusive of organs and piano fortes) 4,,,,,,,,,,,,,,,,,,,,
BOSTON,2,Clock  Manufactories  2,,,,,,,,,,,,,,,,,,,,
BOSTON,2,Establishments for m. of Gold and Silver Ware and Jewelry 19,,,,,,,,,,,,,,,,,,,,
BOSTON,2,Brush  Manufactories  4,,,,,,,,,,,,,,,,,,,,
BOSTON,2,Saddle Harness  and  Trunk  Manufactories 24,,,,,,,,,,,,,,,,,,,,
BOSTON,2,Upholstery   Manufactories   35,,,,,,,,,,,,,,,,,,,,
BOSTON,2,Hat and Cap Manufactories 46,,,,,,,,,,,,,,,,,,,,
BOSTON,2,Cordage  Mnnufactories  3,,,,,,,,,,,,,,,,,,,,
BOSTON,2,Establishments for m. of Coaches Chaises Wagons Sleighs and other vehicles 23,,,,,,,,,,,,,,,,,,,,
BOSTON,2,Lead Pipe Manufactories 1,,,,,,,,,,,,,,,,,,,,
BOSTON,2,Sugar Refineries 2,,,,,,,,,,,,,,,,,,,,
BOSTON,2,Oil  and  Sperm  Candle  Manufactories  8,,,,,,,,,,,,,,,,,,,,
BOSTON,2,Soap and Tallow Candle  Manufactories  7,,,,,,,,,,,,,,,,,,,,
BOSTON,3,,,,,,,,,,,,,,,,,,,,,
BOSTON,3,Establishmen ts for m. of Cannon 1,,,,,,,,,,,,,,,,,,,,
BOSTON,3,Chair and Cabinet-ware Manufactories 35,,,,,,,,,,,,,,,,,,,,
BOSTON,3,Tin  and Sheet  Iron  Manufactories 52,,,,,,,,,,,,,,,,,,,,
BOSTON,3,Comb Manufactories 1,,,,,,,,,,,,,,,,,,,,
BOSTON,3,Establishments for m. of White Lead �and other paints 1,,,,,,,,,,,,,,,,,,,,
BOSTON,3,Linseed Oil Mills 1,,,,,,,,,,,,,,,,,,,,
BOSTON,3,NA,NA,NA,NA,NA,,,,,Boots  m'd,,32479,pairs,,,,,,,,
BOSTON,3,NA,NA,NA,NA,NA,,,,,Straw Bonnets and Hats m'd:,17550,,,,,,,,,,
BOSTON,3,NA,NA,NA,NA,NA,,,,,Bricks m'd,,2060000,,,,,,,,,
BOSTON,3,NA,NA,NA,NA,NA,,,,,Mathematical  Instruments m'd,4500,,,,,,,,,,
BOSTON,3,NA,NA,NA,NA,NA,,,,,Snuff Tobacco and Cigars m'd,50924,,,,,,,,,,
BOSTON,3,NA,NA,NA,NA,NA,,,,,Building Stone prepared,275800,,,,,,,,,,
BOSTON,3,NA,NA,NA,NA,NA,,,,,Marble prepared for market,117820,,,,,,,,,,
BOSTON,3,NA,NA,NA,NA,NA,,,,,Whips m'd,700,,,,,,,,,,
BOSTON,3,NA,NA,NA,NA,NA,,,,,Blacking m'd,112,,,,,,,,,,
BOSTON,3,NA,NA,NA,NA,NA,,,,,Blocks and Pumps,57100,,,,,,,,,,
BOSTON,3,NA,NA,NA,NA,NA,,,,,Wooden-ware not otherwise enumerated including Farming utensils m'd,15300,,,,,,,,,,
BOSTON,3,Vessels launched 8,,,,,,,,,,,,,,,,,,,,
BOSTON,3,NA,NA,NA,NA,NA,,,,,Sperm Oil consumed in mnufacturing establishments,,2284,galls,,,,,,,,
BOSTON,3,NA,NA,NA,NA,NA,,,,,anthracite   coal  consumed,,10438,tons,,,,,,,,
BOSTON,3,NA,NA,NA,NA,NA,,,,,wood,,5916,cords,,,,,,,,
BOSTON,3,NA,NA,NA,NA,NA,,,,,all other articles of  foreign production excepting as above,591386,,,,,,,,,,
BOSTON,3,Vessels employed in Whale Fishery 2,,,,,,,,,,,,,,,,,,,,
BOSTON,3,Vessels employed in Mackerel aud Cod fisheries 37,,,,,,,,,,,,,,,,,,,,
BOSTON,3,Horses  3873,,,,,,,,,,,,,,,,,,,,
BOSTON,3,NA,NA,NA,NA,NA,,,,,Fruits and Flowers,3060,,,,,,,,,,
BOSTON,3,Axletree Manufactories 1,,,,,,,,,,,,,,,,,,,,
BOSTON,3,Artificial Flower Man ufactories 1,,,,,,,,,,,,,,,,,,,,
BOSTON,3,Blan k Book Manufactories 9,,,,,,,,,,,,,,,,,,,,
BOSTON,3,Bakeries 47,,,,,,,,,,,,,,,,,,,,
BOSTON,3,Band  and  Fancy Box  Man ufactories 4,,,,,,,,,,,,,,,,,,,,
BOSTON,3,Balance  Manufactories 2,,,,,,,,,,,,,,,,,,,,
BOSTON,3,Breweries 2,,,,,,,,,,,,,,,,,,,,
BOSTON,3,Coppersmith's  shops  14,,,,,,,,,,,,,,,,,,,,
BOSTON,3,Cork Cutters 3,,,,,,,,,,,,,,,,,,,,
BOSTON,3,Cooper's shops 11,,,,,,,,,,,,,,,,,,,,
BOSTON,5,,,,,,,,,,,,,,,,,,,,,
BOSTON,5,Currier's Establishments 20,,,,,,,,,,,,,,,,,,,,
BOSTON,5,Camphor Refineries 1,,,,,,,,,,,,,,,,,,,,
BOSTON,5,Black Lead Manufactories  1,,,,,,,,,,,,,,,,,,,,
BOSTON,5,Distilleries  9,,,,,,,,,,,,,,,,,,,,
BOSTON,5,Furriers f:stablish ments 15,,,,,,,,,,,,,,,,,,,,
BOSTON,5,Fringe and Tassel Manufactories 2,,,,,,,,,,,,,,,,,,,,
BOSTON,5,File  Manufactories  2,,,,,,,,,,,,,,,,,,,,
BOSTON,5,Friction Match Manufactories 1,,,,,,,,,,,,,,,,,,,,
BOSTON,5,Gas Manufactories 1,,,,,,,,,,,,,,,,,,,,
BOSTON,5,Glass  Cutting  Establishments   1,,,,,,,,,,,,,,,,,,,,
BOSTON,5,Globe Man ufactories  1,,,,,,,,,,,,,,,,,,,,
BOSTON,5,Gold  Beater's  Establishments  3,,,,,,,,,,,,,,,,,,,,
BOSTON,5,India Rubber  Factories 1,,,,,,,,,,,,,,,,,,,,
BOSTON,5,Looking Glass and Picture Frame Manufactories 8,,,,,,,,,,,,,,,,,,,,
BOSTON,5,Lamp Manufactories 6,,,,,,,,,,,,,,,,,,,,
BOSTON,5,Last Manufactories 3,,,,,,,,,,,,,,,,,,,,
BOSTON,5,Lard Oil Manufactories 4,,,,,,,,,,,,,,,,,,,,
BOSTON,5,Meteorological  Instrument  Manufactories  1,,,,,,,,,,,,,,,,,,,,
BOSTON,6,,,,,,,,,,,,,,,,,,,,,
BOSTON,6,Magnetical Instrument Manufactories 2,,,,,,,,,,,,,,,,,,,,
BOSTON,6,Mineral  Teeth  Manufactories  1,,,,,,,,,,,,,,,,,,,,
BOSTON,6,Morocco  Working   Establishments   2,,,,,,,,,,,,,,,,,,,,
BOSTON,6,Optical Instrument Manufactories  2,,,,,,,,,,,,,,,,,,,,
BOSTON,6,Organ Man ufactories 2,,,,,,,,,,,,,,,,,,,,
BOSTON,6,Printers' Ink Manufactories  1,,,,,,,,,,,,,,,,,,,,
BOSTON,6,Piano  Forte  Manufactories   13,,,,,,,,,,,,,,,,,,,,
BOSTON,6,Philosophical Instrument Manufactories 2,,,,,,,,,,,,,,,,,,,,
BOSTON,6,Pickle and Preserve Man ufactories 2,,,,,,,,,,,,,,,,,,,,
BOSTON,6,Packing Box Man ufactories 2,,,,,,,,,,,,,,,,,,,,
BOSTON,6,Plume Manufactories 1,,,,,,,,,,,,,,,,,,,,
BOSTON,6,Paper  Hanging Manufactories  9,,,,,,,,,,,,,,,,,,,,
BOSTON,6,Plane Manufactories 4,,,,,,,,,,,,,,,,,,,,
BOSTON,6,Rivet and Spike Manufactories 1,,,,,,,,,,,,,,,,,,,,
BOSTON,6,Root  Beer  Manufactories  5,,,,,,,,,,,,,,,,,,,,
BOSTON,6,Salmratus Manufactories 9,,,,,,,,,,,,,,,,,,,,
BOSTON,6,Saw Manufactories 1,,,,,,,,,,,,,,,,,,,,
BOSTON,6,Saltpetre Refineries 4,,,,,,,,,,,,,,,,,,,,
BOSTON,6,Silver Plating Establishments 3,,,,,,,,,,,,,,,,,,,,
BOSTON,7,,,,,,,,,,,,,,,,,,,,,
BOSTON,7,Spirits of Turpentine Manufactories 3,,,,,,,,,,,,,,,,,,,,
BOSTON,7,Steam Warming Apparatus Manufactories 1,,,,,,,,,,,,,,,,,,,,
BOSTON,7,Type  and Stereotype  Foundries  3,,,,,,,,,,,,,,,,,,,,
BOSTON,7,in two foundries $75000,,,,,,,,,,,,,,,,,,,,
BOSTON,7,Truss Manufactories 2,,,,,,,,,,,,,,,,,,,,
BOSTON,7,Umbrella and Parasol Manttfactories  7,,,,,,,,,,,,,,,,,,,,
BOSTON,7,Varnish  Manufactories 3,,,,,,,,,,,,,,,,,,,,
BOSTON,7,Visiting Card  Manufactories 1,,,,,,,,,,,,,,,,,,,,
BOSTON,7,Watch  Crystal  Manufactories 1,,,,,,,,,,,,,,,,,,,,
BOSTON,7,Wire-work  Manufactories  4,,,,,,,,,,,,,,,,,,,,
CHELSEA,7,,,,,,,,,,,,,,,,,,,,,
CHELSEA,7,Furnaces for m. of Hollow-ware and Castings other than pig iron 1,,,,,,,,,,,,,,,,,,,,
CHELSEA,7,Shovel Spade Fork and Hoe Manufactories 1,,,,,,,,,,,,,,,,,,,,
CHELSEA,7,Shops for m. of Iron Railing Fences and Safes 1,,,,,,,,,,,,,,,,,,,,
CHELSEA,7,Brass Found ries 1,,,,,,,,,,,,,,,,,,,,
CHELSEA,7,Establishments for m. of Salt 2,,,,,,,,,,,,,,,,,,,,
CHELSEA,7,Soap Manufactories 1,,,,,,,,,,,,,,,,,,,,
CHELSEA,7,Tin-ware  Manufactories  2,,,,,,,,,,,,,,,,,,,,
CHELSEA,7,Tanneries 1,,,,,,,,,,,,,,,,,,,,
CHELSEA,8,,,,,,,,,,,,,,,,,,,,,
CHELSEA,8,NA,NA,NA,NA,NA,,,,,Boots and Shoes m'd,2400,,,,,,,,,,
CHELSEA,8,NA,NA,NA,NA,NA,,,,,Bricks m'd,,4750000,,,,,,,,,
CHELSEA,8,NA,NA,NA,NA,NA,,,,,Snuff Tobacco and Cigars m'd:,10150,,,,,,,,,,
CHELSEA,8,NA,NA,NA,NA,NA,,,,,Blacking m'd,1200,,,,,,,,,,
CHELSEA,8,NA,NA,NA,NA,NA,,,,,Indian Com or Maize raised,,700,bush,,,,,,,,
CHELSEA,8,NA,NA,NA,NA,NA,,,,,rye,,200,bush,,,,,,,,
CHELSEA,8,NA,NA,NA,NA,NA,,,,,barley,,50,bush,,,,,,,,
CHELSEA,8,NA,NA,NA,NA,NA,,,,,potatoes,,6000,bush,,,,,,,,
CHELSEA,8,NA,NA,NA,NA,NA,,,,,other esculent  vegetables,8000,,,,,,,,,,
CHELSEA,8,NA,NA,NA,NA,NA,,,,,hay,,1453,tons,,,,,,,,
CHELSEA,8,NA,NA,NA,NA,NA,,,,,Fruit,,2800,bush,,,,,,,,
CHELSEA,8,NA,NA,NA,NA,NA,,,,,Stone Ware m'd,4000,,,,,,,,,,
CHELSEA,8,NA,NA,NA,NA,NA,,,,,Paper stained,10000,,,,,,,,,,
CHELSEA,8,NA,NA,NA,NA,NA,,,,,Whiting  m'd,4000,,,,,,,,,,
CHELSEA,8,NA,NA,NA,NA,NA,,,,,Spice ground,600,,,,,,,,,,
CHELSEA,8,NA,NA,NA,NA,NA,,,,,Corn ground,13500,,,,,,,,,,
