[
  [
    "barley",
    "buck wheat",
    "corn ground",
    "indian corn or maize",
    "oats",
    "rye",
    "straw rye and oats",
    "wheat",
    {"type": "grain"}
  ],
  [
    "asses",
    "asses and mules",
    "calves",
    "cattle",
    "horses",
    "mules",
    "neat cattle",
    "swine",
    {"type": "animals"}
  ],
  [
    "all other sheep",
    "all other wool",
    "all wool",
    "lambs",
    "merino sheep",
    "merino wool",
    "other sheep",
    "other wool",
    "saxony sheep",
    "saxony wool",
    "sheep other kinds",
    "sheep total",
    "wool",
    {"type": "sheep"}
  ],
  [
    "beans and peas",
    "cabbages",
    "herbs",
    "onions",
    "other esculent vegetables",
    "peas",
    "pickles and preserves",
    "potatoes",
    "pumpkins",
    "squashes",
    "turnips",
    "white beans",
    {"type": "vegetables"}
  ],
  [
    "butter",
    "cheese",
    "milk",
    {"type": "dairy"}
  ],
  [
    "all other kinds oil",
    "anthracite coal",
    "bituminous coal us",
    "charcoal consumed",
    "codfish oil",
    "fire wood",
    "fire wood consumed",
    "fish oil",
    "foreign bituminous coal",
    "gas",
    "lard oil consumed",
    "menhaden oil",
    "neat's foot oil",
    "oil",
    "oil casks",
    "oil soap",
    "other oil",
    "sperm oil",
    "sperm oil imported",
    "whale oil",
    {"type": "energy imports"}
  ],
  [
    "broom brush",
    "broom corn",
    "broom seed",
    "buckthorns",
    "clover seed",
    "flax",
    "grass seed raised",
    "hay",
    "millet",
    "seeds",
    "straw",
    {"type": "hay grass"}
  ],
  [
    "all cloth",
    "all cotton cloth",
    "batting",
    "brown sheetings",
    "candle wicking",
    "canvas",
    "chambray",
    "cloth",
    "cloth for bleaching",
    "coarse print goods",
    "cotton consumed",
    "cotton wicking",
    "duck",
    "flannel",
    "hemp and cotton lines",
    "light cloth",
    "loom pickers",
    "napkins",
    "nonprinting goods",
    "pelisse wadding",
    "printing cloth",
    "sails",
    "satinet",
    "sheeting",
    "sheetings and drillings",
    "shirtings",
    "spindles",
    "stocking yarn",
    "thread",
    "ticking",
    "twine",
    "wicking",
    "yarn",
    {"type": "cotton"}
  ],
  [
    "apples for vinegar",
    "berries",
    "chestnuts",
    "cranberries",
    "fruit",
    "fruit trees",
    "garden seeds",
    "nursery trees",
    "strawberries",
    "vinegar",
    {"type": "fruit"}
  ],
  [
    "bark",
    "charcoal",
    "fire wood",
    "hemlock bark",
    "peat",
    {"type": "fire wood"}
  ],
  [
    "wool consumed",
    "blankets",
    "broadcloth",
    "cashmere",
    "cloth",
    "coatings",
    "cordova plains or negro cloths",
    "flannel",
    "green frocking",
    "jerseys",
    "kentucky jeans",
    "knit goods and yarn",
    "millinery",
    "other woolen goods",
    "rag stock consumed",
    "satinet",
    "sets loom heddles or harnesses",
    "wool",
    "wool picked",
    "wool rags used",
    "woolen goods",
    "woolen yarn",
    "yarn",
    {"type": "woolen"}
  ],
  [
    "amount paid shoe bottoms",
    "boots and shoes",
    "boots and shoes bottomed",
    "shoe bottoms",
    {"type": "boots"}
  ],
  [
    "hogsheads and barrels",
    "labor",
    "lumber",
    "pine timber",
    "plough timber",
    "railroad sleepers",
    "shingles",
    "ship timber",
    "square timber",
    "timber",
    "trusses",
    "veneers",
    {"type": "lumber"}
  ],
  [
    "bark consumed",
    "belting",
    "business",
    "goat skins",
    "hides tanned",
    "leather tanned and curried",
    "morocco leather",
    "patent corselet",
    "profits",
    "razor strops",
    {"type": "tanneries"}
  ],
  [
    "beeswax",
    "honey",
    {"type": "bees"}
  ],
  [
    "axles",
    "bungs",
    "carriage bows",
    "carriage springs and axletrees",
    "carriages",
    "childrens' wagons",
    "railroad cars",
    "sleighs",
    "toy wheelharrows",
    "vehicles",
    "velocipedes",
    "wagon hubs",
    "wagons",
    "wheels",
    {"type": "vehicles"}
  ],
  [
    "braid",
    "curled palm+ac0-leaf",
    "palm leaf baskets",
    "palm leaf hats",
    "palm+ac0-leaf twists",
    "staw bonnets and hats",
    "straw bonnets and hats",
    "straw braid",
    "straw cutters",
    {"type": "palm straw goods"}
  ],
  [
    "carriage trimmings",
    "carriages harnesses and tools",
    "frames  harnesses",
    "hames",
    "harnesses",
    "horse collars and winkers",
    "horse shoes",
    "reeds and harnesses",
    "saddle harness and trunks",
    {"type": "saddles"}
  ],
  [
    "cane chair bottoms",
    "chairs and cabinet ware",
    {"type": "chairs"}
  ],
  [
    "all other kinds oil",
    "anthracite coal",
    "bituminous coal us",
    "charcoal consumed",
    "codfish oil",
    "fire wood",
    "fire wood consumed",
    "fish oil",
    "foreign bituminous coal",
    "gas",
    "lard oil consumed",
    "menhaden oil",
    "neat's foot oil",
    "oil",
    "oil casks",
    "oil soap",
    "other oil",
    "sperm oil",
    "sperm oil imported",
    "whale oil",
    "all other american production consumed",
    "all other american production consumed excepting cotton wool and iron",
    "all other foreign production consumed excepting cotton wool and iron",
    "all other foreign production consumed excepting cotton wool iron",
    "bar iron consumed",
    "copper boilers",
    "foreign iron consumed",
    "foreign productions",
    "foreign steel consumed",
    "other american production excepting cotton wool and iron",
    "other articles",
    {"type": "imports"}
  ],
  [
    "brick presses",
    "bricks",
    "fire bricks",
    {"type": "bricks"}
  ],
  [
    "card board handles",
    "card boards",
    "hanging paper",
    "marbled paper and cards",
    "paper",
    "paper hangings",
    "paper stained",
    "rag stock consumed",
    "stamped paper",
    {"type": "paper"}
  ],
  [
    "codfish",
    "mackerel",
    "salt consumed",
    {"type": "mackerel and cod fisheries"}
  ],
  [
    "stoves",
    "tin ware",
    "tin ware and sheet iron",
    {"type": "tin ware"}
  ],
  [
    "candles",
    "dried tallow",
    "hard soap",
    "other soap",
    "shaving soap",
    "soap",
    "soft soap",
    "tallow candles",
    {"type": "tallow soap"}
  ],
  [
    "sculpture and stone cutting",
    "building stone",
    "grave stones",
    "soap stone quarried",
    "stone cut",
    {"type": "stone"}
  ],
  [
    "button moulds",
    "carved work",
    "door handles and latches",
    "shoe pegs",
    "shuttles",
    "walking canes",
    "willow baskets",
    "wood button moulds",
    "wood saw frames",
    "wood turned",
    "wooden aqueduct logs",
    "wooden bowls",
    "wooden door knobs",
    "wooden ware",
    {"type": "wooden ware"}
  ],
  [
    "blocks and pumps",
    "copper and wood pumps",
    "copper pumps",
    "locks and pumps",
    "patent water wheels",
    "pumps and blocks",
    {"type": "pumps"}
  ],
  [
    "bells",
    "castings",
    "hollow ware and castings",
    {"type": "castings"}
  ],
  [
    "cotton goods printed",
    "florence and fancy bonnets",
    "hats and caps",
    "millinery",
    {"type": "hats and caps"}
  ],
  [
    "barrels buckets firkins",
    "barrels casks firkins",
    "baskets",
    "buckets",
    "churns",
    "copper",
    "half barrels",
    "hogsheads",
    "hogsheads and barrels",
    "hoops",
    "pails",
    "tubs",
    "wooden hoops",
    {"type": "cooperage"}
  ],
  [
    "hand card presses",
    "leather cutting machines",
    "machine card  presses",
    "machinery",
    "machines rolling leather",
    "shoe fitting machines",
    "spikes and bolts",
    "stave machines",
    "tack machines",
    "tenanting machines",
    "washing machines",
    {"type": "machines"}
  ],
  [
    "augurs and bitts",
    "carpenters' planes",
    "coopers' tools harpoons and other whale craft",
    "files cut",
    "hollow augers",
    "ladders",
    "mechanics tools",
    "millwright articles",
    "planes",
    "saws hatchets and other edge tools",
    {"type": "mechanics tools"}
  ],
  [
    "cigars",
    "snuff tobacco and cigars",
    "tobacco",
    {"type": "tobacco"}
  ],
  [
    "sperm oil imported",
    "spermaceti",
    "whale oil",
    "whalebone",
    {"type": "whale fishery"}
  ],
  [
    "hops",
    {"type": "hops"}
  ],
  [
    "confectionary",
    "maple sugar",
    "molasses",
    "molasses  and water  gates",
    "sugar",
    {"type": "sugar"}
  ],
  [
    "broom handles",
    "broom screws",
    "brooms",
    "corn and other brooms",
    {"type": "brooms"}
  ],
  [
    "bar iron anchors cables and other wrought iron",
    "cut nails",
    "forges",
    "iron rolled",
    "nails",
    "nuts and washers",
    "treenails",
    "wrought nails",
    {"type": "nails"}
  ],
  [
    "ice cutters ploughs",
    "plough handles and beams",
    "ploughs and other agricultural tools",
    {"type": "ploughs"}
  ],
  [
    "all other articles",
    "articles",
    "black lead pencils",
    "blocks",
    "bobbins",
    "cork",
    "fans",
    "felloes",
    "flasks and pouches",
    "flowers",
    "globes",
    "gold leaf",
    "ice cut",
    "mineral teeth",
    "mustard",
    "oakum",
    "patterns for machine",
    "pencils",
    "plumes",
    "shuttles",
    "thread spools",
    "trays",
    "type",
    "umbrellas",
    {"type": "all other articles"}
  ],
  [
    "bar iron anchors cables and other wrought iron",
    "blacksmiths' labor done",
    "chain cables",
    "labor",
    "rivets",
    "wrought iron",
    {"type": "forges"}
  ],
  [
    "band and hat boxes",
    "boxes",
    "candle boxes",
    "cheese boxes",
    "cloth boxes",
    "fancy boxes",
    "lather boxes (glassed)",
    "merchandise boxes and folding boards",
    "packing boxes",
    "paper boxes",
    "shoe boxes",
    "wooden boxes and trunks",
    {"type": "boxes"}
  ],
  [
    "blinds sashes and doors",
    "doors sash and blind",
    "painted curtain blinds",
    "sashes blinds and doors",
    "window sashes and blinds",
    {"type": "frames"}
  ],
  [
    "boats built",
    "oakum",
    "ship wheels",
    {"type": "boats"}
  ],
  [
    "epsom salts",
    "salt",
    "salt consumed",
    {"type": "salt"}
  ],
  [
    "beef",
    "beef and pork",
    "bone manure",
    "cattle",
    "jerked beef",
    "pork",
    "poultry and eggs",
    {"type": "provisions"}
  ],
  [
    "axe handles",
    "axes",
    "axes hatchets and other edge tools",
    "ploughs",
    {"type": "axes"}
  ],
  [
    "agricultural tools",
    "forks and hoes",
    "rakes",
    "shovels spades forks and hoes",
    "tools",
    {"type": "shovels"}
  ],
  [
    "corn ground",
    "flour",
    "labor",
    {"type": "flour"}
  ],
  [
    "cordage",
    {"type": "cordage"}
  ],
  [
    "camphor",
    "chemical preparations",
    "essences and patent medicines",
    "ground spice",
    "japan and varnish",
    "manganese",
    "matches",
    "rosin",
    "salmratus",
    "soda ash",
    "spice ground",
    "spirits turpentine",
    "varnish",
    {"type": "chemical preparations"}
  ],
  [
    "raw silk",
    "sewing silk",
    {"type": "silk"}
  ],
  [
    "scythe snaiths irons",
    "scythe stones",
    "scythes and hoes",
    {"type": "scythes"}
  ],
  [
    "candles",
    "oil",
    "sperm candles",
    "stearine",
    {"type": "oil candles"}
  ],
  [
    "all goods printed",
    "bleached or colored thread",
    "bleaching powders",
    "cotton goods printed",
    "drugs and medicines",
    "dye stuffs",
    "goods bleached or colored",
    "printing cloth",
    "silk cotton and woolen dying",
    "spices",
    "wax blenched",
    "woolen goods",
    {"type": "coloring"}
  ],
  [
    "alewives",
    "clams",
    "codfish",
    "codfish oil",
    "fish and lobsters",
    "hake and scale fish",
    "halibut",
    "herrings",
    "mackerel",
    "menhaden",
    "salted pollock hake and haddock",
    "shad and alewives",
    "whiting",
    "salt consumed",
    {"type": "fisheries"}
  ],
  [
    "carpeting",
    "cotton carpeting",
    "cotton consumed",
    "wool consumed",
    "yarn consumed",
    {"type": "carpeting"}
  ],
  [
    "vessels",
    {"type": "vessels"}
  ],
  [
    "american iron consumed",
    "bench and hand screws",
    "blind hinforges and fastenings",
    "butts or hinges",
    "door handles and latches",
    "friction latches",
    "hooks and eyes",
    "iron butts or hinges",
    "iron rivets",
    "labor",
    "medals",
    "silver plated ware",
    "steel springs",
    "type",
    {"type": "metal ware"}
  ],
  [
    "lime",
    "plasters",
    {"type": "lime"}
  ],
  [
    "arms",
    "guns",
    {"type": "fire arms"}
  ],
  [
    "whips",
    {"type": "whips"}
  ],
  [
    "bellows",
    "tacks and brads",
    {"type": "tacks"}
  ],
  [
    "marble",
    "marble monuments",
    "marble quarried",
    {"type": "marble"}
  ],
  [
    "cloth",
    "clothing",
    "gloves and socks",
    "hair cloth",
    "men's  clothing",
    "seamen's hats",
    "stockings and mittens",
    "suits oil cloth",
    "suspender buckles",
    "tailors' crayons",
    "water+ac0-twisted kersey",
    {"type": "clothing"}
  ],
  [
    "brass",
    {"type": "brass"}
  ],
  [
    "upholstery",
    {"type": "upholstery"}
  ],
  [
    "instruments",
    "iron and brass for piano fortes",
    "musical instruments",
    "organs",
    "piano forte keys",
    {"type": "musical instruments"}
  ],
  [
    "chronometers watches gold and silver ware and jewelry",
    "silver plated ware",
    "watch crystal",
    "watches and jewelry",
    {"type": "jewelry"}
  ],
  [
    "cutlery",
    {"type": "cutlery"}
  ],
  [
    "brushes",
    {"type": "brushes"}
  ],
  [
    "glue",
    {"type": "glue"}
  ],
  [
    "combs",
    {"type": "combs"}
  ],
  [
    "balance",
    "instruments",
    "mathematical instruments",
    "optical instruments",
    "scales or balances",
    "spectacles",
    "surgical and other instruments",
    "iron and brass for piano fortes",
    "musical instruments",
    "organs",
    "piano forte keys",
    {"type": "instruments"}
  ],
  [
    "astral lamps",
    "gimlets",
    "glass",
    "lamps",
    "looking glass frames sashes",
    "picture frames",
    {"type": "glass"}
  ],
  [
    "brown earthen ware",
    "earthen ware",
    "potters' ware",
    "stone and brown ware",
    "stone ware",
    {"type": "earthen ware"}
  ],
  [
    "beer",
    "brandy",
    "cider",
    "cider brandy",
    "coffee",
    "gin",
    "grain consumed",
    "root beer",
    "rum",
    "whiskey",
    {"type": "drinks"}
  ],
  [
    "blacking",
    "lamp black",
    {"type": "blacking"}
  ],
  [
    "powder",
    "saltpetre",
    {"type": "powder"}
  ],
  [
    "carpenters' work",
    "caulkers' work",
    "labor",
    "mast makers' work done",
    "painters' work",
    "riggers' work done",
    "sail makers' work done",
    "ship painters' work done",
    {"type": "labor"}
  ],
  [
    "copper ware",
    "sheet iron",
    "tin ware",
    "tin ware and sheet iron",
    {"type": "copper"}
  ],
  [
    "cards",
    "metre cards and boxes",
    "playing cards",
    "visiting cards",
    {"type": "cards"}
  ],
  [
    "books",
    "business",
    "ink",
    "letter presses",
    "pocket books",
    "rules",
    {"type": "books"}
  ],
  [
    "black lead",
    "black lead pots",
    "crucibles",
    "lead",
    "lead pipe",
    "crome yellow paint",
    "litharge",
    "other paints",
    "paints",
    "red lead litharge and sugar",
    "sheet  lead and  pipe",
    "white lead paints",
    {"type": "lead"}
  ],
  [
    "calico printed",
    "goods bleached or colored",
    {"type": "calico"}
  ],
  [
    "bedsteads",
    "hubs",
    "rolling pins",
    "screws",
    "shoe benches",
    "trusses",
    "wheels",
    {"type": "wooden goods"}
  ],
  [
    "sieves and wire work",
    "wire",
    {"type": "wire"}
  ],
  [
    "crome yellow paint",
    "litharge",
    "other paints",
    "paints",
    "red lead litharge and sugar",
    "sheet  lead and  pipe",
    "white lead paints",
    {"type": "lead paint"}
  ],
  [
    "hosiery",
    "woolen goods",
    "worsted goods",
    "yarn",
    {"type": "hosiery"}
  ],
  [
    "black glass buttons",
    "bone buttons",
    "buttons",
    "horn buttons",
    "horn used",
    "japanned buttons",
    {"type": "buttons"}
  ],
  [
    "coach lace",
    "goods bleached or colored",
    "worsted goods",
    "yarn",
    {"type": "worsted"}
  ],
  [
    "air tight stoves",
    "clay stove linings",
    "sheet iron stoves",
    "steam warming apparatus",
    "stove pipe",
    "stoves",
    {"type": "stoves"}
  ],
  [
    "lasts",
    "shoe last and boot tree",
    {"type": "lasts"}
  ],
  [
    "lard oil",
    "oil",
    "stearine",
    {"type": "lard oil"}
  ],
  [
    "clocks",
    {"type": "clocks"}
  ],
  [
    "sizing",
    "starch",
    {"type": "starch"}
  ],
  [
    "flax",
    "goods bleached or colored",
    "linen bosoms and collars",
    "linen thread",
    "twine",
    {"type": "linen"}
  ],
  [
    "iron turned",
    "mahogany sawed",
    "wood turned",
    {"type": "turning"}
  ],
  [
    "hollow ware and castings",
    "pig iron",
    {"type": "pig iron"}
  ],
  [
    "oil",
    "oil soap",
    {"type": "linseed oil"}
  ],
  [
    "fire engines",
    {"type": "fire engines"}
  ],
  [
    "chocolate",
    {"type": "chocolate"}
  ],
  [
    "britannia ware",
    {"type": "britannia ware"}
  ],
  [
    "augurs and bitts",
    "carpenters' planes",
    "coopers' tools harpoons and other whale craft",
    "files cut",
    "hollow augers",
    "ladders",
    "mechanics tools",
    "millwright articles",
    "planes",
    "saws hatchets and other edge tools",
    "chair tools",
    "cultivators",
    "harpoons lances",
    "shoe tools",
    {"type": "tools"}
  ],
  [
    "india rubber",
    "india rubber shoes",
    "rubber cloth",
    "rubber used",
    {"type": "rubber"}
  ],
  [
    "iron ore mined",
    {"type": "iron ore"}
  ],
  [
    "fringe and tassel",
    "fringe and tassels",
    {"type": "fringe and tassel"}
  ],
  [
    "bread",
    "flour consumed",
    {"type": "bakeries"}
  ],
  [
    "boilers",
    "engines and boilers",
    "steam engines boilers and locomotives",
    {"type": "steam engines"}
  ],
  [
    "ink",
    "printing",
    {"type": "printing"}
  ],
  [
    "cotton gins",
    "gins",
    {"type": "gins"}
  ],
  [
    "fur goods",
    {"type": "fur"}
  ],
  [
    "fence rails",
    "iron railing fence and safes",
    {"type": "fences"}
  ],
  [
    "bed  lace",
    "coach lace",
    "lace and edging",
    "cloth",
    "clothing",
    "gloves and socks",
    "hair cloth",
    "men's  clothing",
    "seamen's hats",
    "stockings and mittens",
    "suits oil cloth",
    "suspender buckles",
    "tailors' crayons",
    "water+ac0-twisted kersey",
    {"type": "cloth"}
  ],
  [
    "cannons",
    {"type": "cannons"}
  ],
  [
    "teazles",
    {"type": "teazles"}
  ],
  [
    "timber",
    {"type": "woods"}
  ],
  [
    "steel pens",
    {"type": "steel pens"}
  ],
  [
    "copper ware",
    "barrels buckets firkins",
    "barrels casks firkins",
    "baskets",
    "buckets",
    "churns",
    "copper",
    "half barrels",
    "hogsheads",
    "hogsheads and barrels",
    "hoops",
    "pails",
    "tubs",
    "wooden hoops",
    {"type": "cooper"}
  ]
]