cluster;percent;rank
boots;10.45;1
cotton;9.09;2
whale fishery;7.23;3
animals;6.83;4
woolen;6.32;5
tanneries;4.24;6
hay grass;3.65;7
imports;3.36;8
calico;3.33;9
frames;3.07;10
oil candles;2.54;11
coloring;2.09;12
nails;2.03;13
paper;2.01;14
brooms;1.99;15
grain;1.55;16
machines;1.46;17
vegetables;1.3;18
dairy;1.24;19
palm straw goods;1.11;20
chemical preparations;1.09;21
chairs;1.06;22
energy imports;1.03;23
saddles;1.02;24
vehicles;0.98;25
castings;0.91;26
vessels;0.88;27
mackerel and cod fisheries;0.82;28
fire wood;0.76;29
stone;0.75;30
lumber;0.74;31
sugar;0.74;32
glass;0.72;33
tallow soap;0.62;34
cordage;0.61;35
wooden ware;0.61;36
cooperage;0.56;37
hats and caps;0.56;38
fruit;0.53;39
sheep;0.5;40
bricks;0.43;41
metal ware;0.4;42
bakeries;0.39;43
forges;0.39;44
worsted;0.33;45
tin ware;0.29;46
copper;0.27;47
glue;0.27;48
all other articles;0.26;49
jewelry;0.25;50
upholstery;0.25;51
brass;0.23;52
cards;0.23;53
powder;0.23;54
tobacco;0.23;55
fire arms;0.2;56
buttons;0.19;57
lead paint;0.18;58
tacks;0.18;59
clothing;0.17;60
fur;0.17;61
lard oil;0.17;62
linen;0.17;63
provisions;0.16;64
shovels;0.16;65
marble;0.15;66
mechanics tools;0.15;67
combs;0.14;68
linseed oil;0.14;69
scythes;0.14;70
steam engines;0.14;71
drinks;0.13;72
pumps;0.13;73
axes;0.12;74
brushes;0.11;75
pig iron;0.11;76
boxes;0.1;77
silk;0.1;78
books;0.09;79
cutlery;0.09;80
fences;0.09;81
fisheries;0.09;82
instruments;0.09;83
starch;0.09;84
flour;0.08;85
musical instruments;0.08;86
ploughs;0.08;87
whips;0.08;88
britannia ware;0.07;89
cannons;0.06;90
chocolate;0.06;91
lasts;0.06;92
salt;0.06;93
stoves;0.06;94
fringe and tassel;0.05;95
clocks;0.04;96
hosiery;0.04;97
carpeting;0.03;98
earthen ware;0.03;99
fire engines;0.03;100
gins;0.03;101
lead;0.03;102
lime;0.03;103
turning;0.03;104
wire;0.03;105
hops;0.02;106
iron ore;0.02;107
labor;0.02;108
bees;0.01;109
blacking;0.01;110
cloth;0.01;111
printing;0.01;112
rubber;0.01;113
steel pens;0.01;114
tools;0.01;115
wooden goods;0.01;116
cooper;0;117
teazles;0;118
woods;0;119
