[{"all other articles":"0.26%","animals":"6.83%","axes":"0.12%","bakeries":"0.39%","bees":"0.01%","blacking":"0.01%","vessels":"0.88%","books":"0.09%","boots":"10.45%","boxes":"0.1%","brass":"0.23%","bricks":"0.43%","britannia ware":"0.07%","brooms":"1.99%","brushes":"0.11%","buttons":"0.19%","calico":"3.33%","cannons":"0.06%","cards":"0.23%","carpeting":"0.03%","castings":"0.91%","chairs":"1.06%","chemical preparations":"1.09%","chocolate":"0.06%","clocks":"0.04%","cloth":"0.01%","clothing":"0.17%","coloring":"2.09%","combs":"0.14%","cooper":"0%","cooperage":"0.56%","copper":"0.27%","cordage":"0.61%","cotton":"9.09%","cutlery":"0.09%","dairy":"1.24%","drinks":"0.13%","earthen ware":"0.03%","energy imports":"1.03%","fences":"0.09%","fire arms":"0.2%","fire engines":"0.03%","fire wood":"0.76%","fisheries":"0.09%","flour":"0.08%","forges":"0.39%","frames":"3.07%","fringe and tassel":"0.05%","fruit":"0.53%","fur":"0.17%","gins":"0.03%","glass":"0.72%","glue":"0.27%","grain":"1.55%","hats and caps":"0.56%","hay grass":"3.65%","hops":"0.02%","hosiery":"0.04%","imports":"3.36%","instruments":"0.09%","iron ore":"0.02%","jewelry":"0.25%","labor":"0.02%","lard oil":"0.17%","lasts":"0.06%","lead":"0.03%","lead paint":"0.18%","lime":"0.03%","linen":"0.17%","linseed oil":"0.14%","lumber":"0.74%","machines":"1.46%","mackerel and cod fisheries":"0.82%","marble":"0.15%","mechanics tools":"0.15%","metal ware":"0.4%","musical instruments":"0.08%","nails":"2.03%","oil candles":"2.54%","palm straw goods":"1.11%","paper":"2.01%","pig iron":"0.11%","ploughs":"0.08%","powder":"0.23%","printing":"0.01%","provisions":"0.16%","pumps":"0.13%","rubber":"0.01%","saddles":"1.02%","salt":"0.06%","scythes":"0.14%","sheep":"0.5%","shovels":"0.16%","silk":"0.1%","starch":"0.09%","steam engines":"0.14%","steel pens":"0.01%","stone":"0.75%","stoves":"0.06%","sugar":"0.74%","tacks":"0.18%","tallow soap":"0.62%","tanneries":"4.24%","teazles":"0%","tin ware":"0.29%","tobacco":"0.23%","tools":"0.01%","turning":"0.03%","upholstery":"0.25%","vegetables":"1.3%","vehicles":"0.98%","whale fishery":"7.23%","whips":"0.08%","wire":"0.03%","wooden goods":"0.01%","wooden ware":"0.61%","woods":"0%","woolen":"6.32%","worsted":"0.33%"}]