[
  {
    "entry": 1339,
    "number": 4256441,
    "type": "grain",
    "value": 2199403
  },
  {
    "entry": 939,
    "number": 447429,
    "type": "animals",
    "value": 9691422
  },
  {
    "entry": 766,
    "number": 1597778,
    "type": "sheep",
    "value": 704222
  },
  {
    "entry": 611,
    "number": 6591682,
    "type": "vegetables",
    "value": 1841836
  },
  {
    "entry": 573,
    "number": 17520318,
    "type": "dairy",
    "value": 1756410
  },
  {
    "entry": 397,
    "number": 918777,
    "type": "energy imports",
    "value": 1461094
  },
  {
    "entry": 364,
    "number": 1775857,
    "type": "hay grass",
    "value": 5183094
  },
  {
    "entry": 339,
    "number": 271244532,
    "type": "cotton",
    "value": 12894546
  },
  {
    "entry": 314,
    "number": 2773697,
    "type": "fruit",
    "value": 758264
  },
  {
    "entry": 296,
    "number": 1154345,
    "type": "fire wood",
    "value": 1075981
  },
  {
    "entry": 277,
    "number": 30072621,
    "type": "woolen",
    "value": 8966285
  },
  {
    "entry": 276,
    "number": 20831013,
    "type": "boots",
    "value": 14825895
  },
  {
    "entry": 263,
    "number": 102206684,
    "type": "lumber",
    "value": 1053976
  },
  {
    "entry": 247,
    "number": 2566481,
    "type": "tanneries",
    "value": 6018542
  },
  {
    "entry": 246,
    "number": 101461,
    "type": "bees",
    "value": 16163
  },
  {
    "entry": 198,
    "number": 180858,
    "type": "vehicles",
    "value": 1394148
  },
  {
    "entry": 195,
    "number": 3551518,
    "type": "palm straw goods",
    "value": 1571881
  },
  {
    "entry": 156,
    "number": 22126,
    "type": "saddles",
    "value": 1441830
  },
  {
    "entry": 130,
    "number": 314576,
    "type": "chairs",
    "value": 1508605
  },
  {
    "entry": 128,
    "number": 919121,
    "type": "imports",
    "value": 6224081
  },
  {
    "entry": 96,
    "number": 111303000,
    "type": "bricks",
    "value": 615332
  },
  {
    "entry": 93,
    "number": 8623814,
    "type": "paper",
    "value": 2857567
  },
  {
    "entry": 91,
    "number": 819251,
    "type": "mackerel and cod fisheries",
    "value": 1164499
  },
  {
    "entry": 88,
    "number": 0,
    "type": "tin ware",
    "value": 408200
  },
  {
    "entry": 81,
    "number": 17326524,
    "type": "tallow soap",
    "value": 882056
  },
  {
    "entry": 77,
    "number": 3000,
    "type": "stone",
    "value": 1070252
  },
  {
    "entry": 63,
    "number": 48009,
    "type": "wooden ware",
    "value": 859187
  },
  {
    "entry": 58,
    "number": 27660,
    "type": "pumps",
    "value": 185019
  },
  {
    "entry": 57,
    "number": 119920,
    "type": "castings",
    "value": 1291101
  },
  {
    "entry": 56,
    "number": 683328,
    "type": "hats and caps",
    "value": 793392
  },
  {
    "entry": 54,
    "number": 1765373,
    "type": "cooperage",
    "value": 797404
  },
  {
    "entry": 51,
    "number": 651,
    "type": "machines",
    "value": 2072241
  },
  {
    "entry": 49,
    "number": 5020,
    "type": "mechanics tools",
    "value": 216942
  },
  {
    "entry": 48,
    "number": 265360,
    "type": "tobacco",
    "value": 328810
  },
  {
    "entry": 47,
    "number": 19052299,
    "type": "whale fishery",
    "value": 10257034
  },
  {
    "entry": 47,
    "number": 320286,
    "type": "hops",
    "value": 32794
  },
  {
    "entry": 44,
    "number": 9251490,
    "type": "sugar",
    "value": 1050304
  },
  {
    "entry": 40,
    "number": 2417509,
    "type": "brooms",
    "value": 2829461
  },
  {
    "entry": 39,
    "number": 717038,
    "type": "nails",
    "value": 2880680
  },
  {
    "entry": 38,
    "number": 18079,
    "type": "ploughs",
    "value": 108510
  },
  {
    "entry": 37,
    "number": 436262,
    "type": "all other articles",
    "value": 366847
  },
  {
    "entry": 36,
    "number": 5073,
    "type": "forges",
    "value": 557166
  },
  {
    "entry": 36,
    "number": 299797,
    "type": "boxes",
    "value": 146159
  },
  {
    "entry": 35,
    "number": 166176,
    "type": "frames",
    "value": 4350281
  },
  {
    "entry": 33,
    "number": 2110,
    "type": "boats",
    "value": 94223
  },
  {
    "entry": 31,
    "number": 330947,
    "type": "salt",
    "value": 83827
  },
  {
    "entry": 31,
    "number": 1034235,
    "type": "provisions",
    "value": 225682
  },
  {
    "entry": 31,
    "number": 31355,
    "type": "axes",
    "value": 174715
  },
  {
    "entry": 30,
    "number": 48220,
    "type": "shovels",
    "value": 227377
  },
  {
    "entry": 27,
    "number": 345900,
    "type": "flour",
    "value": 115455
  },
  {
    "entry": 27,
    "number": 3728423,
    "type": "cordage",
    "value": 866961
  },
  {
    "entry": 27,
    "number": 7349239,
    "type": "chemical preparations",
    "value": 1552180
  },
  {
    "entry": 24,
    "number": 22792,
    "type": "silk",
    "value": 147642
  },
  {
    "entry": 23,
    "number": 455641,
    "type": "scythes",
    "value": 191663
  },
  {
    "entry": 22,
    "number": 5935006,
    "type": "oil candles",
    "value": 3608662
  },
  {
    "entry": 22,
    "number": 23414109,
    "type": "coloring",
    "value": 2966030
  },
  {
    "entry": 21,
    "number": 1650296,
    "type": "fisheries",
    "value": 1298736
  },
  {
    "entry": 21,
    "number": 3161371,
    "type": "carpeting",
    "value": 45820
  },
  {
    "entry": 20,
    "number": 25925,
    "type": "vessels",
    "value": 1154547
  },
  {
    "entry": 20,
    "number": 323349,
    "type": "metal ware",
    "value": 564374
  },
  {
    "entry": 19,
    "number": 58548,
    "type": "lime",
    "value": 43697
  },
  {
    "entry": 19,
    "number": 25966,
    "type": "fire arms",
    "value": 284069
  },
  {
    "entry": 16,
    "number": 0,
    "type": "whips",
    "value": 111947
  },
  {
    "entry": 16,
    "number": 307329,
    "type": "tacks",
    "value": 251847
  },
  {
    "entry": 16,
    "number": 3100,
    "type": "marble",
    "value": 218955
  },
  {
    "entry": 16,
    "number": 75936,
    "type": "clothing",
    "value": 239369
  },
  {
    "entry": 16,
    "number": 21,
    "type": "brass",
    "value": 332190
  },
  {
    "entry": 15,
    "number": 0,
    "type": "upholstery",
    "value": 348261
  },
  {
    "entry": 15,
    "number": 1911,
    "type": "musical instruments",
    "value": 117887
  },
  {
    "entry": 15,
    "number": 0,
    "type": "jewelry",
    "value": 359209
  },
  {
    "entry": 15,
    "number": 0,
    "type": "cutlery",
    "value": 133200
  },
  {
    "entry": 15,
    "number": 33000,
    "type": "brushes",
    "value": 156895
  },
  {
    "entry": 14,
    "number": 0,
    "type": "glue",
    "value": 387575
  },
  {
    "entry": 13,
    "number": 0,
    "type": "combs",
    "value": 198165
  },
  {
    "entry": 12,
    "number": 5885,
    "type": "instruments",
    "value": 244559
  },
  {
    "entry": 12,
    "number": 355600,
    "type": "glass",
    "value": 1024700
  },
  {
    "entry": 12,
    "number": 0,
    "type": "earthen ware",
    "value": 48725
  },
  {
    "entry": 12,
    "number": 698551,
    "type": "drinks",
    "value": 178314
  },
  {
    "entry": 12,
    "number": 30003,
    "type": "blacking",
    "value": 13322
  },
  {
    "entry": 11,
    "number": 1567770,
    "type": "powder",
    "value": 320500
  },
  {
    "entry": 11,
    "number": 324000,
    "type": "labor",
    "value": 29189
  },
  {
    "entry": 11,
    "number": 0,
    "type": "copper",
    "value": 386624
  },
  {
    "entry": 11,
    "number": 0,
    "type": "cards",
    "value": 327345
  },
  {
    "entry": 11,
    "number": 29501,
    "type": "books",
    "value": 131640
  },
  {
    "entry": 10,
    "number": 1213402,
    "type": "lead",
    "value": 291180
  },
  {
    "entry": 10,
    "number": 41233506,
    "type": "calico",
    "value": 4721817
  },
  {
    "entry": 9,
    "number": 16756,
    "type": "wooden goods",
    "value": 15831
  },
  {
    "entry": 9,
    "number": 105867,
    "type": "wire",
    "value": 45490
  },
  {
    "entry": 9,
    "number": 1123402,
    "type": "lead paint",
    "value": 251300
  },
  {
    "entry": 9,
    "number": 57700,
    "type": "hosiery",
    "value": 61150
  },
  {
    "entry": 9,
    "number": 411671,
    "type": "buttons",
    "value": 275835
  },
  {
    "entry": 8,
    "number": 2486254,
    "type": "worsted",
    "value": 464566
  },
  {
    "entry": 8,
    "number": 300,
    "type": "stoves",
    "value": 83000
  },
  {
    "entry": 8,
    "number": 90200,
    "type": "lasts",
    "value": 80145
  },
  {
    "entry": 8,
    "number": 422195,
    "type": "lard oil",
    "value": 244900
  },
  {
    "entry": 7,
    "number": 21409,
    "type": "clocks",
    "value": 54975
  },
  {
    "entry": 6,
    "number": 2711274,
    "type": "starch",
    "value": 124710
  },
  {
    "entry": 6,
    "number": 977445,
    "type": "linen",
    "value": 239000
  },
  {
    "entry": 5,
    "number": 0,
    "type": "turning",
    "value": 37900
  },
  {
    "entry": 5,
    "number": 4688,
    "type": "pig iron",
    "value": 156761
  },
  {
    "entry": 5,
    "number": 278625,
    "type": "linseed oil",
    "value": 193600
  },
  {
    "entry": 5,
    "number": 53,
    "type": "fire engines",
    "value": 37800
  },
  {
    "entry": 5,
    "number": 451901,
    "type": "chocolate",
    "value": 81672
  },
  {
    "entry": 5,
    "number": 0,
    "type": "britannia ware",
    "value": 102550
  },
  {
    "entry": 4,
    "number": 6632,
    "type": "tools",
    "value": 225302
  },
  {
    "entry": 4,
    "number": 37024,
    "type": "rubber",
    "value": 10500
  },
  {
    "entry": 4,
    "number": 0,
    "type": "iron ore",
    "value": 31869
  },
  {
    "entry": 4,
    "number": 0,
    "type": "fringe and tassel",
    "value": 69300
  },
  {
    "entry": 4,
    "number": 21100,
    "type": "bakeries",
    "value": 555500
  },
  {
    "entry": 3,
    "number": 0,
    "type": "steam engines",
    "value": 192746
  },
  {
    "entry": 3,
    "number": 0,
    "type": "printing",
    "value": 14000
  },
  {
    "entry": 3,
    "number": 200,
    "type": "gins",
    "value": 45444
  },
  {
    "entry": 3,
    "number": 16753,
    "type": "fur",
    "value": 235586
  },
  {
    "entry": 3,
    "number": 9500,
    "type": "fences",
    "value": 129775
  },
  {
    "entry": 3,
    "number": 89136,
    "type": "cloth",
    "value": 246644
  },
  {
    "entry": 3,
    "number": 277,
    "type": "cannons",
    "value": 82000
  },
  {
    "entry": 2,
    "number": 2018000,
    "type": "teazles",
    "value": 2118
  },
  {
    "entry": 1,
    "number": 3000,
    "type": "woods",
    "value": 560
  },
  {
    "entry": 1,
    "number": 30000,
    "type": "steel pens",
    "value": 15000
  },
  {
    "entry": 1,
    "number": 1765373,
    "type": "cooper",
    "value": 797604
  }
]