[{"key":"all other articles","values":37},{"key":"animals","values":939},{"key":"axes","values":31},{"key":"bakeries","values":4},{"key":"bees","values":246},{"key":"blacking","values":12},{"key":"boats","values":33},{"key":"books","values":11},{"key":"boots","values":276},{"key":"boxes","values":36},{"key":"brass","values":16},{"key":"bricks","values":96},{"key":"britannia ware","values":5},{"key":"brooms","values":40},{"key":"brushes","values":15},{"key":"buttons","values":9},{"key":"calico","values":10},{"key":"cannons","values":3},{"key":"cards","values":11},{"key":"carpeting","values":21},{"key":"castings","values":57},{"key":"chairs","values":130},{"key":"chemical preparations","values":27},{"key":"chocolate","values":5},{"key":"clocks","values":7},{"key":"cloth","values":3},{"key":"clothing","values":16},{"key":"coloring","values":22},{"key":"combs","values":13},{"key":"cooper","values":1},{"key":"cooperage","values":54},{"key":"copper","values":11},{"key":"cordage","values":27},{"key":"cotton","values":339},{"key":"woolen","values":277},{"key":"cutlery","values":15},{"key":"dairy","values":573},{"key":"drinks","values":12},{"key":"earthen ware","values":12},{"key":"energy imports","values":397},{"key":"fences","values":3},{"key":"fire arms","values":19},{"key":"fire engines","values":5},{"key":"fire wood","values":296},{"key":"fisheries","values":21},{"key":"flour","values":27},{"key":"forges","values":36},{"key":"frames","values":35},{"key":"fringe and tassel","values":4},{"key":"fruit","values":314},{"key":"fur","values":3},{"key":"gins","values":3},{"key":"glass","values":12},{"key":"glue","values":14},{"key":"grain","values":1339},{"key":"hats and caps","values":56},{"key":"hay grass","values":364},{"key":"hops","values":47},{"key":"hosiery","values":9},{"key":"imports","values":128},{"key":"instruments","values":12},{"key":"iron ore","values":4},{"key":"jewelry","values":15},{"key":"labor","values":11},{"key":"lard oil","values":8},{"key":"lasts","values":8},{"key":"lead","values":10},{"key":"lead paint","values":9},{"key":"lime","values":19},{"key":"linen","values":6},{"key":"linseed oil","values":5},{"key":"lumber","values":263},{"key":"machines","values":51},{"key":"mackerel and cod fisheries","values":91},{"key":"marble","values":16},{"key":"mechanics tools","values":49},{"key":"metal ware","values":20},{"key":"musical instruments","values":15},{"key":"nails","values":39},{"key":"oil candles","values":22},{"key":"palm straw goods","values":195},{"key":"paper","values":93},{"key":"pig iron","values":5},{"key":"ploughs","values":38},{"key":"powder","values":11},{"key":"printing","values":3},{"key":"provisions","values":31},{"key":"pumps","values":58},{"key":"rubber","values":4},{"key":"saddles","values":156},{"key":"salt","values":31},{"key":"scythes","values":23},{"key":"sheep","values":766},{"key":"stone","values":77},{"key":"shovels","values":30},{"key":"silk","values":24},{"key":"starch","values":6},{"key":"steam engines","values":3},{"key":"steel pens","values":1},{"key":"stoves","values":8},{"key":"sugar","values":44},{"key":"tacks","values":16},{"key":"tallow soap","values":81},{"key":"tanneries","values":247},{"key":"teazles","values":2},{"key":"tin ware","values":88},{"key":"tobacco","values":48},{"key":"tools","values":4},{"key":"turning","values":5},{"key":"upholstery","values":15},{"key":"vegetables","values":611},{"key":"vehicles","values":198},{"key":"vessels","values":20},{"key":"whale fishery","values":47},{"key":"whips","values":16},{"key":"wire","values":9},{"key":"wooden goods","values":9},{"key":"wooden ware","values":63},{"key":"woods","values":1},{"key":"worsted","values":8}]
