[{"key":"all other articles","values":5},{"key":"articles","values":2},{"key":"black lead pencils","values":1},{"key":"blocks","values":1},{"key":"bobbins","values":1},{"key":"cork","values":1},{"key":"fans","values":1},{"key":"felloes","values":2},{"key":"flasks and pouches","values":1},{"key":"flowers","values":1},{"key":"globes","values":2},{"key":"gold leaf","values":1},{"key":"ice cut","values":2},{"key":"mineral teeth","values":1},{"key":"mustard","values":1},{"key":"oakum","values":2},{"key":"patterns for machine","values":1},{"key":"pencils","values":3},{"key":"plumes","values":1},{"key":"shuttles","values":3},{"key":"thread spools","values":2},{"key":"trays","values":1},{"key":"type","values":2},{"key":"umbrellas","values":2},{"key":"asses","values":6},{"key":"asses and mules","values":8},{"key":"calves","values":5},{"key":"cattle","values":2},{"key":"horses","values":308},{"key":"mules","values":1},{"key":"neat cattle","values":303},{"key":"swine","values":307},{"key":"axe handles","values":3},{"key":"axes","values":4},{"key":"axes hatchets and other edge tools","values":23},{"key":"ploughs","values":1},{"key":"bread","values":3},{"key":"flour consumed","values":1},{"key":"beeswax","values":82},{"key":"honey","values":164},{"key":"blacking","values":10},{"key":"lamp black","values":2},{"key":"boats built","values":31},{"key":"ship wheels","values":1},{"key":"books","values":4},{"key":"business","values":2},{"key":"ink","values":2},{"key":"letter presses","values":1},{"key":"pocket books","values":3},{"key":"rules","values":1},{"key":"amount paid shoe bottoms","values":1},{"key":"boots and shoes","values":272},{"key":"boots and shoes bottomed","values":2},{"key":"shoe bottoms","values":1},{"key":"band and hat boxes","values":1},{"key":"boxes","values":14},{"key":"candle boxes","values":3},{"key":"cheese boxes","values":2},{"key":"cloth boxes","values":1},{"key":"fancy boxes","values":1},{"key":"lather boxes (glassed)","values":1},{"key":"merchandise boxes and folding boards","values":1},{"key":"packing boxes","values":3},{"key":"paper boxes","values":1},{"key":"shoe boxes","values":7},{"key":"wooden boxes and trunks","values":1},{"key":"brass","values":16},{"key":"brick presses","values":1},{"key":"bricks","values":94},{"key":"fire bricks","values":1},{"key":"britannia ware","values":5},{"key":"broom handles","values":7},{"key":"broom screws","values":1},{"key":"brooms","values":8},{"key":"corn and other brooms","values":24},{"key":"brushes","values":15},{"key":"black glass buttons","values":1},{"key":"bone buttons","values":1},{"key":"buttons","values":3},{"key":"horn buttons","values":2},{"key":"horn used","values":1},{"key":"japanned buttons","values":1},{"key":"calico printed","values":9},{"key":"goods bleached or colored","values":10},{"key":"cannons","values":3},{"key":"cards","values":8},{"key":"metre cards and boxes","values":1},{"key":"playing cards","values":1},{"key":"visiting cards","values":1},{"key":"carpeting","values":12},{"key":"cotton carpeting","values":1},{"key":"cotton consumed","values":87},{"key":"wool consumed","values":88},{"key":"yarn consumed","values":1},{"key":"bells","values":1},{"key":"castings","values":4},{"key":"hollow ware and castings","values":53},{"key":"cane chair bottoms","values":1},{"key":"chairs and cabinet ware","values":129},{"key":"camphor","values":1},{"key":"chemical preparations","values":9},{"key":"essences and patent medicines","values":1},{"key":"ground spice","values":1},{"key":"japan and varnish","values":1},{"key":"manganese","values":1},{"key":"matches","values":4},{"key":"rosin","values":1},{"key":"salmratus","values":1},{"key":"soda ash","values":1},{"key":"spice ground","values":2},{"key":"spirits turpentine","values":3},{"key":"varnish","values":1},{"key":"chocolate","values":5},{"key":"clocks","values":7},{"key":"bed  lace","values":1},{"key":"coach lace","values":2},{"key":"lace and edging","values":1},{"key":"cloth","values":28},{"key":"clothing","values":6},{"key":"gloves and socks","values":1},{"key":"hair cloth","values":1},{"key":"men's  clothing","values":1},{"key":"seamen's hats","values":1},{"key":"stockings and mittens","values":1},{"key":"suits oil cloth","values":1},{"key":"suspender buckles","values":1},{"key":"tailors' crayons","values":1},{"key":"water+ac0-twisted kersey","values":1},{"key":"all goods printed","values":1},{"key":"bleached or colored thread","values":1},{"key":"bleaching powders","values":1},{"key":"cotton goods printed","values":2},{"key":"drugs and medicines","values":1},{"key":"dye stuffs","values":5},{"key":"printing cloth","values":28},{"key":"silk cotton and woolen dying","values":1},{"key":"spices","values":1},{"key":"wax blenched","values":1},{"key":"woolen goods","values":5},{"key":"combs","values":13},{"key":"copper ware","values":2},{"key":"barrels buckets firkins","values":1},{"key":"barrels casks firkins","values":19},{"key":"baskets","values":7},{"key":"buckets","values":1},{"key":"churns","values":2},{"key":"copper","values":4},{"key":"half barrels","values":1},{"key":"hogsheads","values":1},{"key":"hogsheads and barrels","values":10},{"key":"hoops","values":5},{"key":"pails","values":1},{"key":"tubs","values":2},{"key":"wooden hoops","values":1},{"key":"sheet iron","values":1},{"key":"tin ware","values":91},{"key":"tin ware and sheet iron","values":5},{"key":"cordage","values":27},{"key":"all cloth","values":2},{"key":"all cotton cloth","values":1},{"key":"batting","values":30},{"key":"brown sheetings","values":1},{"key":"candle wicking","values":2},{"key":"canvas","values":1},{"key":"chambray","values":1},{"key":"cloth for bleaching","values":1},{"key":"coarse print goods","values":1},{"key":"cotton wicking","values":1},{"key":"duck","values":3},{"key":"flannel","values":36},{"key":"hemp and cotton lines","values":1},{"key":"light cloth","values":3},{"key":"loom pickers","values":2},{"key":"napkins","values":2},{"key":"nonprinting goods","values":1},{"key":"pelisse wadding","values":4},{"key":"sails","values":2},{"key":"satinet","values":58},{"key":"sheeting","values":21},{"key":"sheetings and drillings","values":2},{"key":"shirtings","values":7},{"key":"spindles","values":52},{"key":"stocking yarn","values":2},{"key":"thread","values":14},{"key":"ticking","values":2},{"key":"twine","values":5},{"key":"wicking","values":2},{"key":"yarn","values":34},{"key":"cutlery","values":15},{"key":"butter","values":280},{"key":"cheese","values":258},{"key":"milk","values":35},{"key":"beer","values":3},{"key":"brandy","values":1},{"key":"cider","values":1},{"key":"cider brandy","values":1},{"key":"coffee","values":1},{"key":"gin","values":1},{"key":"grain consumed","values":1},{"key":"root beer","values":1},{"key":"rum","values":1},{"key":"whiskey","values":1},{"key":"brown earthen ware","values":1},{"key":"earthen ware","values":4},{"key":"potters' ware","values":2},{"key":"stone and brown ware","values":1},{"key":"stone ware","values":4},{"key":"all other kinds oil","values":22},{"key":"anthracite coal","values":79},{"key":"bituminous coal us","values":28},{"key":"charcoal consumed","values":2},{"key":"codfish oil","values":3},{"key":"fire wood","values":259},{"key":"fire wood consumed","values":1},{"key":"fish oil","values":3},{"key":"foreign bituminous coal","values":22},{"key":"gas","values":1},{"key":"lard oil consumed","values":1},{"key":"menhaden oil","values":1},{"key":"neat's foot oil","values":1},{"key":"oil","values":22},{"key":"oil casks","values":6},{"key":"oil soap","values":2},{"key":"other oil","values":48},{"key":"sperm oil","values":114},{"key":"sperm oil imported","values":18},{"key":"whale oil","values":66},{"key":"fence rails","values":1},{"key":"iron railing fence and safes","values":2},{"key":"arms","values":2},{"key":"guns","values":17},{"key":"fire engines","values":5},{"key":"bark","values":11},{"key":"charcoal","values":26},{"key":"hemlock bark","values":7},{"key":"peat","values":3},{"key":"alewives","values":1},{"key":"clams","values":3},{"key":"codfish","values":32},{"key":"fish and lobsters","values":5},{"key":"hake and scale fish","values":1},{"key":"halibut","values":1},{"key":"herrings","values":1},{"key":"mackerel","values":27},{"key":"menhaden","values":1},{"key":"salted pollock hake and haddock","values":1},{"key":"shad and alewives","values":3},{"key":"whiting","values":1},{"key":"corn ground","values":2},{"key":"flour","values":25},{"key":"labor","values":7},{"key":"bar iron anchors cables and other wrought iron","values":28},{"key":"blacksmiths' labor done","values":2},{"key":"chain cables","values":1},{"key":"rivets","values":3},{"key":"wrought iron","values":2},{"key":"blinds sashes and doors","values":3},{"key":"doors sash and blind","values":8},{"key":"painted curtain blinds","values":1},{"key":"sashes blinds and doors","values":13},{"key":"window sashes and blinds","values":10},{"key":"fringe and tassel","values":3},{"key":"fringe and tassels","values":1},{"key":"apples for vinegar","values":1},{"key":"berries","values":1},{"key":"chestnuts","values":2},{"key":"cranberries","values":8},{"key":"fruit","values":289},{"key":"fruit trees","values":3},{"key":"garden seeds","values":5},{"key":"nursery trees","values":1},{"key":"strawberries","values":1},{"key":"vinegar","values":3},{"key":"fur goods","values":3},{"key":"cotton gins","values":1},{"key":"gins","values":2},{"key":"astral lamps","values":1},{"key":"gimlets","values":1},{"key":"glass","values":5},{"key":"lamps","values":1},{"key":"looking glass frames sashes","values":2},{"key":"picture frames","values":2},{"key":"glue","values":14},{"key":"barley","values":242},{"key":"buck wheat","values":37},{"key":"indian corn or maize","values":302},{"key":"oats","values":275},{"key":"rye","values":299},{"key":"straw rye and oats","values":1},{"key":"wheat","values":182},{"key":"florence and fancy bonnets","values":1},{"key":"hats and caps","values":53},{"key":"millinery","values":2},{"key":"broom brush","values":6},{"key":"broom corn","values":4},{"key":"broom seed","values":6},{"key":"buckthorns","values":1},{"key":"clover seed","values":2},{"key":"flax","values":28},{"key":"grass seed raised","values":1},{"key":"hay","values":302},{"key":"millet","values":13},{"key":"seeds","values":1},{"key":"straw","values":1},{"key":"hops","values":47},{"key":"hosiery","values":6},{"key":"worsted goods","values":5},{"key":"all other american production consumed","values":2},{"key":"all other american production consumed excepting cotton wool and iron","values":54},{"key":"all other foreign production consumed excepting cotton wool and iron","values":57},{"key":"all other foreign production consumed excepting cotton wool iron","values":2},{"key":"bar iron consumed","values":1},{"key":"copper boilers","values":1},{"key":"foreign iron consumed","values":1},{"key":"foreign productions","values":1},{"key":"foreign steel consumed","values":1},{"key":"other american production excepting cotton wool and iron","values":4},{"key":"other articles","values":4},{"key":"balance","values":1},{"key":"instruments","values":4},{"key":"mathematical instruments","values":3},{"key":"optical instruments","values":1},{"key":"scales or balances","values":1},{"key":"spectacles","values":2},{"key":"surgical and other instruments","values":1},{"key":"iron ore mined","values":4},{"key":"chronometers watches gold and silver ware and jewelry","values":12},{"key":"silver plated ware","values":3},{"key":"watch crystal","values":1},{"key":"watches and jewelry","values":1},{"key":"carpenters' work","values":2},{"key":"caulkers' work","values":1},{"key":"mast makers' work done","values":1},{"key":"painters' work","values":1},{"key":"riggers' work done","values":1},{"key":"sail makers' work done","values":1},{"key":"ship painters' work done","values":1},{"key":"lard oil","values":5},{"key":"stearine","values":2},{"key":"lasts","values":7},{"key":"shoe last and boot tree","values":1},{"key":"black lead","values":1},{"key":"black lead pots","values":1},{"key":"crucibles","values":1},{"key":"lead","values":5},{"key":"lead pipe","values":2},{"key":"crome yellow paint","values":1},{"key":"litharge","values":1},{"key":"other paints","values":1},{"key":"paints","values":1},{"key":"red lead litharge and sugar","values":2},{"key":"sheet  lead and  pipe","values":1},{"key":"white lead paints","values":2},{"key":"lime","values":17},{"key":"plasters","values":2},{"key":"linen bosoms and collars","values":2},{"key":"linen thread","values":1},{"key":"lumber","values":216},{"key":"pine timber","values":2},{"key":"plough timber","values":1},{"key":"railroad sleepers","values":5},{"key":"shingles","values":22},{"key":"ship timber","values":7},{"key":"square timber","values":1},{"key":"timber","values":2},{"key":"trusses","values":4},{"key":"veneers","values":3},{"key":"hand card presses","values":1},{"key":"leather cutting machines","values":1},{"key":"machine card  presses","values":1},{"key":"machinery","values":39},{"key":"machines rolling leather","values":2},{"key":"shoe fitting machines","values":1},{"key":"spikes and bolts","values":1},{"key":"stave machines","values":1},{"key":"tack machines","values":1},{"key":"tenanting machines","values":1},{"key":"washing machines","values":2},{"key":"salt consumed","values":37},{"key":"marble","values":12},{"key":"marble monuments","values":3},{"key":"marble quarried","values":1},{"key":"augurs and bitts","values":5},{"key":"carpenters' planes","values":1},{"key":"coopers' tools harpoons and other whale craft","values":1},{"key":"files cut","values":2},{"key":"hollow augers","values":1},{"key":"ladders","values":1},{"key":"mechanics tools","values":32},{"key":"millwright articles","values":1},{"key":"planes","values":2},{"key":"saws hatchets and other edge tools","values":3},{"key":"american iron consumed","values":1},{"key":"bench and hand screws","values":1},{"key":"blind hinforges and fastenings","values":1},{"key":"butts or hinges","values":2},{"key":"door handles and latches","values":4},{"key":"friction latches","values":1},{"key":"hooks and eyes","values":1},{"key":"iron butts or hinges","values":3},{"key":"iron rivets","values":1},{"key":"medals","values":1},{"key":"steel springs","values":2},{"key":"iron and brass for piano fortes","values":1},{"key":"musical instruments","values":10},{"key":"organs","values":2},{"key":"piano forte keys","values":1},{"key":"cut nails","values":15},{"key":"forges","values":1},{"key":"iron rolled","values":12},{"key":"nails","values":7},{"key":"nuts and washers","values":1},{"key":"treenails","values":1},{"key":"wrought nails","values":1},{"key":"candles","values":19},{"key":"sperm candles","values":5},{"key":"braid","values":1},{"key":"curled palm+ac0-leaf","values":1},{"key":"palm leaf baskets","values":1},{"key":"palm leaf hats","values":95},{"key":"palm+ac0-leaf twists","values":1},{"key":"staw bonnets and hats","values":1},{"key":"straw bonnets and hats","values":43},{"key":"straw braid","values":50},{"key":"straw cutters","values":2},{"key":"card board handles","values":1},{"key":"card boards","values":2},{"key":"hanging paper","values":1},{"key":"marbled paper and cards","values":1},{"key":"paper","values":42},{"key":"paper hangings","values":2},{"key":"paper stained","values":1},{"key":"rag stock consumed","values":43},{"key":"stamped paper","values":1},{"key":"pig iron","values":4},{"key":"ice cutters ploughs","values":1},{"key":"plough handles and beams","values":1},{"key":"ploughs and other agricultural tools","values":36},{"key":"powder","values":10},{"key":"saltpetre","values":1},{"key":"printing","values":2},{"key":"beef","values":5},{"key":"beef and pork","values":1},{"key":"bone manure","values":1},{"key":"jerked beef","values":1},{"key":"pork","values":4},{"key":"poultry and eggs","values":18},{"key":"blocks and pumps","values":41},{"key":"copper and wood pumps","values":1},{"key":"copper pumps","values":2},{"key":"locks and pumps","values":5},{"key":"patent water wheels","values":1},{"key":"pumps and blocks","values":8},{"key":"india rubber","values":1},{"key":"india rubber shoes","values":1},{"key":"rubber cloth","values":1},{"key":"rubber used","values":1},{"key":"carriage trimmings","values":1},{"key":"carriages harnesses and tools","values":1},{"key":"frames  harnesses","values":2},{"key":"hames","values":1},{"key":"harnesses","values":8},{"key":"horse collars and winkers","values":1},{"key":"horse shoes","values":1},{"key":"reeds and harnesses","values":7},{"key":"saddle harness and trunks","values":134},{"key":"epsom salts","values":2},{"key":"salt","values":26},{"key":"scythe snaiths irons","values":5},{"key":"scythe stones","values":3},{"key":"scythes and hoes","values":15},{"key":"all other sheep","values":7},{"key":"all other wool","values":6},{"key":"all wool","values":5},{"key":"lambs","values":2},{"key":"merino sheep","values":60},{"key":"merino wool","values":67},{"key":"other sheep","values":49},{"key":"other wool","values":49},{"key":"saxony sheep","values":29},{"key":"saxony wool","values":30},{"key":"sculpture and stone cutting","values":1},{"key":"sheep other kinds","values":3},{"key":"sheep total","values":238},{"key":"wool","values":222},{"key":"agricultural tools","values":1},{"key":"forks and hoes","values":1},{"key":"rakes","values":4},{"key":"shovels spades forks and hoes","values":23},{"key":"tools","values":1},{"key":"raw silk","values":17},{"key":"sewing silk","values":7},{"key":"sizing","values":1},{"key":"starch","values":5},{"key":"boilers","values":1},{"key":"engines and boilers","values":1},{"key":"steam engines boilers and locomotives","values":1},{"key":"steel pens","values":1},{"key":"building stone","values":69},{"key":"grave stones","values":2},{"key":"soap stone quarried","values":1},{"key":"stone cut","values":4},{"key":"air tight stoves","values":2},{"key":"clay stove linings","values":1},{"key":"sheet iron stoves","values":1},{"key":"steam warming apparatus","values":1},{"key":"stove pipe","values":1},{"key":"stoves","values":3},{"key":"confectionary","values":5},{"key":"maple sugar","values":36},{"key":"molasses","values":1},{"key":"molasses  and water  gates","values":1},{"key":"sugar","values":1},{"key":"bellows","values":1},{"key":"tacks and brads","values":15},{"key":"dried tallow","values":1},{"key":"hard soap","values":11},{"key":"other soap","values":1},{"key":"shaving soap","values":2},{"key":"soap","values":41},{"key":"soft soap","values":2},{"key":"tallow candles","values":9},{"key":"bark consumed","values":1},{"key":"belting","values":1},{"key":"goat skins","values":1},{"key":"hides tanned","values":57},{"key":"leather tanned and curried","values":179},{"key":"morocco leather","values":4},{"key":"patent corselet","values":1},{"key":"profits","values":1},{"key":"razor strops","values":1},{"key":"teazles","values":2},{"key":"cigars","values":4},{"key":"snuff tobacco and cigars","values":25},{"key":"tobacco","values":19},{"key":"chair tools","values":1},{"key":"cultivators","values":1},{"key":"harpoons lances","values":1},{"key":"shoe tools","values":1},{"key":"iron turned","values":1},{"key":"mahogany sawed","values":1},{"key":"wood turned","values":4},{"key":"upholstery","values":15},{"key":"beans and peas","values":30},{"key":"cabbages","values":1},{"key":"herbs","values":1},{"key":"onions","values":2},{"key":"other esculent vegetables","values":256},{"key":"peas","values":5},{"key":"pickles and preserves","values":1},{"key":"potatoes","values":303},{"key":"pumpkins","values":2},{"key":"squashes","values":7},{"key":"turnips","values":1},{"key":"white beans","values":2},{"key":"axles","values":3},{"key":"bungs","values":2},{"key":"carriage bows","values":1},{"key":"carriage springs and axletrees","values":1},{"key":"carriages","values":1},{"key":"childrens' wagons","values":5},{"key":"railroad cars","values":2},{"key":"sleighs","values":3},{"key":"toy wheelharrows","values":1},{"key":"vehicles","values":163},{"key":"velocipedes","values":1},{"key":"wagon hubs","values":4},{"key":"wagons","values":9},{"key":"wheels","values":3},{"key":"vessels","values":20},{"key":"spermaceti","values":1},{"key":"whalebone","values":12},{"key":"whips","values":16},{"key":"sieves and wire work","values":2},{"key":"wire","values":7},{"key":"bedsteads","values":2},{"key":"hubs","values":1},{"key":"rolling pins","values":1},{"key":"screws","values":2},{"key":"shoe benches","values":1},{"key":"button moulds","values":1},{"key":"carved work","values":1},{"key":"shoe pegs","values":8},{"key":"walking canes","values":1},{"key":"willow baskets","values":1},{"key":"wood button moulds","values":1},{"key":"wood saw frames","values":1},{"key":"wooden aqueduct logs","values":1},{"key":"wooden bowls","values":1},{"key":"wooden door knobs","values":2},{"key":"wooden ware","values":41},{"key":"blankets","values":3},{"key":"broadcloth","values":23},{"key":"cashmere","values":34},{"key":"coatings","values":1},{"key":"cordova plains or negro cloths","values":1},{"key":"green frocking","values":1},{"key":"jerseys","values":1},{"key":"kentucky jeans","values":16},{"key":"knit goods and yarn","values":1},{"key":"other woolen goods","values":1},{"key":"sets loom heddles or harnesses","values":1},{"key":"wool picked","values":2},{"key":"wool rags used","values":1},{"key":"woolen yarn","values":12}]
