city,page,manufacturing site,number  factories,vessels,number  vessels,vessel tonnage,capital,employeeS,employeesM,employeesF,siteIncome,goods0,value0,quantity0,units0,goods1,value1,quantity1,units1,goods2,value2,quantity2,units2,goods3,value3,quantity3,units3,goods4,value4,quantity4,units4,goods5,value5,quantity5,units5,goods6,value6,quantity6,units6,goods7,value7,quantity7,units7,goods8,value8,quantity8,units8,goods9,value9,quantity9,units9,goods10,value10,quantity10,units10,goods11,value11,quantity11,units11
 ,327,,,,,,,,,,,,,,,,,,,,,,,,,,,,,,,,,,,,,,,,,,,,,,,,,,,,,,,,,,
NANTUCKET,327,,,,,,,,,,,,,,,,,,,,,,,,,,,,,,,,,,,,,,,,,,,,,,,,,,,,,,,,,,
NANTUCKET,327,Brass Foundries,1,,,,4000,4,,,,  ,6000,,,,,,,,,,,,,,,,,,,,,,,,,,,,,,,,,,,,,,,,,,,,,,
NANTUCKET,327,Saddle Harness and Trunk Manufactoriest,4,,,,1000,10,,,,  ,1950,,,,,,,,,,,,,,,,,,,,,,,,,,,,,,,,,,,,,,,,,,,,,,
NANTUCKET,327,Hat and Cap Manufactories,1,,,,300,1,,,,hats and caps ,600,600,,,,,,,,,,,,,,,,,,,,,,,,,,,,,,,,,,,,,,,,,,,,,
NANTUCKET,327,Cordage Manufactories,1,,,,10000,30,,,,cordage ,30000,3001000,lbs,,,,,,,,,,,,,,,,,,,,,,,,,,,,,,,,,,,,,,,,,,,,
NANTUCKET,327,Oil and Sperm Candle Manufactories,24,,,,1580417,105,,,,oil ,1279817,1022019,galls,candles,214645,858581,lbs,,,,,,,,,,,,,,,,,,,,,,,,,,,,,,,,,,,,,,,,
NANTUCKET,327,Soap and Tallow Candle Manufactories,2,,,,5000,5,,,,hard  soap ,7800,11000,lbs,st,,440,bbls, soap ,,,,,,,,,,,,,,,,,,,,,,,,,,,,,,,,,,,,,,,
NANTUCKET,327,Tin Ware Manufactories,7,,,,2000,12,,,, ware,4000,,,,,,,,,,,,,,,,,,,,,,,,,,,,,,,,,,,,,,,,,,,,,,
NANTUCKET,327,,,,,,,,11,3,,Boots ,4200,370,pairs,shoes,,2300,pairs, boots and shoes,,,,,,,,,,,,,,,,,,,,,,,,,,,,,,,,,,,,,,,
NANTUCKET,327,,,,,,600,3,,,, Snuff Tobacco and Cigars ,600,,,,,,,,,,,,,,,,,,,,,,,,,,,,,,,,,,,,,,,,,,,,,,
NANTUCKET,328,,,,,,,,,,,,,,,,,,,,,,,,,,,,,,,,,,,,,,,,,,,,,,,,,,,,,,,,,,
NANTUCKET,328,,,,,,,10,,,, Blocks and Pumps ,2600,,,,,,,,,,,,,,,,,,,,,,,,,,,,,,,,,,,,,,,,,,,,,,
NANTUCKET,328,Candle Box Manufactories,6,,,,4000,12,,,,boxes ,6600,30000,,,,,,,,,,,,,,,,,,,,,,,,,,,,,,,,,,,,,,,,,,,,,
NANTUCKET,328,,,,,,30000,65,,,, casks ,40000,,,,,,,,,,,,,,,,,,,,,,,,,,,,,,,,,,,,,,,,,,,,,,
NANTUCKET,328,Establishments for m.  Coopers' Tools Harpoons and oth­er Whale Craft,14,,,,4000,15,,,,  ,4200,,,,,,,,,,,,,,,,,,,,,,,,,,,,,,,,,,,,,,,,,,,,,,
NANTUCKET,328,,,,,,,12,,,,Boats built,6775,117,,,,,,,,,,,,,,,,,,,,,,,,,,,,,,,,,,,,,,,,,,,,,
NANTUCKET,328,,,,,,,,,,,Whale Oil consumed in manufacturing,140,400,galls,anthracite  coal  consumed  in  manufacturing,1050,200,tons,bituminous coal mined in the U. States,1000,111,chaldrons, other   American production except­ ing cotton wool and iron consumed in manufacturing,22000,,,,,,,,,,,,,,,,,,,,,,,,,,,,,,,,,,
NANTUCKET,328,,,Vessels employed in the Whale Fishery,77,26295,2660000,1900,,,,sperm oil  imported,868000,986868,galls,whale oil,46756,140269,galls,whalebone,10336,30708,lbs,,,,,,,,,,,,,,,,,,,,,,,,,,,,,,,,,,,,
NANTUCKET,328,,,Vessels employed in the Mackerel and Cod Fisheries,4,11,2000,12,,,,,,,,,,,,,,,,,,,,,,,,,,,,,,,,,,,,,,,,,,,,,,,,,,,
NANTUCKET,328,,,,,,,,,,,Sheep total,15000,7500,head,Wool total,4000,1600,lbs,,,,,,,,,,,,,,,,,,,,,,,,,,,,,,,,,,,,,,,,
NANTUCKET,328,,,,,,,,,,,Horses,30000,442,head,neat cattle,20000,1053,head,swine,11518,1304,head,,,,,,,,,,,,,,,,,,,,,,,,,,,,,,,,,,,,
NANTUCKET,328,,,,,,,,,,,Indian Corn or Maize raised,300,500,bush,potatoes,1500,6000,bush,other escnlent vegetables,1400,7000,bush,hay,42900,3500,tons,,,,,,,,,,,,,,,,,,,,,,,,,,,,,,,,
