city,page,manufacturing site,number  factories,vessels,number  vessels,vessel tonnage,capital,employeeS,employeesM,employeesF,siteIncome,goods0,value0,quantity0,units0,goods1,value1,quantity1,units1,goods2,value2,quantity2,units2,goods3,value3,quantity3,units3,goods4,value4,quantity4,units4,goods5,value5,quantity5,units5,goods6,value6,quantity6,units6,goods7,value7,quantity7,units7,goods8,value8,quantity8,units8,goods9,value9,quantity9,units9,goods10,value10,quantity10,units10,goods11,value11,quantity11,units11
ABINGTON,291,Saddle Harness and Trunk Ma nufactories,1,,,,500,2,,,,  ,1200,,,,,,,,,,,,,,,,,,,,,,,,,,,,,,,,,,,,,,,,,,,,,,
ABINGTON,291,Tack and Brad Manufactories,2,,,,11200,27,,,,  tacks and brads ,18622,,,,,,,,,,,,,,,,,,,,,,,,,,,,,,,,,,,,,,,,,,,,,,
ABINGTON,291,Tanneries,1,,,,2000,2,,,, leather tanned and curried,4400,,,,,,,,,,,,,,,,,,,,,,,,,,,,,,,,,,,,,,,,,,,,,,
ABINGTON,291,,,,,,,14,,,,Boot and Shoe Boxes ,11300,47100,,,,,,,,,,,,,,,,,,,,,,,,,,,,,,,,,,,,,,,,,,,,,
ABINGTON,291,,,,,,,,2193,1361,,Boots ,1013126,198314,pairs,shoes,,1067962,pairs, boots and shoes,,,,,,,,,,,,,,,,,,,,,,,,,,,,,,,,,,,,,,,
ABINGTON,291,,,,,,20000,2,,,,Confectionary ,3120,20000,lbs,,,,,,,,,,,,,,,,,,,,,,,,,,,,,,,,,,,,,,,,,,,,
ABINGTON,291,,,,,,,,,,,Fire Wood prepared,5800,1450,cords,,,,,,,,,,,,,,,,,,,,,,,,,,,,,,,,,,,,,,,,,,,,
ABINGTON,291,,,,,,,,,,,Horses,19320,322,head,neat  cattle,12750,587,head,swine $,2640,440,head,,,,,,,,,,,,,,,,,,,,,,,,,,,,,,,,,,,,
ABINGTON,291,,,,,,,,,,,Lumber prepared,3730,413000,feet,,,,,,,,,,,,,,,,,,,,,,,,,,,,,,,,,,,,,,,,,,,,
ABINGTON,291,,,,,,,,,,,Sheep total,80,40,head,Wool total,53,160,lbs,,,,,,,,,,,,,,,,,,,,,,,,,,,,,,,,,,,,,,,,
ABINGTON,291,,,,,,,,,,,Shingles,1200,400000,,,,,,,,,,,,,,,,,,,,,,,,,,,,,,,,,,,,,,,,,,,,,
 ,291,,,,,,,,,,,,,,,,,,,,,,,,,,,,,,,,,,,,,,,,,,,,,,,,,,,,,,,,,,
ABINGTON,291,,,,,,,,,,,,,,,,,,,,,,,,,,,,,,,,,,,,,,,,,,,,,,,,,,,,,,,,,,
BRIDGEWATER,292,Hollow Auger Manufactories,1,,,,,1,,,, augers ,600,,,,,,,,,,,,,,,,,,,,,,,,,,,,,,,,,,,,,,,,,,,,,,
BRIDGEWATER,292,Establishments    Steam Engines and Boilers,1,,,,,,,,, engines and boilers ,5000,,,,,,,,,,,,,,,,,,,,,,,,,,,,,,,,,,,,,,,,,,,,,,
BRIDGEWATER,292,Tack and Brad Manufactories,1,,,,10000,8,,,, tacks and brads ,7000,,,,,,,,,,,,,,,,,,,,,,,,,,,,,,,,,,,,,,,,,,,,,,
ABINGTON,292,,,,,,,,,,,Butter,1927,12714,lbs,cheese,570,7125,lbs,,,,,,,,,,,,,,,,,,,,,,,,,,,,,,,,,,,,,,,,
BRIDGEWATER,292,,,,,,,2,,,,Door Handles and Latches ,1000,100,doz, blind hinforges and fastenings ,400,,,,,,,,,,,,,,,,,,,,,,,,,,,,,,,,,,,,,,,,,,
BRIDGEWATER,292,,,,,,,,,,,Flannel or Blanketing ,150,150,yds,,,,,,,,,,,,,,,,,,,,,,,,,,,,,,,,,,,,,,,,,,,,
ABINGTON,292,,,,,,,,,,,Fruit raised,1407,4689,bush,,,,,,,,,,,,,,,,,,,,,,,,,,,,,,,,,,,,,,,,,,,,
BRIDGEWATER,292,Cotton Gin Manufactories,2,,,,65000,35,,,,gins ,30000,200,,,,,,,,,,,,,,,,,,,,,,,,,,,,,,,,,,,,,,,,,,,,,
BRIDGEWATER,292,Soap and Tallow Cand le Man ufactories,1,,,,1,,,,,hard soap ,1700,5,tons,st,,101,bbls,,,,,,,,,,,,,,,,,,,,,,,,,,,,,,,,,,,,,,,,
BRIDGEWATER,292,Furnaces    Hollow Ware and  Castings  other  than Pig  Iron,3,,,,3,,,,,hollow ware   and  castings  ,28000,460,tons,,,,,,,,,,,,,,,,,,,,,,,,,,,,,,,,,,,,,,,,,,,,
ABINGTON,292,,,,,,,,,,,Indian Corn or Maize raised,1308,2012,bush,wheat,36,24,bush,rye,152,190,bush,barley,72,103,bush,oats,30,87,bush,potatoes,6127,24509,bush,other esculent vegetables,38,150,bush,hay,12372,1031,tons,,,,,,,,,,,,,,,,
BRIDGEWATER,292,Rolling Slitting and Nail Mills,2,,,,,,,,,iron  and not made into nails .,72000,800,tons,nails ,60000,700,tons,forges,20000,2,tons,bar iron cables anchors  and  other    wrought iron ,,100,,,,,,,,,,,,,,,,,,,,,,,,,,,,,,,,,
BRIDGEWATER,292,Establishments    Butts and Hinforges,1,,,,,,,,,iron butts or hinforges ,100,24,doz,,,,,,,,,,,,,,,,,,,,,,,,,,,,,,,,,,,,,,,,,,,,
BRIDGEWATER,292,Paper Man ufactories,1,,,,4400,6,,,,stock consumed,4000,50,tons,paper ,,40,tons,,,,,,,,,,,,,,,,,,,,,,,,,,,,,,,,,,,,,,,,
ABINGTON,292,,,,,,,,,,,,,,,,,,,,,,,,,,,,,,,,,,,,,,,,,,,,,,,,,,,,,,,,,,
BRIDGEWATER,292,,,,,,,,,,,,,,,,,,,,,,,,,,,,,,,,,,,,,,,,,,,,,,,,,,,,,,,,,,
BRIDGEWATER,292,brass foundries,1,,,,96000,125,,,,,,,,,,,,,,,,,,,,,,,,,,,,,,,,,,,,,,,,,,,,,,,,,,,
BRIDGEWATER,293,,,,,,,,,,,Boots ,7375,1600,pairs,shoes,,5000,pairs, boots and shoes,,50000,pairs,also,,,,,,,,,,,,,,,,,,,,,,,,,,,,,,,,,,,
CARVER,293,,,,,,,,5,4,,Boots ,2664,25,pairs,shoes,,3780,pairs, boots and shoes,,,,,,,,,,,,,,,,,,,,,,,,,,,,,,,,,,,,,,,
BRIDGEWATER,293,,,,,,,6,,,,Bricks ,2400,600000,,,,,,,,,,,,,,,,,,,,,,,,,,,,,,,,,,,,,,,,,,,,,
BRIDGEWATER,293,,,,,,,,,,,Butter,3634,21505,lbs,cheese,812,11575,lbs,honey,32,160,lbs,,,,,,,,,,,,,,,,,,,,,,,,,,,,,,,,,,,,
CARVER,293,,,,,,17800,6,,,,Char­coal,1113,17800,bush,,,,,,,,,,,,,,,,,,,,,,,,,,,,,,,,,,,,,,,,,,,,
BRIDGEWATER,293,,,,,,300,,,,,Corn and other Brooms ,50,300,,,,,,,,,,,,,,,,,,,,,,,,,,,,,,,,,,,,,,,,,,,,,
CARVER,293,,,,,,,8,,,,Fire  Wood  prepared,4048,2024,cords,,,,,,,,,,,,,,,,,,,,,,,,,,,,,,,,,,,,,,,,,,,,
BRIDGEWATER,293,,,,,,,3,,,,Fire Wood prepared,2814,804,cords,,,,,,,,,,,,,,,,,,,,,,,,,,,,,,,,,,,,,,,,,,,,
BRIDGEWATER,293,,,,,,,,,,,Fruit raised,2071,6906,bush,,,,,,,,,,,,,,,,,,,,,,,,,,,,,,,,,,,,,,,,,,,,
CARVER,293,Furnaces     Hollow Ware  and  Castings  other   than Pig Iron,5,,,,23400,59,,,,hollow  ware  and   castings  ,36350,445,tons,,,,,,,,,,,,,,,,,,,,,,,,,,,,,,,,,,,,,,,,,,,,
BRIDGEWATER,293,,,,,,,,,,,Horses,10940,254,head,neat cattle,14420,765,head,swine,6640,415,head,,,,,,,,,,,,,,,,,,,,,,,,,,,,,,,,,,,,
BRIDGEWATER,293,,,,,,,,,,,Indian Corn or Maize raised,5627,7519,bush,wheat,53,43,bush,rye,1024,1138,bush,barley,175,282,bush,oats,1705,4263,bush,potatoes,5024,25124,bush, other esculent vegetables,2100,1063,tons,hay,13819,,,,,,,,,,,,,,,,,,
BRIDGEWATER,293,,,,,,,,,,,Lumber prepared,2000,200000,feet,,,,,,,,,,,,,,,,,,,,,,,,,,,,,,,,,,,,,,,,,,,,
CARVER,293,,,,,,,10,,,,Lumber prepared,4636,564000,feet,,,,,,,,,,,,,,,,,,,,,,,,,,,,,,,,,,,,,,,,,,,,
BRIDGEWATER,293,,,,,,,,,,,Sheep total,270,185,head,Wool total,205,686,lbs,,,,,,,,,,,,,,,,,,,,,,,,,,,,,,,,,,,,,,,,
BRIDGEWATER,293,,,,,,,,,,,Straw Bonnets and Hats  ,15000,7000,yds, straw braid  and not made into bonnets and hats,333,33300,,,,,,,,,,,,,,,,,,,,,,,,,,,,,,,,,,,,,,,,,
CARVER,293,,,,,,,,,,,Straw Bonnets and Hats  ,75,75,, straw braid  and not made into bonnets and hats,292,,,,,,,,,,,,,,,,,,,,,,,,,,,,,,,,,,,,,,,,,,
CARVER,293,Establishments    Rail-road Cars Coaches Chaises and  other Vehicles,1,,,,700,2,,,,vehicles,500,,,,,,,,,,,,,,,,,,,,,,,,,,,,,,,,,,,,,,,,,,,,,,
BRIDGEWATER,293,,,,,,,,,,,,,,,,,,,,,,,,,,,,,,,,,,,,,,,,,,,,,,,,,,,,,,,,,,
CARVER,293,,,,,,,,,,,,,,,,,,,,,,,,,,,,,,,,,,,,,,,,,,,,,,,,,,,,,,,,,,
DUXBURV,294,Saddle Harness and Trunk Manufactories,2,,,,625,3,,,,  ,1300,,,,,,,,,,,,,,,,,,,,,,,,,,,,,,,,,,,,,,,,,,,,,,
DUXBURV,294,Chair and Cabinet Ware  Manufactories,1,,,,300,2,,,,   ,1000,,,,,,,,,,,,,,,,,,,,,,,,,,,,,,,,,,,,,,,,,,,,,,
DUXBURV,294,Tanneries,2,,,,2050,3,,,, leather tanned and curried,3600,,,,,,,,,,,,,,,,,,,,,,,,,,,,,,,,,,,,,,,,,,,,,,
DUXBURV,294,Establishments        Rail-road  Cars Coaches Chaises and other Vehicles,2,,,,350,,,,, vehicles  ,1100,,,,,,,,,,,,,,,,,,,,,,,,,,,,,,,,,,,,,,,,,,,,,,
CARVER,294,,,,,,,2,,,, Willow Baskets ,900,,,,,,,,,,,,,,,,,,,,,,,,,,,,,,,,,,,,,,,,,,,,,,
CARVER,294,,,,,,,,,,,Butter,1813,10875,lbs,cheese,196,2700,lbs,honey,28,185,lbs,beeswax,8,30,lbs,,,,,,,,,,,,,,,,,,,,,,,,,,,,,,,,
DUXBURV,294,Cordage Manufactories,1,,,,51000,5,,,,cordage ,2400,12,tons,,,,,,,,,,,,,,,,,,,,,,,,,,,,,,,,,,,,,,,,,,,,
CARVER,294,,,,,,,,,,,Fruit raised,854,3230,bush,hops,1,14,lbs,,,,,,,,,,,,,,,,,,,,,,,,,,,,,,,,,,,,,,,,
CARVER,294,,,,,,,,,,,Horses,5055,109,head,neat cattle,9820,579,head,swine,2120,212,head,,,,,,,,,,,,,,,,,,,,,,,,,,,,,,,,,,,,
CARVER,294,,,,,,,,,,,Ind ian Corn or Maize raised,3058,4077,bush,rye,979,1224,bush,oats,224,598,bush,potatoes,1613,7170,bush,other esculent vegetables,10569,2367,bush,$,,710,tons,hay,,1086,,,,,,,,,,,,,,,,,,,,,
DUXBURV,294,Establishments      Salt,4,,,,3600,4,,,,salt ,688,2200,bush,,,,,,,,,,,,,,,,,,,,,,,,,,,,,,,,,,,,,,,,,,,,
CARVER,294,,,,,,,,,,,Sheep total,732,488,head,wool  produced,418,1253,lbs,,,,,,,,,,,,,,,,,,,,,,,,,,,,,,,,,,,,,,,,
CARVER,294,,,,,,,,,,,Sperm Oil consumed,40,40,galls,anthracite coal consumed,1099,157,tons,,,,,,,,,,,,,,,,,,,,,,,,,,,,,,,,,,,,,,,,
DUXBURV,294,Woollen Mills,1,,,,4000,,,2,,Yarn and not made into cloth,10000,11500,lbs,,,,,,,,,,,,,,,,,,,,,,,,,,,,,,,,,,,,,,,,,,,,
CARVER,294,,,,,,,,,,,,,,,,,,,,,,,,,,,,,,,,,,,,,,,,,,,,,,,,,,,,,,,,,,
DUXBURV,294,,,,,,,,,,,,,,,,,,,,,,,,,,,,,,,,,,,,,,,,,,,,,,,,,,,,,,,,,,
DUXBURV,294,Tin Ware Manufactories,1,,,,3000,10,,,,,,,,,,,,,,,,,,,,,,,,,,,,,,,,,,,,,,,,,,,,,,,,,,,
DUXBURV,295,Brass Foundries,1,,,,3002,,,3002,,   ,1000,,,,,,,,,,,,,,,,,,,,,,,,,,,,,,,,,,,,,,,,,,,,,,
DUXBURV,295,,,,,,,4,,,,  Blocks and Pum ps ,750,,,,,,,,,,,,,,,,,,,,,,,,,,,,,,,,,,,,,,,,,,,,,,
DUXBURV,295,,,,,,,,,,,  Poultry and Eggs,5015,,,,,,,,,,,,,,,,,,,,,,,,,,,,,,,,,,,,,,,,,,,,,,
DUXBURV,295,,,,,,,5,,,, Bnilding Stone quarried  and prepared,1056,,,,,,,,,,,,,,,,,,,,,,,,,,,,,,,,,,,,,,,,,,,,,,
DUXBURV,295,Turning  and  Carving  Establishments,1,,,,75,2,,,,,500,,,,,,,,,,,,,,,,,,,,,,,,,,,,,,,,,,,,,,,,,,,,,,
DUXBURV,295,,,,,,,,,,,Asses and Mules,45,3,head,horse,12205,192,head,horse,12060,192,,neat cattle,8463,603,head,swine,,403,head,,,,,,,,,,,,,,,,,,,,,,,,,,,,
DUXBURV,295,,,,,,,,148,100,,Boots ,122500,2079,pairs,shoes,,163265,pairs,,,,,,,,,,,,,,,,,,,,,,,,,,,,,,,,,,,,,,,,
DUXBURV,295,,,,,,,6,,,,Bricks ,1300,260000,,,,,,,,,,,,,,,,,,,,,,,,,,,,,,,,,,,,,,,,,,,,,
DUXBURV,295,,,,,,,,,,,Butter,2964,17785,lbs,cheese,111,1390,lbs,,,,,,,,,,,,,,,,,,,,,,,,,,,,,,,,,,,,,,,,
DUXBURV,295,,,,,,,30,,,,Fire Wood prepared,10157,2266,cords,,,,,,,,,,,,,,,,,,,,,,,,,,,,,,,,,,,,,,,,,,,,
DUXBURV,295,,,,,,,,,,,Fruit raised,2438,6096,bush,,,,,,,,,,,,,,,,,,,,,,,,,,,,,,,,,,,,,,,,,,,,
DUXBURV,295,,,,,,,,,,,Indian Com or Maize raised,4475,5967,bush,wheat,58,58,bush,rye,1451,1451,bush,barley,2,3,bush,oats,480,1201,bush,potatoes,4788,19150,bush,other eseulent vegetables,1689,3378,bush,hay,27036,2253,tons,,,,,,,,,,,,,,,,
DUXBURV,295,Rolling Slitting and Nail Mills,1,,,,15000,30,,,,iron    and  not  made into nails,11400,184,tons,nails ,29010,312,tons,,,,,,,,,,,,,,,,,,,,,,,,,,,,,,,,,,,,,,,,
DUXBURV,295,,,,,,,4,,,,Lumber prepared,3150,350000,feet,,,,,,,,,,,,,,,,,,,,,,,,,,,,,,,,,,,,,,,,,,,,
DUXBURV,295,,,,,,,,,,,Sheep total,426,284,head,Wool total,284,852,lbs,,,,,,,,,,,,,,,,,,,,,,,,,,,,,,,,,,,,,,,,
DUXBURV,295,Tack and Brad Man ufactories,2,,,,9000,50,,,,tacks and brads ,22000,155,tons,,,,,,,,,,,,,,,,,,,,,,,,,,,,,,,,,,,,,,,,,,,,
DUXBURV,295,,,Vessels employed in the Mackerel and Cod Fisheries,9,759,12000,64,,,,mackerel,10033,4300,tons,codfish,,5684,quintals,salt consumed,,4519,bush,,,,,,,,,,,,,,,,,,,,,,,,,,,,,,,,,,,,
DUXBURV,295,,,,,,,,,,,,,,,,,,,,,,,,,,,,,,,,,,,,,,,,,,,,,,,,,,,,,,,,,,
DUXBURV,295,,,Vessels launched,4,655,,45,,,,,39794,,,,,,,,,,,,,,,,,,,,,,,,,,,,,,,,,,,,,,,,,,,,,,
DUXBURV,295,,,,,,,,,,,,,,,,,,,,,,,,,,,,,,,,,,,,,,,,,,,,,,,,,,,,,,,,,,
DUXBURV,296,Saddle Harness and Trunk Manufactories,3,,,,200,2,,,,  ,2000,,,,,,,,,,,,,,,,,,,,,,,,,,,,,,,,,,,,,,,,,,,,,,
DUXBURV,296,,,,,,,1,,,, Building Stone quarried and prepared,500,,,,,,,,,,,,,,,,,,,,,,,,,,,,,,,,,,,,,,,,,,,,,,
DUXBURV,296,,,,,,,,,,, Indian Corn or Maize raised,16926,284,bush,rye,227,90,bush,barley,58,624,bush,oats,281,19498,bush,potatoes,3900,1001,tons, other . esculent vege­ tables,1856,,,hay,12252,,,,,,,,,,,,,,,,,,,,,,
DUXBURV,296,,,,,,1000,4,,,, Leather curried,12000,,,,,,,,,,,,,,,,,,,,,,,,,,,,,,,,,,,,,,,,,,,,,,
DUXBURV,296,,,,,,3000,7,,,, other  ,8000,,,,,,,,,,,,,,,,,,,,,,,,,,,,,,,,,,,,,,,,,,,,,,
DUXBURV,296,Establishments    Rail-road  Cars Coaches Chaises and other Vehicles,4,,,,2000,8,,,, vehicles ,5025,,,,,,,,,,,,,,,,,,,,,,,,,,,,,,,,,,,,,,,,,,,,,,
DUXBURV,296,,,,,,,,250,133,,Boots ,153440,20350,pairs,shoes,,189100,pairs,,,,,,,,,,,,,,,,,,,,,,,,,,,,,,,,,,,,,,,,
HALIFAX,296,,,,,,,,64,30,,Boots ,34368,4945,pairs,shoes,,37785,pairs, boots and shoes,,,,,,,,,,,,,,,,,,,,,,,,,,,,,,,,,,,,,,,
DUXBURV,296,,,,,,,,,,,Butter,2683,15783,lbs,cheese,1047,13098,lbs,honey,14,100,lbs,beeswax,2,6,lbs,,,,,,,,,,,,,,,,,,,,,,,,,,,,,,,,
HALIFAX,296,,,,,,125,1,,,,Corn and other Brooms ,25,125,,,,,,,,,,,,,,,,,,,,,,,,,,,,,,,,,,,,,,,,,,,,,
DUXBURV,296,,,,,,,2,,,,Fire Wood prepared,2010,610,cords,,,,,,,,,,,,,,,,,,,,,,,,,,,,,,,,,,,,,,,,,,,,
DUXBURV,296,,,,,,,,,,,Fruit raised,736,2944,bush,,,,,,,,,,,,,,,,,,,,,,,,,,,,,,,,,,,,,,,,,,,,
DUXBURV,296,Soap and Tallow Candle Manufactories,1,,,,1,1,,,,hard soap ,5200,5,tons,st,,300,bbls, all the soap,,,,,,,,,,,,,,,,,,,,,,,,,,,,,,,,,,,,,,,
DUXBURV,296,,,,,,,,,,,Horses .,7735,221,head,neat cattle,8965,509,head,swine,2256,287,head,,,,,,,,,,,,,,,,,,,,,,,,,,,,,,,,,,,,
DUXBURV,296,,,,,,,5,,,,Lumber prepared,1690,159000,feet,,,,,,,,,,,,,,,,,,,,,,,,,,,,,,,,,,,,,,,,,,,,
DUXBURV,296,,,,,,,,,,,Whale Oil consumed,240,252,galls,other oil,350,630,galls,anthracite coal  consumed ,1750,250,tons,,,,,,,,,,,,,,,,,,,,,,,,,,,,,,,,,,,,
HALIFAX,296,Woollen Mills,2,,,,,,40,30,,wool consumed,75000,100000,lbs,cassimere ,12000,75000,yds,satinet,,25000,yds,,,,,,,,,,,,,,,,,,,,,,,,,,,,,,,,,,,,
DUXBURV,296,,,,,,,,,,,,,,,,,,,,,,,,,,,,,,,,,,,,,,,,,,,,,,,,,,,,,,,,,,
DUXBURV,296,,,,,,,,,,,,198,,,,89,,,Merino Sheep ,,99,head,merino wool produced  lbs.,,297,lbs,,,,,,,,,,,,,,,,,,,,,,,,,,,,,,,,
HALIFAX,296,,,,,,,,,,,,,,,,,,,,,,,,,,,,,,,,,,,,,,,,,,,,,,,,,,,,,,,,,,
HANOVER,297,Cotton   Gin  Manufactorics,1,,,,500,1,,,,   gins  ,444,,,,,,,,,,,,,,,,,,,,,,,,,,,,,,,,,,,,,,,,,,,,,,
HANOVER,297,Establishments    Rail-road Cars Coaches Chaises and  other  Vehicles,1,,,,200,2,,,, vehicles ,400,,,,,,,,,,,,,,,,,,,,,,,,,,,,,,,,,,,,,,,,,,,,,,
HANOVER,297,forges,3,,,,18000,11,,,,bar iron anchors cables and other   wrought iron  ,24800,170,tons,,,,,,,,,,,,,,,,,,,,,,,,,,,,,,,,,,,,,,,,,,,,
HALIFAX,297,,,,,,,,,,,Butter,1357,9055,lbs,.cheese,925,11700,lbs,honey,17,166,lbs,beeswax,2,6,lbs,,,,,,,,,,,,,,,,,,,,,,,,,,,,,,,,
HALIFAX,297,,,,,,,,,,,Fruit raised,219,862,bush,,,,,,,,,,,,,,,,,,,,,,,,,,,,,,,,,,,,,,,,,,,,
HANOVER,297,Tanneries,2,,,,1150,3,,,,hides  tanned,1412,450,,,,,,,,,,,,,,,,,,,,,,,,,,,,,,,,,,,,,,,,,,,,,
HANOVER,297,Furnaces    Hollow Ware  and Castings other than Pig Iron,1,,,,1000,3,,,,hollow ware and castings ,2840,35,tons,,,,,,,,,,,,,,,,,,,,,,,,,,,,,,,,,,,,,,,,,,,,
HALIFAX,297,,,,,,,,,,,Horses,5487,106,head,neat cattle,8425,425,head,swine,2162,176,head,,,,,,,,,,,,,,,,,,,,,,,,,,,,,,,,,,,,
HALIFAX,297,,,,,,,,,,,Indian Corn or Maize  raised,2930,3701,bush,rye,454,514,bush,barley,20,26,bush,oats,348,1031,bush,potatoes $,3053,10970,bnsh,other. esculent vegetables,151,495,bush,hay,7790,686,tons,,,,,,,,,,,,,,,,,,,,
HALIFAX,297,,,,,,,20462,,,,Lumber prepared,3655,325,tons,E. . Fire Wood prepared,1536,20448,cords,,,,,,,,,,,,,,,,,,,,,,,,,,,,,,,,,,,,,,,,
HALIFAX,297,,,,,,,,,,,Sperm Oil consumed,300,315,galls,lard oil,900,1575,galls,anthracite coal consumed in manufacturing,525,75,tons,other Foreign production consumed,2000,,,,,,,,,,,,,,,,,,,,,,,,,,,,,,,,,,
HANOVER,297,Tack and Brad Manufactories,2,,,,14000,12,,,,tacks and brads ,14000,80,tons,,,,,,,,,,,,,,,,,,,,,,,,,,,,,,,,,,,,,,,,,,,,
HALIFAX,297,,,,,,,,,,,,,,,,,,,,,,,,,,,,,,,,,,,,,,,,,,,,,,,,,,,,,,,,,,
HALIFAX,297,,,,,,,,,,,,373,,,,303,,,Merino  Sheep  ,,298,head,merino wool  produced   lbs.,,878,lbs,,,,,,,,,,,,,,,,,,,,,,,,,,,,,,,,
HANOVER,297,,,,,,,,,,,,,,,,,,,,,,,,,,,,,,,,,,,,,,,,,,,,,,,,,,,,,,,,,,
HANOVER,298,,,,,,,5,,,,  Wooden  Ware ,901,,,,,,,,,,,,,,,,,,,,,,,,,,,,,,,,,,,,,,,,,,,,,,
HANSON,298,Harness Manufactorics,1,,,,15,,,,, harnesses ,150,,,,,,,,,,,,,,,,,,,,,,,,,,,,,,,,,,,,,,,,,,,,,,
HANSON,298,Wagon Manufactories,1,,,,100,1,,,, vehicles ,460,,,,,,,,,,,,,,,,,,,,,,,,,,,,,,,,,,,,,,,,,,,,,,
HANSON,298,forges,1,,,,5000,4,,,,bar iron cables nnchors and other   wrough t iron ,9300,62,tons,,,,,,,,,,,,,,,,,,,,,,,,,,,,,,,,,,,,,,,,,,,,
HANOVER,298,,,,,,,,166,78,,Boots,97626,7397,pairs,shoes,,105902,pairs, boots  and shoes,,,,,,,,,,,,,,,,,,,,,,,,,,,,,,,,,,,,,,,
HANOVER,298,,,,,,,,,,,Butter,2798,17019,lbs,cheese,523,8425,lbs,honey,38,310,lbs,beeswax,15,44,lbs,,,,,,,,,,,,,,,,,,,,,,,,,,,,,,,,
HANOVER,298,,,,,,,8,,,,Fire Wood prepared,25,906,cords,,,,,,,,,,,,,,,,,,,,,,,,,,,,,,,,,,,,,,,,,,,,
HANSON,298,,,,,,,,,,,Flannel or Blanketing ,9,22,yds,woollen  yarn ,4,10,lbs,,,,,,,,,,,,,,,,,,,,,,,,,,,,,,,,,,,,,,,,
HANOVER,298,,,,,,,,,,,Fruit raised,1289,5121,bush,,,,,,,,,,,,,,,,,,,,,,,,,,,,,,,,,,,,,,,,,,,,
HANSON,298,Soap Man ufactories,2,,,,50,2,,,,hard soap ,1520,2,tons,st,,70,bbls,,,,,,,,,,,,,,,,,,,,,,,,,,,,,,,,,,,,,,,,
HANOVER,298,,,,,,,,,,,Horses,5832,131,head,neat cattle,8794,467,head,swine,3188,319,head,,,,,,,,,,,,,,,,,,,,,,,,,,,,,,,,,,,,
HANOVER,298,,,,,,,,,,,Indian Corn or Maize raised,2312,3522,bush,rye,585,731,bush,barley,32,57,bush,oats,56,122,bush,potatoes,4310,17240,bush,hay,572,825,tons,,8657,,,,,,,,,,,,,,,,,,,,,,
HANOVER,298,,,,,,,,,,,Lumber prepared,3867,453583,feet,,,,,,,,,,,,,,,,,,,,,,,,,,,,,,,,,,,,,,,,,,,,
HANSON,298,Rolling Slitting and Nail Mills,1,,,,3000,10,,,,nai ls ,6000,50,tons,,,,,,,,,,,,,,,,,,,,,,,,,,,,,,,,,,,,,,,,,,,,
HANOVER,298,,,,,,,,,,,Sheep total,700,382,head,Wool total,321,1125,lbs,,,,,,,,,,,,,,,,,,,,,,,,,,,,,,,,,,,,,,,,
HANSON,298,,,,,,,1,,,,tack machines  ,1400,15,,,,,,,,,,,,,,,,,,,,,,,,,,,,,,,,,,,,,,,,,,,,,
HANSON,298,Tack and Brad Man ufactorics,3,,,,10000,25,,,,tacks and brads ,21375,202,tons,,,,,,,,,,,,,,,,,,,,,,,,,,,,,,,,,,,,,,,,,,,,
HANOVER,298,,,,,,,,,,,Whale Oil consumed,9,18,galls,anthracite coal consumed,2520,378,tons,,,,,,,,,,,,,,,,,,,,,,,,,,,,,,,,,,,,,,,,
HANOVER,298,,,,,,,,,,,,,,,,,,,,,,,,,,,,,,,,,,,,,,,,,,,,,,,,,,,,,,,,,,
HANOVER,298,,,Vessels launched,2,365,,20,,,,,12000,,,,,,,,,,,,,,,,,,,,,,,,,,,,,,,,,,,,,,,,,,,,,,
HANSON,298,,,,,,,,,,,,,,,,,,,,,,,,,,,,,,,,,,,,,,,,,,,,,,,,,,,,,,,,,,
HANSON,299,,,,,,,2,,,,  Lumber ,1906,,,,,,,,,,,,,,,,,,,,,,,,,,,,,,,,,,,,,,,,,,,,,,
HANSON,299,Tanneries,1,,,,700,1,,,, leather tanned and curried,1000,,,,,,,,,,,,,,,,,,,,,,,,,,,,,,,,,,,,,,,,,,,,,,
HANSON,299,,,,,,,,,,,Asses,10,1,head,horses,5060,123,head,horses,6394,123,,neat cattle,3722,394,head,swine,,246,head,,,,,,,,,,,,,,,,,,,,,,,,,,,,
HINGHAM,299,Axe Manufactories,2,,,,2000,6,,,,axes and other edge tools ,3800,6408,,,,,,,,,,,,,,,,,,,,,,,,,,,,,,,,,,,,,,,,,,,,,
HINGHAM,299,forges,9,,,,3600,11,,,,bar iron anchors cables and other    wrought  iron ,5100,21,tons,,,,,,,,,,,,,,,,,,,,,,,,,,,,,,,,,,,,,,,,,,,,
HANSON,299,,,,,,,,133,175,,Boots  ,66257,2380,pairs,shoes,,82050,pairs, boots and shoes,,,,,,,,,,,,,,,,,,,,,,,,,,,,,,,,,,,,,,,
HANSON,299,,,,,,,,,,,Butter,1600,9597,lbs,cheese,326,41650,lbs,honey,17,280,lbs,beeswax,17,33,lbs,,,,,,,,,,,,,,,,,,,,,,,,,,,,,,,,
HANSON,299,,,,,,,2,,,,Fire Wood prepared,1866,736,cords,,,,,,,,,,,,,,,,,,,,,,,,,,,,,,,,,,,,,,,,,,,,
HANSON,299,,,,,,,,,,,Fruit raised  l,663,442,bush,hops,4,20,lbs,,,,,,,,,,,,,,,,,,,,,,,,,,,,,,,,,,,,,,,,
HINGHAM,299,Establishments    Worsted Goods,1,,,,3000,,16,64,,goods ,40000,30000,yds,,,,,,,,,,,,,,,,,,,,,,,,,,,,,,,,,,,,,,,,,,,,
HINGHAM,299,Establishments  Bleaching or Coloring Cotton Goods not connected wit h Calico Establishments,1,,,,1500,5,,,,goods bleached or colored,1000,12000,yds,,,,,,,,,,,,,,,,,,,,,,,,,,,,,,,,,,,,,,,,,,,,
HINGHAM,299,Furnaces    Hollow Ware and Castings  other than Pig Iron,2,,,,11000,16,,,,hollow ware and castings ,13200,221,tons,,,,,,,,,,,,,,,,,,,,,,,,,,,,,,,,,,,,,,,,,,,,
HANSON,299,,,,,,,,,,,Indian Corn or Maize raised,6322,8429,bush,wheat,20,13,bush,rye,409,454,bush,barley,113,150,bush,oats,128,319,bush,potatoes,10591,42365,bush, other esculent vegetaLles,600,620,tons,hay,7285,,,,,,,,,,,,,,,,,,
HANSON,299,,,,,,,,,,,Sheep total,313,217,head,wool prod uced,195,651,lbs,,,,,,,,,,,,,,,,,,,,,,,,,,,,,,,,,,,,,,,,
HANSON,299,,,,,,4950,9,,,,Shoe Boxes ,8325,32500,,,,,,,,,,,,,,,,,,,,,,,,,,,,,,,,,,,,,,,,,,,,,
HANSON,299,,,,,,,,,,,,,,,,,,,,,,,,,,,,,,,,,,,,,,,,,,,,,,,,,,,,,,,,,,
HANSON,299,Shoe Fitting Machines,36,,,,,1,,,,,54,,,,,,,,,,,,,,,,,,,,,,,,,,,,,,,,,,,,,,,,,,,,,,
HINGHAM,299,,,,,,,,,,,,,,,,,,,,,,,,,,,,,,,,,,,,,,,,,,,,,,,,,,,,,,,,,,
HINGHAM,300,Saddle Harness and Trunk Manufactories,3,,,,500,3,,,,  ,700,,,,,,,,,,,,,,,,,,,,,,,,,,,,,,,,,,,,,,,,,,,,,,
HINGHAM,300,Chair  and  Cabinet  Ware  Manufactories,4,,,,4900,15,,,,  ,10200,,,,,,,,,,,,,,,,,,,,,,,,,,,,,,,,,,,,,,,,,,,,,,
HINGHAM,300,,,,,,,2,,,, Blocks Spars and Pumps ,1500,,,,,,,,,,,,,,,,,,,,,,,,,,,,,,,,,,,,,,,,,,,,,,
HINGHAM,300,,,,,,,1,,,, Mechanics' Tools ,50,,,,,,,,,,,,,,,,,,,,,,,,,,,,,,,,,,,,,,,,,,,,,,
HINGHAM,300,Establishments    Rail-road Cars Coaches Chaises and other Vehicles,3,,,,1500,7,,,, vehicles ,3600,,,,,,,,,,,,,,,,,,,,,,,,,,,,,,,,,,,,,,,,,,,,,,
HINGHAM,300,Tin Ware Manufactories,2,,,,1400,4,,,, ware,2200,,,,,,,,,,,,,,,,,,,,,,,,,,,,,,,,,,,,,,,,,,,,,,
HINGHAM,300,,,,,,,84,,,, Wooden Ware ,25066,,,,,,,,,,,,,,,,,,,,,,,,,,,,,,,,,,,,,,,,,,,,,,
HINGHAM,300,,,,,,,,,,,Anthracite coal consumed  in manufacturing,710,120,tons,bituminous coal mined  in  the U. States,288,32,chaldrons,eign bituminous coal,200,20,chaldrons,,,,,,,,,,,,,,,,,,,,,,,,,,,,,,,,,,,,
HINGHAM,300,,,,,,,,92,44,,Boots ,38097,2458,pairs,shoes,,27105,pairs, boots and shoes,,,,,,,,,,,,,,,,,,,,,,,,,,,,,,,,,,,,,,,
HINGHAM,300,Cordage Manufactories,1,,,,10000,22,,,,cordage ,28000,150,tons,,,,,,,,,,,,,,,,,,,,,,,,,,,,,,,,,,,,,,,,,,,,
HINGHAM,300,,,,,,,,,,,Fire Wood prepared,8575,2007,cords,,,,,,,,,,,,,,,,,,,,,,,,,,,,,,,,,,,,,,,,,,,,
HINGHAM,300,Establishments    Fire Arms,1,,,,100,1,,,,fowling-pieces ,500,50,,,,,,,,,,,,,,,,,,,,,,,,,,,,,,,,,,,,,,,,,,,,,
HINGHAM,300,Hat and Cap Manufactories,3,,,,1800,23,,,,hats and caps ,26500,11916,,,,,,,,,,,,,,,,,,,,,,,,,,,,,,,,,,,,,,,,,,,,,
HINGHAM,300,Tanneries,3,,,,10500,6,,,,hides tanned,10100,3225,, leather tanned and curried,,,,,,,,,,,,,,,,,,,,,,,,,,,,,,,,,,,,,,,,,,,
HINGHAM,300,,,,,,,,,,,Horses,10500,210,head,neat  cattle,18740,733,head,swine,2330,233,head,,,,,,,,,,,,,,,,,,,,,,,,,,,,,,,,,,,,
HINGHAM,300,,,,,,,2,,,,Lumber prepared,319,33000,feet,,,,,,,,,,,,,,,,,,,,,,,,,,,,,,,,,,,,,,,,,,,,
HINGHAM,300,Plough  Manufactories,1,,,,800,2,,,,ploughs  and  other   agricuJtural tools ,1200,150,,,,,,,,,,,,,,,,,,,,,,,,,,,,,,,,,,,,,,,,,,,,,
HINGHAM,300,Establishments     Salt,2,,,,6800,2,,,,salt ,496,1675,bush,,,,,,,,,,,,,,,,,,,,,,,,,,,,,,,,,,,,,,,,,,,,
HINGHAM,300,,,,,,,,,,,Sheep total,1546,773,head,wool prod uced,699,2590,lbs,,,,,,,,,,,,,,,,,,,,,,,,,,,,,,,,,,,,,,,,
HINGHAM,300,,,Vessels employed in Mackerel and Cod Fisheries,28,,28,311,,,,mackerel,66558,9341,bbls,salt consumed,33000,14482,bush,,,,,,,,,,,,,,,,,,,,,,,,,,,,,,,,,,,,,,,,
HINGHAM,300,,,,,,,,,,,,,,,,,,,,,,,,,,,,,,,,,,,,,,,,,,,,,,,,,,,,,,,,,,
HINGHAM,300,,,Vessels launched,1,550,,20,,,,,23000,,,,,,,,,,,,,,,,,,,,,,,,,,,,,,,,,,,,,,,,,,,,,,
HULL,301,,,,,,,,5,,,Boots ,,175,pairs,shoes,,300,pairs,,,,,,,,,,,,,,,,,,,,,,,,,,,,,,,,,,,,,,,,
HINGHAM,301,,,,,,,,,,,Butter,4474,24860,lbs,cheese,300,4300,lbs,honey,32,160,lbs,,,,,,,,,,,,,,,,,,,,,,,,,,,,,,,,,,,,
HULL,301,,,,,,,,,,,Butter,80,400,lbs,cheese,24,300,lbs,,,,,,,,,,,,,,,,,,,,,,,,,,,,,,,,,,,,,,,,
HINGHAM,301,,,,,,,,,,,Fruit raised,3174,8431,bush,,,,,,,,,,,,,,,,,,,,,,,,,,,,,,,,,,,,,,,,,,,,
HULL,301,,,,,,,,,,,Fruit raised,310,497,bush,,,,,,,,,,,,,,,,,,,,,,,,,,,,,,,,,,,,,,,,,,,,
HULL,301,,,,,,,,,,,Horses ,111550,111550,head,neat cattle,1785,51,head,swine,440,44,head,,,,,,,,,,,,,,,,,,,,,,,,,,,,,,,,,,,,
HULL,301,,,,,,,,,,,Indian  Corn  or  Maize  raised,172,245,bush,rye,15,20,bush,barley,216,360,bush,potatoes,357,1021,bush, other esculent vegetables,285,325,tons,hay,2600,,,,,,,,,,,,,,,,,,,,,,,,,,
HINGHAM,301,,,,,,,,,,,Indian Corn or Maize raised,3029,4039,bush,rye,669,787,bush,barley,176,294,bush,oats,22,55,bush,potatoes,3459,11530,bush,other escu­ lent vegetables,800,100,tons,hay,,1492,tons,,,,,,,,,,,,,,,,,,,,
HULL,301,,,Vessels employed in the Mackerel and Cod Fisheries,4,153,1500,23,,,,mackerel,1500,200,bbls,salt consumed,,200,bush,,,,,,,,,,,,,,,,,,,,,,,,,,,,,,,,,,,,,,,,
KINGSTON,301,forges,2,,,,10000,5,,,,ron anchors cables and other ·  wrought iron ,11500,80,tons,,,,,,,,,,,,,,,,,,,,,,,,,,,,,,,,,,,,,,,,,,,,
HULL,301,Establishments     Salt,2,,,,4000,3,,,,salt ,726,2200,bush,,,,,,,,,,,,,,,,,,,,,,,,,,,,,,,,,,,,,,,,,,,,
HULL,301,,,,,,,,,,,Sheep total,419,381,head,Wool total,,1675,lbs,,,,,,,,,,,,,,,,,,,,,,,,,,,,,,,,,,,,,,,,
KINGSTON,301,Cotton Mills,1,,,,6000,,1,12,,spindles,,590,lbs,cotton consumed,,10000,lbs,yarn  and not made into cloth,,8350,,,,,,,,,,,,,,,,,,,,,,,,,,,,,,,,,,,,,
HINGHAM,301,,,,,,,,,,,,,,,,,,,,,,,,,,,,,,,,,,,,,,,,,,,,,,,,,,,,,,,,,,
HULL,301,,,,,,,,,,,,,,,,,,,,,,,,,,,,,,,,,,,,,,,,,,,,,,,,,,,,,,,,,,
KINGSTON,301,,,,,,,,,,,,,,,,,,,,,,,,,,,,,,,,,,,,,,,,,,,,,,,,,,,,,,,,,,
KINGSTON,302,Saddle Harness and Trunk Manufactories,1,,,,400,1,,,,,150,,,,,,,,,,,,,,,,,,,,,,,,,,,,,,,,,,,,,,,,,,,,,,
KINGSTON,302,,,,,,,6,,,, Augers ,1000,,,,,,,,,,,,,,,,,,,,,,,,,,,,,,,,,,,,,,,,,,,,,,
KINGSTON,302,Tanneries,2,,,,2000,2,,,, leather  tanned  and curried,800,,,,,,,,,,,,,,,,,,,,,,,,,,,,,,,,,,,,,,,,,,,,,,
KINGSTON,302,,,,,,,2,,,, Potters' Ware ,500,,,,,,,,,,,,,,,,,,,,,,,,,,,,,,,,,,,,,,,,,,,,,,
KINGSTON,302,Axe Manufactories,1,,,,400,2,,,,axes and other edge tools ,700,400,,,,,,,,,,,,,,,,,,,,,,,,,,,,,,,,,,,,,,,,,,,,,
KINGSTON,302,,,,,,,,32,25,,Boots ,30000,2300,pairs,shoes,,34300,pairs, boots and shoes,,,,,,,,,,,,,,,,,,,,,,,,,,,,,,,,,,,,,,,
KINGSTON,302,,,,,,,,,,,Butter,1590,9541,lbs,cheese,216,3095,lbs,,,,,,,,,,,,,,,,,,,,,,,,,,,,,,,,,,,,,,,,
KINGSTON,302,,,,,,,10,,,,Fire Wood prepared,6376,2211,cords,,,,,,,,,,,,,,,,,,,,,,,,,,,,,,,,,,,,,,,,,,,,
KINGSTON,302,,,,,,500,2,,,,Frames  Harnesses ,600,600,pairs,,,,,,,,,,,,,,,,,,,,,,,,,,,,,,,,,,,,,,,,,,,,
KINGSTON,302,,,,,,,,,,,Fruit raised,834,4020,bush,,,,,,,,,,,,,,,,,,,,,,,,,,,,,,,,,,,,,,,,,,,,
KINGSTON,302,Pig Iron,1,,,,7000,10,,,,hollow ware and castings ,8000,100,tons,,,,,,,,,,,,,,,,,,,,,,,,,,,,,,,,,,,,,,,,,,,,
KINGSTON,302,,,,,,,,,,,Horses,5000,117,head,neat cattle,6919,342,head,swine,1942,259,head, swine slaughtered,5000,5000,,V.  swine slaughtered $.,,,head,,,,,,,,,,,,,,,,,,,,,,,,,,,,
KINGSTON,302,,,,,,,,,,,Indian Corn or Maize raised,2511,3349,bush,wheat,19,19,bush,rye,763,763,bush,barley,40,55,bush,oats,60,182,bush,potatoes,2500,10000,bush,other esculent vegetables,352,1440,bush,bay,8748,809,tons,,,,,,,,,,,,,,,,
KINGSTON,302,,,,,,,3,,,,Lumber prepared,1400,164000,feet,,,,,,,,,,,,,,,,,,,,,,,,,,,,,,,,,,,,,,,,,,,,
KINGSTON,302,,,Vessels employed in the Mackerel and Cod Fisheries,15,1418,30000,128,,,,mackerel,350,50,bbls,cod fish:,34500,11740,quintals,salt consumed,,13840,bush,,,,,,,,,,,,,,,,,,,,,,,,,,,,,,,,,,,,
KINGSTON,302,,,,,,,,,,,Sheep total,327,213,head,wool prod uced,140,524,lbs,,,,,,,,,,,,,,,,,,,,,,,,,,,,,,,,,,,,,,,,
KINGSTON,302,,,,,,,,,,,Ship timber,900,100,tons,,,,,,,,,,,,,,,,,,,,,,,,,,,,,,,,,,,,,,,,,,,,
KINGSTON,302,Soap and Tallow Candle Manufactories,1,,,,1000,2,,,,soap ,3600,72000,lbs,,,,,,,,,,,,,,,,,,,,,,,,,,,,,,,,,,,,,,,,,,,,
KINGSTON,302,Tack  and Brad Manufactories,3,,,,,,,,,tacks and brads ,,87,,,,,,,,,,,,,,,,,,,,,,,,,,,,,,,,,,,,,,,,,,,,,
KINGSTON,302,,,,,,,,,,,,,,,,,,,,,,,,,,,,,,,,,,,,,,,,,,,,,,,,,,,,,,,,,,
KINGSTON,302,,,,,,,,,,,,,,,,,,,,,,,,,,,,,,,,,,,,,,,,,,,,,,,,,,,,,,,,,,
KINGSTON,302,,,,,,8500,15,,,,,17400,,,,,,,,,,,,,,,,,,,,,,,,,,,,,,,,,,,,,,,,,,,,,,
KINGSTON,302,,,Vessels launched,3,337,,9,,,,,15500,,,,,,,,,,,,,,,,,,,,,,,,,,,,,,,,,,,,,,,,,,,,,,
MIDDLEBOROUGH,303,forges,1,,,,1000,2,,,,bar iron anchors cables and other   wrough t iron ,2500,30,tons,,,,,,,,,,,,,,,,,,,,,,,,,,,,,,,,,,,,,,,,,,,,
MARSHFIELD,303,,,,,,,,4,,,Boots ,1166,135,pairs,shoes,,797,pairs, boots and shoes,,,,,,,,,,,,,,,,,,,,,,,,,,,,,,,,,,,,,,,
MARSHFIELD,303,,,,,,,,,,,Butter,3555,22220,lbs,cheese,710,10137,lbs,honey,35,175,tons,beeswax,7,21,lbs,,,,,,,,,,,,,,,,,,,,,,,,,,,,,,,,
MIDDLEBOROUGH,303,Cotton Mills,2,,,,32000,,30,47,,cotton consumed,40024,157164,lbs,sheeting ,208,255697,yds,printing  cloth,,350000,yds, all  the  cloth  ,,26001,,batt ing    l bs,,,,,,,,,,,,,,,,,,,,,,,,,,,,,,,
MIDDLEBOROUGH,303,Rolling Slitting and Nail Mills,1,,,,8500,23,,,,cut nails ,18650,220000,lbs,wrought nails,,51500,lbs,  all the nails,,,,,,,,,,,,,,,,,,,,,,,,,,,,,,,,,,,,,,,
MARSHFIELD,303,,,,,,,,,,,Fire Wood  prepared,2758,932,cords,,,,,,,,,,,,,,,,,,,,,,,,,,,,,,,,,,,,,,,,,,,,
MARSHFIELD,303,,,,,,,,,,,Fruit raised,2087,8347,bush,,,,,,,,,,,,,,,,,,,,,,,,,,,,,,,,,,,,,,,,,,,,
MARSHFIELD,303,,,,,,,,,,,Horses,7335,163,head,neat  cattle,16510,807,head,swine,7119,375,head,,,,,,,,,,,,,,,,,,,,,,,,,,,,,,,,,,,,
MARSHFIELD,303,,,,,,,,,,,India n Corn or Maize raised,4602,6136,bush,wheat,189,189,bush,rye,1184,1480,bush,barley,3,5,bush,oats,535,1337,bush,potatoes,3934,19671,bush,other csculen t vegetables,755,3775,bush,hay,23190,3019,tons,,,,,,,,,,,,,,,,
MARSHFIELD,303,,,,,,,,,,,Lumber prepared,2022,262000,feet,,,,,,,,,,,,,,,,,,,,,,,,,,,,,,,,,,,,,,,,,,,,
MARSHFIELD,303,,,,,,,,,,,Sheep total,1160,773,head,Wool total,554,2215,lbs,,,,,,,,,,,,,,,,,,,,,,,,,,,,,,,,,,,,,,,,
MARSHFIELD,303,Cotton Mills,2,,,,18000,,8,26,,sheeting ,7762,115000,yds,yarn  and not made in to cloth,4960,31000,lbs,batting ,70,1000,lbs,,,,,,,,,,,,,,,,,,,,,,,,,,,,,,,,,,,,
MARSHFIELD,303,,,,,,,,,,,Sperm Oil consumed,162,170,galls,,,,,anthracite coal consumed in manufactu ring,,,,,,,,,,,,,,,,,,,,,,,,,,,,,,,,,,,,,,,
MARSHFIELD,303,,,,,,,,,,,Wool carded,,1500,lbs,,,,,,,,,,,,,,,,,,,,,,,,,,,,,,,,,,,,,,,,,,,,
MARSHFIELD,303,,,,,,,,,,,,,,,,,,,,,,,,,,,,,,,,,,,,,,,,,,,,,,,,,,,,,,,,,,
MIDDLEBOROUGH,303,,,,,,,,,,,,,,,,,,,,,,,,,,,,,,,,,,,,,,,,,,,,,,,,,,,,,,,,,,
tons,303,,,,,,,,,,,,,,,,,,,,,,,,,,,,,,,,,,,,,,,,,,,,,,,,,,,,,,,,,,
MIDDLEBOROUGH,304,Saddle Harness and Trunk Manufnctories,1,,,,200,1,,,,  ,180,,,,,,,,,,,,,,,,,,,,,,,,,,,,,,,,,,,,,,,,,,,,,,
MIDDLEBOROUGH,304,Chair  and  Cabinet  Ware  Manufactories,3,,,,1520,6,,,,   ,1780,,,,,,,,,,,,,,,,,,,,,,,,,,,,,,,,,,,,,,,,,,,,,,
MIDDLEBOROUGH,304,,,,,,,1,,,, Blocks and Pumps ,150,,,,,,,,,,,,,,,,,,,,,,,,,,,,,,,,,,,,,,,,,,,,,,
MIDDLEBOROUGH,304,,,,,,,12,,,, Building Stone quarried and prepared,2000,,,,,,,,,,,,,,,,,,,,,,,,,,,,,,,,,,,,,,,,,,,,,,
MIDDLEBOROUGH,304,,,,,,,1,,,, Mechanics' Tools ,100,,,,,,,,,,,,,,,,,,,,,,,,,,,,,,,,,,,,,,,,,,,,,,
MIDDLEBOROUGH,304,,,,,,1500,3,,,, Snuff Tobacco and Cigars ,1500,,,,,,,,,,,,,,,,,,,,,,,,,,,,,,,,,,,,,,,,,,,,,,
MIDDLEBOROUGH,304,Establish ments        R ail-rad  Cars Coaches  Chaise and other Vehicles,917,,,,2000,9,,,, vehicles ,3100,,, vehicles ,3100,,,,,,,,,,,,,,,,,,,,,,,,,,,,,,,,,,,,,,,,,,
MIDDLEBOROUGH,304,,,,,,,2,,,, Wooden Ware ,300,,,,,,,,,,,,,,,,,,,,,,,,,,,,,,,,,,,,,,,,,,,,,,
MIDDLEBOROUGH,304,Manufactories  Shovels Spades ks and  Hoes,3,,,,,38,,,,,14200,42250,,,,,,,,,,,,,,,,,,,,,,,,,,,,,,,,,,,,,,,,,,,,,
MIDDLEBOROUGH,304,,,,,,,,60,18,,Boots  ,42793,309,pairs,shoes,,60140,pairs,  boots  and shoes,,,,,,,,,,,,,,,,,,,,,,,,,,,,,,,,,,,,,,,
MIDDLEBOROUGH,304,,,,,,,,70,20,,Boots  ,,3476,pairs,shoes,,57776,pairs,,,,,,,,,,,,,,,,,,,,,,,,,,,,,,,,,,,,,,,,
MIDDLEBOROUGH,304,,,,,,671100,,,,,Char­coal,4694,671100,bush,,,,,,,,,,,,,,,,,,,,,,,,,,,,,,,,,,,,,,,,,,,,
MIDDLEBOROUGH,304,Latch and Door Handle Manufactories,1,,,,600,3,,,,door handles and latches ,1200,1200,doz,,,,,,,,,,,,,,,,,,,,,,,,,,,,,,,,,,,,,,,,,,,,
MIDDLEBOROUGH,304,,,,,,,12,,,,Fire Wood prepared,10194,3707,cords,,,,,,,,,,,,,,,,,,,,,,,,,,,,,,,,,,,,,,,,,,,,
MIDDLEBOROUGH,304,Furnaces     Hollow Ware  and Castings other than Pig Iron,1,,,,1000,18,,,,hollow ware and castings ,5000,225,tons,,,,,,,,,,,,,,,,,,,,,,,,,,,,,,,,,,,,,,,,,,,,
MIDDLEBOROUGH,304,,,,,,,16,,,,Lumber  prepared,7631,693700,feet, lumber  and shingles,,,,,,,,,,,,,,,,,,,,,,,,,,,,,,,,,,,,,,,,,,,
MIDDLEBOROUGH,304,,,,,,500,3,,,,Nail Casks ,1260,14000,,,,,,,,,,,,,,,,,,,,,,,,,,,,,,,,,,,,,,,,,,,,,
MIDDLEBOROUGH,304,,,,,,,,,,,Sheep total,1924,1539,head,Wool total,947,37881,lbs,,,,,,,,,,,,,,,,,,,,,,,,,,,,,,,,,,,,,,,,
MIDDLEBOROUGH,304,,,,,,,,,,,Sperm Oil consumed,290,330,galls,anthracite coal consumed,980,124,tons,Other American production consumed,926,,,other Foreign production consumed,4505,,,,35,,,,,,,,,,,,,,,,,,,,,,,,,,,,,,
MIDDLEBOROUGH,304,,,,,,,,,196,,Straw Bonnets and Hats  ,25549350,18479,, straw braid  and not made into bonnets and hats,70,,,,,,,,,,,,,,,,,,,,,,,,,,,,,,,,,,,,,,,,,,
MIDDLEBOROUGH,304,Tack and Brad Manufactories,1,,,,5000,4,,,,tacks and brads ,4500,75000,lbs,,,,,,,,,,,,,,,,,,,,,,,,,,,,,,,,,,,,,,,,,,,,
MIDDLEBOROUGH,304,,,,,,,,,,,,,,,,,,,,,,,,,,,,,,,,,,,,,,,,,,,,,,,,,,,,,,,,,,
MIDDLEBOROUGH,304,Tin Ware Manufactories,2,,,,750,,,,,,,,,,,,,,,,,,,,,,,,,,,,,,,,,,,,,,,,,,,,,,,,,,,,
MIDDLEBOROUGH,305,Manufactories  Shovels Spades ks and Hoes,1,,,,500,2,,,,  ,2000,,,,,,,,,,,,,,,,,,,,,,,,,,,,,,,,,,,,,,,,,,,,,,
MIDDLEBOROUGH,305,Saddle Harness and Trunk Manufactories,1,,,,300,3,,,,  ,1500,,,,,,,,,,,,,,,,,,,,,,,,,,,,,,,,,,,,,,,,,,,,,,
MIDDLEBOROUGH,305,Chair  and  Cabinet  Ware  Manufnctories,2,,,,18571,48,,,,   ,38000,,,,,,,,,,,,,,,,,,,,,,,,,,,,,,,,,,,,,,,,,,,,,,
MIDDLEBOROUGH,305,Brush  Manufactories,1,,,,6000,21,,,,  brushes  ,21500,,,,,,,,,,,,,,,,,,,,,,,,,,,,,,,,,,,,,,,,,,,,,,
MIDDLEBOROUGH,305,Tin Ware and  Stove Manufactories,2,,,,2200,11,,,,  ware,6074,,,,,,,,,,,,,,,,,,,,,,,,,,,,,,,,,,,,,,,,,,,,,,
MIDDLEBOROUGH,305,,,,,,,239,,,, Blocks and Pumps ,361,,,,,,,,,,,,,,,,,,,,,,,,,,,,,,,,,,,,,,,,,,,,,,
MIDDLEBOROUGH,305,Musical Instrument Manufactories,1,,,,350,2,,,, instruments ,900,,,,,,,,,,,,,,,,,,,,,,,,,,,,,,,,,,,,,,,,,,,,,,
MIDDLEBOROUGH,305,,,,,,5200,9,,,, Snuff Tobacco and Cigars ,5200,,,,,,,,,,,,,,,,,,,,,,,,,,,,,,,,,,,,,,,,,,,,,,
MIDDLEBOROUGH,305,Establishments    Rail-road Cars -coaches Chaises and' other Vehicles,1,,,,300,3,,,, vehicles  ,1590,,,,,,,,,,,,,,,,,,,,,,,,,,,,,,,,,,,,,,,,,,,,,,
MIDDLEBOROUGH,305,,,,,,,,301,203,,Boots ,179716,44711,pairs,shoes,,155476,pairs,,,,,,,,,,,,,,,,,,,,,,,,,,,,,,,,,,,,,,,,
MIDDLEBOROUGH,305,,,,,,,,,,,Butter,8481,50887,lbs,cheese,2481,35446,lbs,honey,78,466,lbs,,,,,,,,,,,,,,,,,,,,,,,,,,,,,,,,,,,,
MIDDLEBOROUGH,305,,,,,,,,,,,Fruit raised,1200,20960,bush,cranberries,,600,bush,,,,,,,,,,,,,,,,,,,,,,,,,,,,,,,,,,,,,,,,
MIDDLEBOROUGH,305,,,,,,,,,,,Fruit Trees raised,175,1150,,,,,,,,,,,,,,,,,,,,,,,,,,,,,,,,,,,,,,,,,,,,,
MIDDLEBOROUGH,305,Hat and Cap Manufactories,1,,,,500,3,,,,hats  and caps  $,2500,1040,,,,,,,,,,,,,,,,,,,,,,,,,,,,,,,,,,,,,,,,,,,,,
MIDDLEBOROUGH,305,,,,,,,,,,,Horses,2700,540,head,neat  cattle,31746,2442,head,swine,8856,984,head,,,,,,,,,,,,,,,,,,,,,,,,,,,,,,,,,,,,
MIDDLEBOROUGH,305,,,,,,,,,,,Indian Corn or Maize raised,16266,2688,bush,wheat,133,133,bush,rye,3356,3948,bush,bar­ ley,131,174,bush,oats,323,7956,bush,potatoes,13935,55741,bush,other esculent vegetables,1526,6102,bush,hay,41438,3453,tons,,,,,,,,,,,,,,,,
MIDDLEBOROUGH,305,,,,,,,,,,,,,,,,,,,,,,,,,,,,,,,,,,,,,,,,,,,,,,,,,,,,,,,,,,
MIDDLEBOROUGH,305,,,,,,,,,,,,,,,,,,,,,,,,,,,,,,,,,,,,,,,,,,,,,,,,,,,,,,,,,,
MIDDLEBOROUGH,306,Shoe Last and  Boot  Tree Manufactories,1,,,,1500,7,,,,  ,7995,,,,,,,,,,,,,,,,,,,,,,,,,,,,,,,,,,,,,,,,,,,,,,
PEMBROKE,306,Chair and Cabinet Ware Manufactories,1,,,,1,1,,,,  ,45,,,,,,,,,,,,,,,,,,,,,,,,,,,,,,,,,,,,,,,,,,,,,,
MIDDLEBOROUGH,306,,,,,,,19,,,,  Mechanics' Tools ,8250,,,,,,,,,,,,,,,,,,,,,,,,,,,,,,,,,,,,,,,,,,,,,,
PEMBROKE,306,,,,,,,3,,,, Building Stone quarried and prepared,475,,,,,,,,,,,,,,,,,,,,,,,,,,,,,,,,,,,,,,,,,,,,,,
MIDDLEBOROUGH,306,,,,,,300,1,,,, Machines  Rolling Leather,1599,,,,,,,,,,,,,,,,,,,,,,,,,,,,,,,,,,,,,,,,,,,,,,
MIDDLEBOROUGH,306,,,,,,400,6,,,, Packing Boxes ,2132,,,,,,,,,,,,,,,,,,,,,,,,,,,,,,,,,,,,,,,,,,,,,,
PEMBROKE,306,,,,,,1000,19,,,, Packing Boxes ,8250,,,,,,,,,,,,,,,,,,,,,,,,,,,,,,,,,,,,,,,,,,,,,,
PEMBROKE,306,,,,,,,,,,, Wagons ,50,,,,,,,,,,,,,,,,,,,,,,,,,,,,,,,,,,,,,,,,,,,,,,
PEMBROKE,306,,,,,,,,56,82,,Boots ,,650,pairs,shoes,,27180,pairs,,,,,,,,,,,,,,,,,,,,,,,,,,,,,,,,,,,,,,,,
MIDDLEBOROUGH,306,,,,,,,,,,,Butter,3279,20496,lbs,cheese,1862,23280,lbs,honey,28,235,lbs,beeswax,4,16,lbs,,,,,,,,,,,,,,,,,,,,,,,,,,,,,,,,
MIDDLEBOROUGH,306,,,,,,,,,,,Fire Wood prepared,4620,1155,cords,,,,,,,,,,,,,,,,,,,,,,,,,,,,,,,,,,,,,,,,,,,,
MIDDLEBOROUGH,306,,,,,,,,,,,Fruit raised,1812,7249,bush,,,,,,,,,,,,,,,,,,,,,,,,,,,,,,,,,,,,,,,,,,,,
PEMBROKE,306,,,,,,,,,,,Fruit raised,1249,6246,bush,,,,,,,,,,,,,,,,,,,,,,,,,,,,,,,,,,,,,,,,,,,,
MIDDLEBOROUGH,306,,,,,,,,,,,Horses,17520,292,head,neat  cattle,15800,632,head,swine,5070,338,head,,,,,,,,,,,,,,,,,,,,,,,,,,,,,,,,,,,,
PEMBROKE,306,,,,,,,,,,,Horses,3660,122,head,neat cattle,10160,508,head,swine,2292,291,head,,,,,,,,,,,,,,,,,,,,,,,,,,,,,,,,,,,,
MIDDLEBOROUGH,306,,,,,,,,,,,Indian Corn  or  Maize  raised,3333,5000,bush,rye,293,366,bush,ba rley,143,239,bush,oats,234,585,bush,potatoes,5777,23111,bush,other es­ culent  vegetables,600,2000,bush,millet,50,4,tons,hay,20230,1445,tons,,,,,,,,,,,,,,,,
PEMBROKE,306,,,,,,,,,,,Indian Corn or Maize raised,2993,3991,bush,wheat,3,2,bush,rye,800,964,bush,barley,81,108,bush,oats,259,648,bush,potatoes,3891,15563,bush,other esculent vegetables,406,1016,bush,hay,13020,1085,tons,,,,,,,,,,,,,,,,
MIDDLEBOROUGH,306,,,,,,,,,,,Lumber prepared,3531,300000,feet,,,,,,,,,,,,,,,,,,,,,,,,,,,,,,,,,,,,,,,,,,,,
PEMBROKE,306,,,,,,,,,,,Sheep total,473,315,head,Wool total,252,830,lbs,,,,,,,,,,,,,,,,,,,,,,,,,,,,,,,,,,,,,,,,
MIDDLEBOROUGH,306,,,,,,,,,,,,,,,,,,,,,,,,,,,,,,,,,,,,,,,,,,,,,,,,,,,,,,,,,,
PEMBROKE,306,,,,,,,,,,,,,,,,,,,,,,,,,,,,,,,,,,,,,,,,,,,,,,,,,,,,,,,,,,
PLYMOUTH,307,Saddle Harness and Trunk Manufactories,3,,,,1300,4,,,,  ,2550,,,,,,,,,,,,,,,,,,,,,,,,,,,,,,,,,,,,,,,,,,,,,,
PLYMOUTH,307,Chair  and Cabinet Ware  Ma.nufactories:,1,,,,300,2,,,,  ,600,,,,,,,,,,,,,,,,,,,,,,,,,,,,,,,,,,,,,,,,,,,,,,
PLYMOUTH,307,,,,,,,3,,,, Blocks and Pumps ,650,,,,,,,,,,,,,,,,,,,,,,,,,,,,,,,,,,,,,,,,,,,,,,
PLYMOUTH,307,,,,,,,4,,,, Building Stone quarried and prepared,1000,,,,,,,,,,,,,,,,,,,,,,,,,,,,,,,,,,,,,,,,,,,,,,
PLYMOUTH,307,Establishments    Rail-road Cars Coaches Chaises and other Vehicles,2,,,,1500,2,,,, vehicles ,700,,,,,,,,,,,,,,,,,,,,,,,,,,,,,,,,,,,,,,,,,,,,,,
PLYMOUTH,307,Tin Ware Manufactories,2,,,,3300,7,,,, ware,3100,,,,,,,,,,,,,,,,,,,,,,,,,,,,,,,,,,,,,,,,,,,,,,
PEMBROKE,307,,,,,,,,,,,Amount  paid    Bottoming  and  fitting  Boots  and Shoes,8716,,,,,,,,,,,,,,,,,,,,,,,,,,,,,,,,,,,,,,,,,,,,,,
PLYMOUTH,307,forges,1,,,,,3,,,,bar iron anchors and cables ,8800,16,tons,,,,,,,,,,,,,,,,,,,,,,,,,,,,,,,,,,,,,,,,,,,,
PLYMOUTH,307,,,,,,,,17,3,,Boots ,6326,1477,pairs,shoes,,825,pairs, boots and shoes,,,,,,,,,,,,,,,,,,,,,,,,,,,,,,,,,,,,,,,
PLYMOUTH,307,,,,,,,2,,,,Bricks ,600,100000,,,,,,,,,,,,,,,,,,,,,,,,,,,,,,,,,,,,,,,,,,,,,
PEMBROKE,307,,,,,,,,,,,Butter,2484,14611,lbs,cheese,325,4645,lbs,honey,15,74,lbs,beeswax,1,4,lbs,,,,,,,,,,,,,,,,,,,,,,,,,,,,,,,,
PLYMOUTH,307,Cordage Manufactories,5,,,,133700,139,,,,cordage ,203800,912,tons,,,,,,,,,,,,,,,,,,,,,,,,,,,,,,,,,,,,,,,,,,,,
PLYMOUTH,307,Tanneries,1,,,,3000,2,,,,hides tanned,1000,550,, leather tanned and curried,,,,,,,,,,,,,,,,,,,,,,,,,,,,,,,,,,,,,,,,,,,
PLYMOUTH,307,Rolling Slitting and Nail Mills,2,,,,100000,50,,,,iron  and not made into nails,55000,600,tons,nails ,85000,1000,tons,,,,,,,,,,,,,,,,,,,,,,,,,,,,,,,,,,,,,,,,
PLYMOUTH,307,Oil and Sperm Candle Manufactories,2,,,,45000,7,,,,oil ,38200,45500,galls,candles,8687,34750,lbs,,,,,,,,,,,,,,,,,,,,,,,,,,,,,,,,,,,,,,,,
PLYMOUTH,307,Cotton Mills,5,,,,23400,,31,47,,spindles,10000,2768,lbs,cotton  consumed,2018,187000,yds,duck ,4800,40000,lbs, cotton yarn ,2550,34000,,batting,,,,,,,,,,,,,,,,,,,,,,,,,,,,,,,
PEMBROKE,307,,,,,,,,,,,,,,,,,,,,,,,,,,,,,,,,,,,,,,,,,,,,,,,,,,,,,,,,,,
PLYMOUTH,307,,,,,,,,,,,,,,,,,,,,,,,,,,,,,,,,,,,,,,,,,,,,,,,,,,,,,,,,,,
PLYMOUTH,308,,,,,,,18,,,,  Fresh  Fish and Lobsters,4000,,,,,,,,,,,,,,,,,,,,,,,,,,,,,,,,,,,,,,,,,,,,,,
PLYMOUTH,308,,,,,,,4,,,,  Ship Thimbles ,3000,,,,,,,,,,,,,,,,,,,,,,,,,,,,,,,,,,,,,,,,,,,,,,
PLYMOUTH,308,,,,,,,,,,,Butter,691,3640,lbs,,,,,,,,,,,,,,,,,,,,,,,,,,,,,,,,,,,,,,,,,,,,
PLYMOUTH,308,Coopers' Shops,5,,,,5,10,,,,casks ,3200,10000,casks,,,,,,,,,,,,,,,,,,,,,,,,,,,,,,,,,,,,,,,,,,,,
PLYMOUTH,308,,,,,,500,,,,,Cod Liver Oil ,7500,500,bbls,,,,,,,,,,,,,,,,,,,,,,,,,,,,,,,,,,,,,,,,,,,,
PLYMPTON,308,Cotton Mills,1,,,,15000,,7,20,,cotton consumed,11200,27000,lbs,printing cloth ,120,16000,yds,batting,,1200,lbs,,,,,,,,,,,,,,,,,,,,,,,,,,,,,,,,,,,,
PLYMOUTH,308,,,,,,,50,,,,Fire Wood prepared,24057,6583,cords,,,,,,,,,,,,,,,,,,,,,,,,,,,,,,,,,,,,,,,,,,,,
PLYMOUTH,308,,,,,,,,,,,Fruit raised,1217,3043,bush,,,,,,,,,,,,,,,,,,,,,,,,,,,,,,,,,,,,,,,,,,,,
PLYMOUTH,308,,,,,,,,,,,Horses,15452,324,head,neat  cattle,14062,923,head,swine:,7747,650,head,,,,,,,,,,,,,,,,,,,,,,,,,,,,,,,,,,,,
PLYMOUTH,308,,,,,,,,,,,Indian Corn or Maize raised,4700,7582,bush,wheat,166,166,bush,rye,1094,1459,bush,barley,200,401,bush,oats,256,640,bush,potatoes,4045,16179,bush,other esculent vegetables,1237,4124,tons,hay,15953,1562,,,,,,,,,,,,,,,,,
PLYMOUTH,308,Rivet Manufactories,1,,,,10000,15,,,,iron ,10000,75,tons,rivets ,16500,76,tons,,,,,,,,,,,,,,,,,,,,,,,,,,,,,,,,,,,,,,,,
PLYMOUTH,308,,,Vessels employed in the Mackerel and Cod Fisheries,55,4000,104993,465,,,,mackerel taken,780,120,bbls,codfish,93107,40617,quintals,salt consumed,,48575,bush,,,,,,,,,,,,,,,,,,,,,,,,,,,,,,,,,,,,
PLYMOUTH,308,,,,,,,,,,,Oil Soap ,850,30000,lbs,,,,,,,,,,,,,,,,,,,,,,,,,,,,,,,,,,,,,,,,,,,,
PLYMOUTH,308,,,,,,,,,,,Sheep total,1411,986,head,Wool total,572,1907,lbs,,,,,,,,,,,,,,,,,,,,,,,,,,,,,,,,,,,,,,,,
PLYMOUTH,308,,,,,,,,,,,Sperm Oil consumed,3600,4000,galls,whale oil,4252,14175,galls,anthracite coal consumed in manufacturing,677,815,tons,bituminous coal U S,3200,278,chaldrons,eign bituminous coal,21780,1980,chaldrons,,,,,,,,,,,,,,,,,,,,,,,,,,,,
PLYMOUTH,308,,,Vessels employed in the Whale Fishery,5,998,77000,107,,,,sperm oil imported,6007,6675,galls,whale oil,355,860,galls,,,,,,,,,,,,,,,,,,,,,,,,,,,,,,,,,,,,,,,,
PLYMOUTH,308,,,,,,,,,,,,,,,,,,,,,,,,,,,,,,,,,,,,,,,,,,,,,,,,,,,,,,,,,,
PLYMOUTH,308,,,Vessels launched,4,299,,35,,,,,9568,,,,,,,,,,,,,,,,,,,,,,,,,,,,,,,,,,,,,,,,,,,,,,
PLYMPTON,308,,,,,,,,,,,,,,,,,,,,,,,,,,,,,,,,,,,,,,,,,,,,,,,,,,,,,,,,,,
PLYMPTON,309,Manufactories    Shovels Spades Porks and Hoes,1,,,,10000,20,,,,  ,20800,,,,,,,,,,,,,,,,,,,,,,,,,,,,,,,,,,,,,,,,,,,,,,
PLYMPTON,309,,,,,,,,,,,  Poultry and  Eggs,480,,,,,,,,,,,,,,,,,,,,,,,,,,,,,,,,,,,,,,,,,,,,,,
ROCHESTER,309,forges,1,,,,2600,3,,,,bar  iron  anchors  cables  and  other     wrought  iron ,2000,25,tons,,,,,,,,,,,,,,,,,,,,,,,,,,,,,,,,,,,,,,,,,,,,
PLYMPTON,309,,,,,,,,,,,Butter,1759,10983,lbs,cheese,213,3040,lbs,,,,,,,,,,,,,,,,,,,,,,,,,,,,,,,,,,,,,,,,
PLYMPTON,309,,,,,,,20,6,,,Fire Wood prepared,436,223,cords, char­coal,730,,,,,,,,,,,,,,,,,,,,,,,,,,,,,,,,,,,,,,,,,,
PLYMPTON,309,,,,,,,,,,,Fruit raised,552,1577,bush,,,,,,,,,,,,,,,,,,,,,,,,,,,,,,,,,,,,,,,,,,,,
ROCHESTER,309,Hat and Cap  Ma nufactories,1,,,,133,1,,,,hats and caps ,200,100,,,,,,,,,,,,,,,,,,,,,,,,,,,,,,,,,,,,,,,,,,,,,
PLYMPTON,309,,,,,,,,,,,Horses,5340,89,head,neat cattle,8230,400,head,swine,2794,182,head,,,,,,,,,,,,,,,,,,,,,,,,,,,,,,,,,,,,
PLYMPTON,309,,,,,,,,,,,Indian Corn or Maize raised,2252,3753,bush,rye,400,500,bush,barley,51,69,bush,oats,240,600,bush,potatoes,2335,9341,bush,beans,300,200,bush,other esculent  vegetables,436,1308,bush,hay,8388,696,tons,,,,,,,,,,,,,,,,
PLYMPTON,309,,,,,,,,3,,,Iron Rivets ,1140,6,tons,,,,,,,,,,,,,,,,,,,,,,,,,,,,,,,,,,,,,,,,,,,,
PLYMPTON,309,,,,,,,40,,,,Lumber  prepared,2287,369000,feet,,,,,,,,,,,,,,,,,,,,,,,,,,,,,,,,,,,,,,,,,,,,
PLYMPTON,309,,,,,,,,,,,Sheep total see species,220,42,lbs,Saxony wool  produced,,239,lbs,Saxony  Sheep ,,15,head,other  sheep ,,97,head,Saxony wool  produced   lbs.,,42,lbs,other  wool.,,,,Wool total see species,112,,,,,,,,,,,,,,,,,,,,,,
PLYMPTON,309,,,,,,,4,,,,Ship timber,1800,200,tons,,,,,,,,,,,,,,,,,,,,,,,,,,,,,,,,,,,,,,,,,,,,
PLYMPTON,309,,,,,,1000,2,,,,Shoe Boxes ,1000,4000,,,,,,,,,,,,,,,,,,,,,,,,,,,,,,,,,,,,,,,,,,,,,
PLYMPTON,309,,,,,,,,50,24,,Shoes ,8255,5000,pairs,boots,,3780,pairs,boots bottomed and fit­ted,,1850,pairs,shoes,,34129,, labor in bottoming and fitting boots and shoes,,,,,,,,,,,,,,,,,,,,,,,,,,,,,,,
PLYMPTON,309,,,,,,,1,,,,tacks and brads ,600,6000,lbs,,,,,,,,,,,,,,,,,,,,,,,,,,,,,,,,,,,,,,,,,,,,
PLYMPTON,309,Woollen Mills,1,,,,6000,5,,10,,wool consumed,6635,11793,lbs,satinet ,,15720,yds,,,,,,,,,,,,,,,,,,,,,,,,,,,,,,,,,,,,,,,,
PLYMPTON,309,,,,,,,,,,,,,,,,,,,,,,,,,,,,,,,,,,,,,,,,,,,,,,,,,,,,,,,,,,
PLYMPTON,309,Saw Mills,5,,,,,5,,,,,2000,,,,,,,,,,,,,,,,,,,,,,,,,,,,,,,,,,,,,,,,,,,,,,
PLYMPTON,309,Wooden Hoops prepared,27000,,,,,4,,,,,830,,,,,,,,,,,,,,,,,,,,,,,,,,,,,,,,,,,,,,,,,,,,,,
ROCHESTER,309,,,,,,,,,,,,,,,,,,,,,,,,,,,,,,,,,,,,,,,,,,,,,,,,,,,,,,,,,,
ROCHESTER,310,Chair  and Cabinet  Ware  Manufactories,2,,,,500,2,,,,  ,1600,,,,,,,,,,,,,,,,,,,,,,,,,,,,,,,,,,,,,,,,,,,,,,
ROCHESTER,310,,,,,,,2,,,,  Blocks and Pum ps ,700,,,,,,,,,,,,,,,,,,,,,,,,,,,,,,,,,,,,,,,,,,,,,,
ROCHESTER,310,,,,,,,2,,,, Building Stone quarried and prepared,825,,,,,,,,,,,,,,,,,,,,,,,,,,,,,,,,,,,,,,,,,,,,,,
ROCHESTER,310,,,,,,4500,,,,, Oil Casks ,6666,,,,,,,,,,,,,,,,,,,,,,,,,,,,,,,,,,,,,,,,,,,,,,
ROCHESTER,310,,,,,,800,1,,,, Snuff Tobacco and Cigars,800,,,,,,,,,,,,,,,,,,,,,,,,,,,,,,,,,,,,,,,,,,,,,,
ROCHESTER,310,,,,,,,3,,,,Boats built,1050,18,,,,,,,,,,,,,,,,,,,,,,,,,,,,,,,,,,,,,,,,,,,,,
ROCHESTER,310,,,,,,,,4,,,Boots ,2594,186,pairs,shoes,,2036,pairs, boots and shoes,,,,,,,,,,,,,,,,,,,,,,,,,,,,,,,,,,,,,,,
ROCHESTER,310,,,,,,,,,,,Butter,5340,29666,lbs,cheese,329,4107,lbs,,,,,,,,,,,,,,,,,,,,,,,,,,,,,,,,,,,,,,,,
ROCHESTER,310,,,,,,,50,,,,Fire Wood  prepared,15513,5171,cords,,,,,,,,,,,,,,,,,,,,,,,,,,,,,,,,,,,,,,,,,,,,
ROCHESTER,310,,,,,,,,,,,Fruit raised,3994,13312,bush,,,,,,,,,,,,,,,,,,,,,,,,,,,,,,,,,,,,,,,,,,,,
ROCHESTER,310,,,,,,,,,,,honey,41,329,lbs,,,,,,,,,,,,,,,,,,,,,,,,,,,,,,,,,,,,,,,,,,,,
ROCHESTER,310,,,,,,,,,,,Horses,33600,272,head,neat cattle,17190,1146,head,swine,9120,760,head,,,,,,,,,,,,,,,,,,,,,,,,,,,,,,,,,,,,
ROCHESTER,310,,,,,,,,,,,Indian Corn or  Maize raised,6264,10641,bush,rye,1442,1803,bush,barley,251,314,bush,oats,836,2391,bush,potatoes,7913,31646,bush,other esculent  vegetables,1264,4213,bush,millet,24,11,tons,hay,20229,1839,tons,,,,,,,,,,,,,,,,
ROCHESTER,310,,,,,,,58,,,,Lumber prepared,6438,572560,feet,,,,,,,,,,,,,,,,,,,,,,,,,,,,,,,,,,,,,,,,,,,,
ROCHESTER,310,,,,,,,,,,,Palm·leaf  Hats ,40,115,,,,,,,,,,,,,,,,,,,,,,,,,,,,,,,,,,,,,,,,,,,,,
ROCHESTER,310,Establishments    Salt,10,,,,5250,10,,,,salt ,1796,7185,bush,,,,,,,,,,,,,,,,,,,,,,,,,,,,,,,,,,,,,,,,,,,,
ROCHESTER,310,,,,,,,,,,,Sheep total,1228,6228,head,Wool total see species,1148,,,,,,,,,,,,,,,,,,,,,,,,,,,,,,,,,,,,,,,,,,
ROCHESTER,310,,,,,,,,,,,Shingles,1008,4003000,,,,,,,,,,,,,,,,,,,,,,,,,,,,,,,,,,,,,,,,,,,,,
ROCHESTER,310,,,,,,,,,,,Ship timber,1096,137,tons,,,,,,,,,,,,,,,,,,,,,,,,,,,,,,,,,,,,,,,,,,,,
ROCHESTER,310,,,Vessels employed in the W hale Fishery,14,2538,166210,294,,,,sperm oil imported,103120,113298,galls,whale oil,36239,103540,galls,whalebone,9776,30550,lbs,,,,,,,,,,,,,,,,,,,,,,,,,,,,,,,,,,,,
ROCHESTER,310,,,Vessels employed in the Mackerel and Cod Fisheries,2,,2,21,,,,codfish,2700,1350,quintals,salt consumed,6500,1800,bush,,,,,,,,,,,,,,,,,,,,,,,,,,,,,,,,,,,,,,,,
ROCHESTER,310,,,,,,,,,,,,,,,,,,,,,,,,,,,,,,,,,,,,,,,,,,,,,,,,,,,,,,,,,,
ROCHESTER,310,,,Vessels launched,7,2068,,73,,,,,82720,,,,,,,,,,,,,,,,,,,,,,,,,,,,,,,,,,,,,,,,,,,,,,
SCITUATE,311,,,,,,,,,,, Fruit Trees raised,100,,,,,,,,,,,,,,,,,,,,,,,,,,,,,,,,,,,,,,,,,,,,,,
SCITUATE,311,,,,,,,1,,,, Mechanics' Tools ,300,,,,,,,,,,,,,,,,,,,,,,,,,,,,,,,,,,,,,,,,,,,,,,
SCITUATE,311,,,,,,,,22,15,,Boots ,9193,642,pairs,shoes,,9300,pairs,,,,,,,,,,,,,,,,,,,,,,,,,,,,,,,,,,,,,,,,
SCITUATE,311,,,,,,,5,,,,Bricks ,1300,250000,,,,,,,,,,,,,,,,,,,,,,,,,,,,,,,,,,,,,,,,,,,,,
SCITUATE,311,,,,,,,,,,,Butter,6502,39015,lbs,cheese,1280,18286,lbs,honey,82,620,lbs,beeswax,12,35,lbs,,,,,,,,,,,,,,,,,,,,,,,,,,,,,,,,
SCITUATE,311,,,,,,,10,,,,Fire Wood prepared,3795,1409,cords,,,,,,,,,,,,,,,,,,,,,,,,,,,,,,,,,,,,,,,,,,,,
SCITUATE,311,,,,,,,,,,,Fruit raised,2622,10488,bush,,,,,,,,,,,,,,,,,,,,,,,,,,,,,,,,,,,,,,,,,,,,
SCITUATE,311,Tanneries,1,,,,250,1,,,,hides tanned,570,150,, leather tanned and curried,,,,,,,,,,,,,,,,,,,,,,,,,,,,,,,,,,,,,,,,,,,
SCITUATE,311,,,,,,,,,,,Horses,12493,340,head,neat  cattle,23603,1268,head,swine,8385,559,head,,,,,,,,,,,,,,,,,,,,,,,,,,,,,,,,,,,,
SCITUATE,311,,,,,,,,,,,Indian Corn or Maize raised,6810,9079,bush,rye,1400,1847,bush,barley,418,583,bush,oats,132,395,bush,potatoes,5500,27503,bush,other es­ culent  vegetables,1305,261,tons,hay,25171,278,tons,,,,,,,,,,,,,,,,,,,,
SCITUATE,311,,,,,,,15,,,,Lobsters taken,900,30000,,,,,,,,,,,,,,,,,,,,,,,,,,,,,,,,,,,,,,,,,,,,,
SCITUATE,311,,,,,,,3,,,,Lumber prepared  feet boards and,1730,12500067,feettons,,,,,,,,,,,,,,,,,,,,,,,,,,,,,,,,,,,,,,,,,,,,
SCITUATE,311,,,,,,,,,,,Ploughs ,80,10,,,,,,,,,,,,,,,,,,,,,,,,,,,,,,,,,,,,,,,,,,,,,
SCITUATE,311,,,,,,,,,,,Sheep total,1367,915,head,Wool total,660,2639,lbs,,,,,,,,,,,,,,,,,,,,,,,,,,,,,,,,,,,,,,,,
SCITUATE,311,Tack   and  Brad  Manufactories,2,,,,9000,18,,,,tacks and brads ,20500,195000,lbs,,,,,,,,,,,,,,,,,,,,,,,,,,,,,,,,,,,,,,,,,,,,
SCITUATE,311,,,Vessels employed in the Mackerel and Cod Fisheries,9,,11525,77,,,,mackerel,5003,677,bbls,codfish,4925,2300,quintals,salt consumed,,4519,bush,,,,,,,,,,,,,,,,,,,,,,,,,,,,,,,,,,,,
SCITUATE,311,,,,,,200,2,,,,Wagons ,750,15,,,,,,,,,,,,,,,,,,,,,,,,,,,,,,,,,,,,,,,,,,,,,
ROCHESTER,311,,,,,,,,,,,,,,,,,,,,,,,,,,,,,,,,,,,,,,,,,,,,,,,,,,,,,,,,,,
SCITUATE,311,,,,,,,,,,,,,,,,,,,,,,,,,,,,,,,,,,,,,,,,,,,,,,,,,,,,,,,,,,
WAREHAM,311,,,,,,,,,,,,,,,,,,,,,,,,,,,,,,,,,,,,,,,,,,,,,,,,,,,,,,,,,,
WAREHAM,311,Cotton Mills,2,,,,5000,,,,,,,,,,,,,,,,,,,,,,,,,,,,,,,,,,,,,,,,,,,,,,,,,,,,
WAREHAM,312,Saddle Harness and Trunk Manufactories,1,,,,500,2,,,,  ,1000,,,,,,,,,,,,,,,,,,,,,,,,,,,,,,,,,,,,,,,,,,,,,,
WAREHAM,312,Chair and Cabinet Ware Man ufactories,1,,,,1000,3,,,,  ,1200,,,,,,,,,,,,,,,,,,,,,,,,,,,,,,,,,,,,,,,,,,,,,,
WAREHAM,312,,,,,,,10,,,,  Building Stone quarried and prepared,4000,,,,,,,,,,,,,,,,,,,,,,,,,,,,,,,,,,,,,,,,,,,,,,
WAREHAM,312,forges,2,,,,120000,25,,,,bar iron anchors cables and other   wrought iron ,120000,2000,tons,,,,,,,,,,,,,,,,,,,,,,,,,,,,,,,,,,,,,,,,,,,,
WAREHAM,312,,,,,,,,8,,,Boots,1400,150,pairs,shoes,,800,pairs, boots and shoes,,,,,,,,,,,,,,,,,,,,,,,,,,,,,,,,,,,,,,,
WAREHAM,312,,,,,,,,,,,Fire Wood prepared,10500,2575,cords,,,,,,,,,,,,,,,,,,,,,,,,,,,,,,,,,,,,,,,,,,,,
WAREHAM,312,Tanneries,1,,,,1500,2,,,,hides tanned,1500,350,, leather tanned and curried,,,,,,,,,,,,,,,,,,,,,,,,,,,,,,,,,,,,,,,,,,,
WAREHAM,312,Furnaces    Hollow Ware and Castings other than Pig Iron,1,,,,15000,15,,,,hollow ware and castings ,15000,600,tons,,,,,,,,,,,,,,,,,,,,,,,,,,,,,,,,,,,,,,,,,,,,
WAREHAM,312,,,,,,,,,,,Horses,9975,133,head,neat cattle,8450,375,head,swine,6762,322,head,,,,,,,,,,,,,,,,,,,,,,,,,,,,,,,,,,,,
WAREHAM,312,,,,,,,,,,,Indian Corn  or  Maize raised,2644,3306,bush,rye,722,722,bush,oats,198,595,bush,potatoes,2002,6675,bush, other esculent vegetables,2168,923,tons,hay,11082,,,,,,,,,,,,,,,,,,,,,,,,,,
WAREHAM,312,Rolling Slitting and Nail Mills,4,,,,1000000,450,,,,iron   and  not made  into nails,147000,8122100,tons,nails  ,360000,4000,tons,,,,,,,,,,,,,,,,,,,,,,,,,,,,,,,,,,,,,,,,
WAREHAM,312,,,,,,,13,,,,Lumber prepared,3500,350000,feet,,,,,,,,,,,,,,,,,,,,,,,,,,,,,,,,,,,,,,,,,,,,
WAREHAM,312,Establishments      Salt,1,,,,4000,1,,,,salt ,90,300,bush,,,,,,,,,,,,,,,,,,,,,,,,,,,,,,,,,,,,,,,,,,,,
WAREHAM,312,,,,,,,,,,,Sheep total,1256,628,head,Wool total,628,1884,lbs,,,,,,,,,,,,,,,,,,,,,,,,,,,,,,,,,,,,,,,,
WAREHAM,312,,,,,,,,,,,Sperm Oil consumed,1500,1575,galls,other oil,250,315,galls,anthracite coal consumed in manufactu ring,28000,4000,tons,Foreign bituminous coal ,6000,750,tons,,,,,,,,,,,,,,,,,,,,,,,,,,,,,,,,
WAREHAM,312,,,,,,5000,12,,,,staves ,4000,1120000,,,,,,,,,,,,,,,,,,,,,,,,,,,,,,,,,,,,,,,,,,,,,
WAREHAM,312,,,Vessels employed in the Mackerel and Cod Fisheries,1,,2500,11,,,,codfish,1400,700,quintals,salt consumed,,960,bush,,,,,,,,,,,,,,,,,,,,,,,,,,,,,,,,,,,,,,,,
WAREHAM,312,,,Vessels employed in the Whale Fishery,6,136689750,116000,140,,,,tonnage  sperm oil imported,85500,136689750,galls,whale oil,20000,73000,galls,whalebone,4500,15000,lbs,,,,,,,,,,,,,,,,,,,,,,,,,,,,,,,,,,,,
WAREHAM,312,,,,,,,,,,,,,,,,,,,,,,,,,,,,,,,,,,,,,,,,,,,,,,,,,,,,,,,,,,
WAREHAM,313,Man ufactories  Shovels Spades ks and Hoes,1,,,,12000,8,,,,  ,15000,,,,,,,,,,,,,,,,,,,,,,,,,,,,,,,,,,,,,,,,,,,,,,
WAREHAM,313,,,,,,2050,7,,,, shingles box boards and laths,1241,348000,,,,,,,,,,,,,,,,,,,,,,,,,,,,,,,,,,,,,,,,,,,,,
WAREHAM,313,Establishments    Wagons Sleighs and other Vehi­ cles,2,,,,2000,5,,,, vehicles ,1400,,,,,,,,,,,,,,,,,,,,,,,,,,,,,,,,,,,,,,,,,,,,,,
WAREHAM,313,,,,,,,,132,22,,Boots ,99201,20241,pairs,shoes,,84022,pairs,,,,,,,,,,,,,,,,,,,,,,,,,,,,,,,,,,,,,,,,
WAREHAM,313,,,,,,,,,,,Butter,2836,17732,lbs,cheese,876,11533,lbs,,,,,,,,,,,,,,,,,,,,,,,,,,,,,,,,,,,,,,,,
WAREHAM,313,,,,,,,24,,,,Fire Wood prepared,3010,930,cords,,,,,,,,,,,,,,,,,,,,,,,,,,,,,,,,,,,,,,,,,,,,
WAREHAM,313,,,,,,,,,,,Fruit raised,2333,1858,bush,V $. Butter,,92914000,lbs,,,,,,,,,,,,,,,,,,,,,,,,,,,,,,,,,,,,,,,,
WAREHAM,313,,,,,,,,,,,Fruit raised,1171,5626,bush,,,,,,,,,,,,,,,,,,,,,,,,,,,,,,,,,,,,,,,,,,,,
WAREHAM,313,Fu rnaces    Hollow Ware and Castings other than Pig Iron,3,,,,12500,33,,,,hollow ware and castings ,25750,315,tons,,,,,,,,,,,,,,,,,,,,,,,,,,,,,,,,,,,,,,,,,,,,
WAREHAM,313,,,,,,,,,,,Horses,5390,114,head,neat cattle,14039,659,head,swine,2840,241,head,,,,,,,,,,,,,,,,,,,,,,,,,,,,,,,,,,,,
WAREHAM,313,,,,,,,,,,,Indian Corn or Maize raised,3127,4571,bush,rye,382,466,bush,barley,370,517,bush,oats,436,1242,bush,potatoes,4139,20889,bush,other es­ culen t vegetables,328,815,bush,hay,17864,1528,tons,,,,,,,,,,,,,,,,,,,,
WAREHAM,313,,,,,,,6,,,,Lumber prepared,1662,70500,feet,,,,,,,,,,,,,,,,,,,,,,,,,,,,,,,,,,,,,,,,,,,,
WAREHAM,313,Plough Man ufactories,1,,,,250,1,,,,ploughs and other agricultural tools ,500,100,,,,,,,,,,,,,,,,,,,,,,,,,,,,,,,,,,,,,,,,,,,,,
WAREHAM,313,,,,,,,,,,,Sheep total see species,117,,,Wool total see species,61,,,Merino Sheep ,,31,head,other sheep ,,20,head,merino wool produced  lbs.,,93,lbs,other wool  lbs.,,58,lbs,,,,,,,,,,,,,,,,,,,,,,,,
WAREHAM,313,,,,,,,,,46,,Straw Bonnets and Hats  ,125,100,, straw braid  and not made into bonnets and hats,628,,,,,,,,,,,,,,,,,,,,,,,,,,,,,,,,,,,,,,,,,,
WAREHAM,313,,,,,,,,,,,,,,,,,,,,,,,,,,,,,,,,,,,,,,,,,,,,,,,,,,,,,,,,,,
WAREHAM,313,,,,,,,,,,,,,,,,,,,,,,,,,,,,,,,,,,,,,,,,,,,,,,,,,,,,,,,,,,
