city,page,manufacturing site,number  factories,vessels,number  vessels,vessel tonnage,capital,employeeS,employeesM,employeesF,siteIncome,goods0,value0,quantity0,units0,goods1,value1,quantity1,units1,goods2,value2,quantity2,units2,goods3,value3,quantity3,units3,goods4,value4,quantity4,units4,goods5,value5,quantity5,units5,goods6,value6,quantity6,units6,goods7,value7,quantity7,units7,goods8,value8,quantity8,units8,goods9,value9,quantity9,units9,goods10,value10,quantity10,units10,goods11,value11,quantity11,units11
,212,,,,,,,,,,,,,,,,,,,,,,,,,,,,,,,,,,,,,,,,,,,,,,,,,,,,,,,,,,
ADAMS,212,,,,,,,,,,,,,,,,,,,,,,,,,,,,,,,,,,,,,,,,,,,,,,,,,,,,,,,,,,
ADAMS,212,Cotton Mills,14,,,,100000,,190,364,,cotton consumed -,250971,729151,lbs,printing cloth,6250,4098417,yds,candle wicking,11583,50000,lbs,cotton yarn  and not made into cloth,1470,257400,yds,cotton batting,,21000,lbs,,,,,,,,,,,,,,,,,,,,,,,,,,,,
ADAMS,212,Calico Manunfactories,2,,,,13500,,40,4,,calico printed,50612,556174,yds,,,,,,,,,,,,,,,,,,,,,,,,,,,,,,,,,,,,,,,,,,,,
ADAMS,212,Woollen Mills,3,,,,40000,,77,66,,wool consumed,18000,354000,lbs,cassimere,221500,20000,yds,satinet,60000,386000,yds,eans,,200000,yds,,,,,,,,,,,,,,,,,,,,,,,,,,,,,,,,
ADAMS,212,Furnaces for   Hollow Ware and Castings other than Pig  Iron,2,,,,1000,8,,,,hollow ware  and castings,9750,143,tons,,,,,,,,,,,,,,,,,,,,,,,,,,,,,,,,,,,,,,,,,,,,
ADAMS,212,Plough Manufactories,1,,,,,,,,,ploughs and other  agricultural tools,350,50,,,,,,,,,,,,,,,,,,,,,,,,,,,,,,,,,,,,,,,,,,,,,
ADAMS,212,Saddle Harness and Trunk Manufactories,5,,,,1575,10,,,,.,4200,,,,,,,,,,,,,,,,,,,,,,,,,,,,,,,,,,,,,,,,,,,,,,
ADAMS,212,Establishmen ts for   Rail-road Cars and other Vehicles,6,,,,2300,13,,,,for   Rail-road Cars and other Vehicles,5100,,,,,,,,,,,,,,,,,,,,,,,,,,,,,,,,,,,,,,,,,,,,,,
ADAMS,212,Soap and Tallow Candle Manufactories,1,,,,300,1,,,,soap,200,4000,lbs,tallow candles,200,2000,lbs,,,,,,,,,,,,,,,,,,,,,,,,,,,,,,,,,,,,,,,,
ADAMS,213,,,,,,,,,,,,,,,,,,,,,,,,,,,,,,,,,,,,,,,,,,,,,,,,,,,,,,,,,,
ADAMS,213,Chair and Cabinet Ware Manufactories,3,,,,1700,9,,,,Chair and Cabinet Ware,4700,,,,,,,,,,,,,,,,,,,,,,,,,,,,,,,,,,,,,,,,,,,,,,
ADAMS,213,Tin Ware Manufactories,2,,,,1000,4,,,,ware,3400,,,,,,,,,,,,,,,,,,,,,,,,,,,,,,,,,,,,,,,,,,,,,,
ADAMS,213,Tanneries,5,,,,8100,16,,,,leather tanned and curried,33500,,,,,,,,,,,,,,,,,,,,,,,,,,,,,,,,,,,,,,,,,,,,,,
ADAMS,213,,,,,,,,35,14,,Boots,13830,2038,pairs,shoes,,3930,pairs,boots and shoes,,,,,,,,,,,,,,,,,,,,,,,,,,,,,,,,,,,,,,,
ADAMS,213,,,,,,,2,,,,Bricks,1000,250000,,,,,,,,,,,,,,,,,,,,,,,,,,,,,,,,,,,,,,,,,,,,,
ADAMS,213,,,,,,,14,,,,Marble quarried and prepared,8087,,,,,,,,,,,,,,,,,,,,,,,,,,,,,,,,,,,,,,,,,,,,,,
ADAMS,213,,,,,,,4,,,,Lime,2502,1668,casks,,,,,,,,,,,,,,,,,,,,,,,,,,,,,,,,,,,,,,,,,,,,
ADAMS,213,,,,,,,,,,,Lumber prepared,4046,573500,feet,,,,,,,,,,,,,,,,,,,,,,,,,,,,,,,,,,,,,,,,,,,,
ADAMS,213,,,,,,,,,,,Sperm Oil consumed  in  manufacturing,5472,6020,galls,whale oil,240,400,galls,other oil,1500,2450,galls,all other   American production ex­ cepting  cotton wool  and  iron consumed in manufacturing,12000,,,all other   foreign production consum­ ed excepting as above,30000,,,,,,,,,,,,,,,,,,,,,,,,,,,,,,
ADAMS,213,,,,,,,,,,,Sheep total,3500,2800,head,Wool total,3080,7700,lbs,,,,,,,,,,,,,,,,,,,,,,,,,,,,,,,,,,,,,,,,
ADAMS,213,,,,,,,,,,,Horses,15698,389,head,neat  cattle .,39055,2080,head,swine,1196,299,head,,,,,,,,,,,,,,,,,,,,,,,,,,,,,,,,,,,,
ADAMS,213,,,,,,10427,,,,,Indian Com or Maize raised,6049,10427,bush,wheat,112,90,bush,rye,387,595,bush,barley,237,475,bush,oats,3712,12374,bush,potatoes,4663,13325,bush,hay,25704,4284,tons,,,,,,,,,,,,,,,,,,,,
ADAMS,213,,,,,,,,,,,Fruit raised,,6240,bush,,,,,,,,,,,,,,,,,,,,,,,,,,,,,,,,,,,,,,,,,,,,
ADAMS,213,,,,,,,,,,,Butter,2846,22771,lbs,cheese,18728,374578,lbs,honey,155,930,lbs,beeswax,18,44,lbs,,,,,,,,,,,,,,,,,,,,,,,,,,,,,,,,
ALFORD,213,,,,,,,,,,,,,,,,,,,,,,,,,,,,,,,,,,,,,,,,,,,,,,,,,,,,,,,,,,
ALFORD,213,,,,,,,,2,,,Boots,900,200,pairs,shoes,,240,pairs,o( boots and shoes,,,,,,,,,,,,,,,,,,,,,,,,,,,,,,,,,,,,,,,
ALFORD,214,,,,,,,,,,,,,,,,,,,,,,,,,,,,,,,,,,,,,,,,,,,,,,,,,,,,,,,,,,
ALFORD,214,,,,,,,2,,,,Lumber  prepared,1089,121000,feet,,570,,,,,,,,,,,,,,,,,,,,,,,,,,,,,,,,,,,,,,,,,,
ALFORD,214,,,,,,,2,,,,Firewood prepared,1216,1081,cords,,,,,,,,,,,,,,,,,,,,,,,,,,,,,,,,,,,,,,,,,,,,
ALFORD,214,,,,,,,,,,,Sheep total see species,1000,,,Wool total see species,62,,,Merino Sheep,,190,head,other  sheep,,477,head,merino wool produced  lbs.,,522,lbs,other wool  lbs.,,1249,lbs,,,,,,,,,,,,,,,,,,,,,,,,
ALFORD,214,,,,,,,,,,,Horses,5040,126,head,neat cattle,6288,401,head,swine,520,130,head,,,,,,,,,,,,,,,,,,,,,,,,,,,,,,,,,,,,
ALFORD,214,,,,,,4496,,,,,Indian Corn or Maize raised,2248,4496,bush,wheat,41,41,bush,rye,808,1616,bush,oats,2204,8897,bush,potatoes,1021,3064,bush,·other es­ culent vegetables,84,671,bush,hay,5785,1157,tons,· flax,27,270,lbs,,,,,,,,,,,,,,,,
ALFORD,214,,,,,,,,,,,Fruit raised,457,4573,bush,,,,,,,,,,,,,,,,,,,,,,,,,,,,,,,,,,,,,,,,,,,,
ALFORD,214,,,,,,,,,,,Butter,3263,25625,lbs,cheese,135,2703,lbs,,,,,,,,,,,,,,,,,,,,,,,,,,,,,,,,,,,,,,,,
ALFORD,214,,,,,,,,,,,honey .,44,440,lbs,,,,,,,,,,,,,,,,,,,,,,,,,,,,,,,,,,,,,,,,,,,,
BECKET,214,,,,,,,,,,,,,,,,,,,,,,,,,,,,,,,,,,,,,,,,,,,,,,,,,,,,,,,,,,
BECKET,214,Tanneries,1,,,,3000,3,,,,leather tanned and curried,6000,,,,,,,,,,,,,,,,,,,,,,,,,,,,,,,,,,,,,,,,,,,,,,
BECKET,214,,,,,,,,3,,,Boots,750,200,pairs,shoes,,200,pairs,boots and shoes,,,,,,,,,,,,,,,,,,,,,,,,,,,,,,,,,,,,,,,
BECKET,214,,,,,,5600,23,,,,all other,9500,,,,,,,,,,,,,,,,,,,,,,,,,,,,,,,,,,,,,,,,,,,,,,
BECKET,214,,,,,,,32,,,,Lumber prepared,7140,1180000,feet,Fire Wood prepared,2305,1854,cords,,,,,,,,,,,,,,,,,,,,,,,,,,,,,,,,,,,,,,,,
BECKET,214,,,,,,,,,,,Sheep total see species,7956,,,Wool total see species,4752,,,Merino Sheep,,3755,head,other sheep,,223,head,merino wool  prod uced   lbs.,,11477,lbs,other wool   lbs.,,649,lbs,,,,,,,,,,,,,,,,,,,,,,,,
BECKET,214,,,,,,,,,,,Horses,7500,130,head,neat  cattle,23452,1342,head,swine,1056,176,head,,,,,,,,,,,,,,,,,,,,,,,,,,,,,,,,,,,,
BECKET,214,,,,,,969,,,,,Indian Corn or Maize raised,639,969,bush,wheat,10,8,bush,rye,64,86,bush,barley,12,23,bush,oats,1098,3297,bush,potatoes,,10706,bush,,,,,,,,,,,,,,,,,,,,,,,,
BECKET,214,,,,,,,,,,,oats,1098,3297,bush,potatoes,3568,10706,bush,hay,21049,3007,tons,,,,,,,,,,,,,,,,,,,,,,,,,,,,,,,,,,,,
BECKET,214,,,,,,,,,,,Fruit raised,500,5000,bush,,,,,,,,,,,,,,,,,,,,,,,,,,,,,,,,,,,,,,,,,,,,
BECKET,214,,,,,,,,,,,Butter,2999,23999,lbs,cheese,2857,56550,lbs,,,,,,,,,,,,,,,,,,,,,,,,,,,,,,,,,,,,,,,,
BECKET,215,,,,,,,,,,,,,,,,,,,,,,,,,,,,,,,,,,,,,,,,,,,,,,,,,,,,,,,,,,
CHESHIRE,215,,,,,,,,,,,,,,,,,,,,,,,,,,,,,,,,,,,,,,,,,,,,,,,,,,,,,,,,,,
CHESHIRE,215,Cotton Mills,1,,,,12000,,11,18,,spindles,21000,936,lbsyds,cotton consumed  lbs. printing cloth,,50000350000,,,,,,,,,,,,,,,,,,,,,,,,,,,,,,,,,,,,,,,,,
CHESHIRE,215,Tanneries,1,,,,1500,3,,,,Tanneries,11565,,,,,,,,,,,,,,,,,,,,,,,,,,,,,,,,,,,,,,,,,,,,,,
CHESHIRE,215,,,,,,,,3,,,Boots,1500,350,pairs,shoes,,300,pairs,boots and shoes,,,,,,,,,,,,,,,,,,,,,,,,,,,,,,,,,,,,,,,
CHESHIRE,215,,,,,,,8,,,,Lumber prepared,1750,250000,feet,Fire Wood prepared,240,300,cords,,,,,,,,,,,,,,,,,,,,,,,,,,,,,,,,,,,,,,,,
CHESHIRE,215,,,,,,,,,,,Sheep total see species,1900,,,Wool total see species,1700,,,Merino Sheep,,1234,head,other sheep,,705,head,merino wool produced  lbs.,,3800,lbs,other wool  lbs.,,2100,lbs,,,,,,,,,,,,,,,,,,,,,,,,
CHESHIRE,215,,,,,,,,,,,Horses,7568,145,head,neat cattle,23000,1400,head,swine,1160,290,head,,,,,,,,,,,,,,,,,,,,,,,,,,,,,,,,,,,,
CHESHIRE,215,,,,,,5037,,,,,Indian Corn or Maize raised,2518,5037,bush,wheat,100,100,bush,rye,270,450,bush,barley,260,650,bush,oats,2010,8040,bush,potatoes,2607,8693,bush,hay,17960,2990,tons,,,,,,,,,,,,,,,,,,,,
CHESHIRE,215,,,,,,,,,,,Fruit raised,360,3795,bush,,,,,,,,,,,,,,,,,,,,,,,,,,,,,,,,,,,,,,,,,,,,
CHESHIRE,215,,,,,,,,,,,Butter,1410,14100,lbs,cheese,15435,343000,lbs,,,,,,,,,,,,,,,,,,,,,,,,,,,,,,,,,,,,,,,,
CLARKSBURG,215,,,,,,,,,,,,,,,,,,,,,,,,,,,,,,,,,,,,,,,,,,,,,,,,,,,,,,,,,,
CLARKSBURG,215,,,,,,,4,,,,Lumber prepared,1799,257000,feet,,,,,,,,,,,,,,,,,,,,,,,,,,,,,,,,,,,,,,,,,,,,
CLARKSBURG,215,,,,,,,9,,,,Fire Wood  prpared,5700,3800,cords,bark prepared,345,115,cords,,,,,,,,,,,,,,,,,,,,,,,,,,,,,,,,,,,,,,,,
CLARKSBURG,215,,,,,,,,,,,Sheep total,958,479,head,Wool total,368,954,lbs,,,,,,,,,,,,,,,,,,,,,,,,,,,,,,,,,,,,,,,,
CLARKSBURG,215,,,,,,,,,,,Horses,2000,50,head,neat cattle,5945,330,head,swine,357,51,head,,,,,,,,,,,,,,,,,,,,,,,,,,,,,,,,,,,,
CLARKSBURG,215,,,,,,1071,,,,,Indian Corn or Maize raised,643,1071,bush,rye,67,90,bush,oats,665,2216,bush,potatoes,1345,4483,bush,·,5425,775,tons,hay,,,,,,,,,,,,,,,,,,,,,,,,,,,
CLARKSBURG,216,,,,,,,,,,,,,,,,,,,,,,,,,,,,,,,,,,,,,,,,,,,,,,,,,,,,,,,,,,
CLARKSBURG,216,,,,,,,,,,,Butter,1545,12360,lbs,cheese,13796,2750,lbs,,12,,,,,,,,,,,,,,,,,,,,,,,,,,,,,,,,,,,,,,
CLARKSBURG,216,,,,,,,,,,,Maple Sugar,398,4976,lbs,,,,,,,,,,,,,,,,,,,,,,,,,,,,,,,,,,,,,,,,,,,,
CLARKSBURG,216,,,,,,1000,2,,,,Cloth Boxes,1170,3900,,,,,,,,,,,,,,,,,,,,,,,,,,,,,,,,,,,,,,,,,,,,,
DALTON,216,,,,,,,,,,,,,,,,,,,,,,,,,,,,,,,,,,,,,,,,,,,,,,,,,,,,,,,,,,
DALTON,216,Woollen Mills,2,,,,35000,,50,43,,wool consumed,90000,155000,lbs,broadcloth,10000,50000,yds,satinet,,18000,yds,,,,,,,,,,,,,,,,,,,,,,,,,,,,,,,,,,,,
DALTON,216,Paper  Manufactories,3,,,,44000,81,,,,stock consumed,85000,200,tons,paper,,140,tons,,,,,,,,,,,,,,,,,,,,,,,,,,,,,,,,,,,,,,,,
DALTON,216,Chair and  Cabinet  Ware  Man ufactories,2,,,,1750,5,,,,Chair and  Cabinet  Ware,4800,,,,,,,,,,,,,,,,,,,,,,,,,,,,,,,,,,,,,,,,,,,,,,
DALTON,216,Tin Ware Manufactories,1,,,,200,1,,,,ware,500,,,,,,,,,,,,,,,,,,,,,,,,,,,,,,,,,,,,,,,,,,,,,,
DALTON,216,Tanneries,1,,,,300,1,,,,lether tanned and curried,1200,,,,,,,,,,,,,,,,,,,,,,,,,,,,,,,,,,,,,,,,,,,,,,
DALTON,216,,,,,,,,7,2,,Boots,2250,450,pairs,shoes,,600,pairs,boots  and shoes,,,,,,,,,,,,,,,,,,,,,,,,,,,,,,,,,,,,,,,
DALTON,216,,,,,,,9,,,,· Bricks,450,100000,casks,Lime,6000,6000,,,,,,,,,,,,,,,,,,,,,,,,,,,,,,,,,,,,,,,,,
DALTON,216,,,,,,,20,,,,Lum ber prepared,6708,1118000,feet,,,,,,,,,,,,,,,,,,,,,,,,,,,,,,,,,,,,,,,,,,,,
DALTON,216,,,,,,,16,,,,Fire Wood prepared,7001,4215,cords,bark prepared,348,116,cords,,,,,,,,,,,,,,,,,,,,,,,,,,,,,,,,,,,,,,,,
DALTON,216,,,,,,,,,,,Sperm Oil consumed in manufacturing,200,390,galls,all other   foreign production consumed except­ ing cotton wool and iron consumed in manufacturing,1600,,,,,,,,,,,,,,,,,,,,,,,,,,,,,,,,,,,,,,,,,,
DALTON,216,,,,,,,,,,,Sheep total see species,5889,7452,lbs,Merino wool,,,,Saxony Sheep,,80,head,merino .,,2484,head,other sheep,,45,head,Saxony' wool produced . lbs.,,240,lbs,Merino wool  lbs.,,7452,lbs,other wool  lbs.,,162,lbs,Wool total see species,3041,,,,,,,,,,,,,,
DALTON,216,,,,,,,,,,,Horses,4950,98,head,neat cattle,7486,367,head,swine,662,84,head,,,,,,,,,,,,,,,,,,,,,,,,,,,,,,,,,,,,
DALTON,216,,,,,,1951,,,,,Indian.Com or Maize raised,1209,1951,bush,wheat,35,35,bush,rye,58,87,bush,barley,59,118,bush,oats,1393,1980,bush,buckwheat  raised,18,156,bush,potatoes,3705,7312,bush,hay,,11359,tons,,,,,,,,,,,,,,,,
DALTON,217,,,,,,,,,,,,,,,,,,,,,,,,,,,,,,,,,,,,,,,,,,,,,,,,,,,,,,,,,,
DALTON,217,,,,,,,,,,,Fruit raised,75,150,bush,,,,,,,,,,,,,,,,,,,,,,,,,,,,,,,,,,,,,,,,,,,,
DALTON,217,,,,,,,,,,,Butte.r,1080,9000,lbs,cheese,516,10325,lbs,honey,100,500,lbs,beeswax,10,75,lbs,,,,,,,,,,,,,,,,,,,,,,,,,,,,,,,,
DALTON,217,,,,,,,7,,,,Maple Sugar,278,31475,lbs,Barrels,1500,6000,,,,,,,,,,,,,,,,,,,,,,,,,,,,,,,,,,,,,,,,,
EGREMONT,217,,,,,,,,,,,,,,,,,,,,,,,,,,,,,,,,,,,,,,,,,,,,,,,,,,,,,,,,,,
EGREMONT,217,Establishments for    Rail-road Cars  and other Vehicles,1,,,,2500,12,,,,vehicles,8000,,,,,,,,,,,,,,,,,,,,,,,,,,,,,,,,,,,,,,,,,,,,,,
EGREMONT,217,Chair and Cabinet Ware Manufactories,1,,,,250,,,,,Chair and Cabinet Ware,770,3,,,,,,,,,,,,,,,,,,,,,,,,,,,,,,,,,,,,,,,,,,,,,
EGREMONT,217,,,,,,,1,,,,Boots,550,100,pairs,shoes,,200,pairs,boots and shoes,,,,,,,,,,,,,,,,,,,,,,,,,,,,,,,,,,,,,,,
EGREMONT,217,,,,,,,,,,,Sheep total see species,5211,4257,lbs,me­ rino,8166,6348,lbs,Saxony Sheep,,205,head,merino,,1419,head,other  sheep,,2116,head,Saxony wool produced  lbs.,,410,lbs,other  wool,,,,all  the  wool,,,,,,,,,,,,,,,,,,,
EGREMONT,217,,,,,,,,,,,Horses,8950,212,head,neat cattle,11247,551,head,swine,1332,222,head,,,,,,,,,,,,,,,,,,,,,,,,,,,,,,,,,,,,
EGREMONT,217,,,,,,9630,,,,,Indian Corn or Maize raised,4680,9630,bush,wheat,410,410,bush,rye,3487,5580,bush,oats,5202,20810,bush,potatoes,2996,8591,bush,other es­ culent  vegetables,20,300,bush,hay,6760,1352,tons,flax,80,800,lbs,,,,,,,,,,,,,,,,
EGREMONT,217,,,,,,,,,,,Frui t raised,640,10675,bush,,,,,,,,,,,,,,,,,,,,,,,,,,,,,,,,,,,,,,,,,,,,
EGREMONT,217,,,,,,,,,,,Butter,4362,34900,lbs,cheese,375,7700,lbs,honey,,300,lbs,v $,,36,,,,,,,,,,,,,,,,,,,,,,,,,,,,,,,,,
FLORIDA,217,,,,,,,,,,,,,,,,,,,,,,,,,,,,,,,,,,,,,,,,,,,,,,,,,,,,,,,,,,
FLORIDA,217,,,,,,,6,,,,Lumber prepared,725,275000,feet,,,,,,,,,,,,,,,,,,,,,,,,,,,,,,,,,,,,,,,,,,,,
FLORIDA,217,,,,,,,6,,,,E. . Fire Wood prepared,800,804,cords,,,,,,,,,,,,,,,,,,,,,,,,,,,,,,,,,,,,,,,,,,,,
FLORIDA,218,,,,,,,,,,,,,,,,,,,,,,,,,,,,,,,,,,,,,,,,,,,,,,,,,,,,,,,,,,
FLORIDA,218,,,,,,,,,,,,1286,,,,1157,,,Meriuo Sheep,,1218,head,merino wool produced  lbs.,,3858,lbs,,,,,,,,,,,,,,,,,,,,,,,,,,,,,,,,
FLORIDA,218,,,,,,,,,,,Horses,2460,59,head,swine,8000,106,head,,424,,,,,,,,,,,,,,,,,,,,,,,,,,,,,,,,,,,,,,
FLORIDA,218,,,,,,880,,,,,Indian Corn or Maize raised,528,880,bush,wheat,45,45,bush,rye,93,124,bush,barley,54,90,bush,potatoes,750,10000,bush,potatoes,54,10000,bush,hay $,750,1200,tons,,600,,,,90003000,,,,300,,,,,,,,,,
FLORIDA,218,,,,,,,,,,,Butter,1600,15000,lbs,cheese,225,4500,lbs,,,,,,,,,,,,,,,,,,,,,,,,,,,,,,,,,,,,,,,,
FLORIDA,218,,,,,,,,,,,,,,,,,,,,,,,,,,,,,,,,,,,,,,,,,,,,,,,,,,,,,,,,,,
FLORIDA,218,Cotton Mills,4,,,,66000,,63,101,,spindles,85000,6,lbs,cotton consumed,,300000,yds,sheetings m:d,,500000,yds,printing  cloths,,950000,,,,,,,,,,,,,,,,,,,,,,,,,,,,,,,,,
FLORIDA,218,Woollen  Mills,2,,,,36000,,35,25,,wool  consumed .,60000,150000,lbs,cassimere,30000,60000,yds,satinet,,50000,yds,,,,,,,,,,,,,,,,,,,,,,,,,,,,,,,,,,,,
FLORIDA,218,Forges,1,,,,12000,29,,,,bar iron anchors and other   wrought iron,26000,400,tons,,,,,,,,,,,,,,,,,,,,,,,,,,,,,,,,,,,,,,,,,,,,
FLORIDA,218,Furnaces  for   Pig Iron,1,,,,30000,75,,,,pig iron :,27300,930,tons,,,,,,,,,,,,,,,,,,,,,,,,,,,,,,,,,,,,,,,,,,,,
FLORIDA,218,Axe Man ufactories,2,,,,1000,2,,,,axes and other edge tools,800,1000,,,,,,,,,,,,,,,,,,,,,,,,,,,,,,,,,,,,,,,,,,,,,
FLORIDA,218,Establishments for   Chronometers Watches Gold and Silver Ware  and Jewelry,1,,,,1000,1,,,,for   Chronometers Watches Gold and Silver Ware  and Jewelry,1500,,,,,,,,,,,,,,,,,,,,,,,,,,,,,,,,,,,,,,,,,,,,,,
FLORIDA,218,Saddle Harness: and Trunk Manufactories,2,,,,500,2,,,,Saddle Harness: and Trunk,1000,,,,,,,,,,,,,,,,,,,,,,,,,,,,,,,,,,,,,,,,,,,,,,
FLORIDA,218,Hat  and  Cap  Manufactories,1,,,,1000,6,,,,hats and  caps,4000,2600,,,,,,,,,,,,,,,,,,,,,,,,,,,,,,,,,,,,,,,,,,,,,
FLORIDA,218,Cordage Manufactories,1,,,,500,2,,,,cordage,800,7000,lbs,,,,,,,,,,,,,,,,,,,,,,,,,,,,,,,,,,,,,,,,,,,,
FLORIDA,218,Establishments for    Rail-road Cars and  other Vehicles,2,,,,1500,,,,,vehicles,2,,,,,,,,,,,,,,,,,,,,,,,,,,,,,,,,,,,,,,,,,,,,,,
FLORIDA,218,Chair and Cabinet Ware Manufactories,3,,,,2000,8,,,,Chair and Cabinet Ware,61000,,,,,,,,,,,,,,,,,,,,,,,,,,,,,,,,,,,,,,,,,,,,,,
FLORIDA,219,,,,,,,,,,,,,,,,,,,,,,,,,,,,,,,,,,,,,,,,,,,,,,,,,,,,,,,,,,
FLORIDA,219,Tin Ware Manufactories,1,,,,1000,4,,,,ware,7000,,,,,,,,,,,,,,,,,,,,,,,,,,,,,,,,,,,,,,,,,,,,,,
FLORIDA,219,Flouring  Mills,1,,,,4000,1,,,,flour,2500,500,bbls,,,,,,,,,,,,,,,,,,,,,,,,,,,,,,,,,,,,,,,,,,,,
FLORIDA,219,Tanneries,2,,,,4000,8,,,,leather tanned and curried,2200,,,,,,,,,,,,,,,,,,,,,,,,,,,,,,,,,,,,,,,,,,,,,,
FLORIDA,219,,,,,,,,8,3,,Boots,3000,700,pairs,boots and shoes,,1500,pairs,,,,,,,,,,,,,,,,,,,,,,,,,,,,,,,,,,,,,,,,
FLORIDA,219,,,,,,,4,,,,Bricks,1000,300000,,,,,,,,,,,,,,,,,,,,,,,,,,,,,,,,,,,,,,,,,,,,,
FLORIDA,219,,,,,,,3,,,,Building   Stone  quarried   and  prepared,1000,,,,,,,,,,,,,,,,,,,,,,,,,,,,,,,,,,,,,,,,,,,,,,
FLORIDA,219,,,,,,,76,,,,Marble quarried and prepared,1000,3100,,,310075,,,,,,,,,,,,,,,,,,,,,,,,,,,,,,,,,,,,,,,,,,
FLORIDA,219,,,,,,,7,,,,Lumber prepared,1800,300000,feet,,,,,,,,,,,,,,,,,,,,,,,,,,,,,,,,,,,,,,,,,,,,
FLORIDA,219,,,,,,,20,,,,Fire Wood prepared,6000,3000,cords,,,,,,,,,,,,,,,,,,,,,,,,,,,,,,,,,,,,,,,,,,,,
FLORIDA,219,,,,,,,,,,,Sperm Oil consumed  in manufacturing,2100,2500,galls,other kinds   oil,950,1500,galls,anthracite coal consumed in manufacturing,450,65,tons,all other ·   foreign production excepting cotton wool and iron consumed  in manufacturing,30300,,,,,,,,,,,,,,,,,,,,,,,,,,,,,,,,,,
FLORIDA,219,,,,,,,,,,,Sheep total see species,6000,7000,lbs,other  wool,,,,Saxony  sheep,,462,head,merino,,3000,head,other  sheep,,2000,head,Saxony wool produced  lbs.,,1000,lbs,merino  lbs.,,9000,lbs,Wool total see species,6000,,,,,,,,,,,,,,,,,,
FLORIDA,219,,,,,,,,,,,Horses,9000,352,head,neat cattle,15140,1514,head,swine,4000,404,head,,,,,,,,,,,,,,,,,,,,,,,,,,,,,,,,,,,,
FLORIDA,219,,,,,,23552,,,,,Indian Corn or Maize raised,11776,23552,bush,wheat,1195,1195,bush,rye,7550,14072,bush,oats,7330,29322,bush,potatoes,4652,18607,bush,other  esculent vegetables,1547,6186,bush,hay,27975,5595,tons,,,,,,,,,,,,,,,,,,,,
FLORIDA,219,,,,,,,,,,,Fruit raised,1530,7682,bush,,,,,,,,,,,,,,,,,,,,,,,,,,,,,,,,,,,,,,,,,,,,
FLORIDA,219,,,,,,,,,,,Butter,8863,69140,lbs,cheese,2860,54172,lbs,honey,128,1022,lbs,beeswax,3,10,lbs,,,,,,,,,,,,,,,,,,,,,,,,,,,,,,,,
FLORIDA,219,Gin Distilleries,1,,,,4500,,,,,grain consumed,21000,20000,bush,gin,,70000,galls,,,,,,,,,,,,,,,,,,,,,,,,,,,,,,,,,,,,,,,,
FLORIDA,219,Last  and Boot  Tree Factories,2,,,,5000,18,,,,lasts and boot trees,9000,14000,,,,,,,,,,,,,,,,,,,,,,,,,,,,,,,,,,,,,,,,,,,,,
FLORIDA,220,,,,,,,,,,,,,,,,,,,,,,,,,,,,,,,,,,,,,,,,,,,,,,,,,,,,,,,,,,
HANCOCK,220,,,,,,,,,,,,,,,,,,,,,,,,,,,,,,,,,,,,,,,,,,,,,,,,,,,,,,,,,,
HANCOCK,220,Woollen Mills,2,,,,,,8,6,,wool consumed,13200,20400,lbs,satinet,,20400,yds,,,,,,,,,,,,,,,,,,,,,,,,,,,,,,,,,,,,,,,,
HANCOCK,220,Furnaces for   Hollow Ware and Castings other tha.n Pig Iron,1,,,,500,2,,,,hollow Wllre and cnstings,960,12,tons,,,,,,,,,,,,,,,,,,,,,,,,,,,,,,,,,,,,,,,,,,,,
HANCOCK,220,Cordage Manufactories,1,,,,150,1,,,,cordage,500,3000,lbs,,,,,,,,,,,,,,,,,,,,,,,,,,,,,,,,,,,,,,,,,,,,
HANCOCK,220,Tanneries,2,,,,2100,3,,,,hides tanned,2025,575,,leather tanned and curried,,,,,,,,,,,,,,,,,,,,,,,,,,,,,,,,,,,,,,,,,,,
HANCOCK,220,,,,,,,,2,,,Boots,550,200,pairs,shoes,,150,pairs,boots and shoes,,,,,,,,,,,,,,,,,,,,,,,,,,,,,,,,,,,,,,,
HANCOCK,220,,,,,,,,,,,Wooden Ware,112,,,,,,,,,,,,,,,,,,,,,,,,,,,,,,,,,,,,,,,,,,,,,,
HANCOCK,220,,,,,,10260,2,,,,Corn and other Brooms,650,10260,cords,Fire Wood prepared,,1000,,,,,,,,,,,,,,,,,,,,,,,,,,,,,,,,,,,,,,,,,
HANCOCK,220,,,,,,,,,,,Sperm Oil consumed in manufacturing,,150,galls,Wool total see species,120505,1230,lbs,merino,,3858,head,other  sheep,,1,head,Wool total see species,10765,,,Saxony  wool  produced  lbs.,,1230,lbs,Saxony  wool  produced,,,,merino  lbs.,,10500,lbs,other wool  lbs.,,5400,lbs,Wool total see species,5150,,,,,,,,,,
HANCOCK,220,,,,,,,,,,,Horses,4720,118,head,neat cattle,11010,728,head,swine,610,153,head,,,,,,,,,,,,,,,,,,,,,,,,,,,,,,,,,,,,
HANCOCK,220,,,,,,3304,,,,,Indian Coro or Maize raised,1680,3304,bush,wheat,315,315,bush,rye,468,930,bush,barley,118,236,bush,oats,2225,8545,bush,potatoes,1191,4764,bush,hay,5075,1015,tons,flax,7,68,lbs,,,,,,,,,,,,,,,,
HANCOCK,220,,,,,,,,,,,Fruit raised,67,436,bush,,,,,,,,,,,,,,,,,,,,,,,,,,,,,,,,,,,,,,,,,,,,
HANCOCK,220,,,,,,,,,,,Butter,1376,13767,lbs,cheese,2057,51430,lbs,honey,16,132,lbs,,,,,,,,,,,,,,,,,,,,,,,,,,,,,,,,,,,,
HINSDALE,220,,,,,,,,,,,,,,,,,,,,,,,,,,,,,,,,,,,,,,,,,,,,,,,,,,,,,,,,,,
HINSDALE,220,Woollen Mills,1,,,,,,,10,,wool consumed,35000,50000,lbs,broadcloth,,20000,yds,,,,,,,,,,,,,,,,,,,,,,,,,,,,,,,,,,,,,,,,
HINSDALE,221,,,,,,,,,,,,,,,,,,,,,,,,,,,,,,,,,,,,,,,,,,,,,,,,,,,,,,,,,,
HINSDALE,221,Shovel Spade Fork and Hoe Manufactories,1,,,,300,1,,,,Shovel Spade Fork and Hoe,500,,,,,,,,,,,,,,,,,,,,,,,,,,,,,,,,,,,,,,,,,,,,,,
HINSDALE,221,Hat  and  Cap  Manufactories,1,,,,100,1,,,,hats and caps,100,50,,,,,,,,,,,,,,,,,,,,,,,,,,,,,,,,,,,,,,,,,,,,,
HINSDALE,221,Chair and Cabinet Ware Mannfactories,1,,,,300,1,,,,Chair and Cabinet Ware,500,,,,,,,,,,,,,,,,,,,,,,,,,,,,,,,,,,,,,,,,,,,,,,
HINSDALE,221,Tanneries,2,,,,14000,8,,,,hides tanned,15000,4981,,leather tanned and curried,,,,,,,,,,,,,,,,,,,,,,,,,,,,,,,,,,,,,,,,,,,
HINSDALE,221,,,,,,,,6,,,Boots,3000,550,pairs,shoes,,850,pairs,shoes,,,,,,,,,,,,,,,,,,,,,,,,,,,,,,,,,,,,,,,
HINSDALE,221,,,,,,,,,1,,Palm-leaf Hats,50,140,,,,,,,,,,,,,,,,,,,,,,,,,,,,,,,,,,,,,,,,,,,,,
HINSDALE,221,,,,,,,7,,,,Lime,2040,2900,casks,,,,,,,,,,,,,,,,,,,,,,,,,,,,,,,,,,,,,,,,,,,,
HINSDALE,221,,,,,,,35,,,,Lumber prepared,693,1005000,feet,,,,,,,,,,,,,,,,,,,,,,,,,,,,,,,,,,,,,,,,,,,,
HINSDALE,221,,,,,,,25,,,,Fire Wood prepared,9077,5600,cords,char­ coal prepared,468,7800,bush,hemlock bark pre­ pared,1056,353,cords,,,,,,,,,,,,,,,,,,,,,,,,,,,,,,,,,,,,
HINSDALE,221,,,,,,,,,,,Sperm Oil consumed in manufacturing,113,150,galls,other oil,389,660,galls,,,,,,,,,,,,,,,,,,,,,,,,,,,,,,,,,,,,,,,,
HINSDALE,221,,,,,,,,,,,,11163,,,,14218,,,Merino Sheep,,10967,head,merino wool produced  lbs.,,35545,lbs,,,,,,,,,,,,,,,,,,,,,,,,,,,,,,,,
HINSDALE,221,,,,,,,,,,,Horses,6646,151,head,neat cattle,12130,592,head,swine,692,126,head,,,,,,,,,,,,,,,,,,,,,,,,,,,,,,,,,,,,
HINSDALE,221,,,,,,1548,,,,,Indian Corn or Maize raised,929,1548,bush,wheat,179,118,bush,rye,153,204,bush,barley,64,103,bush,its,2633,16544,bush,potatoes,5084,16947,bush,peas raised,178,89,bush,hay,21750,3625,tons,flax,42,350,lbs,,,,,,,,,,,,
HINSDALE,221,,,,,,,,,,,Fruit raised,496,4578,bush,,,,,,,,,,,,,,,,,,,,,,,,,,,,,,,,,,,,,,,,,,,,
HINSDALE,221,,,,,,,,,,,Butter,2610,21750,lbs,cheese,43,9915,lbs,"""t. $",,595,lbs,honey,,315,,,,,,,,,,,,,,,,,,,,,,,,,,,,,,,,,
LANESBOROUGH,221,,,,,,,,,,,,,,,,,,,,,,,,,,,,,,,,,,,,,,,,,,,,,,,,,,,,,,,,,,
LANESBOROUGH,221,Establishments for   Rail-road Cars and other Vehicles,1,,,,1,2,3,,,vehicles,200,210,pairs,Boots,911,365,pairs,shoes,,,,boots and shoes,,,,,,,,,,,,,,,,,,,,,,,,,,,,,,,,,,,
LANESBOROUGH,222,,,,,,,,,,,,,,,,,,,,,,,,,,,,,,,,,,,,,,,,,,,,,,,,,,,,,,,,,,
LANESBOROUGH,222,,,,,,,27,,,,Marble quarried and prepared,9417,2733,casks,Lime,1133,,,,,,,,,,,,,,,,,,,,,,,,,,,,,,,,,,,,,,,,,,
LANESBOROUGH,222,,,,,,,14,,,,Lumber prepared,1832,216000,feet,Fire Wood prepared,1988,1141,cords,,,,,,,,,,,,,,,,,,,,,,,,,,,,,,,,,,,,,,,,
LANESBOROUGH,222,,,,,,,,,,,Sheep total see species,24875,,,Wool total see species,13036,,,Saxony Sheep,,6803,head,merino,,3769,head,Saxony wool produced  Ibs.,,17262,head,merino   lbs.,,11032,lbs,other wool · lbs.,,271,lbs,,,,,,,,,,,,,,,,,,,,
LANESBOROUGH,222,,,,,,,,,,,Horses,10192,207,head,neat cattle,16024,827,head,swine,1164,255,head,,,,,,,,,,,,,,,,,,,,,,,,,,,,,,,,,,,,
LANESBOROUGH,222,,,,,,6980,,,,,Indian Corn or Maize raised,3490,6980,bush,wheat,267,267,bush,rye,364,583,bush,barley,180,361,bush,oats,3178,10593,bush,potatoes  -,1910,7642,bush,other esr.ulent vegetables,271,1628,bush,hay,18255,3651,tons,flax,28,275,lbs,,,,,,,,,,,,
LANESBOROUGH,222,,,,,,,,,,,Fruit raised,966,5799,bush,,,,,,,,,,,,,,,,,,,,,,,,,,,,,,,,,,,,,,,,,,,,
LANESBOROUGH,222,,,,,,,,,,,Butter,2464,19715,lbs,cheese,4483,89625,lbs,honey,35,268,lbs,,,,,,,,,,,,,,,,,,,,,,,,,,,,,,,,,,,,
LANESBOROUGH,222,,,,,,,,,,,Maple Sugar,1242,17745,lbs,,,,,,,,,,,,,,,,,,,,,,,,,,,,,,,,,,,,,,,,,,,,
LEE,222,,,,,,,,,,,,,,,,,,,,,,,,,,,,,,,,,,,,,,,,,,,,,,,,,,,,,,,,,,
LEE,222,Cotton Mills,1,,,,10000,,12,16,,cotton consumed,13000,57200,lbs,sheetings,350,200000,yds,cotton batting,,5000,lbs,,,,,,,,,,,,,,,,,,,,,,,,,,,,,,,,,,,,
LEE,222,Woollen Mills,1,,,,17000,,12,8,,wool consumed,24000,40000,lbs,satinet,,42000,yds,,,,,,,,,,,,,,,,,,,,,,,,,,,,,,,,,,,,,,,,
LEE,222,Forges,1,,,,10000,11,,,,bar iron anchors and other   wrought iron,17500,175,tons,,,,,,,,,,,,,,,,,,,,,,,,,,,,,,,,,,,,,,,,,,,,
LEE,222,Furnaces for   Hollow Ware and Castings other than Pig Iron,1,,,,2000,2,,,,hollow ware and castings,5000,60,tons,,,,,,,,,,,,,,,,,,,,,,,,,,,,,,,,,,,,,,,,,,,,
LEE,222,Establishments for   Cotton Woollen and other Ma­ chinery,1,,,,4000,9,,,,machinery,7000,,,,,,,,,,,,,,,,,,,,,,,,,,,,,,,,,,,,,,,,,,,,,,
LEE,222,,,,,,500,1,,,,axes and other edge tools,111000,,,,,,,,,,,,,,,,,,,,,,,,,,,,,,,,,,,,,,,,,,,,,,
LEE,223,,,,,,,,,,,,,,,,,,,,,,,,,,,,,,,,,,,,,,,,,,,,,,,,,,,,,,,,,,
LEE,223,Shovel  Spade Fork and Hoe Manufactories,1,,,,250,1,,,,Shovel  Spade Fork and Hoe,1000,,,,,,,,,,,,,,,,,,,,,,,,,,,,,,,,,,,,,,,,,,,,,,
LEE,223,Paper Manufactories,9,,,,148000,,109,149,,stock consumed,285000,1437,tons,paper,,116475,reams,,,,,,,,,,,,,,,,,,,,,,,,,,,,,,,,,,,,,,,,
LEE,223,Wrapping  Paper   Manufactories,2,,,,7000,10,,,,stock  consumed,4000014000,290,tons,,,,,,,,,,,,,,,,,,,,,,,,,,,,,,,,,,,,,,,,,,,,
LEE,223,Saddle Harness  and Trunk Manufactories,3,,,,900,4,,,,Saddle Harness  and Trunk,3000,,,,,,,,,,,,,,,,,,,,,,,,,,,,,,,,,,,,,,,,,,,,,,
LEE,223,Establishments for   Rail-road Cars and other Vehicles,3,,,,10000,35,,,,vehicles,20000,,,,,,,,,,,,,,,,,,,,,,,,,,,,,,,,,,,,,,,,,,,,,,
LEE,223,Powder  Mills,1,,,,1500,2,,,,powder,4500,37500,lbs,,,,,,,,,,,,,,,,,,,,,,,,,,,,,,,,,,,,,,,,,,,,
LEE,223,Chair and Cabinet  Ware Manufactories,3,,,,550,3,,,,Chair and Cabinet  Ware,1800,,,,,,,,,,,,,,,,,,,,,,,,,,,,,,,,,,,,,,,,,,,,,,
LEE,223,Tin Ware Manufactories,1,,,,1000,4,,,,ware,3500,,,,,,,,,,,,,,,,,,,,,,,,,,,,,,,,,,,,,,,,,,,,,,
LEE,223,Tranneries,1,,,,4000,3,,,,leather tanned and curried,6000,,,,,,,,,,,,,,,,,,,,,,,,,,,,,,,,,,,,,,,,,,,,,,
LEE,223,,,,,,,,14,,,Boots,5605,750,pairs,shoes,,3330,pairs,boots and shoes,,,,,,,,,,,,,,,,,,,,,,,,,,,,,,,,,,,,,,,
LEE,223,,,,,,,4,,,,Bricks,1200,200000,,,,,,,,,,,,,,,,,,,,,,,,,,,,,,,,,,,,,,,,,,,,,
LEE,223,,,,,,,2,,,,Lime,1562,2500,casks,,,,,,,,,,,,,,,,,,,,,,,,,,,,,,,,,,,,,,,,,,,,
LEE,223,,,,,,,20,,,,Lumber prepared,6192,948000,feet,,,,,,,,,,,,,,,,,,,,,,,,,,,,,,,,,,,,,,,,,,,,
LEE,223,,,,,,2000,52,,,,Fire Wood prepared,10870,5565,cords,char­ coal,4315,66500,bush,,,,,,,,,,,,,,,,,,,,,,,,,,,,,,,,,,,,,,,,
LEE,223,,,,,,,,,,,Sperm Oil consumed in manufacturing,1400,13901,galls,w hale oil,475,700,galls,other oil,350,600,galls,anth ·acite coal consumed in manufactu ring,180,20,tons,forein bituminous coal,75,16,chaldrons,all other   American prod uction excepting cotton wool and iron consu med in man ufacturing,20618,16,chaldrons,all other    foreign  production  excepting  as  above consumed,180,,,forein bituminous coal,75,,,all other   American prod uction excepting cotton wool and iron consu med in man ufacturing,20618,,,all other    foreign  production  excepting  as  above consumed,15700,,,,,,,,,,
LEE,223,,,,,,,,,,,,4385,,,,3890,,,Merino  Sheep,,3378,head,merino wool  produced  lbs.,,9903,lbs,,,,,,,,,,,,,,,,,,,,,,,,,,,,,,,,
LEE,223,,,,,,,,,,,Horses,19015,290,head,neat  cattle,26394,1276,head,swine,3869,489,head,,,,,,,,,,,,,,,,,,,,,,,,,,,,,,,,,,,,
LEE,224,,,,,,,,,,,,,,,,,,,,,,,,,,,,,,,,,,,,,,,,,,,,,,,,,,,,,,,,,,
LEE,224,,,,,,6705,,,,,Indian Corn or Maize raised,4447,6705,bush,wheat,117,94,bush,· rye,1773,2378,bush,barley,569,1138,bush,oats,4738,16920,bush,potatoes -,6547,17725,bush,other  esculent  vegetables,1095,3910,bush,hay,25637,3698,tons,buck wheat,100,300,bush,,,,,,,,,,,,
LEE,224,,,,,,,,,,,Fruit raised,955,41110,bush,,,,,,,,,,,,,,,,,,,,,,,,,,,,,,,,,,,,,,,,,,,,
LEE,224,,,,,,,,,,,Butter,7742,61935,lbs,cheese,1292,25850,lbs,honey,204,1630,lbs,beeswax,15,50,lbs,,,,,,,,,,,,,,,,,,,,,,,,,,,,,,,,
LEE,224,,,,,,,,,,,Maple Sugar,100,1000,lbs,,,,,,,,,,,,,,,,,,,,,,,,,,,,,,,,,,,,,,,,,,,,
LEE,224,Shops for turning Chair Stuff,2,,,,3000,8,,,,stuff turned,6200,,,,,,,,,,,,,,,,,,,,,,,,,,,,,,,,,,,,,,,,,,,,,,
LEE,224,Tailors' Shops,4,,,,625,7,5,,,clothing,3300,,,,,,,,,,,,,,,,,,,,,,,,,,,,,,,,,,,,,,,,,,,,,,
LEE,224,Mantua and Dress Makers' Shops,2,,,,600,3,,,,,1300,,,,,,,,,,,,,,,,,,,,,,,,,,,,,,,,,,,,,,,,,,,,,,
LEE,224,Blacksmiths' Shops,6,,,,3100,94,,,,,11000,23500,bush,grain ground,,,,,,,,,,,,,,,,,,,,,,,,,,,,,,,,,,,,,,,,,,,
LEE,224,Stone Cutters' Shops,1,,,,100,22,,,,,2000,,,labor,400,,,,,,,,,,,,,,,,,,,,,,,,,,,,,,,,,,,,,,,,,,
LENOX,224,,,,,,,,,,,,,,,,,,,,,,,,,,,,,,,,,,,,,,,,,,,,,,,,,,,,,,,,,,
LENOX,224,Furnaces for   Pig Iron,1,,,,30000,50,,,,pig iron,45000,1500,tons,,,,,,,,,,,,,,,,,,,,,,,,,,,,,,,,,,,,,,,,,,,,
LENOX,224,Saddle Harness and Trunk Manufactories,1,,,,300,2,,,,Saddle Harness and Trunk,600,,,,,,,,,,,,,,,,,,,,,,,,,,,,,,,,,,,,,,,,,,,,,,
LENOX,224,Tin Ware Manufactories,1,,,,400,1,,,,ware,500,,,,,,,,,,,,,,,,,,,,,,,,,,,,,,,,,,,,,,,,,,,,,,
LENOX,224,Tanneries,2,,,,1075,3,,,,leather tanned and curried,1800,,,,,,,,,,,,,,,,,,,,,,,,,,,,,,,,,,,,,,,,,,,,,,
LENOX,224,,,,,,,,14,,,Boots,2575,250,pairs,shoes,,2860,pairs,boots and shoes,,,,,,,,,,,,,,,,,,,,,,,,,,,,,,,,,,,,,,,
LENOX,224,,,,,,,4,,,,Bricks,700,200000,,,,,,,,,,,,,,,,,,,,,,,,,,,,,,,,,,,,,,,,,,,,,
LENOX,224,,,,,,,2,,,,Marble quarried and prepared,600,,,,,,,,,,,,,,,,,,,,,,,,,,,,,,,,,,,,,,,,,,,,,,
LENOX,225,,,,,,,,,,,,,,,,,,,,,,,,,,,,,,,,,,,,,,,,,,,,,,,,,,,,,,,,,,
LENOX,225,,,,,,,14,,,,Lime,7800,7800,casks,,,,,,,,,,,,,,,,,,,,,,,,,,,,,,,,,,,,,,,,,,,,
LENOX,225,,,,,,,12,,,,Mineral and Iron Ore mined,4594,,,,,,,,,,,,,,,,,,,,,,,,,,,,,,,,,,,,,,,,,,,,,,
LENOX,225,,,,,,,10,,,,Lumber prepared,4520,820000,feet,,450,,,,,,,,,,,,,,,,,,,,,,,,,,,,,,,,,,,,,,,,,,
LENOX,225,,,,,,,10,,,,Fire Wood prepared,3262,3026,cords,,,,,,,,,,,,,,,,,,,,,,,,,,,,,,,,,,,,,,,,,,,,
LENOX,225,,,,,,,,,,,W hale Oil consumed in man nfact u ring,4626,100,galls,Wool total see species,552203,,,,2144,,,,,,,,,,,,,,,,,,,,,,,,,,,,,,,,,,,,,,
LENOX,225,,,,,,,,,,,,,,,,,,,,,,,,,,,,,,,,,,,,,,,,,,,,,,,,,,,,,,,,,,
LENOX,225,,,,,,,,,,,Asses and Mules,1015,9,head,Horses,11478,214,head,neat cattle,23311,1021,head,sine,1045,262,,,,,,,,,,,,,,,,,,,,,,,,,,,,,,,,,
LENOX,225,,,,,,6518,,,,,India n Corn or Mnize raised,3258,6518,bush,,,,,,,,,,,,,,,,,,,,,,,,,,,,,,,,,,,,,,,,,,,,
LENOX,225,,,,,,,,,,,rye,1069,866,bush,Barley,779,1247,bush,,,62,bush,,,,,,,,,,,,,,,,,,,,,,,,,,,,,,,,,,,,
LENOX,225,,,,,,,,,,,oats,32,9542,bush,potatoes,2983,10011,bnsh,other  esculeh t  vegetables,3223,635,bush,hay,193,1675,tons,fl.ax,15360,86,lbs,beans,10,37,bush,,37,,,,,,,,,,,,,,,,,,,,,,
LENOX,225,,,,,,,,,,,Fruit raised,1863,11127,bush,,,,,,,,,,,,,,,,,,,,,,,,,,,,,,,,,,,,,,,,,,,,
LENOX,225,,,,,,,,,,,Butter,4489,36927,lbs,cheese,797,15930,lbs,honey,154,1020,lbs,beeswax,8,27,lbs,,,,,,,,,,,,,,,,,,,,,,,,,,,,,,,,
LENOX,225,,,,,,,,,,,,,,,,,,,,,,,,,,,,,,,,,,,,,,,,,,,,,,,,,,,,,,,,,,
LENOX,225,Manufactories  Shovels Spades Forks Hoes and Cnstings,1,,,,3000,5,,,,,2500,,,,,,,,,,,,,,,,,,,,,,,,,,,,,,,,,,,,,,,,,,,,,,
LENOX,225,,,,,,,,,,,Lumber prepared,1200,150000,feet,,,,,,,,,,,,,,,,,,,,,,,,,,,,,,,,,,,,,,,,,,,,
LENOX,225,,,,,,,,,,,Sheep total,548,214,head,wool prod uced,24673,820,lbs,V. $. Horses,2293,24673,head,neat cattle i,4879,28,head,swine,293,79,head,,,,,,,,,,,,,,,,,,,,,,,,,,,,
LENOX,225,,,,,,675,,,,,India n Corn or Maize raised:,324,675,bush,buck­ wheat,270,720,bush,rye,310,518,bush,o:its,1264,5075,bush,potatoes,1633,4355,bush,other esculent vegetables,700,706,tons,hay,4942,135,lbs,flax,14,,,,,,,,,,,,,,,,,,
LENOX,225,,,,,,,,,,,Fruit raised,152,1517,bush,,,,,,,,,,,,,,,,,,,,,,,,,,,,,,,,,,,,,,,,,,,,
LENOX,225,,,,,,,,,,,Butter,1018,8140,lbs,cheese,174,3485,lbs,honey,138,1100,lbs,beeswax,5,15,lbs,,,,,,,,,,,,,,,,,,,,,,,,,,,,,,,,
LENOX,226,,,,,,,,,,,,,,,,,,,,,,,,,,,,,,,,,,,,,,,,,,,,,,,,,,,,,,,,,,
LENOX,226,,,,,,,,,,,,,,,,,,,,,,,,,,,,,,,,,,,,,,,,,,,,,,,,,,,,,,,,,,
LENOX,226,,,,,,,,1,1,,Boots,364,66,pairs,shoos,,133,pairs,boots and shoes,,,,,,,,,,,,,,,,,,,,,,,,,,,,,,,,,,,,,,,
LENOX,226,,,,,,,,,,,,,,,,,,,,,,,,,,,,,,,,,,,,,,,,,,,,,,,,,,,,,,,,,,
LENOX,226,,,,,,,,,,,Sheep total see species,2270,3804,lbs,me­ rino,2026,250,lbs,Saxony Sheep,,720,head,other sheep,,80,head,Saxony wool produced  lbs.,,2221,lbs,other  wool,,,,all  the wool,,,,,,,,,,,,,,,,,,,,,,,
LENOX,226,,,,,,,,,,,Horses,1330,38,head,swine,3872,64,head,,320,,,,,,,,,,,,,,,,,,,,,,,,,,,,,,,,,,,,,,
LENOX,226,,,,,,11285,,,,,Indian Corn or Maize raised,803,11285,bush,wheat,34,29,bush,rye,27,42,bush,oats,864,2617,bush,potatoes,723,2191,bush,other csculent vege-. tables,32,96,bush,bay,5712,714,tons,lax,3,125,lbs,,,,,,,,,,,,,,,,
LENOX,226,,,,,,,,,,,Fruit raised,91,1840,bush,,,,,,,,,,,,,,,,,,,,,,,,,,,,,,,,,,,,,,,,,,,,
LENOX,226,,,,,,,,,,,Butter,437,3420,lbs,cheese,1019,22650,lbs,honey,27,295,lbs,beeswax,8,25,lbs,,,,,,,,,,,,,,,,,,,,,,,,,,,,,,,,
LENOX,226,,,,,,,,,,,Maple Sugur,566,7075,lbs,,150,,,,,,,,,,,,,,,,,,,,,,,,,,,,,,,,,,,,,,,,,,
LENOX,226,,,,,,,,,,,,,,,,,,,,,,,,,,,,,,,,,,,,,,,,,,,,,,,,,,,,,,,,,,
LENOX,226,Woollen  Mills,1,,,,,,,,,wool consumed,750,1000,lbs,stinet,,111000,yds,,,,,,,,,,,,,,,,,,,,,,,,,,,,,,,,,,,,,,,,
LENOX,226,Furnaces for     Hollow Ware  and  Castings  other  tban Pig  Iron,1,,,,3000,5,,,,hollow  wre  and  castings,4500,1150,tons,,,,,,,,,,,,,,,,,,,,,,,,,,,,,,,,,,,,,,,,,,,,
LENOX,226,Axe Manufoctories,1,,,,500,2,,,,axes and other edge tools,1400,1000,,,,,,,,,,,,,,,,,,,,,,,,,,,,,,,,,,,,,,,,,,,,,
LENOX,226,Plough  Mau ufactories,1,,,,,1,,,,ploughs and  other agricultural tools,550,100,,,,,,,,,,,,,,,,,,,,,,,,,,,,,,,,,,,,,,,,,,,,,
LENOX,226,Paper Mn nnfoctories,3,,,,19500,27,,,,stock consumed,28160,409,tons,paper,,234,tons,,,,,,,,,,,,,,,,,,,,,,,,,,,,,,,,,,,,,,,,
LENOX,226,Saddle Harness and Trunk Manufactorics,1,,,,200,1,,,,Saddle Harness and Trunk,11400,,,,,,,,,,,,,,,,,,,,,,,,,,,,,,,,,,,,,,,,,,,,,,
LENOX,226,Hat and Cap Mannfactories,1,,,,200,1,,,,hats and caps  .,550,400,,,,,,,,,,,,,,,,,,,,,,,,,,,,,,,,,,,,,,,,,,,,,
LENOX,227,,,,,,,,,,,,,,,,,,,,,,,,,,,,,,,,,,,,,,,,,,,,,,,,,,,,,,,,,,
LENOX,227,Powder Mills,1,,,,5000,4,,,,powder m?d,81000,40,tons,,,,,,,,,,,,,,,,,,,,,,,,,,,,,,,,,,,,,,,,,,,,
LENOX,227,Tanneries,1,,,,750,2,,,,leather tanned and curried,1800,,,,,,,,,,,,,,,,,,,,,,,,,,,,,,,,,,,,,,,,,,,,,,
LENOX,227,,,,,,,,8,,,Boots,2621,581,pairs,shoes,,1015,pairs,boota and shooia,,,,,,,,,,,,,,,,,,,,,,,,,,,,,,,,,,,,,,,
LENOX,227,,,,,,,1,,1,,Palm-leaf Hats,50,150,,Bricks,280,70000,,,,,,,,,,,,,,,,,,,,,,,,,,,,,,,,,,,,,,,,,
LENOX,227,,,,,,,10,,,,Lime,5500,5500,casks,,,,,,,,,,,,,,,,,,,,,,,,,,,,,,,,,,,,,,,,,,,,
LENOX,227,,,,,,,,,,,Lumber prepared,21198,1175000,feet,,,,,,,,,,,,,,,,,,,,,,,,,,,,,,,,,,,,,,,,,,,,
LENOX,227,,,,,,,7,,,,Fire Wood prt'pared,2634,1953,cords,,,,,,,,,,,,,,,,,,,,,,,,,,,,,,,,,,,,,,,,,,,,
LENOX,227,,,,,,,,,,,meriuo._,,6663,lbs,Wool total see species,16101,9100,,Saxony Sheep,,3624,head,other sheep .,,447,head,Saxony wool  produced  lbs.,,9100,lbs,Saxony wool  produced,,,,merino l lbs.,,1698,lbs,other wool lS lbs.,,62,lbs,Wool total see species,11756,,,,,,,,,,,,,,
LENOX,227,,,,,,,,,,,Horses,12217,282,head,neat cattle,30348,1706,head,swine,1789,365,head,,,,,,,,,,,,,,,,,,,,,,,,,,,,,,,,,,,,
LENOX,227,,,,,,6027,,,,,Indian Corn or Maize raised,4581,6027,bush,wheat,319,319,bush,rye,2999,4400,bush,oats,4736,16291,bush,potatoes,4320,14551,bush,hay,38788,6433,tons,,,,,,,,,,,,,,,,,,,,,,,,
LENOX,227,,,,,,,,,,,Frnit raised,1462,11168,bush,,,,,,,,,,,,,,,,,,,,,,,,,,,,,,,,,,,,,,,,,,,,
LENOX,227,,,,,,,,,,,Butter,10837,76670,lbs,cheese,8776,153050,lbs,honey,96,765,lbs,,,,,,,,,,,,,,,,,,,,,,,,,,,,,,,,,,,,
LENOX,227,,,,,,12000,2,,,,Cheese Boxes,1600,12000,,,,,,,,,,,,,,,,,,,,,,,,,,,,,,,,,,,,,,,,,,,,,
LENOX,227,,,,,,,2,,,,Hoe and Fork Handles,300,3600,,,,,,,,,,,,,,,,,,,,,,,,,,,,,,,,,,,,,,,,,,,,,
LENOX,227,,,,,,6000,,,,,Barrels and Casks,18019070,6000,,,1530,,,,,,,,,,,,,,,,,,,,,,,,,,,,,,,,,,,,,,,,,,
OTIS,227,,,,,,,,,,,,,,,,,,,,,,,,,,,,,,,,,,,,,,,,,,,,,,,,,,,,,,,,,,
OTIS,227,Forges,2,,,,10000,13,,,,bar iron anchors and other   wrought iron,16506,150,tons,,,,,,,,,,,,,,,,,,,,,,,,,,,,,,,,,,,,,,,,,,,,
OTIS,227,Axe Manufactories,1,,,,,,,,,Axe,12542,,,,,,,,,,,,,,,,,,,,,,,,,,,,,,,,,,,,,,,,,,,,,,
OTIS,227,,,,,,,,,,,Hoes,20,60,,,,,,,,,,,,,,,,,,,,,,,,,,,,,,,,,,,,,,,,,,,,,
OTIS,227,Clock idanufactories,1,,,,1,2,,,,clocks,900,300,,,,,,,,,,,,,,,,,,,,,,,,,,,,,,,,,,,,,,,,,,,,,
OTIS,227,,,,,,1501,1,,,,,1501,,,,,,,,,,,,,,,,,,,,,,,,,,,,,,,,,,,,,,,,,,,,,,
OTIS,228,,,,,,,,,,,,,,,,,,,,,,,,,,,,,,,,,,,,,,,,,,,,,,,,,,,,,,,,,,
OTIS,228,Flouring Mills .,2,,,,,,,,,Flouring Mills .,,,,,,,,,,,,,,,,,,,,,,,,,,,,,,,,,,,,,,,,,,,,,,,
OTIS,228,Tanneries,3,,,,2000,6,,,,leather tanned and curried,5100,,,,,,,,,,,,,,,,,,,,,,,,,,,,,,,,,,,,,,,,,,,,,,
OTIS,228,,,,,,,,4,,,Boots,1764,1522,pairs,shoes,,614,pairs,boots and shoes,,,,,,,,,,,,,,,,,,,,,,,,,,,,,,,,,,,,,,,
OTIS,228,,,,,,12035,23,,,,Cheese Boxes,1444,12035,feet,Lumber prepared,5190,865000,,,,,,,,,,,,,,,,,,,,,,,,,,,,,,,,,,,,,,,,,
OTIS,228,,,,,,,6,,,,Fire Wood prepared,1085,1085,cords,hemlock bark,2250,900,cords,charcoal,4400,44000,bush,,,,,,,,,,,,,,,,,,,,,,,,,,,,,,,,,,,,
OTIS,228,,,,,,,,,,,Sheep total,1702,1362,head,wool prod uced,1021,3405,lbs,,,,,,,,,,,,,,,,,,,,,,,,,,,,,,,,,,,,,,,,
OTIS,228,,,,,,,,,,,Horses,6650,133,head,neat  cattle,13747,1254,head,swine,600,150,head,,,,,,,,,,,,,,,,,,,,,,,,,,,,,,,,,,,,
OTIS,228,,,,,,523,,,,,Ind ian Corn or Maize raised J,914,523,bush,rye,64,106,bush,oats,934,3114,bush,potatoe,1273,6367,bush,other esculent vegeta bles,57,457,bush,hay,13770,2295,tons,,,,,,,,,,,,,,,,,,,,,,,,
OTIS,228,,,,,,,,,,,Fruit raised,380,4754,bush,,,,,,,,,,,,,,,,,,,,,,,,,,,,,,,,,,,,,,,,,,,,
OTIS,228,,,,,,,,,,,Butter,749,7490,lbs,cheese,4307,107678,lbs,honey,60,480,lbs,beeswax,5,14,lbs,,,,,,,,,,,,,,,,,,,,,,,,,,,,,,,,
OTIS,228,,,,,,,,,,,Maple Sugar,837,11987,lbs,,,,,,,,,,,,,,,,,,,,,,,,,,,,,,,,,,,,,,,,,,,,
PERU,228,,,,,,,,,,,,,,,,,,,,,,,,,,,,,,,,,,,,,,,,,,,,,,,,,,,,,,,,,,
PERU,228,,,,,,,,4,2,,Boots,2650,300,pairs,shoes,,1900,pairs,boots and shoes:,,,,,,,,,,,,,,,,,,,,,,,,,,,,,,,,,,,,,,,
PERU,228,,,,,,,8,,5,,Palm-leaf  Hats,110,440,feet,Lumber prepared,1325,225000,cords,Fire Wood prepared,1102,630,,,,,,,,,,,,,,,,,,,,,,,,,,,,,,,,,,,,,
PERU,228,,,,,,,,,,,,12904,,,,7758,,,Merino Sheep,,6452,head,merino wool produced  lbs.,,20969,lbs,,,,,,,,,,,,,,,,,,,,,,,,,,,,,,,,
PERU,228,,,,,,,,,,,Horses,4600,110,head,neat cattle,10263,557,head,swine,615,115,head,,,,,,,,,,,,,,,,,,,,,,,,,,,,,,,,,,,,
PERU,228,,,,,,706,,,,,Ind ian Corn or Maize rais<'d,530,706,bush,ba rley,100,150,bush,oats,1051,3153,bnsh,potatoes,3175,9526,bush,hay,14760,2460,tons,,,,,,,,,,,,,,,,,,,,,,,,,,,,
PERU,228,,,,,,,,,,,Fruit raised,481,1926,bush,,,,,,,,,,,,,,,,,,,,,,,,,,,,,,,,,,,,,,,,,,,,
PERU,228,,,,,,,,,,,Butter,1402,11219,lbs,cheese,563,11270,lbs,,,,,,,,,,,,,,,,,,,,,,,,,,,,,,,,,,,,,,,,
PERU,229,,,,,,,,,,,,,,,,,,,,,,,,,,,,,,,,,,,,,,,,,,,,,,,,,,,,,,,,,,
PITTSFIELD,229,,,,,,,,,,,,,,,,,,,,,,,,,,,,,,,,,,,,,,,,,,,,,,,,,,,,,,,,,,
PITTSFIELD,229,Cotton Mills,2,,,,51700,,19,40,,cotton consumed,40000,180000,lbs,sheetings,188,637189,yds,cotton bat ting,,2500,lbs,,,,,,,,,,,,,,,,,,,,,,,,,,,,,,,,,,,,
PITTSFIELD,229,Woolen Mills,6,,,,246000,,145,103,,wool  consumed,191000,420000,lbs,broadcloth,60000,113000,yds,sati­ net,113,130000,yds,flannel or blanketing,,300,yds,,,,,,,,,,,,,,,,,,,,,,,,,,,,,,,,
PITTSFIELD,229,Furnaces for   Hollow Ware  and  Castings  other  than Pig Iron,4,,,,1,14,,,,hollow -ware and castings,24075,321,tons,,,,,,,,,,,,,,,,,,,,,,,,,,,,,,,,,,,,,,,,,,,,
PITTSFIELD,229,Establishments for   Cotton Woollen and other Machin­ ery,3,,,,34000,52,,,,machinery,27650,,,,,,,,,,,,,,,,,,,,,,,,,,,,,,,,,,,,,,,,,,,,,,
PITTSFIELD,229,· Musical Instrnment Manufactocies,1,,,,250,1,,,,instruments,1000,,,,,,,,,,,,,,,,,,,,,,,,,,,,,,,,,,,,,,,,,,,,,,
PITTSFIELD,229,Saddle Harness and Trunk Manufactories,3,,,,1500,7,,,,Saddle Harness and Trunk,5000,,,,,,,,,,,,,,,,,,,,,,,,,,,,,,,,,,,,,,,,,,,,,,
PITTSFIELD,229,Hat and Cap l\lannfactories,1,,,,3000,14,,,,hats and  caps,7750,6500,,,,,,,,,,,,,,,,,,,,,,,,,,,,,,,,,,,,,,,,,,,,,
PITTSFIELD,229,Establishments for   Rail-road Cars and other Vchicles,8,,,,16050,49,,,,for   Rail-road Cars and other Vchicles,28170,,,,,,,,,,,,,,,,,,,,,,,,,,,,,,,,,,,,,,,,,,,,,,
PITTSFIELD,229,Soap and 'allow Candle Man ufactories,12,,,,1120,3,,,,soap,1050,33,tons,tallow  candles,222,2000,lbs,,,,,,,,,,,,,,,,,,,,,,,,,,,,,,,,,,,,,,,,
PITTSFIELD,229,Establishments for   Fire Arms,2,,,,30500,33,,,,arms  mus­ kets,23100,1500,,rifles,,10,,and pistols,,10,,,,,,,,,,,,,,,,,,,,,,,,,,,,,,,,,,,,,
PITTSFIELD,229,Chair and Cabinet Ware Manufactories,3,,,,7700,11,,,,Chair and Cabinet Ware,12500,,,,,,,,,,,,,,,,,,,,,,,,,,,,,,,,,,,,,,,,,,,,,,
PITTSFIELD,229,Tin Ware Manufactories,2,,,,2900,4,,,,ware,4500,,,,,,,,,,,,,,,,,,,,,,,,,,,,,,,,,,,,,,,,,,,,,,
PITTSFIELD,229,Comb Manufactories,1,,,,25,1,,,,combs,83,,,,,,,,,,,,,,,,,,,,,,,,,,,,,,,,,,,,,,,,,,,,,,
PITTSFIELD,229,Tanneries,3,,,,17350,12,,,,hides tanned,18700,3740,,leather tanned and curried,,,,,,,,,,,,,,,,,,,,,,,,,,,,,,,,,,,,,,,,,,,
PITTSFIELD,229,,,,,,,,26,,,Boots .,8552,1550,pairs,shoes,,21308,pairs,boots and shoes,,,,,,,,,,,,,,,,,,,,,,,,,,,,,,,,,,,,,,,
PITTSFIELD,230,,,,,,,,,,,,,,,,,,,,,,,,,,,,,,,,,,,,,,,,,,,,,,,,,,,,,,,,,,
PITTSFIELD,230,,,,,,,11,,,,Bricks,2180,645000,,,,,,,,,,,,,,,,,,,,,,,,,,,,,,,,,,,,,,,,,,,,,
PITTSFIELD,230,,,,,,,,,,,Building Stone quarried and prepared,1698,,,,,,,,,,,,,,,,,,,,,,,,,,,,,,,,,,,,,,,,,,,,,,
PITTSFIELD,230,,,,,,,22,,,,l\larble quarried and pr*?parcd,4901,7100,casks,Lime,5100,,,,,,,,,,,,,,,,,,,,,,,,,,,,,,,,,,,,,,,,,,
PITTSFIELD,230,,,,,,,2,,,,pum ps,,350,,,,,,,,,,,,,,,,,,,,,,,,,,,,,,,,,,,,,,,,,,,,,
PITTSFIELD,230,,,,,,,5,,,,Mechanics' Tools,5250,,,,,,,,,,,,,,,,,,,,,,,,,,,,,,,,,,,,,,,,,,,,,,
PITTSFIELD,230,,,,,,,2,,,,Wooden Ware,640,,,,,,,,,,,,,,,,,,,,,,,,,,,,,,,,,,,,,,,,,,,,,,
PITTSFIELD,230,,,,,,8350,6,,,,Com and other Brooms,1670,8350,,,,,,,,,,,,,,,,,,,,,,,,,,,,,,,,,,,,,,,,,,,,,
PITTSFIELD,230,,,,,,,10,,,,Lumber prepared,794,1163000,feet,,,,,,,,,,,,,,,,,,,,,,,,,,,,,,,,,,,,,,,,,,,,
PITTSFIELD,230,,,,,,463154301,89,,,,nil other    i C.,463154301,4431,cords,Fire Wood prepared,10032,,,,,,,,,,,,,,,,,,,,,,,,,,,,,,,,,,,,,,,,,,
PITTSFIELD,230,,,,,,,,,,,Sperm  Oil  consumed  in  man ufacturing,3400,3495,galls,whale oil,23,30,galls,all other kinds  oil,3605,5830,galls,anthracite coal consumed in manufac­ turing,1015,139,tons,nil other   American production con­ sumd  in man ufacturing  excepting cotton wool  and iron,144,,,all other   foreign production except­ ing as above consumed,39,,,,36945,,,,10510,,,,,,,,,,,,,,,,,,
PITTSFIELD,230,,,,,,,,,,,Sheep total see species,27853,5005,lbs,Saxony wool prod uced,,,,Saxony Sheep,,1820,head,merino,,8369,head,other sheep,,333,head,Saxony wool prod uced  lbs.,,5005,lbs,merino  lbs.,,21200,lbs,other wool   lbs.,,1332,lbs,Wool total see species,13415,,,,,,,,,,,,,,
PITTSFIELD,230,,,,,,,,,,,Horses,27170,494,head,neat cattle,35245,1855,head,swine,7700,857,head,,,,,,,,,,,,,,,,,,,,,,,,,,,,,,,,,,,,
PITTSFIELD,230,,,,,,13059,,,,,Indian Corn or Maize raised,7835,13059,bush,wheatt,328,328,bush,rye,2752,3365,bush,barley,478,767,bush,oats,8439,24795,bush,potntoes -,9000,23100,bush,beans,387,258,bush,peas,263,102,bush,buck wheat,1150,657,bush,other escu­ lent  vegetables,2,3434,bush,millet,46900,6,bush,hay,36,6700,tons
PITTSFIELD,230,,,,,,,,,,,Fruit  raised,903,3614,bush,,191,,,,,,,,,,,,,,,,,,,,,,,,,,,,,,,,,,,,,,,,,,
PITTSFIELD,230,,,,,,,,,,,Butter prod uced,10367,82930,lbs,cheese,1213,20221,lbs,honey,240,1440,lbs,beeswax,18,65,lbs,,,,,,,,,,,,,,,,,,,,,,,,,,,,,,,,
PITTSFIELD,231,,,,,,,,,,,,,,,,,,,,,,,,,,,,,,,,,,,,,,,,,,,,,,,,,,,,,,,,,,
PITTSFIELD,231,,,,,,,,,,,·Maple Sugar,1162,14400,lbs,,,,,,,,,,,,,,,,,,,,,,,,,,,,,,,,,,,,,,,,,,,,
PITTSFIELD,231,,,,,,,,,,,Seeds raised,871,,,,,,,,,,,,,,,,,,,,,,,,,,,,,,,,,,,,,,,,,,,,,,
PITTSFIELD,231,,,,,,,,,,,Pouhry raised,1550,,,,,,,,,,,,,,,,,,,,,,,,,,,,,,,,,,,,,,,,,,,,,,
PITTSFIELD,231,,,,,,,,,,,Eggs produced,2438,,,,,,,,,,,,,,,,,,,,,,,,,,,,,,,,,,,,,,,,,,,,,,
RICHMOND,231,,,,,,,,,,,,,,,,,,,,,,,,,,,,,,,,,,,,,,,,,,,,,,,,,,,,,,,,,,
RICHMOND,231,Furnaces for   Pig Iron,1,,,,20000,10,,,,pig iron,22981,821,,,,,,,,,,,,,,,,,,,,,,,,,,,,,,,,,,,,,,,,,,,,,
RICHMOND,231,Fork and Hoe Manufactories,1,,,,2500,4,,,,Fork and Hoe,5000,,,,,,,,,,,,,,,,,,,,,,,,,,,,,,,,,,,,,,,,,,,,,,
RICHMOND,231,Tanneries,1,,,,600,2,,,,leather  tanned  and curried,1000,,,,,,,,,,,,,,,,,,,,,,,,,,,,,,,,,,,,,,,,,,,,,,
RICHMOND,231,,,,,,,,,1,,Boots,,300,pairs,shoes,,400,pairs,,,,,,,,,,,,,,,,,,,,,,,,,,,,,,,,,,,,,,,,
RICHMOND,231,,,,,,,4,,,,Lime,1777,2370,casks,,,,,,,,,,,,,,,,,,,,,,,,,,,,,,,,,,,,,,,,,,,,
RICHMOND,231,,,,,,,25,,,,Iron Ore mined,6875,,,,,,,,,,,,,,,,,,,,,,,,,,,,,,,,,,,,,,,,,,,,,,
RICHMOND,231,,,,,,13792,2,,,,Corn and other Drooms,1676,13792,,,7638,,,Merino  Sheep,5544,5092,head,merino  wool  produced,,13836,head,,,,,,,,,,,,,,,,,,,,,,,,,,,,,,,,
RICHMOND,231,,,,,,,,,,,Horses,6661,175,head,neat cattle,8239,531,head,swine,492,164,head,,,,,,,,,,,,,,,,,,,,,,,,,,,,,,,,,,,,
RICHMOND,231,,,,,,39451,,,,,Ind ian Corn or l\Taize raised  bush,1972,39451,bush,wheat,208,208,bush,rye,554,924,bush,•,237,5931,bush,barley  bl,2705,9017,bush,oats,1174,4699,bush,potatoes,81,310,tons,other   escu lent   vegetables,15883,2269,lbs,hay,12,100,,fl.ax,,,,,,,,,,,
RICHMOND,231,,,,,,,,,,,Fruit raised,462,4617,bush,,,,,,,,,,,,,,,,,,,,,,,,,,,,,,,,,,,,,,,,,,,,
RICHMOND,231,,,,,,,,,,,Butter,2446,19571,lbs,cheese,565,11300,lbs,honey,8,60,lbs,,,,,,,,,,,,,,,,,,,,,,,,,,,,,,,,,,,,
SANDISFIELD,231,,,,,,,,,,,,,,,,,,,,,,,,,,,,,,,,,,,,,,,,,,,,,,,,,,,,,,,,,,
SANDISFIELD,231,Woollen Mills,1,,,,3000,,5,4,,wool consumed,10000,16000,lbs,broadcloth,4000,6000,yds,satinet S,,0,yds,,,,,,,,,,,,,,,,,,,,,,,,,,,,,,,,,,,,
SANDISFIELD,232,,,,,,,,,,,,,,,,,,,,,,,,,,,,,,,,,,,,,,,,,,,,,,,,,,,,,,,,,,
SANDISFIELD,232,Establishments for   Rail-road Oars and other Vehicles,4,,,,2000,12,,,,vehicles,5170,,,,,,,,,,,,,,,,,,,,,,,,,,,,,,,,,,,,,,,,,,,,,,
SANDISFIELD,232,Chair  and  Cabinet Ware Man ufnctories,1,,,,500,2,,,,Chair  and  Cabinet Ware,1000,,,,,,,,,,,,,,,,,,,,,,,,,,,,,,,,,,,,,,,,,,,,,,
SANDISFIELD,232,Flouring Mills,1,,,,200,1,,,,flour,2400,600,bbls,,,,,,,,,,,,,,,,,,,,,,,,,,,,,,,,,,,,,,,,,,,,
SANDISFIELD,232,Tanneries,5,,,,11750,21,,,,leather tanned and curried,43560,,,,,,,,,,,,,,,,,,,,,,,,,,,,,,,,,,,,,,,,,,,,,,
SANDISFIELD,232,,,,,,,,23,3,,Boots,9303,4768,pairs,shoes,,820,pairs,boots and shoes,,,,,,,,,,,,,,,,,,,,,,,,,,,,,,,,,,,,,,,
SANDISFIELD,232,,,,,,,1,,,,Bricks,245,70000,,,,,,,,,,,,,,,,,,,,,,,,,,,,,,,,,,,,,,,,,,,,,
SANDISFIELD,232,,,,,,,1,,,,Buildi ng Stone quarried and rrepared,400,,,,,,,,,,,,,,,,,,,,,,,,,,,,,,,,,,,,,,,,,,,,,,
SANDISFIELD,232,,,,,,,46,,,,Wooden Warc,16699,,,,,,,,,,,,,,,,,,,,,,,,,,,,,,,,,,,,,,,,,,,,,,
SANDISFIELD,232,,,,,,,20,,,,Lumber prepared,2107,472800,feet,,,,,,,,,,,,,,,,,,,,,,,,,,,,,,,,,,,,,,,,,,,,
SANDISFIELD,232,,,,,,,43,,,,Fire Wood  ·prepared,1125,685,cords,bark,3900,1300,cords,,,,,,,,,,,,,,,,,,,,,,,,,,,,,,,,,,,,,,,,
SANDISFIELD,232,,,,,,,,,,,Sperm  Oil consumed  in  manufact uring,24,24,galls,whale oil,112,310,galls,all other kinds  oil,150,150,galls,all other    American  prod uction con­ sumed  in  man ufacturing   excepting  cotton  wool  and  iron,9100,,,,,,,,,,,,,,,,,,,,,,,,,,,,,,,,,,
SANDISFIELD,232,,,,,,,,,,,Sheep total see species,4632,,,nil the wool,2364,,,Merino Sheep,,978,head,other  sheep,,1538,head,merino  wool  produced  lbs.,,1891,lbs,other wool  lbs.,,4585,lbs,,,,,,,,,,,,,,,,,,,,,,,,
SANDISFIELD,232,,,,,,,,,,,Horses,9900,221,head,neat  cattle,391,2461,head,swine,1651,309,head,,,,,,,,,,,,,,,,,,,,,,,,,,,,,,,,,,,,
SANDISFIELD,232,,,,,,1977,,,,,Iudia n Corn or Maize raised,1186,1977,bush,rye,219,351,bush,barley,29,58,bush,oats,1928,6427,bush,potatoes,5437,16411,bush,other esculent vegeta bles,20905,3597,bush,hay .,35,4181,tons,flax,,280,lbs,,,,,,,,,,,,,,,,
SANDISFIELD,232,,,,,,,,,,,Fruit raised,1210,24156,bush,,,,,,,,,,,,,,,,,,,,,,,,,,,,,,,,,,,,,,,,,,,,
SANDISFIELD,232,,,,,,,,,,,Butter,4178,40530,lbs,cheese,14174,283480,lbs,honey,37,300,lbs,,,,,,,,,,,,,,,,,,,,,,,,,,,,,,,,,,,,
SANDISFIELD,232,,,,,,,,,,,Maple Sugar,10239,146271,lbs,,,,,,,,,,,,,,,,,,,,,,,,,,,,,,,,,,,,,,,,,,,,
SANDISFIELD,232,,,,,,1200,7,,,,Horse Shoes &C.,1200,1200,,V.  Horse Shoes &C.  $,,,head,,,,,,,,,,,,,,,,,,,,,,,,,,,,,,,,,,,,,,,,
SANDISFIELD,233,,,,,,,,,,,,,,,,,,,,,,,,,,,,,,,,,,,,,,,,,,,,,,,,,,,,,,,,,,
SAVOY,233,,,,,,,,,,,,,,,,,,,,,,,,,,,,,,,,,,,,,,,,,,,,,,,,,,,,,,,,,,
SAVOY,233,Tanneries,1,,,,10000,4,,,,leather  tanned,18000,,,,,,,,,,,,,,,,,,,,,,,,,,,,,,,,,,,,,,,,,,,,,,
SAVOY,233,,,,,,,18,,,,Lumber prepared,3500,700000,feet,Fire Wood prepared,700,563,cords,,,,,,,,,,,,,,,,,,,,,,,,,,,,,,,,,,,,,,,,
SAVOY,233,,,,,,,,,,,Sheep total,3258,1629,head,wool  produced,1612,4887,lbs,,,,,,,,,,,,,,,,,,,,,,,,,,,,,,,,,,,,,,,,
SAVOY,233,,,,,,,,,,,Horses,5770,140,head,neat  cattle,16925,928,head,swine,918,153,head,,,,,,,,,,,,,,,,,,,,,,,,,,,,,,,,,,,,
SAVOY,233,,,,,,1100,,,,,Indian Corn or Maize raised,825,1100,bush,wheat,118,79,bush,rye,44,53,bush,barley,250,374,bush,oats,1703,5163,bush,potatoes,4200,12600,bush,other esculent  v·egetables,150,600,bush,,2700135001,,,,,,,,,,,,,,,,,,
SAVOY,233,,,,,,,,,,,Fruit raised,369,1845,bush,,,,,,,,,,,,,,,,,,,,,,,,,,,,,,,,,,,,,,,,,,,,
SAVOY,233,,,,,,,,,,,Butter,3076,24710,lbs,cheese,3500,70540,lbs,,,,,,,,,,,,,,,,,,,,,,,,,,,,,,,,,,,,,,,,
SAVOY,233,,,,,,,,,,,Maple Sugar,469,5870,lbs,,,,,,,,,,,,,,,,,,,,,,,,,,,,,,,,,,,,,,,,,,,,
SHEFFIELD,233,,,,,,,,,,,,,,,,,,,,,,,,,,,,,,,,,,,,,,,,,,,,,,,,,,,,,,,,,,
SHEFFIELD,233,Plough .Manufactories,1,,,,75,1,,,,ploughs and other agricultural tools,320,60,,,,,,,,,,,,,,,,,,,,,,,,,,,,,,,,,,,,,,,,,,,,,
SHEFFIELD,233,Establishments for   Chronometers Watches Gold and Silver Ware and Jewelry,1,,,,200,1,,,,for   Chronometers Watches Gold and Silver Ware and Jewelry,500,,,,,,,,,,,,,,,,,,,,,,,,,,,,,,,,,,,,,,,,,,,,,,
SHEFFIELD,233,Saddle Harness and Tnmk Manufactories,2,,,,500,2,,,,Saddle Harness and Tnmk,1100,,,,,,,,,,,,,,,,,,,,,,,,,,,,,,,,,,,,,,,,,,,,,,
SHEFFIELD,233,Hat and Cap .Manufactories,1,,,,400,3,,,,hats and caps,1500,500,,,,,,,,,,,,,,,,,,,,,,,,,,,,,,,,,,,,,,,,,,,,,
SHEFFIELD,233,Establishments for   Rail-road Cars and other Vehicles,3,,,,300,3,,,,vehicles,1750,,,,,,,,,,,,,,,,,,,,,,,,,,,,,,,,,,,,,,,,,,,,,,
SHEFFIELD,233,Chair and Cabinet Ware .Manufactories,1,,,,200,1,,,,Chair and Cabinet Ware .,500,,,,,,,,,,,,,,,,,,,,,,,,,,,,,,,,,,,,,,,,,,,,,,
SHEFFIELD,233,Flouring Mills,1,,,,5000,2,,,,flour,7000,2000,bbls,,,,,,,,,,,,,,,,,,,,,,,,,,,,,,,,,,,,,,,,,,,,
SHEFFIELD,234,,,,,,,,,,,,,,,,,,,,,,,,,,,,,,,,,,,,,,,,,,,,,,,,,,,,,,,,,,
SHEFFIELD,234,Tanneries,2,,,,1000,3,,,,hides tanned,1687,750,,leather tanned and curried,,,,,,,,,,,,,,,,,,,,,,,,,,,,,,,,,,,,,,,,,,,
SHEFFIELD,234,,,,,,,,3,,,Boots,1254,128,pairs,shoes,,680,pairs,shoes,,,,,,,,,,,,,,,,,,,,,,,,,,,,,,,,,,,,,,,
SHEFFIELD,234,,,,,,,,,,,,,,,,,,,,,,,,,,,,,,,,,,,,,,,,,,,,,,,,,,,,,,,,,,
SHEFFIELD,234,,,,,,,,,,,Marble quarried and prepared,25606,28,,,,,,,,,,,,,,,,,,,,,,,,,,,,,,,,,,,,,,,,,,,,,
SHEFFIELD,234,,,,,,,2,,,,Lime,1880,1880,casks,,,,,,,,,,,,,,,,,,,,,,,,,,,,,,,,,,,,,,,,,,,,
SHEFFIELD,234,,,,,,,4,,,,Lumber prepared,6014,440000,feet,building timber,560,3000,feet,,328,,,,,,,,,,,,,,,,,,,,,,,,,,,,,,,,,,,,,,
SHEFFIELD,234,,,,,,,13,,,,Fire Wood prepared,5352,3221,cords,char­ coal,3543,60600,bush,,,,,,,,,,,,,,,,,,,,,,,,,,,,,,,,,,,,,,,,
SHEFFIELD,234,,,,,,,,,,,Sheep total see species,8365,,,,,,,Saxony Sheep,,6138,head,merino,,1241,head,other sheep,,961,head,Saxony  wool produced  lbs.,,15162,lbs,merino  lbs.,,3796,lbs,other wool  lbs.,,2912,lbs,,,,,,,,,,,,,,,,
SHEFFIELD,234,,,,,,,,,,,Asses and Mules,100,2,head,horses,27532,514,head,horses,50584,514,,neat cattle,16437,3060,head,swine,,1954,head,,,,,,,,,,,,,,,,,,,,,,,,,,,,
SHEFFIELD,234,,,,,,25684,,,,,Indian Corn or Maize raised,12842,25684,bush,wheat,1266,1266,bush,rye,9291,13936,bush,oats,14771,49237,bush,buckwheat,887,1775,bush,peas,2,205,bush,potatoes,5948,23792,bush,other esculent vegetables,957,3431,bush,hay,35930,7186,tons,flax,27,215,lbs,,,,,,,,
SHEFFIELD,234,,,,,,,,,,,Fruit raised,3686,33023,bush,hops,188,1500,lbs,,814,,,,,,,,,,,,,,,,,,,,,,,,,,,,,,,,,,,,,,
SHEFFIELD,234,,,,,,,,,,,Butter,18150,145200,lbs,cheese,7238,120640,lbs,honey,107,642,lbs,beeswax,7,27,lbs,,,,,,,,,,,,,,,,,,,,,,,,,,,,,,,,
SHEFFIELD,234,,,,,,100,2,,,,Barrels,800,800,,,,,,,,,,,,,,,,,,,,,,,,,,,,,,,,,,,,,,,,,,,,,
SHEFFIELD,234,,,,,,3000,3,,,,Whiskey,4000,500,bbls,cider brandy,1000,100,bbls,,,,,,,,,,,,,,,,,,,,,,,,,,,,,,,,,,,,,,,,
SHEFFIELD,234,,,,,,2000,10,,,,Manganese,5000,100,tons,,,,,,,,,,,,,,,,,,,,,,,,,,,,,,,,,,,,,,,,,,,,
SHEFFIELD,234,,,,,,,,,,,Grass Seed raised,166,83,bush,clover seed,665,101,bush,,,,,,,,,,,,,,,,,,,,,,,,,,,,,,,,,,,,,,,,
STOCKBRIDGE,234,,,,,,,,,,,,,,,,,,,,,,,,,,,,,,,,,,,,,,,,,,,,,,,,,,,,,,,,,,
STOCKBRIDGE,234,Cotton Mills,1,,,,80000,,40,70,,spindles,40250,3550,lbs,cotton consumed,,100000,,cotton cloth,,600000,,,,,,,,,,,,,,,,,,,,,,,,,,,,,,,,,,,,,
STOCKBRIDGE,235,,,,,,,,,,,,,,,,,,,,,,,,,,,,,,,,,,,,,,,,,,,,,,,,,,,,,,,,,,
STOCKBRIDGE,235,Woollen  Mills,1,,,,10000,,55,35,,wool  consumed,143000,208000,lbs,satinet,,275000,yds,,,,,,,,,,,,,,,,,,,,,,,,,,,,,,,,,,,,,,,,
STOCKBRIDGE,235,Furnaces for   Pig Iron,1,,,,75000,100,,,,pig iron,53480,1337,tons,,,,,,,,,,,,,,,,,,,,,,,,,,,,,,,,,,,,,,,,,,,,
STOCKBRIDGE,235,Furnaces for   Hollow Ware and Castings other than Pig  Iron,1,,,,2300,3,,,,hollow  ware  and  castings,2886,36,tons,,,,,,,,,,,,,,,,,,,,,,,,,,,,,,,,,,,,,,,,,,,,
STOCKBRIDGE,235,,,,,,12,3,,,,Saddles Harnesses and Trunks,500,,,ar­ticles,1000,,,,,,,,,,,,,,,,,,,,,,,,,,,,,,,,,,,,,,,,,,
STOCKBRIDGE,235,Chair   and   Cabinet  Ware  Manufactories,2,,,,2000,26,,,,Chair   and   Cabinet  Ware,10500,,,,,,,,,,,,,,,,,,,,,,,,,,,,,,,,,,,,,,,,,,,,,,
STOCKBRIDGE,235,Tanneries,2,,,,1000,3,,,,leather  tanned and curried,3625,,,,,,,,,,,,,,,,,,,,,,,,,,,,,,,,,,,,,,,,,,,,,,
STOCKBRIDGE,235,,,,,,,,7,,,Boots,3200,800,pairs,shoes,,1000,pairs,boots  and . shoes,,,,,,,,,,,,,,,,,,,,,,,,,,,,,,,,,,,,,,,
STOCKBRIDGE,235,,,,,,,5,,,,Bricks,680,170000,,,,,,,,,,,,,,,,,,,,,,,,,,,,,,,,,,,,,,,,,,,,,
STOCKBRIDGE,235,,,,,,,2,,,,Lime,250,400,casks,,,,,,,,,,,,,,,,,,,,,,,,,,,,,,,,,,,,,,,,,,,,
STOCKBRIDGE,235,,,,,,,11,,,,Lumber  prepared,6000,50000,feet,,225,,,,,,,,,,,,,,,,,,,,,,,,,,,,,,,,,,,,,,,,,,
STOCKBRIDGE,235,,,,,,,3,,,,Fire Wood prepared,1350,600,cords,charcoal,4735,80000,bush,,,,,,,,,,,,,,,,,,,,,,,,,,,,,,,,,,,,,,,,
STOCKBRIDGE,235,,,,,,,,,,,Sheep total see species,4137,2192,lbs,other  wool,,,,Merino Sheep,,2086,head,other sheep,,672,head,merino  wool  produced   lbs.,,6362,lbs,Wool total see species,3417,,,,,,,,,,,,,,,,,,,,,,,,,,
STOCKBRIDGE,235,,,,,,,,,,,Asses and Mules,300,3,head,horses,12265,229,head,horses,19887,229,,neat cattle,4069,938,head,swine,,433,head,,,,,,,,,,,,,,,,,,,,,,,,,,,,
STOCKBRIDGE,235,,,,,,9000,,,,,Indian Corn or Maize raised,5000,9000,bush,wheat,500,400,bnsh,rye,1400,2242,bush,barley,90,200,bush,oats,4690,14780,bush,potatoes,2400,6000,bush,other  esculent  vegetables,1450,5100,bush,hay,17000,3400,tons,,,,,,,,,,,,,,,,
STOCKBRIDGE,235,,,,,,,,,,,Frui t raised,1593,11228,bush,tobacco,25,200,lbs,,735,,,,,,,,,,,,,,,,,,,,,,,,,,,,,,,,,,,,,,
STOCKBRIDGE,235,,,,,,,,,,,Butter,537,43035,lbs,cheese,1431,28625,lbs,_ honey,20,200,lbs,,,,,,,,,,,,,,,,,,,,,,,,,,,,,,,,,,,,
STOCKBRIDGE,236,,,,,,,,,,,,,,,,,,,,,,,,,,,,,,,,,,,,,,,,,,,,,,,,,,,,,,,,,,
STOCKBRIDGE,236,,,,,,,1,,,,Veneers,2000,100000,feet,,,,,,,,,,,,,,,,,,,,,,,,,,,,,,,,,,,,,,,,,,,,
STOCKBRIDGE,236,,,,,,437,,,,,Carpets,220756,437,yds,,378,,,,,,,,,,,,,,,,,,,,,,,,,,,,,,,,,,,,,,,,,,
STOCKBRIDGE,236,,,,,,,,,,,Maple Sugar,120200,1200,lbs,,100,,,,,,,,,,,,,,,,,,,,,,,,,,,,,,,,,,,,,,,,,,
STOCKBRIDGE,236,,,,,,,,,,,Beans raised,300,200,bush,,,,,,,,,,,,,,,,,,,,,,,,,,,,,,,,,,,,,,,,,,,,
STOCKBRIDGE,236,,,,,,,,,,,Garden Seeds raised,319,,,,,,,,,,,,,,,,,,,,,,,,,,,,,,,,,,,,,,,,,,,,,,
TYRINGHAM,236,,,,,,,,,,,,,,,,,,,,,,,,,,,,,,,,,,,,,,,,,,,,,,,,,,,,,,,,,,
TYRINGHAM,236,Cotton Mills,2,,,,3500,15,,,,woollen mills,300,1,lbs,wool consumed,,500,yds,satinet,,500,,,,,,,,,,,,,,,,,,,,,,,,,,,,,,,,,,,,,
TYRINGHAM,236,Shovel Spade Fork and Hoe Manufactories,1,,,,1000,,3,,,arti­ . cles,750,,,,,,,,,,,,,,,,,,,,,,,,,,,,,,,,,,,,,,,,,,,,,,
TYRINGHAM,236,Paper  Manufactories,2,,,,40000,40,,,,stock  consu med,50000,80,tons,paper,,20000,reams,,,,,,,,,,,,,,,,,,,,,,,,,,,,,,,,,,,,,,,,
TYRINGHAM,236,Wrapping Paper Manufactories,1,,,,3000,5,,,,stock consumed,3000,75,tons,paper,,15000,reams,,,,,,,,,,,,,,,,,,,,,,,,,,,,,,,,,,,,,,,,
TYRINGHAM,236,Chair  and Cabinet Ware Manufactories,1,,,,500,2,,,,Chair  and Cabinet Ware,300,,,,,,,,,,,,,,,,,,,,,,,,,,,,,,,,,,,,,,,,,,,,,,
TYRINGHAM,236,Comb Manufactories,2,,,,900,4,,,,combs,1000,,,,,,,,,,,,,,,,,,,,,,,,,,,,,,,,,,,,,,,,,,,,,,
TYRINGHAM,236,Tanneries,1,,,,1000,2,,,,leather  tanned  and curried,2000,,,,,,,,,,,,,,,,,,,,,,,,,,,,,,,,,,,,,,,,,,,,,,
TYRINGHAM,236,,,,,,,,4,,,Boots,1500,490,pairs,shoes,,500,pairs,boots and shoes,,,,,,,,,,,,,,,,,,,,,,,,,,,,,,,,,,,,,,,
TYRINGHAM,236,,,,,,200,4,,2,,Stra'v Bonnets and Hats,400,1000,casks,Lime,750,,,,,,,,,,,,,,,,,,,,,,,,,,,,,,,,,,,,,,,,,,
TYRINGHAM,236,,,,,,4000,7,,,,Wooden Ware,800,37000,,Rakes,3000,,,,,,,,,,,,,,,,,,,,,,,,,,,,,,,,,,,,,,,,,,
TYRINGHAM,236,,,,,,2000,15,,,,Corn and other Brooms,300,2000,,,,,,,,,,,,,,,,,,,,,,,,,,,,,,,,,,,,,,,,,,,,,
TYRINGHAM,236,,,,,,,4,,,,Lumber ·prepared:,800,100000,feet,,200,,,,,,,,,,,,,,,,,,,,,,,,,,,,,,,,,,,,,,,,,,
TYRINGHAM,236,,,,,,,28,,,,Fire .Wood prepared,1200,800,cords,charcoal,6000,100000,bush,,,,,,,,,,,,,,,,,,,,,,,,,,,,,,,,,,,,,,,,
TYRINGHAM,237,,,,,,,,,,,,,,,,,,,,,,,,,,,,,,,,,,,,,,,,,,,,,,,,,,,,,,,,,,
TYRINGHAM,237,,,,,,,,,,,,4800,,,,2625,,,Merino Sheep,,2400,head,merino wool prod uced  lbs.,,1500,lbs,,,,,,,,,,,,,,,,,,,,,,,,,,,,,,,,
TYRINGHAM,237,,,,,,,,,,,Horses,10000,200,head,neat cattle,30600,1800,head,swine,1675,335,head,,,,,,,,,,,,,,,,,,,,,,,,,,,,,,,,,,,,
TYRINGHAM,237,,,,,,2600,,,,,Indian Corn or Maize raised,1300,2600,bush,rye,720,1200,bush,barley,150,200,bush,oats,2400,8000,bush,potatoes,2400,12000,bush,other esculent vegetables,200,700,bush,hay,18000,3000,tons,,,,,,,,,,,,,,,,,,,,
TYRINGHAM,237,,,,,,,,,,,Fruit raised,750,3000,bush,,,,,,,,,,,,,,,,,,,,,,,,,,,,,,,,,,,,,,,,,,,,
TYRINGHAM,237,,,,,,,,,,,Butter,3600,30000,lbs,cheese,8800,176000,lbs,honey,125,1000,lbs,beeswax,8800,100,lbs,honey,125,1000,lbs,beeswax,20,100,lbs,,,,,,,,,,,,,,,,,,,,,,,,
TYRINGHAM,237,,,,,,,,,,,Maple Sugar  :,1200,15000,lbs,,,,,,,,,,,,,,,,,,,,,,,,,,,,,,,,,,,,,,,,,,,,
TYRINGHAM,237,,,,,,,,,,,Garden Seeds raised,1500,,,,,,,,,,,,,,,,,,,,,,,,,,,,,,,,,,,,,,,,,,,,,,
WASHINGTON,237,,,,,,,,,,,,,,,,,,,,,,,,,,,,,,,,,,,,,,,,,,,,,,,,,,,,,,,,,,
WASHINGTON,237,,,,,,,25,,,,Lumber prepared,11652,2236000,feet,,,,,,,,,,,,,,,,,,,,,,,,,,,,,,,,,,,,,,,,,,,,
WASHINGTON,237,,,,,,,37,,,,Fire Wood prepared,14896,748,cords,char­ coal,6250,126000,bush,hemlock bark,895,358,cords,,,,,,,,,,,,,,,,,,,,,,,,,,,,,,,,,,,,
WASHINGTON,237,,,,,,,,,,,Sheep total see species,6142,,,nil the wool,4340,,,Merino Sheep,,2904,head,other sheep,,167,head,merino wool  prod uced    l bs,,99241,head,other wool   lbs.,,501,lbs,,,,,,,,,,,,,,,,,,,,,,,,
WASHINGTON,237,,,,,,,,,,,Horses,8100,162,head,neat cattle,11632,727,head,swine,770,110,head,,,,,,,,,,,,,,,,,,,,,,,,,,,,,,,,,,,,
WASHINGTON,237,,,,,,1133,,,,,Indian Corn or Maize raised,616,1133,bush,wheat,34,34,bush,rye,237,339,bush,barley,79,157,bush,oats,1784,5946,bush,potatoes,4072,11682,bush,other esculcnt vegetables,79,318,bush,ha y,16324,2332,tons,,,,,,,,,,,,,,,,
WASHINGTON,237,,,,,,,,,,,Frui t raised,398,3139,bush,,,,,,,,,,,,,,,,,,,,,,,,,,,,,,,,,,,,,,,,,,,,
WASHINGTON,237,,,,,,,,,,,Butter,3917,31350,lbs,cheese,900500,15000,lbs,woollen cloth,127,240,yds,flannel,315,800,yds,,240,,,,400,,,,,,,,,,,,,,,,,,,,,,,,,,
WASHINGTON,238,,,,,,,,,,,,,,,,,,,,,,,,,,,,,,,,,,,,,,,,,,,,,,,,,,,,,,,,,,
WASHINGTON,238,,,,,,,,,,,,,,,,,,,,,,,,,,,,,,,,,,,,,,,,,,,,,,,,,,,,,,,,,,
WASHINGTON,238,Rolling Mills,1,,,,,,,,,iron  and not made into nails,,25,tons,,,,,,,,,,,,,,,,,,,,,,,,,,,,,,,,,,,,,,,,,,,,
WASHINGTON,238,,,,,,1500,2,,,,nails,3125,5,tons,,1000,,,,,,,,,,,,,,,,,,,,,,,,,,,,,,,,,,,,,,,,,,
WASHINGTON,238,Forges,1,,,,100,2,,,,bar iron,4000,40,tons,instruments,300,,,,,,,,,,,,,,,,,,,,,,,,,,,,,,,,,,,,,,,,,,
WASHINGTON,238,Saddle Harness and Trunk Manufactories,1,,,,200,1,,,,Saddle Harness and Trunk,600,,,,,,,,,,,,,,,,,,,,,,,,,,,,,,,,,,,,,,,,,,,,,,
WASHINGTON,238,,,,,,,,,,,,,,,,,,,,,,,,,,,,,,,,,,,,,,,,,,,,,,,,,,,,,,,,,,
WASHINGTON,4,,,,,,3500,8,,,,vehicles,4500,,,,,,,,,,,,,,,,,,,,,,,,,,,,,,,,,,,,,,,,,,,,,,
WASHINGTON,4,Chair and  Cabinet  Ware Manufactories,1,,,,200,2,,,,Chair and  Cabinet  Ware,600,,,,,,,,,,,,,,,,,,,,,,,,,,,,,,,,,,,,,,,,,,,,,,
WASHINGTON,4,Tin Ware Man ufactories,1,,,,800,2,,,,ware,1000,,,,,,,,,,,,,,,,,,,,,,,,,,,,,,,,,,,,,,,,,,,,,,
WASHINGTON,4,Flouring Mills,1,,,,1000,2,,,,flour,2500,500,bbls,,,,,,,,,,,,,,,,,,,,,,,,,,,,,,,,,,,,,,,,,,,,
WASHINGTON,4,,,,,,,33,,,,Marble quarried and prepared,29224,730,casks,Lime,547,,,,,,,,,,,,,,,,,,,,,,,,,,,,,,,,,,,,,,,,,,
WASHINGTON,4,,,,,,,41,,,,Iron Ore mined,10200,,,,,,,,,,,,,,,,,,,,,,,,,,,,,,,,,,,,,,,,,,,,,,
WASHINGTON,4,,,,,,,13,,,,Lumber prepared,2075,275000,feet,Fire Wood prepared .,8735,4730,cords,,,,,,,,,,,,,,,,,,,,,,,,,,,,,,,,,,,,,,,,
WASHINGTON,4,,,,,,,,,,,Sheep total see species,7417,,,Wool total see species,3974,,,Merino Sheep,,2464,head,other  sheep,,583,head,merino wool produced   lbs.,,7474,lbs,other wool  lbs.,,900,lbs,,,,,,,,,,,,,,,,,,,,,,,,
WASHINGTON,4,,,,,,,,,,,Horses,10160,189,head,neat  cattle,12433,621,head,swine,2622,355,head,,,,,,,,,,,,,,,,,,,,,,,,,,,,,,,,,,,,
WASHINGTON,4,,,,,,5500,,,,,Indian Corn or Maize raised,2750,5500,bush,wheat,175,175,bush,rye,1110,1850,bush,barley,29,580,bush,oats,4700,15550,bush,potatoes,2743,7387,bush,other  esculent  vegetables,200,1000,bush,hay,12186,2031,tons,flax,24,200,lbs,,,,,,,,,,,,
WASHINGTON,4,,,,,,,,,,,Fruit raised,,4842,bush,$,,1162,,,,,,,,,,,,,,,,,,,,,,,,,,,,,,,,,,,,,,,,,
WASHINGTON,4,,,,,,,,,,,Butter,3760,30070,lbs,cheese,668,11130,lbs,honey,64,515,lbs,beeswax,3,10,lbs,,,,,,,,,,,,,,,,,,,,,,,,,,,,,,,,
WASHINGTON,239,,,,,,,,,,,,,,,,,,,,,,,,,,,,,,,,,,,,,,,,,,,,,,,,,,,,,,,,,,
WILLIAMSTOWN,239,,,,,,,,,,,,,,,,,,,,,,,,,,,,,,,,,,,,,,,,,,,,,,,,,,,,,,,,,,
WILLIAMSTOWN,239,Cotton Mills,2,,,,17500,41,27,,,cotton consumed,30262,91800,lbs,printing cloth,4205,526304,yds,cotton yarn  and not made into cloth,1444,24740,lbs,cotton batting,,18914,lbs,,,,,,,,,,,,,,,,,,,,,,,,,,,,,,,,
WILLIAMSTOWN,239,Woollen Mills,1,,,,3500,,6,4,,wool consumed,10400,15000,lbs,satinet,,16000,yds,,,,,,,,,,,,,,,,,,,,,,,,,,,,,,,,,,,,,,,,
WILLIAMSTOWN,239,Saddle Harness and Trunk Manufactories,1,,,,300,3,,,,Saddle Harness and Trunk,1800,,,,,,,,,,,,,,,,,,,,,,,,,,,,,,,,,,,,,,,,,,,,,,
WILLIAMSTOWN,239,Establishmen ts for    Rail-road Cars and other Vehicles,2,,,,690,6,,,,vehicles,1625,,,,,,,,,,,,,,,,,,,,,,,,,,,,,,,,,,,,,,,,,,,,,,
WILLIAMSTOWN,239,Chair and Cabinet Ware Manufactories,1,,,,600,3,,,,Chair and Cabinet Ware,1800,,,,,,,,,,,,,,,,,,,,,,,,,,,,,,,,,,,,,,,,,,,,,,
WILLIAMSTOWN,239,Tin Ware  Manufactories,1,,,,450,1,,,,ware,700,,,,,,,,,,,,,,,,,,,,,,,,,,,,,,,,,,,,,,,,,,,,,,
WILLIAMSTOWN,239,Tanneries,1,,,,4000,4,,,,leather tanned and curried,6800,,,,,,,,,,,,,,,,,,,,,,,,,,,,,,,,,,,,,,,,,,,,,,
WILLIAMSTOWN,239,,,,,,,,55,25,,Boots,37500,725,pairs,shoes,,45425,pairs,boots and shoes,,,,,,,,,,,,,,,,,,,,,,,,,,,,,,,,,,,,,,,
WILLIAMSTOWN,239,,,,,,,2,,,,Bricks,400,100000,,,,,,,,,,,,,,,,,,,,,,,,,,,,,,,,,,,,,,,,,,,,,
WILLIAMSTOWN,239,,,,,,700,12,,,,Corn and other Brooms,90,700,feet,Lumber prepared,1528,254596,cords,Fire Wood prepared,2150,1036,,,,,,,,,,,,,,,,,,,,,,,,,,,,,,,,,,,,,
WILLIAMSTOWN,239,,,,,,,,,,,Sperm Oil consumed in manufacturing,891,1000,galls,whale oil,125,250,galls,,,,,,,,,,,,,,,,,,,,,,,,,,,,,,,,,,,,,,,,
WILLIAMSTOWN,239,,,,,,,,,,,Sheep total see species,10734,1905,lbs,me- · rino,10572,,,Saxony Sheep,,889,head,merino,,570,head,other  sheep S,,241,head,Saxony wool produced  lbs.,,2066,lbs,other wool   lbs.,,22681,lbs,all  the wool,,,,,,,,,,,,,,,,,,,
WILLIAMSTOWN,239,,,,,,,,,,,Horses,22225,426,head,neat cattle,24131,1599,head,swine,3346,649,head,,,,,,,,,,,,,,,,,,,,,,,,,,,,,,,,,,,,
WILLIAMSTOWN,239,,,,,,13646,,,,,Indian Corn or Maize raised,6823,13646,bush,wheat,366,366,bush,rye,939,1618,bush,bar­ ley,218,484,bush,oats,7036,23453,bush,potatoes,5437,21748,bush,buckwheat,353,940,bush,hay,33120,4416,tons,flax,112,1118,lbs,,,,,,,,,,,,
WILLIAMSTOWN,240,,,,,,,,,,,,,,,,,,,,,,,,,,,,,,,,,,,,,,,,,,,,,,,,,,,,,,,,,,
WILLIAMSTOWN,240,,,,,,,,,,,Butter,4747,36515,lbs,cheese,6605,132095,lbs,honey,210,1392,lbs,beeswax,210,112,lbs,honey,37,1392,lbs,beeswax,,112,lbs,,,,,,,,,,,,,,,,,,,,,,,,
WILLIAMSTOWN,240,,,,,,827,8,,,,Nail Kegs,750,6000,bbls,flour bbls.,350,2000,,,960,,,,,,,,,,,,,,,,,,,,,,,,,,,,,,,,,,,,,,
WINDSOR,240,,,,,,,,,,,,,,,,,,,,,,,,,,,,,,,,,,,,,,,,,,,,,,,,,,,,,,,,,,
WINDSOR,240,Chair  and  Cabinet  Ware  Manufactories,1,,,,200,1,,,,Chair  and  Cabinet  Ware,300,,,,,,,,,,,,,,,,,,,,,,,,,,,,,,,,,,,,,,,,,,,,,,
WINDSOR,240,,,,,,,,1,,,Boots,150,40,pairs,shoes,,50,pairs,boots and shoes,,,,,,,,,,,,,,,,,,,,,,,,,,,,,,,,,,,,,,,
WINDSOR,240,,,,,,,1,,11,,Palm-leaf  Hats,1133,6799,casks,Lime,488,650,,,,,,,,,,,,,,,,,,,,,,,,,,,,,,,,,,,,,,,,,
WINDSOR,240,,,,,,300,6,,,,all other,690,93000,feet,Lumber prepared,414,,,,,,,,,,,,,,,,,,,,,,,,,,,,,,,,,,,,,,,,,,
WINDSOR,240,,,,,,,1,,,,Fire Wood prepared,249,249,cords,bark,1545,515,cords,,,,,,,,,,,,,,,,,,,,,,,,,,,,,,,,,,,,,,,,
WINDSOR,240,,,,,,,,,,,Sheep total see species,13530,,,all the wool,8160,,,Merino  Sheep,,6639,head,other  sheep,,126,head,merino wool  produced   lbs.,,20000,lbs,other wool   lbs.,,400,lbs,,,,,,,,,,,,,,,,,,,,,,,,
WINDSOR,240,,,,,,,,,,,Horses,5618,157,head,neat cattle,16310,1021,head,swine,1000,198,head,,,,,,,,,,,,,,,,,,,,,,,,,,,,,,,,,,,,
WINDSOR,240,,,,,,1618,,,,,Indian Corn or Maize raised,1214,1618,bush,wheat,357,238,bush,rye,30,40,bush,barley,507,1015,bush,oats,1808,5427,bush,buckwheat raised,207,415,bush,potatoes,3871,11612,bush,other esculent vegetables,275,550,bush,hay,21246,3541,tons,,,,,,,,,,,,
WINDSOR,240,,,,,,,,,,,Fruit raised,1380,5522,bush,,,,,,,,,,,,,,,,,,,,,,,,,,,,,,,,,,,,,,,,,,,,
WINDSOR,240,,,,,,,,,,,Butter,2435,19477,lbs,cheese,5344,118760,lbs,,,,,,,,,,,,,,,,,,,,,,,,,,,,,,,,,,,,,,,,
