city,page,manufacturing site,number  factories,vessels,number  vessels,vessel tonnage,capital,employeeS,employeesM,employeesF,siteIncome,goods0,value0,quantity0,units0,goods1,value1,quantity1,units1,goods2,value2,quantity2,units2,goods3,value3,quantity3,units3,goods4,value4,quantity4,units4,goods5,value5,quantity5,units5,goods6,value6,quantity6,units6,goods7,value7,quantity7,units7,goods8,value8,quantity8,units8,goods9,value9,quantity9,units9,goods10,value10,quantity10,units10,goods11,value11,quantity11,units11
,241,,,,,,,,,,,,,,,,,,,,,,,,,,,,,,,,,,,,,,,,,,,,,,,,,,,,,,,,,,
BELLINGHAM,241,,,,,,,,,,,,,,,,,,,,,,,,,,,,,,,,,,,,,,,,,,,,,,,,,,,,,,,,,,
BELLINGHAM,241,Cotton Mills,3,,,,49000,,26,47,,spindles,30000,2520,lbs,cotton consumed,3640,150000,yds,printing cloth,,270000,yds,Sheetings,,1851000,lbs,thread,,13000,,,,,,,,,,,,,,,,,,,,,,,,,,,,,
BELLINGHAM,241,Woollen  Mills,1,,,,8000,,7,7,,wool  consumed,10000,24000,lbs,Kentucky jeans,,60000,yds,,,,,,,,,,,,,,,,,,,,,,,,,,,,,,,,,,,,,,,,
BELLINGHAM,241,,,,,,500,53,,,,Agricultural Tools,2000,,,brushes,2000,,,,,,,,,,,,,,,,,,,,,,,,,,,,,,,,,,,,,,,,,,
BELLINGHAM,241,Establishment  for   Rail-road  Cars Coaches Chaises and  other Vehicles,2,,,,700,4,,,,vehicles,1000,,,,,,,,,,,,,,,,,,,,,,,,,,,,,,,,,,,,,,,,,,,,,,
BELLINGHAM,241,Glue Manufactories and Manufactories for the preparation  Gums,1,,,,200,1,,,,glue and gums,300,,,,,,,,,,,,,,,,,,,,,,,,,,,,,,,,,,,,,,,,,,,,,,
BELLINGHAM,241,,,,,,,,85,11,,Boots,48862,33900,pairs,,,,,,,,,,,,,,,,,,,,,,,,,,,,,,,,,,,,,,,,,,,,
BELLINGHAM,241,,,,,,,,,40,,Straw Braid  and not made into Bonnets and Hts,21100,,,,,,,,,,,,,,,,,,,,,,,,,,,,,,,,,,,,,,,,,,,,,,
BELLINGHAM,241,,,,,,,10,,,,Lumber prepared,20194,387109,feet,,,,,,,,,,,,,,,,,,,,,,,,,,,,,,,,,,,,,,,,,,,,
BELLINGHAM,241,,,,,,,4,,,,Fire Wood prepared,3000,1191,cords,,,,,,,,,,,,,,,,,,,,,,,,,,,,,,,,,,,,,,,,,,,,
BELLINGHAM,241,,,,,,,2,,,,Boats built,600,25,,,,,,,,,,,,,,,,,,,,,,,,,,,,,,,,,,,,,,,,,,,,,
BELLINGHAM,241,,,,,,,,,,,Sheep total,100,72,head,,,,,,,,,,,,,,,,,,,,,,,,,,,,,,,,,,,,,,,,,,,,
BELLINGHAM,241,,,,,,,,,,,Horses,4739,120,head,neat cattle,10207,583,head,swine,1221,177,head,,,,,,,,,,,,,,,,,,,,,,,,,,,,,,,,,,,,
BELLINGHAM,241,,,,,,5628,,,,,Indian Corn or Maize raised,4721,5628,bush,wheat,9,9,bush,rye,784,980,bush,parley,126,169,bush,oats,705,2117,bush,potatoes,2943,14717,bush,hay,12000,1052,tons,,,,,,,,,,,,,,,,,,,,
BELLINGHAM,241,,,,,,,,,,,Fruit raised,640,1455,bush,,,,,,,,,,,,,,,,,,,,,,,,,,,,,,,,,,,,,,,,,,,,
BELLINGHAM,241,,,,,,,,,,,Butter,3350,22345,lbs,cheese,460,9205,lbs,honey,8,50,lbs,,,,,,,,,,,,,,,,,,,,,,,,,,,,,,,,,,,,
BELLINGHAM,242,,,,,,,,,,,,,,,,,,,,,,,,,,,,,,,,,,,,,,,,,,,,,,,,,,,,,,,,,,
BRAINTREE,242,,,,,,,,,,,,,,,,,,,,,,,,,,,,,,,,,,,,,,,,,,,,,,,,,,,,,,,,,,
BRAINTREE,242,Cotton Mills,1,,,,1500,,12,13,,cotton consumed,11268,39125,lbs,printing cloth,,187800,yds,,,,,,,,,,,,,,,,,,,,,,,,,,,,,,,,,,,,,,,,
BRAINTREE,242,Woollen Mills,1,,,,3000,,4,2,,wool consumed,7200,18000,lbs,yarn  and not made into cloth,,12,lbs,,,0,,,,,,,,,,,,,,,,,,,,,,,,,,,,,,,,,,,,,
BRAINTREE,242,Tack and Brad Manufactories,1,,,,6000,17,,,,tacks and brads,15000,80,tons,,,,,,,,,,,,,,,,,,,,,,,,,,,,,,,,,,,,,,,,,,,,
BRAINTREE,242,Establishments for   Shovels Spades Forks and Hoes,1,,,,14000,6,,,,tools,26000,,,,,,,,,,,,,,,,,,,,,,,,,,,,,,,,,,,,,,,,,,,,,,
BRAINTREE,242,Paper Manufactories,1,,,,10000,10,,,,stock consumed,20000,165,tons,paper,,125,tons,,,,,,,,,,,,,,,,,,,,,,,,,,,,,,,,,,,,,,,,
BRAINTREE,242,Saddle Harness and Trunk Manufactories,2,,,,500,2,,,,Saddle Harness and Trunk,1300,,,,,,,,,,,,,,,,,,,,,,,,,,,,,,,,,,,,,,,,,,,,,,
BRAINTREE,242,,,,,,5500,21,,,,vehicles,11000,,,,,,,,,,,,,,,,,,,,,,,,,,,,,,,,,,,,,,,,,,,,,,
BRAINTREE,242,Chocolate Mills,1,,,,2500,3,,,,chocolate,5000,35000,lbs,,,,,,,,,,,,,,,,,,,,,,,,,,,,,,,,,,,,,,,,,,,,
BRAINTREE,242,Tin Ware Manufactories,1,,,,150,1,,,,ware,600,,,,,,,,,,,,,,,,,,,,,,,,,,,,,,,,,,,,,,,,,,,,,,
BRAINTREE,242,Establishments  for   Cotton Gins,1,,,,10000,12,,,,gins,15000,,,,,,,,,,,,,,,,,,,,,,,,,,,,,,,,,,,,,,,,,,,,,,
BRAINTREE,242,Tanneries,1,,,,2000,4,,,,leather tanned and curried,6450,,,,,,,,,,,,,,,,,,,,,,,,,,,,,,,,,,,,,,,,,,,,,,
BRAINTREE,242,,,,,,,,401,202,,Boots,196280,113541,pairs,shoes,,50140,pairs,boots and shoes,,,,,,,,,,,,,,,,,,,,,,,,,,,,,,,,,,,,,,,
BRAINTREE,242,,,,,,,53,,,,Building Stone quarried and prepared,27000,,,,,,,,,,,,,,,,,,,,,,,,,,,,,,,,,,,,,,,,,,,,,,
BRAINTREE,242,,,,,,,1,,,,Blocks and Pumps,200,,,,,,,,,,,,,,,,,,,,,,,,,,,,,,,,,,,,,,,,,,,,,,
BRAINTREE,242,,,,,,,2,,,,Fire Wood prepared,2015,535,cords,,,,,,,,,,,,,,,,,,,,,,,,,,,,,,,,,,,,,,,,,,,,
BRAINTREE,242,,,,,,,,,,,Sperm Oil consumed in manufacturing,500,510,galls,whale oil,29,96,galls,other oil,317,598,galls,anthracite  coal  consumed  in  manufacturing,1380,230,tons,foreign bituminous coal,120,18,tons,other   American production excepting cotton wool and iron consumed in manufacturing,175,,,other   foreign production excepting as above consumed.,1050,,,,,,,,,,,,,,,,,,,,,,
BRAINTREE,243,,,,,,,,,,,,,,,,,,,,,,,,,,,,,,,,,,,,,,,,,,,,,,,,,,,,,,,,,,
BRAINTREE,243,,,,,,,,,,,Sheep total,65,28,head,Wool total,36,112,lbs,,,,,,,,,,,,,,,,,,,,,,,,,,,,,,,,,,,,,,,,
BRAINTREE,243,,,,,,,,,,,Horses,10625,201,head,neat  cattle,11329,488,head,swine,2616,249,head,,,,,,,,,,,,,,,,,,,,,,,,,,,,,,,,,,,,
BRAINTREE,243,,,,,,1859,,,,,Indian Corn or Maize raised,1300,1859,bush,rye,8,10,bush,barley,32,40,bush,potatoes,3249,9749,bush,other esculent vegetables,1292,4787,bush,hay,16123,1223,tons,,,,,,,,,,,,,,,,,,,,,,,,
BRAINTREE,243,,,,,,,,,,,Fruit raised,2645,1248,bush,,,,,,,,,,,,,,,,,,,,,,,,,,,,,,,,,,,,,,,,,,,,
BRAINTREE,243,,,,,,,,,,,Butter,2278,12837,lbs,cheese,190,2650,lbs,milk,3202,36746,galls,,,,,,,,,,,,,,,,,,,,,,,,,,,,,,,,,,,,
BRAINTREE,243,Grist  Mills,3,,,,6000,,14,,,meal,36000,60000,bush,,,,,,,,,,,,,,,,,,,,,,,,,,,,,,,,,,,,,,,,,,,,
BRAINTREE,243,,,,,,,,,,,Boot and Shoe Boxes,384,1200,,,,,,,,,,,,,,,,,,,,,,,,,,,,,,,,,,,,,,,,,,,,,
BROOKLINE,243,,,,,,,,,,,,,,,,,,,,,,,,,,,,,,,,,,,,,,,,,,,,,,,,,,,,,,,,,,
BROOKLINE,243,Establishments for   Hosiery,2,,,,1000,,3,,,hose,1200,2600,pairs,,,,,,,,,,,,,,,,,,,,,,,,,,,,,,,,,,,,,,,,,,,,
BROOKLINE,243,Saddle Harness and Trunk Manufactories,1,,,,350,2,,,,Saddle Harness and Trunk,525,,,,,,,,,,,,,,,,,,,,,,,,,,,,,,,,,,,,,,,,,,,,,,
BROOKLINE,243,Establishments for   Chaises Wagons and other Vehicles,2,,,,3000,6,,,,vehicles,1000,,,,,,,,,,,,,,,,,,,,,,,,,,,,,,,,,,,,,,,,,,,,,,
BROOKLINE,243,Chair and Cabinet Ware Manufactories,1,,,,50,1,,,,Chair and Cabinet Ware,300,,,,,,,,,,,,,,,,,,,,,,,,,,,,,,,,,,,,,,,,,,,,,,
BROOKLINE,243,Tanneries,2,,,,24000,7,,,,leather tanned and curried,17300,,,,,,,,,,,,,,,,,,,,,,,,,,,,,,,,,,,,,,,,,,,,,,
BROOKLINE,243,,,,,,,,7,,,Boots,3500,612,pairs,shoes,,210,pairs,boots and shoes,,,,,,,,,,,,,,,,,,,,,,,,,,,,,,,,,,,,,,,
BROOKLINE,243,,,,,,,4,,,,Fire Wood prepared,1060,163,cords,,,,,,,,,,,,,,,,,,,,,,,,,,,,,,,,,,,,,,,,,,,,
BROOKLINE,243,,,,,,,,,,,Horses,20400,270,head,neat  cattle,11750,382,head,swine,5430,362,head,,,,,,,,,,,,,,,,,,,,,,,,,,,,,,,,,,,,
BROOKLINE,243,,,,,,1225,,,,,Indian  Corn  or Maize raised,858,1225,bush,rye,11425,2036,bush,barley,88,136,bush,potatoes,12348,30869,bush,other  esculent  vegetables,51336,1789,tons,hay,25046,,,,,,,,,,,,,,,,,,,,,,,,,,
BROOKLINE,244,,,,,,,,,,,,,,,,,,,,,,,,,,,,,,,,,,,,,,,,,,,,,,,,,,,,,,,,,,
BROOKLINE,244,,,,,,,,,,,Fruit raised,37843,,,,,,,,,,,,,,,,,,,,,,,,,,,,,,,,,,,,,,,,,,,,,,
BROOKLINE,244,,,,,,,,,,,Butter,271,1508,lbs,cheese,214,1070,lbs,milk,15573,93440,galls,,,,,,,,,,,,,,,,,,,,,,,,,,,,,,,,,,,,
BROOKLINE,244,,,,,,,,,,,Straw,1100,110,tons,,,,,,,,,,,,,,,,,,,,,,,,,,,,,,,,,,,,,,,,,,,,
BROOKLINE,244,,,,,,,,,,,Cider,1044,1044,bbls,,,,,,,,,,,,,,,,,,,,,,,,,,,,,,,,,,,,,,,,,,,,
CANTON,244,,,,,,,,,,,,,,,,,,,,,,,,,,,,,,,,,,,,,,,,,,,,,,,,,,,,,,,,,,
CANTON,244,Cotton Mills,4,,,,13500,24,26,,,spindles,28000,1596,lbs,cotton consumed,6500,241920,yds,cloth,13700,300000,lbs,wicking,,26000,lbs,thread,,27600,,,,,,,,,,,,,,,,,,,,,,,,,,,,,
CANTON,244,Mills for   Carpeting,1,,,,1200,,22,5,,wool consumed,21400,38000,lbs,carpeting,,39000,yds,,,,,,,,,,,,,,,,,,,,,,,,,,,,,,,,,,,,,,,,
CANTON,244,Silk Manufactories,2,,,,8000,,9,28,,sewing silk,34500,5000,lbs,,,,,,,,,,,,,,,,,,,,,,,,,,,,,,,,,,,,,,,,,,,,
CANTON,244,Forges,1,,,,20000,30,,,,bar iron anchors and other   wrought iron,42000,350,tons,,,,,,,,,,,,,,,,,,,,,,,,,,,,,,,,,,,,,,,,,,,,
CANTON,244,Furnaces· for   Hollow Ware and Castings other than Pig Iron,1,,,,10000,20,,,,hollow ware and castings,36000,500,tons,,,,,,,,,,,,,,,,,,,,,,,,,,,,,,,,,,,,,,,,,,,,
CANTON,244,Establishments for   Cotton Woollen and other Machin­ ery ',2,,,,3500,11,,,,machinery,8000,,,,,,,,,,,,,,,,,,,,,,,,,,,,,,,,,,,,,,,,,,,,,,
CANTON,244,Copper Manufactories,1,,,,50000,38,,,,copper,150000,400,tons,,,,,,,,,,,,,,,,,,,,,,,,,,,,,,,,,,,,,,,,,,,,
CANTON,244,Saddle Harness and Trunk Manufactories,1,,,,500,3,,,,Saddle Harness and Trunk,1500,,,,,,,,,,,,,,,,,,,,,,,,,,,,,,,,,,,,,,,,,,,,,,
CANTON,244,Establishments for   Rail-road Cars Coaches Chaises and other Vehicles,1,,,,300,2,,,,vehicles,1000,,,,,,,,,,,,,,,,,,,,,,,,,,,,,,,,,,,,,,,,,,,,,,
CANTON,244,Tin Ware Manufactories,1,,,,1000,2,,,,ware,2500,,,,,,,,,,,,,,,,,,,,,,,,,,,,,,,,,,,,,,,,,,,,,,
CANTON,245,,,,,,,,,,,,,,,,,,,,,,,,,,,,,,,,,,,,,,,,,,,,,,,,,,,,,,,,,,
CANTON,245,,,,,,,,5,3,,Boots,2745,210,pairs,shoes,,2310,pairs,boots and shoes,,,,,,,,,,,,,,,,,,,,,,,,,,,,,,,,,,,,,,,
CANTON,245,,,,,,,,,12,,Straw Braid  aQd not made into Bonnets and Hats,100,,,,300,,,,,,,,,,,,,,,,,,,,,,,,,,,,,,,,,,,,,,,,,,
CANTON,245,,,,,,,1,,,,Building Stone quarried and prepared,100,,,,,,,,,,,,,,,,,,,,,,,,,,,,,,,,,,,,,,,,,,,,,,
CANTON,245,,,,,,,8,,,,Fire Wood prepared,6400,2134,cords,,,,,,,,,,,,,,,,,,,,,,,,,,,,,,,,,,,,,,,,,,,,
CANTON,245,Marble  Monument  and Grave Stone Manufactories,1,,,,1000,8,,,,Marble  Monument  and Grave Stone,,,,,,,,,,,,,,,,,,,,,,,,,,,,,,,,,,,,,,,,,,,,,,,
CANTON,245,,,,,,300,3,,,,,,,,,,,,,,,,,,,,,,,,,,,,,,,,,,,,,,,,,,,,,,,,,,,
CANTON,245,,,,,,1500,9,,,,all other,5500,,,,,,,,,,,,,,,,,,,,,,,,,,,,,,,,,,,,,,,,,,,,,,
CANTON,245,,,,,,,,,,,Sperm Oil consumed in manufacturing,95,100,galls,other oil,200,300,galls,anthracite coal consumed in manufacturing,13200,2200,tons,bituminous coal mined in U. States,2400,300,chaldrons,foreign bituminous coal,3150,400,chaldrons,other   Ameri­ can production excepting cotton wool and iron consumed in manufacturing,500,,,other   foreign produc­ tion excepting as above consumed,6800,,,,,,,,,,,,,,,,,,,,,,
CANTON,245,,,,,,,,,,,Sheep total,23,12,head,Wool total,11,36,lbs,,,,,,,,,,,,,,,,,,,,,,,,,,,,,,,,,,,,,,,,
CANTON,245,,,,,,,,,,,Horses,7900,147,head,neat cattle,9084,431,head,swine,2596,186,head,,,,,,,,,,,,,,,,,,,,,,,,,,,,,,,,,,,,
CANTON,245,,,,,,1238,,,,,Indian Corn or Maize raised,805,1238,bush,rye,178,231,bush,barley,30,47,bush,potatoes,2650,10597,bush,other esculent vegetables,175,670,bush,hay,11625,947,tons,,,,,,,,,,,,,,,,,,,,,,,,
CANTON,245,,,,,,,,,,,Fruit raised,1200,6061,bush,,,,,,,,,,,,,,,,,,,,,,,,,,,,,,,,,,,,,,,,,,,,
CANTON,245,,,,,,,,,,,Butter,1508,9390,lbs,cheese,296,4725,lbs,,,,,,,,,,,,,,,,,,,,,,,,,,,,,,,,,,,,,,,,
COHASSET,245,,,,,,,,,,,,,,,,,,,,,,,,,,,,,,,,,,,,,,,,,,,,,,,,,,,,,,,,,,
COHASSET,245,Saddle Harness and Trunk Manufactories,1,,,,400,1,,,,Saddle Harness and Trunk,400,,,,,,,,,,,,,,,,,,,,,,,,,,,,,,,,,,,,,,,,,,,,,,
COHASSET,245,Establishments for   Salt,4,,,,10000,4,,,,salt,1600,5330,bush,,,,,,,,,,,,,,,,,,,,,,,,,,,,,,,,,,,,,,,,,,,,
COHASSET,245,Establishments  for   Rail.road Cars Coaches Chaises and other Vehicles,2,,,,1000,3,,,,vehicles,600,,,,,,,,,,,,,,,,,,,,,,,,,,,,,,,,,,,,,,,,,,,,,,
COHASSET,246,,,,,,,,,,,,,,,,,,,,,,,,,,,,,,,,,,,,,,,,,,,,,,,,,,,,,,,,,,
COHASSET,246,,,,,,,,55,15,,Boots,18600,675,pairs,shoes,,16911,pairs,boots and shoes,,,,,,,,,,,,,,,,,,,,,,,,,,,,,,,,,,,,,,,
COHASSET,246,,,,,,,6,,,,Building   Stone   quarried   and   prepared,1500,3000,tons,,,,,,,,,,,,,,,,,,,,,,,,,,,,,,,,,,,,,,,,,,,,
COHASSET,246,,,,,,,20,,,,Fire Wood prepared,1200,200,cords,,,,,,,,,,,,,,,,,,,,,,,,,,,,,,,,,,,,,,,,,,,,
COHASSET,246,,,Vessels launched,1,131,,6,,,,,6000,,,,,,,,,,,,,,,,,,,,,,,,,,,,,,,,,,,,,,,,,,,,,,
COHASSET,246,,,Vessels employed in Mackerel and Cod Fisheries,44,,44000,400,,,,mackerel taken,51083,7859,bbls,cod­ fish,7360,3271,quintals,salt consumed,,13424,bush,,,,,,,,,,,,,,,,,,,,,,,,,,,,,,,,,,,,
COHASSET,246,,,,,,,,,,,Sheep total,806,403,head,Wool total,420,1262,lbs,,,,,,,,,,,,,,,,,,,,,,,,,,,,,,,,,,,,,,,,
COHASSET,246,,,,,,,,,,,Horses,3500,85,head,neat cattle,101750,430,head,swine,,78,head,,,,,,,,,,,,,,,,,,,,,,,,,,,,,,,,,,,,
COHASSET,246,,,,,,2382,,,,,Indian Corn or Maize raised,1900,2382,bush,rye,325,325,bush,barley,200,250,bush,potatoes,2444,7332,bush,other esculent vegetables,700,1500,bush,liay,8500,850,tons,,,,,,,,,,,,,,,,,,,,,,,,
COHASSET,246,,,,,,,,,,,Fruit raised,1532,6128,bush,,,,,,,,,,,,,,,,,,,,,,,,,,,,,,,,,,,,,,,,,,,,
COHASSET,246,,,,,,,,,,,Butter,2500,14923,lbs,cheese,490,6130,lbs,,,,,,,,,,,,,,,,,,,,,,,,,,,,,,,,,,,,,,,,
DEDHAM,246,,,,,,,,,,,,,,,,,,,,,,,,,,,,,,,,,,,,,,,,,,,,,,,,,,,,,,,,,,
DEDHAM,246,Cotton Mills,2,,,,61200,,29,75,,cotton consumed,56575,199700,lbs,printing  cloth,360,971500,yds,batting,,4000,lbs,,,,,,,,,,,,,,,,,,,,,,,,,,,,,,,,,,,,
DEDHAM,246,Cotton Thread Manufactories,1,,,,3000,,,8,,thread,8000,5000,lbs,,,,,,,,,,,,,,,,,,,,,,,,,,,,,,,,,,,,,,,,,,,,
DEDHAM,246,Woollen Mills,3,,,,75000,,80,80,,wool consumed,146000,305000,lbs,cassimere,105000,135000,yds,sati­ net,,165000,yds,,,,,,,,,,,,,,,,,,,,,,,,,,,,,,,,,,,,
DEDHAM,246,Silk Manufactories,1,,,,10000,,6,34,,sewing silk,47450,7300,lbs,,,,,,,,,,,,,,,,,,,,,,,,,,,,,,,,,,,,,,,,,,,,
DEDHAM,246,Furnaces for     Hollow Ware  and  Castings  other  than Pig Iron,1,,,,4500,12,,,,hollow ware and castings  i,10500,75,tons,,,,,,,,,,,,,,,,,,,,,,,,,,,,,,,,,,,,,,,,,,,,
DEDHAM,247,,,,,,,,,,,,,,,,,,,,,,,,,,,,,,,,,,,,,,,,,,,,,,,,,,,,,,,,,,
DEDHAM,247,Establishments for   Shovels Spades Forks and Hoes,2,,,,600,5,,,,for   Shovels Spades Forks and Hoes,3847,,,,,,,,,,,,,,,,,,,,,,,,,,,,,,,,,,,,,,,,,,,,,,
DEDHAM,247,Paper Man ufactories,1,,,,5000,5,,,,stock consumed,7000,250000,lbs,paper,,175000,lbs,,,,,,,,,,,,,,,,,,,,,,,,,,,,,,,,,,,,,,,,
DEDHAM,247,,,,,,,,,,,Saddles and Harnesses,825,,,,,,,,,,,,,,,,,,,,,,,,,,,,,,,,,,,,,,,,,,,,,,
DEDHAM,247,Hat and Cap Man ufactories,1,,,,100,1,,,,hats and caps,425,150,,coloring done,400,,,,,,,,,,,,,,,,,,,,,,,,,,,,,,,,,,,,,,,,,,
DEDHAM,247,Establishments for    Rail-road  Oars  Coaches  Chaises and other Vehicles,4,,,,1400,8,,,,vehicles,5700,,,,,,,,,,,,,,,,,,,,,,,,,,,,,,,,,,,,,,,,,,,,,,
DEDHAM,247,Ohair and  Cabinet Ware Manufactories,8,,,,15900,58,,,,Ohair and  Cabinet Ware,51671,,,,,,,,,,,,,,,,,,,,,,,,,,,,,,,,,,,,,,,,,,,,,,
DEDHAM,247,Tin Ware and Sheet Iron  Manufactories,2,,,,600,3,,,,tin ware,500,,,sheet iron,2400,,,,,,,,,,,,,,,,,,,,,,,,,,,,,,,,,,,,,,,,,,
DEDHAM,247,Glue Manufactories,1,,,,100,1,,,,glue and gums,270,,,,,,,,,,,,,,,,,,,,,,,,,,,,,,,,,,,,,,,,,,,,,,
DEDHAM,247,Tanneries,2,,,,17000,15,,,,leather tanned and curried,48450,,,,,,,,,,,,,,,,,,,,,,,,,,,,,,,,,,,,,,,,,,,,,,
DEDHAM,247,,,,,,,,35,24,,Boots,28285,1280,pairs,shoes,,37445,pairs,boots and shoes,,,,,,,,,,,,,,,,,,,,,,,,,,,,,,,,,,,,,,,
DEDHAM,247,,,,,,,,,1,,Straw Bonnets and Hats,600,2140,,braid  and not made into bonnets and hats,338,,,palm-leaf hats,414,,,,,,,,,,,,,,,,,,,,,,,,,,,,,,,,,,,,,,
DEDHAM,247,,,,,,5300,,6,4,,Cigars,5300,,,,,,,,,,,,,,,,,,,,,,,,,,,,,,,,,,,,,,,,,,,,,,
DEDHAM,247,,,,,,,3,,,,Fire Wood prepared,3454,1061,cords,,,,,,,,,,,,,,,,,,,,,,,,,,,,,,,,,,,,,,,,,,,,
DEDHAM,247,,,,,,,,,,,Sperm  Oil  consumed   in  manufacturing,1865,1865,galls,whale  oil,14,20,galls,other  oil,956,3120,galls,anthracite coal consumed in  manufacturing,5650,960,tons,other   American production excepting  cotton wool  and iron  consumed  in manufact uring,7500,,,other   foreign production excepting as above consumed,11500,,,,,,,,,,,,,,,,,,,,,,,,,,
DEDHAM,247,,,,,,,,,,,Sheep total,20,9,head,Wool total,15,36,lbs,,,,,,,,,,,,,,,,,,,,,,,,,,,,,,,,,,,,,,,,
DEDHAM,247,,,,,,,,,,,Horses,19081,398,head,neat  cattle,24493,1264,head,swine,7095,473,head,,,,,,,,,,,,,,,,,,,,,,,,,,,,,,,,,,,,
DEDHAM,247,,,,,,48451,,,,,Indian Corn or l\laize raised  bush,386,48451,bush,rye,517,575,bush,ba rley,242,404,bush,oats,11,17,bush,potatoes,8552,27586,bush,otl.er esculent vegetables,1392,2730,tons,hay,14028,,,,,,,,,,,,,,,,,,,,,,
DEDHAM,248,,,,,,,,,,,,,,,,,,,,,,,,,,,,,,,,,,,,,,,,,,,,,,,,,,,,,,,,,,
DEDHAM,248,,,,,,,,,,,Fruit raised,2853,10362,bush,,,,,,,,,,,,,,,,,,,,,,,,,,,,,,,,,,,,,,,,,,,,
DEDHAM,248,,,,,,,,,,,Butter,2100,13130,lbs,cheese,203,3373,lbs,milk,17969,179689,galls,,,,,,,,,,,,,,,,,,,,,,,,,,,,,,,,,,,,
DEDHAM,248,Pocket Book and Rule Manufactories,1,,,,4000,,5,4,,pocket books,8666,,,rules,4334,,,,,,,,,,,,,,,,,,,,,,,,,,,,,,,,,,,,,,,,,,
DEDHAM,248,Establishments for   Marbling and Fancy Colored Pa­pers and Cards,1,,,,7500,,5,10,,for   Marbling and Fancy Colored Pa­pers and Cards,18000,,,,,,,,,,,,,,,,,,,,,,,,,,,,,,,,,,,,,,,,,,,,,,
DEDHAM,248,Turning Establishments',1,,,,,,9,,,in iron,1200,,,in wood,8000,,,,,,,,,,,,,,,,,,,,,,,,,,,,,,,,,,,,,,,,,,
DORCHESTER,248,,,,,,,,,,,,,,,,,,,,,,,,,,,,,,,,,,,,,,,,,,,,,,,,,,,,,,,,,,
DORCHESTER,248,Cotton Mills,1,,,,150000,,40,110,,cotton consumed,100000,408300,lbs,cloth,840,919600,yds,batting,,12000,lbs,,,,,,,,,,,,,,,,,,,,,,,,,,,,,,,,,,,,
DORCHESTER,248,Establishments  for    Britannia  Ware,1,,,,10000,40,,,,ware,40000,,,,,,,,,,,,,,,,,,,,,,,,,,,,,,,,,,,,,,,,,,,,,,
DORCHESTER,248,Starch Manufactories,1,,,,20000,16,,,,starch,40000,800000,lbs,,,,,,,,,,,,,,,,,,,,,,,,,,,,,,,,,,,,,,,,,,,,
DORCHESTER,248,Establishments for   Chemical Preparations,1,,,,10000,,,,,for   Chemical Preparations,24000,,,,,,,,,,,,,,,,,,,,,,,,,,,,,,,,,,,,,,,,,,,,,,
DORCHESTER,248,Paper Manufaetories,2,,,,35000,30,,,,stock consumed,45000,300,tons,paper,,15000,reams,,,,,,,,,,,,,,,,,,,,,,,,,,,,,,,,,,,,,,,,
DORCHESTER,248,,,,,,,1,,,,Earthen Ware,150,,,,,,,,,,,,,,,,,,,,,,,,,,,,,,,,,,,,,,,,,,,,,,
DORCHESTER,248,Establishments for   Chronometers and Thermometers,1,,,,1200,5,,,,for   Chronometers and Thermometers,5200,,,,,,,,,,,,,,,,,,,,,,,,,,,,,,,,,,,,,,,,,,,,,,
DORCHESTER,248,Saddle  and  Harness  Manufactories,3,,,,750,4,,,,Saddle  and  Harness,1400,,,,,,,,,,,,,,,,,,,,,,,,,,,,,,,,,,,,,,,,,,,,,,
DORCHESTER,248,Hat and Cap Manufactories,1,,,,800,3,,,,hats and caps,2000,1000,,,,,,,,,,,,,,,,,,,,,,,,,,,,,,,,,,,,,,,,,,,,,
DORCHESTER,248,Cordage Manufactories,1,,,,1000,4,,,,cordage,3742,31200,lbs,,,,,,,,,,,,,,,,,,,,,,,,,,,,,,,,,,,,,,,,,,,,
DORCHESTER,248,Card Man ufactories,1,,,,5000,14,,,,playing cards,15000,,,,,,,,,,,,,,,,,,,,,,,,,,,,,,,,,,,,,,,,,,,,,,
DORCHESTER,249,,,,,,,,,,,,,,,,,,,,,,,,,,,,,,,,,,,,,,,,,,,,,,,,,,,,,,,,,,
DORCHESTER,249,Establishments for   Coaches Chaises and other Vehi­cles,12,,,,3000,23,,,,vehicles,11050,,,,,,,,,,,,,,,,,,,,,,,,,,,,,,,,,,,,,,,,,,,,,,
DORCHESTER,249,,,,,,10000,10,,,,Confectionary,10000,,,,,,,,,,,,,,,,,,,,,,,,,,,,,,,,,,,,,,,,,,,,,,
DORCHESTER,249,Soap and Tallow Candle Manufactories,2,,,,4500,9,,,,soap,11200,280000,lbs,candles,10800,120000,lbs,,,,,,,,,,,,,,,,,,,,,,,,,,,,,,,,,,,,,,,,
DORCHESTER,249,Chocolate Mills,2,,,,38000,15,,,,chocolate prepared,501872,378901,lbs,,,,,,,,,,,,,,,,,,,,,,,,,,,,,,,,,,,,,,,,,,,,
DORCHESTER,249,Chair  and  Cabinet Ware  Manufactories,16,,,,20000,120,,,,Chair  and  Cabinet Ware,85300,,,,,,,,,,,,,,,,,,,,,,,,,,,,,,,,,,,,,,,,,,,,,,
DORCHESTER,249,Tin Ware Manufactories,4,,,,7000,27,,,,ware,15400,,,,,,,,,,,,,,,,,,,,,,,,,,,,,,,,,,,,,,,,,,,,,,
DORCHESTER,249,Tanneries,6,,,,40000,45,,,,hides tanned,55300,3270,,leather tanned and curried,,,,,,,,,,,,,,,,,,,,,,,,,,,,,,,,,,,,,,,,,,,
DORCHESTER,249,,,,,,,,3,5,,Boots,12720,3550,pairs,shoes,,5650,pairs,boots and shoes,,,,,,,,,,,,,,,,,,,,,,,,,,,,,,,,,,,,,,,
DORCHESTER,249,,,,,,,9,,,,Bricks,3500,596000,,,,,,,,,,,,,,,,,,,,,,,,,,,,,,,,,,,,,,,,,,,,,
DORCHESTER,249,,,,,,,4,,,,Fire Wood prepared,1000,200,cords,,,,,,,,,,,,,,,,,,,,,,,,,,,,,,,,,,,,,,,,,,,,
DORCHESTER,249,,,,,,,,,,,Sperm  Oil  coosu med  in  manufacturing,2325,2500,galls,other oil,1020,2000,galls,anth raci te coal con­ sumed in man ufacturing,5412,902,tons,charcoal,900,3000,bush,other   A merica n prod uction excepting cotton wool and iron consumed in manufacturing,2325,2000,galls,other oil,1020,902,tons,anth raci te coal con­ sumed in man ufacturing,5412,3000,bush,charcoal,900,,,other   A merica n prod uction excepting cotton wool and iron consumed in manufacturing,54600,,,other   foreign  prod uction excepting as above consumed in ma nufact ming,91400,,,,,,,,,,
DORCHESTER,249,,,,,,,,,,,Sheep total,58,29,head,wool prod uced,25,75,lbs,,,,,,,,,,,,,,,,,,,,,,,,,,,,,,,,,,,,,,,,
DORCHESTER,249,,,,,,,,,,,Horses,37575,501,head,neat  cattle ',18600,620,head,swine,8380,838,head,,,,,,,,,,,,,,,,,,,,,,,,,,,,,,,,,,,,
DORCHESTER,249,,,,,,2797,,,,,Indian  Corn  or  Maize  raised,1958,2797,bush,,,,,,,,,,,,,,,,,,,,,,,,,,,,,,,,,,,,,,,,,,,,
DORCHESTER,249,,,,,,,,,,,barley,423,529,bush,potatoes,128,213,bush,other escu len t vegetables,7381,18453,bush,millet,4278,15910,bush,hay,15,31000,lbs,,31452,2621,tons,,,,,,,,,,,,,,,,,,,,,,,,
DORCHESTER,249,,,,,,,,,,,Fruit raised,10000,23384,bush,,,,,,,,,,,,,,,,,,,,,,,,,,,,,,,,,,,,,,,,,,,,
DORCHESTER,249,,,,,,,,,,,Butter,120,600,lbs,honey,50,200,lbs,,,,,,,,,,,,,,,,,,,,,,,,,,,,,,,,,,,,,,,,
DORCHESTER,250,,,,,,,,,,,,,,,,,,,,,,,,,,,,,,,,,,,,,,,,,,,,,,,,,,,,,,,,,,
DOVER,250,,,,,,,,,,,,,,,,,,,,,,,,,,,,,,,,,,,,,,,,,,,,,,,,,,,,,,,,,,
DOVER,250,Rolling Slitting and  Nail Mills,3,,,,40000,40,,,,iron   and not made into nails,93500,850,tons,nails,72000,800,tons,,,,,,,,,,,,,,,,,,,,,,,,,,,,,,,,,,,,,,,,
DOVER,250,Brush  Manufactories,1,,,,500,2,,,,brushes,3000,,,,,,,,,,,,,,,,,,,,,,,,,,,,,,,,,,,,,,,,,,,,,,
DOVER,250,,,,,,,,9,,,Boots,5725,100,pairs,shoes,,7310,pairs,boots and shoes,,,,,,,,,,,,,,,,,,,,,,,,,,,,,,,,,,,,,,,
DOVER,250,,,,,,,3,,,,Whi ps,1000,,,,,,,,,,,,,,,,,,,,,,,,,,,,,,,,,,,,,,,,,,,,,,
DOVER,250,,,,,,,10,,,,Fire Wood prepared,2160,864,cords,,,,,,,,,,,,,,,,,,,,,,,,,,,,,,,,,,,,,,,,,,,,
DOVER,250,,,,,,,,,,,Whale Oil consumed in manufacturing,125,315,galls,anthracite. coal consumed  in  man ufact uring,3375,500,tons,bi tuminous coal mined in the United States consumed in manufactu ring,180,15,tons,,,,,,,,,,,,,,,,,,,,,,,,,,,,,,,,,,,,
DOVER,250,,,,,,,,,,,Horses,5000,99,head,neat cattle,9650,386,head,swine,1512,216,head,,,,,,,,,,,,,,,,,,,,,,,,,,,,,,,,,,,,
DOVER,250,,,,,,2402,,,,,Indian Corn or Maize raised,1802,2402,bush,rye,222,278,bush,barley,163,272,bush,oats,306,766,bush,potatoes,2001,8005,bush,other vegetables,100,500,bush,hay,7610,761,tons,,,,,,,,,,,,,,,,,,,,
DOVER,250,,,,,,,,,,,Fruit raised,970,4850,bush,,,,,,,,,,,,,,,,,,,,,,,,,,,,,,,,,,,,,,,,,,,,
DOVER,250,,,,,,,,,,,Butter,133,8,lbs,cheese,210,3500,lbs,,,,,,,,,,,,,,,,,,,,,,,,,,,,,,,,,,,,,,,,
DOVER,250,,,,,,,,,,,Milk sold,1500,15000,galls,,,,,,,,,,,,,,,,,,,,,,,,,,,,,,,,,,,,,,,,,,,,
FOXBOROUGH,250,,,,,,,,,,,,,,,,,,,,,,,,,,,,,,,,,,,,,,,,,,,,,,,,,,,,,,,,,,
FOXBOROUGH,250,Cotton Mills,2,,,,5000,,4,10,,spindles,11000,934,lbs,cotton consumed,,25000,lbs,thread,,23000,,,,,,,,,,,,,,,,,,,,,,,,,,,,,,,,,,,,,
FOXBOROUGH,250,Woollen Mills,1,,,,20000,,12,6,,wool consumed,21000,42000,lbs,satinet,,42000,yds,,,,,,,,,,,,,,,,,,,,,,,,,,,,,,,,,,,,,,,,
FOXBOROUGH,250,Furnaces for   Hollow Ware and Castings other tha n Pig Iron,1,,,,20000,25,,,,hollow ware and castings,20000,250,tons,,,,,,,,,,,,,,,,,,,,,,,,,,,,,,,,,,,,,,,,,,,,
FOXBOROUGH,251,,,,,,,,,,,,,,,,,,,,,,,,,,,,,,,,,,,,,,,,,,,,,,,,,,,,,,,,,,
FOXBOROUGH,251,Establishments for   Shovels Spades Forks and Hoes  ·,1,,,,5000,,,,,for   Shovels Spades Forks and Hoes  ·,6000,,,,,,,,,,,,,,,,,,,,,,,,,,,,,,,,,,,,,,,,,,,,,,
FOXBOROUGH,251,Establishments for   Rail-road Cars Coaches Chaises and other Vehicles,3,,,,1050,,,,,vehicles,2500,,,,,,,,,,,,,,,,,,,,,,,,,,,,,,,,,,,,,,,,,,,,,,
FOXBOROUGH,251,Tanneries,1,,,,5000,3,,,,leather tanned and curried,11000,,,,,,,,,,,,,,,,,,,,,,,,,,,,,,,,,,,,,,,,,,,,,,
FOXBOROUGH,251,,,,,,,,2,,,Boots,483,105,pairs,shoes,,175,pairs,boots and shoes,,,,,,,,,,,,,,,,,,,,,,,,,,,,,,,,,,,,,,,
FOXBOROUGH,251,,,,,,,,74,1349,,Straw Bonnets and Hats,320929,266260,,,,,,,,,,,,,,,,,,,,,,,,,,,,,,,,,,,,,,,,,,,,,
FOXBOROUGH,251,,,,,,,1,,,,Building Stone quarried and prepared,276,,,,,,,,,,,,,,,,,,,,,,,,,,,,,,,,,,,,,,,,,,,,,,
FOXBOROUGH,251,,,,,,,3,,,,Lumber prepared,400,40000,feet,,,,,,,,,,,,,,,,,,,,,,,,,,,,,,,,,,,,,,,,,,,,
FOXBOROUGH,251,,,,,,,4,,,,,1020,,,,2831,,,,,,,,,,,,,,,,,,,,,,,,,,,,,,,,,,,,,,,,,,
FOXBOROUGH,251,Planing Machine  Manufactories,1,,,,15000,25,,,,machines,20000,,,,,,,,,,,,,,,,,,,,,,,,,,,,,,,,,,,,,,,,,,,,,,
FOXBOROUGH,251,Box Manufactories,1,,,,3000,3,,,,boxes,2000,,,,,,,,,,,,,,,,,,,,,,,,,,,,,,,,,,,,,,,,,,,,,,
FOXBOROUGH,251,Bonnet Block Manufactories,1,,,,300,1,,,,blocks,500,,,,,,,,,,,,,,,,,,,,,,,,,,,,,,,,,,,,,,,,,,,,,,
FOXBOROUGH,251,,,,,,,250002,,,,Baskets,461,1700,,Hoops,1000,250000,,,,,,,,,,,,,,,,,,,,,,,,,,,,,,,,,,,,,,,,,
FOXBOROUGH,251,,,,,,,,,,,Sperm Oil consumed in manufactu ring,375,375,galls,other oil,650,1000,galls,anth racite coal consumed in manufact uring,1627,237,tons,bituminous coal mined in the U. States,160,141,chaldrons,other   American prod uction excepting cotton wool and iron consum­ ed in man ufact uring,1200,,,other   foreign production excepting as above consumed,200,,,,,,,,,,,,,,,,,,,,,,,,,,
FOXBOROUGH,251,,,,,,,,,,,Sheep total,36,18,head,Wool total,14,56,lbs,,,,,,,,,,,,,,,,,,,,,,,,,,,,,,,,,,,,,,,,
FOXBOROUGH,251,,,,,,,,,,,Horses,9785,150,head,neat cattle,5488,431,head,swine,4682,285,head,,,,,,,,,,,,,,,,,,,,,,,,,,,,,,,,,,,,
FOXBOROUGH,251,,,,,,3963,,,,,Indian Corn or Maize raised,2972,3963,bush,wheat,24,24,bush,rye,242,303,bush,ba rley,40,60,bush,oats,145,392,bush,pota toes,3764,15072,bush,ot her  escn lent  vegetables,120,407,bush,hay,10979,856,tons,,,,,,,,,,,,,,,,
FOXBOROUGH,251,,,,,,,,,,,Fruit raised,755,2795,bush,,,,,,,,,,,,,,,,,,,,,,,,,,,,,,,,,,,,,,,,,,,,
FOXBOROUGH,251,,,,,,,,,,,Butter,2819,16918,lbs,cheese,336,5710,lbs,,,,,,,,,,,,,,,,,,,,,,,,,,,,,,,,,,,,,,,,
FOXBOROUGH,252,,,,,,,,,,,,,,,,,,,,,,,,,,,,,,,,,,,,,,,,,,,,,,,,,,,,,,,,,,
FRANKLIN,252,,,,,,,,,,,,,,,,,,,,,,,,,,,,,,,,,,,,,,,,,,,,,,,,,,,,,,,,,,
FRANKLIN,252,Cotton Mills,7,,,,42500,,45,49,,spindles,37440,4422,lbs,cotton consumed,1756,193804,yds,prin ting clot h rn'<l,12314,576000,lbs,yarn,3000,9600,lbs,th read  l bs,,246281,,bat­ ting,,35000,,,,,,,,,,,,,,,,,,,,,,,,,
FRANKLIN,252,Establish ments for   Wngons and Sleighs,2,,,,1400,4,,,,ve­hicles,2700,,,,,,,,,,,,,,,,,,,,,,,,,,,,,,,,,,,,,,,,,,,,,,
FRANKLIN,252,,,,,,,,3,,,Boots,1700,95,pairs,shoes,,2882,pairs,boots and shoes,,,,,,,,,,,,,,,,,,,,,,,,,,,,,,,,,,,,,,,
FRANKLIN,252,,,,,,,,40,1055,,Straw Bonnets and Hats,129800,107867,,straw braid  and not made into bonnets and bats,310,,,,,,,,,,,,,,,,,,,,,,,,,,,,,,,,,,,,,,,,,,
FRANKLIN,252,,,,,,,10,,,,Lumber prepared,5537,379200,feet,,,,,,,,,,,,,,,,,,,,,,,,,,,,,,,,,,,,,,,,,,,,
FRANKLIN,252,,,,,,,5,,,,Fire Wood prepared,4200,1531,cords,,,,,,,,,,,,,,,,,,,,,,,,,,,,,,,,,,,,,,,,,,,,
FRANKLIN,252,,,,,,,11,,,,Boats built,4260,193,,,,,,,,,,,,,,,,,,,,,,,,,,,,,,,,,,,,,,,,,,,,,
FRANKLIN,252,,,,,,1500,7,,,,other art icles,1330,,,,,,,,,,,,,,,,,,,,,,,,,,,,,,,,,,,,,,,,,,,,,,
FRANKLIN,252,,,,,,,,,,,Sperm Oil consumed in man ufacturing,500,500,galls,other oil,178,200,galls,other   American prod uction excepting cotton wool nnd iron consumed in man­ufacturing,9,,,,,,,,,,,,,,,,,,,,,,,,,,,,,,,,,,,,,,
FRANKLIN,252,,,,,,,,,,,,138,,,,65,,,Merino Sheep,,71,head,merino wool produced  lbs.,,228,lbs,,,,,,,,,,,,,,,,,,,,,,,,,,,,,,,,
FRANKLIN,252,,,,,,,,,,,Horses,9372,188,head,neat cattle,16206,748,head,swine,2377,412,head,,,,,,,,,,,,,,,,,,,,,,,,,,,,,,,,,,,,
FRANKLIN,252,,,,,,6793,,,,,Indian Corn or Maize ra ised,5095,6793,bush,wheat,18,15,bush,rye,1180,1180,bush,barley,208,347,bush,oats,1201,3003,bush,potatoes,5141,20664,bush,other esculcn t vegetables,237,1422,tons,hay,17859,1625,,,,,,,,,,,,,,,,,
FRANKLIN,252,,,,,,,,,,,Fruit raised,11595,5960,bush,,,,,,,,,,,,,,,,,,,,,,,,,,,,,,,,,,,,,,,,,,,,
FRANKLIN,252,,,,,,,,,,,Butter,3364,20183,lbs,cheese,436,7270,lbs,honey,42,255,lbs,beeswax,10,21,lbs,,,,,,,,,,,,,,,,,,,,,,,,,,,,,,,,
MEDFIELD,252,,,,,,,,,,,,,,,,,,,,,,,,,,,,,,,,,,,,,,,,,,,,,,,,,,,,,,,,,,
MEDFIELD,252,"Establishments  for   Shovels, Spades, Forks, and Hoes",1,,,,200,4,,,,"for   Shovels, Spades, Forks, and Hoes",2500,,,,,,,,,,,,,,,,,,,,,,,,,,,,,,,,,,,,,,,,,,,,,,
MEDFIELD,253,,,,,,,,,,,,,,,,,,,,,,,,,,,,,,,,,,,,,,,,,,,,,,,,,,,,,,,,,,
MEDFIELD,253,Brush  Manufactories,2,,,,2700,4,,,,brushes,4000,,,,,,,,,,,,,,,,,,,,,,,,,,,,,,,,,,,,,,,,,,,,,,
MEDFIELD,253,Saddle Harness and Trunk Manufactories,1,,,,150,1,,,,Saddle Harness and Trunk,300,,,,,,,,,,,,,,,,,,,,,,,,,,,,,,,,,,,,,,,,,,,,,,
MEDFIELD,253,Establishments for    Rail-road Cars Coaches Cltaises and Vehicles,2,,,,450,6,,,,vehicles,3200,,,,,,,,,,,,,,,,,,,,,,,,,,,,,,,,,,,,,,,,,,,,,,
MEDFIELD,253,Chair and Cabinet Ware :Manufactories,1,,,,500,2,,,,Chair and Cabinet Ware :,1200,,,,,,,,,,,,,,,,,,,,,,,,,,,,,,,,,,,,,,,,,,,,,,
MEDFIELD,253,Tin Ware  Manufactories,1,,,,800,3,,,,ware,5000,,,,,,,,,,,,,,,,,,,,,,,,,,,,,,,,,,,,,,,,,,,,,,
MEDFIELD,253,Tanneries,2,,,,2000,2,,,,leather tanned and curried,4200,,,,,,,,,,,,,,,,,,,,,,,,,,,,,,,,,,,,,,,,,,,,,,
MEDFIELD,253,,,,,,,,2,2,,Shoes,700,1000,pairs,,,,,,,,,,,,,,,,,,,,,,,,,,,,,,,,,,,,,,,,,,,,
MEDFIELD,253,,,,,,,,,125,,Straw Bonnets and Hats,3800,51800,,,,,,,,,,,,,,,,,,,,,,,,,,,,,,,,,,,,,,,,,,,,,
MEDFIELD,253,,,,,,,,,,,Horses,6150,148,head,neat cattle,10112,473,head,swine,3658,271,head,,,,,,,,,,,,,,,,,,,,,,,,,,,,,,,,,,,,
MEDFIELD,253,Ind ian Corn or Maize raised  hush.,5000,,,,5000,,,,,rye,3280,541,bush,barley,484,295,bush,oats,176,845,bush,potatoes,337,9500,bush,hay,2375,1100,bush,,30,,,,,,,,,,,,,,,,,,,,,,,,,,
MEDFIELD,253,,,,,,,,,,,Fruit raised,975,2000,bush,,,,,,,,,,,,,,,,,,,,,,,,,,,,,,,,,,,,,,,,,,,,
MEDFIELD,253,,,,,,,,,,,Butter,2662,11720,lbs,cheese,250,4230,lbs,,,,,,,,,,,,,,,,,,,,,,,,,,,,,,,,,,,,,,,,
MEDWAY,253,,,,,,,,,,,,,,,,,,,,,,,,,,,,,,,,,,,,,,,,,,,,,,,,,,,,,,,,,,
MEDWAY,253,Cotton Mills,9,,,,101500,80,,60,,spindles,100,4837,lbs,cotton consumed,128025,900000,lbs,stocking yarn,38380,300,lbs,th read,25500,140000,lbs,bat ti ng,30400,546000,yds,cotton  flnnnel,,320000,,,,,,,,,,,,,,,,,,,,,,,,,
MEDWAY,253,Calico   Manufactories  .,1,,,,1,,,,,Calico,,,,,,,,,,,,,,,,,,,,,,,,,,,,,,,,,,,,,,,,,,,,,,,
MEDWAY,253,Establishments for Bleaching or Coloring Cotton Thread,2,,,,2,2,,,,for Bleaching or Coloring Cotton Thread,,,,,,,,,,,,,,,,,,,,,,,,,,,,,,,,,,,,,,,,,,,,,,,
MEDWAY,253,Woollen Mills,1,,,,5000,,5,,,ool consumed,10,20000,lbs,.P. B.,,4,,,,,,,,,,,,,,,,,,,,,,,,,,,,,,,,,,,,,,,,,
MEDWAY,254,,,,,,,,,,,,,,,,,,,,,,,,,,,,,,,,,,,,,,,,,,,,,,,,,,,,,,,,,,
MEDWAY,254,Establishments  for   Cotton Woollen  and other Ma­ chinery,2,,,,1500,,,,,machinery  and repairs done,4000,5,,B.,,,,,,,,,,,,,,,,,,,,,,,,,,,,,,,,,,,,,,,,,,,
MEDWAY,254,,,,,,350,,,,,Scythe  and  Hoe  Manufactories	scythes  and  hoes,600,100,,,,,,,,,,,,,,,,,,,,,,,,,,,,,,,,,,,,,,,,,,,,,
MEDWAY,254,Plough Manufactories,1,,,,,1,,,,ploughs and other agricultural tools,250,25,,,,,,,,,,,,,,,,,,,,,,,,,,,,,,,,,,,,,,,,,,,,,
MEDWAY,254,,,,,,500,4,,,,Organs,4500,4,,,,,,,,,,,,,,,,,,,,,,,,,,,,,,,,,,,,,,,,,,,,,
MEDWAY,254,Clock Manufactories,1,,,,150,1,,,,clocks,750,3,,,,,,,,,,,,,,,,,,,,,,,,,,,,,,,,,,,,,,,,,,,,,
MEDWAY,254,Bell  Foundries,1,,,,5000,,4,,,bells,22000,100000,lbs,,,,,,,,,,,,,,,,,,,,,,,,,,,,,,,,,,,,,,,,,,,,
MEDWAY,254,Saddle Harness and Trunk  Manufactories,2,,,,200,2,,,,Saddle Harness and Trunk,700,,,,,,,,,,,,,,,,,,,,,,,,,,,,,,,,,,,,,,,,,,,,,,
MEDWAY,254,Establishments  for    Coaches Chaises  and  other Vehi­ cles,4,,,,1000,6,,,,vehicles,1400,,,,,,,,,,,,,,,,,,,,,,,,,,,,,,,,,,,,,,,,,,,,,,
MEDWAY,254,Chair  and Cabinet Ware  Manufactories,3,,,,400,3,,,,Chair  and Cabinet Ware,1400,,,,,,,,,,,,,,,,,,,,,,,,,,,,,,,,,,,,,,,,,,,,,,
MEDWAY,254,Tin Ware Man ufactorics,1,,,,,2,,,,Tin Ware,,,,,,,,,,,,,,,,,,,,,,,,,,,,,,,,,,,,,,,,,,,,,,,
MEDWAY,254,,,,,,,,71,31,,Boots,48295,25240,pairs,shoes,,9975,pairs,boots and shoes,,,,,,,,,,,,,,,,,,,,,,,,,,,,,,,,,,,,,,,
MEDWAY,254,,,,,,,,,261,,Straw Bonnets and Hats,54242,48404,yds,palm-leaf  hats,1500,50000,,,30,75,,,,,,,,,,,,,,,,,,,,,,,,,,,,,,,,,,,,,
MEDWAY,254,,,,,,,2,,,,Bricks,,100000,,,,,,,,,,,,,,,,,,,,,,,,,,,,,,,,,,,,,,,,,,,,,
MEDWAY,254,,,,,,,10,,,,Lumber prepared,16650,1250000,feet,,,,,,,,,,,,,,,,,,,,,,,,,,,,,,,,,,,,,,,,,,,,
MEDWAY,254,,,,,,,,,,,Fire Wood prepared,1516,408,cords,,,,,,,,,,,,,,,,,,,,,,,,,,,,,,,,,,,,,,,,,,,,
MEDWAY,254,Establishmen ts for    Wool  and  Flocks  from  Woollen Rags,1,,,,1000,,3,6,,rags used,10000,182000,lbs,wool  and  flocks,,,,,,,,,,,,,,,,,,,,,,,,,,,,,,,,,,,,,,,,,,,
MEDWAY,254,Bonnet  Pressing  Machine  Manufactories,1,,,,100,,2,,,machines,6,6,,,,,,,,,,,,,,,,,,,,,,,,,,,,,,,,,,,,,,,,,,,,,
MEDWAY,254,,,,,,,,,,,Sperm Oil consumcd in man ufacturing,800,800,galls,,,,,,,,,,,,,,,,,,,,,,,,,,,,,,,,,,,,,,,,,,,,
MEDWAY,254,,,,,,,,,,,Sheep total,142,64,head,wool prod uced,83,2110,lbs,,,,,,,,,,,,,,,,,,,,,,,,,,,,,,,,,,,,,,,,
MEDWAY,254,,,,,,,,,,,Horses,12180,217,head,neat  cattle,20653,875,head,swine,2624,415,head,,,,,,,,,,,,,,,,,,,,,,,,,,,,,,,,,,,,
MEDWAY,254,,,,,,7633,,,,,Indian Corn or Maize raised,5774,7633,bush,wheat,120,86,bush,rye,1035,1157,bush,barley,171,255,bush,oats,1545,3989,bush,potatoes,4655,19021,bush,other  esculent  vegetables,19403,914,bush,hay,,1852,tons,,,,,,,,,,,,,,,,
MEDWAY,255,,,,,,,,,,,,,,,,,,,,,,,,,,,,,,,,,,,,,,,,,,,,,,,,,,,,,,,,,,
MEDWAY,255,,,,,,,,,,,Fruit raised,1316,6017,bush,,,,,,,,,,,,,,,,,,,,,,,,,,,,,,,,,,,,,,,,,,,,
MEDWAY,255,,,,,,,,,,,Butter,5823,30922,lbs,cheese,670,11110,lbs,honey,34,180,lbs,beeswax,3,10,lbs,,,,,,,,,,,,,,,,,,,,,,,,,,,,,,,,
MILTON,255,,,,,,,,,,,,,,,,,,,,,,,,,,,,,,,,,,,,,,,,,,,,,,,,,,,,,,,,,,
MILTON,255,Paper  Manufactories,2,,,,25000,30,,,,stock consumed,30000,200,tons,paper,,10000,reams,,,,,,,,,,,,,,,,,,,,,,,,,,,,,,,,,,,,,,,,
MILTON,255,Saddle Harness and Trunk Manufactories,1,,,,1000,2,,,,Saddle Harness and Trunk,1000,,,,,,,,,,,,,,,,,,,,,,,,,,,,,,,,,,,,,,,,,,,,,,
MILTON,255,Establishmen ts  for   Rail-road  Cars Coaches  Chaises and other Vchicles,2,,,,1000,4,,,,vehicles,1500,,,,,,,,,,,,,,,,,,,,,,,,,,,,,,,,,,,,,,,,,,,,,,
MILTON,255,Chocolate Mills,1,,,,7000,4,,,,chocolate,4000,28000,lbs,,,,,,,,,,,,,,,,,,,,,,,,,,,,,,,,,,,,,,,,,,,,
MILTON,255,Chair  and Cabinet Ware  Manufactories,7,,,,11700,32,,,,Chair  and Cabinet Ware,22500,,,,,,,,,,,,,,,,,,,,,,,,,,,,,,,,,,,,,,,,,,,,,,
MILTON,255,Tanneries,2,,,,11200,12,,,,leather tanned and curried,8675,,,,,,,,,,,,,,,,,,,,,,,,,,,,,,,,,,,,,,,,,,,,,,
MILTON,255,,,,,,,,6,,,Boots,1988,425,pairs,shoes,,800,pairs,boots  and shoes,,,,,,,,,,,,,,,,,,,,,,,,,,,,,,,,,,,,,,,
MILTON,255,,,,,,,150,,,,Building Stone quarried  and  prepared,79000,,,,,,,,,,,,,,,,,,,,,,,,,,,,,,,,,,,,,,,,,,,,,,
MILTON,255,,,,,,,6,,,,Fire Wood prepared,5513,1225,cords,,,,,,,,,,,,,,,,,,,,,,,,,,,,,,,,,,,,,,,,,,,,
MILTON,255,,,,,,,,,,,Sperm Oil consumed in manufacturing,360,400,galls,anthracite  coal  consumed  in  manufacturing,1800,300,tons,other   American prod uction excepting cotton wool and iron consumed in manufact u ring,2000,,,other   foreign prod uction excepting as above con­ sumed,2000,,,,,,,,,,,,,,,,,,,,,,,,,,,,,,,,,,
MILTON,255,,,,,,,,,,,Sheep total,36,9,head,wool prod uced,12,36,lbs,,,,,,,,,,,,,,,,,,,,,,,,,,,,,,,,,,,,,,,,
MILTON,255,,,,,,,,,,,Asses,100,1,head,horses,15000,275,head,horses,13720,275,,neat cattle,5460,643,head,swine,,364,head,,,,,,,,,,,,,,,,,,,,,,,,,,,,
MILTON,256,,,,,,,,,,,,,,,,,,,,,,,,,,,,,,,,,,,,,,,,,,,,,,,,,,,,,,,,,,
MILTON,256,,,,,,,,,,,rye,1454,818,bnsh,barley,270,300,bush,potatoes,1,200,bush,other escu lent vegetables t,1640,15400,bush,hny,1186,5928,bush,,18579,1698,tons,,,,,,,,,,,,,,,,,,,,,,,,
MILTON,256,,,,,,,,,,,Fruit raised,5386,13465,bnsh,,,,,,,,,,,,,,,,,,,,,,,,,,,,,,,,,,,,,,,,,,,,
MILTON,256,,,,,,,,,,,Butter,500,2000,lbs,honey,61,245,lbs,,,,,,,,,,,,,,,,,,,,,,,,,,,,,,,,,,,,,,,,
NEEDHAM,256,,,,,,,,,,,,,,,,,,,,,,,,,,,,,,,,,,,,,,,,,,,,,,,,,,,,,,,,,,
NEEDHAM,256,Cotton Mills,1,,,,10000,134,20,,,spindles,34800,2176,lbs,cotton consumed,,14000,yds,printing cloth,,560000,,,,,,,,,,,,,,,,,,,,,,,,,,,,,,,,,,,,,
NEEDHAM,256,Establishments for   Hosiery,1,,,,,113,,,,hose,2000,5000,pairs,,,,,,,,,,,,,,,,,,,,,,,,,,,,,,,,,,,,,,,,,,,,
NEEDHAM,256,,,,,,,,2,3,,Sewing Silk,,600,lbs,,,,,,,,,,,,,,,,,,,,,,,,,,,,,,,,,,,,,,,,,,,,
NEEDHAM,256,Establishments  for    Hinges  and  Blind Fastenings,1,,,,500,15,,,,for    Hinges  and  Blind Fastenings,10550,120000,,,,,,,,,,,,,,,,,,,,,,,,,,,,,,,,,,,,,,,,,,,,,
NEEDHAM,256,Paper Manufactories,6,,,,68000,,,,,stock consumed,144834,920,tons,paper,,704,tons,B.,,77,,,,,,,,,,,,,,,,,,,,,,,,,,,,,,,,,,,,,
NEEDHAM,256,Glue Manufactories,3,,,,1500,9,,,,glue,9000,,,,,,,,,,,,,,,,,,,,,,,,,,,,,,,,,,,,,,,,,,,,,,
NEEDHAM,256,,,,,,,,38,8,,Shoes,29400,41100,pairs,,,,,,,,,,,,,,,,,,,,,,,,,,,,,,,,,,,,,,,,,,,,
NEEDHAM,256,,,,,,,4,,,,Fire Wood prepared,4000,1106,cords,,,,,,,,,,,,,,,,,,,,,,,,,,,,,,,,,,,,,,,,,,,,
NEEDHAM,256,,,,,,,1,,,,Peat,750,300,cords,,,,,,,,,,,,,,,,,,,,,,,,,,,,,,,,,,,,,,,,,,,,
NEEDHAM,256,,,,,,,4,,,,Hogshead Hoops prepared,1400,50000,,,,,,,,,,,,,,,,,,,,,,,,,,,,,,,,,,,,,,,,,,,,,
NEEDHAM,256,,,,,,,,,,,Horses,8160,204,head,neat cattle,14430,693,head,swine,1056,169,head,,,,,,,,,,,,,,,,,,,,,,,,,,,,,,,,,,,,
NEEDHAM,256,,,,,,5500,,,,,Indian Corn or Maize raised,3667,5500,bush,rye,574,717,bush,barley,138,172,bush,oats,146,323,bush,potatoes l,6395,2135,bush,other es­ culcnt vegetables,280,1400,bush,hay,20300,1450,tons,,,,,,,,,,,,,,,,,,,,
NEEDHAM,256,,,,,,,,,,,Fruit raised,1000,2000,bush,,,,,,,,,,,,,,,,,,,,,,,,,,,,,,,,,,,,,,,,,,,,
NEEDHAM,256,,,,,,,,,,,Butter,5025,30150,lbs,milk,2000,20000,galls,,,,,,,,,,,,,,,,,,,,,,,,,,,,,,,,,,,,,,,,
NEEDHAM,257,,,,,,,,,,,,,,,,,,,,,,,,,,,,,,,,,,,,,,,,,,,,,,,,,,,,,,,,,,
QUINCY,257,,,,,,,,,,,,,,,,,,,,,,,,,,,,,,,,,,,,,,,,,,,,,,,,,,,,,,,,,,
QUINCY,257,Saddle Harness and Trunk Manufactories,3,,,,3500,12,,,,Saddle Harness and Trunk,8500,,,,,,,,,,,,,,,,,,,,,,,,,,,,,,,,,,,,,,,,,,,,,,
QUINCY,257,Establishments for   Salt,1,,,,1000,1,,,,salt,426,1850,bush,,,,,,,,,,,,,,,,,,,,,,,,,,,,,,,,,,,,,,,,,,,,
QUINCY,257,Establishments for   Coaches Chaises and other Vehi­ cles,3,,,,2200,12,,,,vehicles,4700,,,,,,,,,,,,,,,,,,,,,,,,,,,,,,,,,,,,,,,,,,,,,,
QUINCY,257,Chair  and  Cabinet  Ware  Manufactories,1,,,,1000,2,,,,Chair  and  Cabinet  Ware,2500,,,,,,,,,,,,,,,,,,,,,,,,,,,,,,,,,,,,,,,,,,,,,,
QUINCY,257,Tin Ware Manufactories,1,,,,1000,1,,,,ware,1500,,,,,,,,,,,,,,,,,,,,,,,,,,,,,,,,,,,,,,,,,,,,,,
QUINCY,257,Tanneries,7,,,,120110,26,,,,hides  tanned,61121,15160,,leather  tanned and curried,,,,,,,,,,,,,,,,,,,,,,,,,,,,,,,,,,,,,,,,,,,
QUINCY,257,,,,,,,,203,98,,Boots,133213,41876,pairs,boots and shoes,,15605,,,,,,,,,,,,,,,,,,,,,,,,,,,,,,,,,,,,,,,,,
QUINCY,257,,,,,,,6,,,,Build ing Stone  quarried  and  prepared,324500,,,,,,,,,,,,,,,,,,,,,,,,,,,,,,,,,,,,,,,,,,,,,,
QUINCY,257,,,,,,,2,,,,Blacking,1000,,,,,,,,,,,,,,,,,,,,,,,,,,,,,,,,,,,,,,,,,,,,,,
QUINCY,257,,,,,,,15,,,,Fire Wood prepa red,5100,979,cords,,,,,,,,,,,,,,,,,,,,,,,,,,,,,,,,,,,,,,,,,,,,
QUINCY,257,,,Vessels launched,2,60,,3,,,,,2100,,,,,,,,,,,,,,,,,,,,,,,,,,,,,,,,,,,,,,,,,,,,,,
QUINCY,257,,,Vessels employed in Whale Fishery,1,94,,,,,,,,,,,,,,,,,,,,,,,,,,,,,,,,,,,,,,,,,,,,,,,,,,,,,
QUINCY,257,,,Vessels employed in Mackerel and Cod Fisheries,4,,3650,22,,,,mackerel taken,5500,1000,bbls,codfish,2125,500,quintals,salt consumed  .,,400,bush,,,,,,,,,,,,,,,,,,,,,,,,,,,,,,,,,,,,
QUINCY,257,,,,,,,,,,,Sheep total,565,310,head,,,,,,,,,,,,,,,,,,,,,,,,,,,,,,,,,,,,,,,,,,,,
QUINCY,257,,,,,,,,,,,Horses,27155,397,head,neat cattle,17318,723,head,swine,7920,660,head,,,,,,,,,,,,,,,,,,,,,,,,,,,,,,,,,,,,
QUINCY,257,,,,,,3360,,,,,Indian Corn or Maize  raised,2016,3360,bush,rye .,375,469,bush,barley,284,360,bush,potatoes,2418,9673,bnsh,other esculent vegetables,156,2364,bush,hny,21339,1565,tons,,,,,,,,,,,,,,,,,,,,,,,,
QUINCY,257,,,,,,,,,,,Fruit raised,2296,4579,bnsh,,,,,,,,,,,,,,,,,,,,,,,,,,,,,,,,,,,,,,,,,,,,
QUINCY,257,,,,,,,2,,,,Wax Blenched,15000,300001,lbs,,,,,,,,,,,,,,,,,,,,,,,,,,,,,,,,,,,,,,,,,,,,
QUINCY,258,,,,,,,,,,,,,,,,,,,,,,,,,,,,,,,,,,,,,,,,,,,,,,,,,,,,,,,,,,
RANDOLPH,258,,,,,,,,,,,,,,,,,,,,,,,,,,,,,,,,,,,,,,,,,,,,,,,,,,,,,,,,,,
RANDOLPH,258,Saddle Harness and Trunk Manufactories,3,,,,750,3,,,,Saddle Harness and Trunk,1900,,,,,,,,,,,,,,,,,,,,,,,,,,,,,,,,,,,,,,,,,,,,,,
RANDOLPH,258,Establish ments  for      Rail-road  Cars Coache Chaises and oth<lr Vehicles,1,,,,500,,,,,vehicles,3000,,,,,,,,,,,,,,,,,,,,,,,,,,,,,,,,,,,,,,,,,,,,,,
RANDOLPH,258,Establish ments  for      Vehicles,1,,,,500,1,,,,vehicles,3000,,,,,,,,,,,,,,,,,,,,,,,,,,,,,,,,,,,,,,,,,,,,,,
RANDOLPH,258,Chair  and Cabinet  Ware  Manufactories,1,,,,300,,,,,Chair  and Cabinet  Ware,2000,,,,,,,,,,,,,,,,,,,,,,,,,,,,,,,,,,,,,,,,,,,,,,
RANDOLPH,258,Tin Ware Manufnctories,1,,,,700,1,,,,ware,1500,,,,,,,,,,,,,,,,,,,,,,,,,,,,,,,,,,,,,,,,,,,,,,
RANDOLPH,258,,,,,,,,,649,,Boots,700100,227131,pairs,shoes,,322281,pairs,boots and shoes,,815,,B.,,,,,,,,,,,,,,,,,,,,,,,,,,,,,,,,,,,
RANDOLPH,258,,,,,,,1,,,,Stra w Bon nets and H ats,50,200,,,,,,,,,,,,,,,,,,,,,,,,,,,,,,,,,,,,,,,,,,,,,
RANDOLPH,258,,,,,,,6,,,,Bu ild ing Stone quarried and prepared,2000,,,,,,,,,,,,,,,,,,,,,,,,,,,,,,,,,,,,,,,,,,,,,,
RANDOLPH,258,,,,,,,1,,,,Blocks and Pum ps,500,,,,,,,,,,,,,,,,,,,,,,,,,,,,,,,,,,,,,,,,,,,,,,
RANDOLPH,258,,,,,,,2,,,,Mechan ics' Tools,100,,,,,,,,,,,,,,,,,,,,,,,,,,,,,,,,,,,,,,,,,,,,,,
RANDOLPH,258,,,,,,,2,,,,Lumber prepa red,1000,7500,feet,,,,,,,,,,,,,,,,,,,,,,,,,,,,,,,,,,,,,,,,,,,,
RANDOLPH,258,,,,,,,12,,,,Fire Wood  prepared,6969,2323,cords,peat,1500,500,cords,,,,,,,,,,,,,,,,,,,,,,,,,,,,,,,,,,,,,,,,
RANDOLPH,258,,,,,,,,,,,Oil  consu med   in  man ufact u r i ng    galls,62,7881,galls,an­ th raci te coal consumed  in ma nufa ctu ring,1750,250,tons,,,,,,,,,,,,,,,,,,,,,,,,,,,,,,,,,,,,,,,,
RANDOLPH,258,,,,,,,,,,,Sheep total,3,2,head,,,,,,,,,,,,,,,,,,,,,,,,,,,,,,,,,,,,,,,,,,,,
RANDOLPH,258,,,,,,,,,,,Horses,12650,253,head,neat cattle,8740,437,head,swine,6650,554,head,,,,,,,,,,,,,,,,,,,,,,,,,,,,,,,,,,,,
RANDOLPH,258,,,,,,1215,,,,,Indian Corn or Maizo raised,911,1215,bush,rye,50,63,bush,ba rley,6,6,bush,potatoes,3384,13534,bnsh,other esculent vegetables,2750,550000,lbs,ha y,982,988,tons,,,,,,,,,,,,,,,,,,,,,,,,
RANDOLPH,258,,,,,,,,,,,Fruit raised,10222,25555,bush,,,,,,,,,,,,,,,,,,,,,,,,,,,,,,,,,,,,,,,,,,,,
RANDOLPH,258,,,,,,,,,,,Butter,731,12962,lbs,cheese,28,7311,lbs,honey,8,165,lbs,beeswax,,21,lbs,,,,,,,,,,,,,,,,,,,,,,,,,,,,,,,,
ROXBURV,258,,,,,,,,,,,,,,,,,,,,,,,,,,,,,,,,,,,,,,,,,,,,,,,,,,,,,,,,,,
ROXBURV,258,Mills for   carpeting,1,,,,75000,,100,60,,wool consumed,120000,280000,lbs,carpeting,,200000,yds,,,,,,,,,,,,,,,,,,,,,,,,,,,,,,,,,,,,,,,,
ROXBURV,259,,,,,,,,,,,,,,,,,,,,,,,,,,,,,,,,,,,,,,,,,,,,,,,,,,,,,,,,,,
ROXBURV,259,Establishments for   Worsted Goods,2,,,,,,10,20,,worsted yam  and not made into cloth,25175,124300,lbs,,,,,,,,,,,,,,,,,,,,,,,,,,,,,,,,,,,,,,,,,,,,
ROXBURV,259,Establishments  for   Hosiery,1,,,,,,2,,,hosiery,800,,,,,,,,,,,,,,,,,,,,,,,,,,,,,,,,,,,,,,,,,,,,,,
ROXBURV,259,Establishments for   Silk and Worsted Fringe and Tas­ sels,1,,,,6000,,15,45,,for   Silk and Worsted Fringe and Tas­ sels,15000,,,,,,,,,,,,,,,,,,,,,,,,,,,,,,,,,,,,,,,,,,,,,,
ROXBURV,259,Rolling Slitting and Nail Mills,3,,,,100000,240,,,,iron   and  iron  made into nails,125000,1766143,lbs,nails,60000,4274600,lbs,,,,,,,,,,,,,,,,,,,,,,,,,,,,,,,,,,,,,,,,
ROXBURV,259,Forges,18,,,,1550,60,,,,bar iron anchors  cables  and  other     wronght  iron,46600,119,tons,,,,,,,,,,,,,,,,,,,,,,,,,,,,,,,,,,,,,,,,,,,,
ROXBURV,259,Furnaces for   Hollow Ware and Castings other than Pig Iron:,1,,,,25000,50,,,,hollow  ware  and  castings,45000,1350,tons,,,,,,,,,,,,,,,,,,,,,,,,,,,,,,,,,,,,,,,,,,,,
ROXBURV,259,,,,,,6000,9,,,,art icles,12600,,,,,,,,,,,,,,,,,,,,,,,,,,,,,,,,,,,,,,,,,,,,,,
ROXBURV,259,Estahl ish mt•nts for   Fire Engines,1,,,,,24,,,,engines,25000,2,,,,,,,,,,,,,,,,,,,,,,,,,,,,,,,,,,,,,,,,,,,,,
ROXBURV,259,Esta bl ishmn ts for     Butts  or  Hinges,1,,,,3000,16,,,,Esta bl ishmn ts for     Butts  or  Hinges,4300,23000,doz,,,,,,,,,,,,,,,,,,,,,,,,,,,,,,,,,,,,,,,,,,,,
ROXBURV,259,Brass Foundries,1,,,,2000,2,,,,articlos,3000,,,,,,,,,,,,,,,,,,,,,,,,,,,,,,,,,,,,,,,,,,,,,,
ROXBURV,259,Starch Manufactories,3,,,,12000,12,,,,starch    from  wheat  or  flour,69000,1360000,lbs,,,,,,,,,,,,,,,,,,,,,,,,,,,,,,,,,,,,,,,,,,,,
ROXBURV,259,Establish ments for    Chemical Preparations,3,,,,50500,29,,,,Establish ments for    Chemical Preparations,90000,,,,,,,,,,,,,,,,,,,,,,,,,,,,,,,,,,,,,,,,,,,,,,
ROXBURV,259,Establishmen ts for Staining and Stamping Paper,4,,,,,13,,,,for Staining and Stamping Paper,14500,,,,,,,,,,,,,,,,,,,,,,,,,,,,,,,,,,,,,,,,,,,,,,
ROXBURV,259,Clock Manufactories,1,,,,1,1,,,,clocks,150,15,,,,,,,,,,,,,,,,,,,,,,,,,,,,,,,,,,,,,,,,,,,,,
ROXBURV,259,Sadd le Ha rness and Trun k Man ufactories,7,,,,1450,11,,,,Sadd le Ha rness and Trun k,,,,,,,,,,,,,,,,,,,,,,,,,,,,,,,,,,,,,,,,,,,,,,,
ROXBURV,259,Upholstery Mau ufactories,1,,,,10000,,,,,Upholstery Mau ufactories,20000,15,,B.,,,,,,,,,,,,,,,,,,,,,,,,,,,,,,,,,,,,,,,,,,,
ROXBURV,259,Hat and Cap Manufactories,1,,,,400,2,,,,Hat and Cap,382,,,,,,,,,,,,,,,,,,,,,,,,,,,,,,,,,,,,,,,,,,,,,,
ROXBURV,260,,,,,,,,,,,,,,,,,,,,,,,,,,,,,,,,,,,,,,,,,,,,,,,,,,,,,,,,,,
ROXBURV,260,Cordage Manufactories,4,,,,246000,174,,,,cordage m•d,370000,2155,tons,,,,,,,,,,,,,,,,,,,,,,,,,,,,,,,,,,,,,,,,,,,,
ROXBURV,260,Establishments  for     Rail-road  Cars Coaches Chaises and other Vehicles,6,,,,9250,41,,,,vehicles,31300,,,,,,,,,,,,,,,,,,,,,,,,,,,,,,,,,,,,,,,,,,,,,,
ROXBURV,260,Soap and Tallow Mannfactorics,5,,,,23500,31,,,,hard and st soap  :,63280,1281600,lbs,candles,15100,170000,lbs,,,,,,,,,,,,,,,,,,,,,,,,,,,,,,,,,,,,,,,,
ROXBURV,260,Establ ishments for    Rifles  and  Fowling  Pieces,1,,,,500,2,,,,arms,800,,,,,,,,,,,,,,,,,,,,,,,,,,,,,,,,,,,,,,,,,,,,,,
ROXBURV,260,Establishments for   Cannon,1,,,,100000,22,,,,steel nnd iron cannon and carriages for  same,15000,30,,,,,,,,,,,,,,,,,,,,,,,,,,,,,,,,,,,,,,,,,,,,,
ROXBURV,260,Chair and Cabinet Ware Mannfnctories,8,,,,23700,70,,,,Chair and Cabinet Ware,56000,,,,,,,,,,,,,,,,,,,,,,,,,,,,,,,,,,,,,,,,,,,,,,
ROXBURV,260,Tin Ware Man ufactories,5,,,,650,9,,,,ware,2000,,,,,,,,,,,,,,,,,,,,,,,,,,,,,,,,,,,,,,,,,,,,,,
ROXBURV,260,Establishments for   Sheet Lead and Pipe White Lead and other Paints,1,,,,100000,54,,,,sheet  lead and  pipe,48000,400,tons,red lead,24000,50,tons,litha rge,3600,40,tons,and  crome  yellow,,12,tons,,,,,,,,,,,,,,,,,,,,,,,,,,,,,,,,
ROXBURV,260,Glue Manufnetories and  Man n ractori<'s  for the preparation   Gums,2,,,,5000,8,,,,glue  and  gums,23000,,,,,,,,,,,,,,,,,,,,,,,,,,,,,,,,,,,,,,,,,,,,,,
ROXBURV,260,Bakeries,9,,,,20000,54,,,,bread,174500,18100,bbls,,,,,,,,,,,,,,,,,,,,,,,,,,,,,,,,,,,,,,,,,,,,
ROXBURV,260,Tanneries and Curriers' Establishments,16,,,,108000,112,,,,Tanneries and Curriers',287000,,,,,,,,,,,,,,,,,,,,,,,,,,,,,,,,,,,,,,,,,,,,,,
ROXBURV,260,,,,,,,,82,34,,Boots,88692,12305,pairs,shoes,,82275,pairs,boots and shoes,,,,,,,,,,,,,,,,,,,,,,,,,,,,,,,,,,,,,,,
ROXBURV,260,,,,,,,77,,,,Bricks,29800,5900000,,,,,,,,,,,,,,,,,,,,,,,,,,,,,,,,,,,,,,,,,,,,,
ROXBURV,260,,,,,,,34,,,,Stone qna rried and prf'pa red,17500,,,,,,,,,,,,,,,,,,,,,,,,,,,,,,,,,,,,,,,,,,,,,,
ROXBURV,260,,,,,,,6,,,,Blocks and Pumps,1800,,,,,,,,,,,,,,,,,,,,,,,,,,,,,,,,,,,,,,,,,,,,,,
ROXBURV,260,Soap Fish  and  Candle  Box  Manufactories,2,,,,2,14,,,,boxes,,60000,,,,,,,,,,,,,,,,,,,,,,,,,,,,,,,,,,,,,,,,,,,,,
ROXBURV,261,,,,,,,,,,,,,,,,,,,,,,,,,,,,,,,,,,,,,,,,,,,,,,,,,,,,,,,,,,
ROXBURV,261,Turpentine and Rosin Manufactorics,1,,,,,4,,,,spirits  turpentine,15600,9,bbls,rosin,,3000,bbls,,,,,,,,,,,,,,,,,,,,,,,,,,,,,,,,,,,,,,,,
ROXBURV,261,,,,,,,2,,,,Barrels,1200,1200,,hogsheads,150,150,,,,,,,,,,,,,,,,,,,,,,,,,,,,,,,,,,,,,,,,,
ROXBURV,261,Distilleries,1,,,,,3,,,,rum,7200,240000,galls,,,,,,,,,,,,,,,,,,,,,,,,,,,,,,,,,,,,,,,,,,,,
ROXBURV,261,,,,,,,17,,,,Looking Glass Frames Sashes and Illiuds,20000,,,,,,,,,,,,,,,,,,,,,,,,,,,,,,,,,,,,,,,,,,,,,,
ROXBURV,261,Breweries,2,,,,,9,,,,beer brewed,34000,6000,bbls,,,,,,,,,,,,,,,,,,,,,,,,,,,,,,,,,,,,,,,,,,,,
ROXBURV,261,Patent Corselet Manufoctories,1,,,,1,2,,,,Patent Corselet,2500,,,,,,,,,,,,,,,,,,,,,,,,,,,,,,,,,,,,,,,,,,,,,,
ROXBURV,261,,,,,,15000,,,,,Jerked  Beef  prepared,6000,100,tons,Dried   tallow,6000,100000,lbs,sizing,2500,50,tons,neat's foot oil,1700,2400,galls,bone  manure,1200,6000,bush,,1400,,,,,,,,,,,,,,,,,,,,,,,,,,
ROXBURV,261,Oakum Manufactories,1,,,,10000,16,,,,oakum,24000,300000,lbs,,,,,,,,,,,,,,,,,,,,,,,,,,,,,,,,,,,,,,,,,,,,
ROXBURV,261,India. Rubber Manufactorics,1,,,,,40,,,,rubber used,5000,24,tons,cloth,,31000,yds,all the,,,,,,,,,,,,,,,,,,,,,,,,,,,,,,,,,,,,,,,
ROXBURV,261,,,,,,,50,,,,Knit Goods and Yarn m'<l,30000,,,,,,,,,,,,,,,,,,,,,,,,,,,,,,,,,,,,,,,,,,,,,,
ROXBURV,261,,,,,,,,,,,Fire Wood prepared,815,165,cords,,,,,,,,,,,,,,,,,,,,,,,,,,,,,,,,,,,,,,,,,,,,
ROXBURV,261,,,,,,,,,,,Sperm  Oil  consumed   in  man u facturing,1820,2028,galls,whale oil,4000,10000,galls,other oil,6375,10692,galls,anth racite coul consumed in man ufacturing,30000,5021,tons,wood consumed in manufacturing,24500,10000,galls,whale oil,1820,10692,galls,other oil,4000,5021,tons,anth racite coul consumed in man ufacturing,6375,,,wood consumed in manufacturing,30000,,,,24500,,,,2105,,,,,,
ROXBURV,261,,,,,,,,,,,Asses,75,1,head,horses,369,1097,head,neat cattle,24663,873,head,swine,12146,1451,head,,,,,,,,,,,,,,,,,,,,,,,,,,,,,,,,
ROXBURV,261,,,,,,3686,,,,,Indian Corn or Maize raised,2201,3686,bush,rye,759,974,bush,barley,227,381,bush,oats,157,350,bush,potatoes,18951,47378,bush,other csculcn t v<'getablcs,35149,76381,bush,hay,53205,3547,tons,,,,,,,,,,,,,,,,,,,,
ROXBURV,261,Fruit  raised  bnh.,378218,,,,,,,,,Fruit  raised,308221405,378218,bnh,,286,,,,,,,,,,,,,,,,,,,,,,,,,,,,,,,,,,,,,,,,,,
ROXBURV,261,,,,,,,,,,,Milk,23905,239050,galls,,,,,,,,,,,,,,,,,,,,,,,,,,,,,,,,,,,,,,,,,,,,
ROXBURV,262,,,,,,,,,,,,,,,,,,,,,,,,,,,,,,,,,,,,,,,,,,,,,,,,,,,,,,,,,,
SHARON,262,,,,,,,,,,,,,,,,,,,,,,,,,,,,,,,,,,,,,,,,,,,,,,,,,,,,,,,,,,
SHARON,262,Cotton Mills,2,,,,4000,,12,20,,printing cloth,12500,250000,yds,duck,10340,47000,yds,,,,,,,,,,,,,,,,,,,,,,,,,,,,,,,,,,,,,,,,
SHARON,262,Woollen  :Mills,1,,,,,,,,,wool consumed,12520,23475,lbs,satinet,,31300,yds,,,,,,,,,,,,,,,,,,,,,,,,,,,,,,,,,,,,,,,,
SHARON,262,Axe Man ufactories,1,,,,,2,,,,axes and other edge tools,300,300,,,,,,,,,,,,,,,,,,,,,,,,,,,,,,,,,,,,,,,,,,,,,
SHARON,262,,,,,,,,83,53,,Boots,33230,16421,pairs,shoes,,200,pairs,boots and shoes,,,,,,,,,,,,,,,,,,,,,,,,,,,,,,,,,,,,,,,
SHARON,262,,,,,,,,,67,,Straw Bonnets and Hats,5320,16421,,straw braid  and not made into bonnets and hats,203,,,,,,,,,,,,,,,,,,,,,,,,,,,,,,,,,,,,,,,,,,
SHARON,262,,,,,,,30,,,,Fire Wood prepared,2937,1408,cords,,,,,,,,,,,,,,,,,,,,,,,,,,,,,,,,,,,,,,,,,,,,
SHARON,262,Hoops prepared,86000,,,,,,,,,Hoops prepared,2150,,,,,,,,,,,,,,,,,,,,,,,,,,,,,,,,,,,,,,,,,,,,,,
SHARON,262,,,,,,,,,,,Sperm Oil consumed in manufact u ring,300,300,galls,,,,,,,,,,,,,,,,,,,,,,,,,,,,,,,,,,,,,,,,,,,,
SHARON,262,,,,,,,,,,,Sheep total,46,54,head,,,,,,,,,,,,,,,,,,,,,,,,,,,,,,,,,,,,,,,,,,,,
SHARON,262,,,,,,,,,,,Horses,5360,115,head,neat cattle,9406,500,head,swine,2905,289,head,,,,,,,,,,,,,,,,,,,,,,,,,,,,,,,,,,,,
SHARON,262,,,,,,3487,,,,,Ind ian Corn  or  Maize  raised,2615,3487,bush,rye .,160,460,bush,barley,330,472,bush,potatoes,3390,11301,bush,hay,11445,983,tons,,,,,,,,,,,,,,,,,,,,,,,,,,,,
SHARON,262,,,,,,,,,,,Frnit raised,879,4437,bush,,,,,,,,,,,,,,,,,,,,,,,,,,,,,,,,,,,,,,,,,,,,
SHARON,262,,,,,,,,,,,Butter,2442,15543,lbs,cheese,525,7500,lbs,,,,,,,,,,,,,,,,,,,,,,,,,,,,,,,,,,,,,,,,
STOUGHTON,262,,,,,,,,,,,,,,,,,,,,,,,,,,,,,,,,,,,,,,,,,,,,,,,,,,,,,,,,,,
STOUGHTON,262,Cotton Mills,3,,,,3,,,,,woollen mills,,1,,the owners or ag,,1,,,,,,,,,,,,,,,,,,,,,,,,,,,,,,,,,,,,,,,,,
STOUGHTON,262,Saddle Harness and Trunk Manufactories,2,,,,200,,,,,Saddle Harness and Trunk,320,1,,0,,3,,,,,,,,,,,,,,,,,,,,,,,,,,,,,,,,,,,,,,,,,
STOUGHTON,262,Esta blishments for   Rail-road Cars Coaches Chaises and  other  Vehicles,1,,,,150,2,,,,vehicles,400,,,,,,,,,,,,,,,,,,,,,,,,,,,,,,,,,,,,,,,,,,,,,,
STOUGHTON,263,,,,,,,,,,,,,,,,,,,,,,,,,,,,,,,,,,,,,,,,,,,,,,,,,,,,,,,,,,
STOUGHTON,263,Soap and Tallow Candle Manufactories,2,,,,700,3,,,,soap,1350,300,bbls,,,,,,,,,,,,,,,,,,,,,,,,,,,,,,,,,,,,,,,,,,,,
STOUGHTON,263,,,,,,,,527,306,,Boots,418274,217177,pairs,shoes,,9200,pairs,boots and shoes,,,,,,,,,,,,,,,,,,,,,,,,,,,,,,,,,,,,,,,
STOUGHTON,263,,,,,,,,,11,,Straw Braid  and not made into Bonnets and Ho.ts,57,,,,,,,,,,,,,,,,,,,,,,,,,,,,,,,,,,,,,,,,,,,,,,
STOUGHTON,263,,,,,,,8,,,,Mechanics'  Tools,2300,,,,,,,,,,,,,,,,,,,,,,,,,,,,,,,,,,,,,,,,,,,,,,
STOUGHTON,263,,,,,,,4,,,,Fi re Wood prepared,3358,849,cords,,,,,,,,,,,,,,,,,,,,,,,,,,,,,,,,,,,,,,,,,,,,
STOUGHTON,263,,,,,,400,2,,,,charcoal,1000,12000,bush,,,,,,,,,,,,,,,,,,,,,,,,,,,,,,,,,,,,,,,,,,,,
STOUGHTON,263,Hoops prepared,43000,,,,400,2,,,,Hoops prepared,860,,,,,,,,,,,,,,,,,,,,,,,,,,,,,,,,,,,,,,,,,,,,,,
STOUGHTON,263,,,,,,,,,,,Horses,11700,229,head,neat cattle,12207,571,head,swine,4180,418,head,,,,,,,,,,,,,,,,,,,,,,,,,,,,,,,,,,,,
STOUGHTON,263,,,,,,2738,,,,,Indian Corn or Maize raised,2190,2738,bush,rye,78,78,bush,barley,10,146,bush,potatoes,3365,16824,bush,othnr esculent vegeta bles,1500,5,tons,millet,75,1000,tons,hay,13000,,,,,,,,,,,,,,,,,,,,,,
STOUGHTON,263,,,,,,,,,,,Fru it ra ised,1755,7775,bush,,,,,,,,,,,,,,,,,,,,,,,,,,,,,,,,,,,,,,,,,,,,
STOUGHTON,263,,,,,,,,,,,cheese,41000,16400,lbs,Butter,985,250001,,,,,,,,,,,,,,,,,,,,,,,,,,,,,,,,,,,,,,,,,
WALPOLE,263,,,,,,,,,,,,,,,,,,,,,,,,,,,,,,,,,,,,,,,,,,,,,,,,,,,,,,,,,,
WALPOLE,263,Cotton Mills,5,,,,43000,,,2245,,cotton consumed,25000,116700,lbs,ticking,2310,70000,yds,shirting,3500,185000,yds,all cotton cloth,,7000,lbs,stocking  yarn,,7000,,thread,,,,,,,,,,,,,,,,,,,,,,,,,,,
WALPOLE,263,Establ ishments for Bleaching or Coloring Cotton Goods 'not connected wi th Calico Establishments,1,,,,3000,7,,,,goods bleached or colored,6500,100000,lbs,added  to  goods by this  process,,,,,,,,,,,,,,,,,,,,,,,,,,,,,,,,,,,,,,,,,,,
WALPOLE,263,Woollen Mills,3,,,,16000,,30,17,,wool consumed,13332,175000,lbs,broadcloth,37000,6660,yds,cassi­ mere,,193321,yds,,,,,,,,,,,,,,,,,,,,,,,,,,,,,,,,,,,,
WALPOLE,263,,,,,,400,,5,,,Carpeting  from listing,1600,4000,yds,,,,,,,,,,,,,,,,,,,,,,,,,,,,,,,,,,,,,,,,,,,,
WALPOLE,264,,,,,,,,,,,,,,,,,,,,,,,,,,,,,,,,,,,,,,,,,,,,,,,,,,,,,,,,,,
WALPOLE,264,Furnaces for   Hollow Ware and Castings other than Pig Iron,1,,,,3000,6,,,,hollow ware and castings,8000,100,tons,,,,,,,,,,,,,,,,,,,,,,,,,,,,,,,,,,,,,,,,,,,,
WALPOLE,264,Esta blishments for   Cotton Woollen and other Machin­ ery,3,,,,5100,8,,,,machinery,4100,,,,,,,,,,,,,,,,,,,,,,,,,,,,,,,,,,,,,,,,,,,,,,
WALPOLE,264,Hoe  Manufactories,1,,,,6000,12,,,,hoes,4500,,,,,,,,,,,,,,,,,,,,,,,,,,,,,,,,,,,,,,,,,,,,,,
WALPOLE,264,Paper Manufnctories,3,,,,33500,21,,,,stock consumed,35635,750000,lbs,pa­ per  i,,60000,lbs,,,,,,,,,,,,,,,,,,,,,,,,,,,,,,,,,,,,,,,,
WALPOLE,264,Harness Manufoctorics,2,,,,200,,,,,harnesses,215,2,,B.,,,,,,,,,,,,,,,,,,,,,,,,,,,,,,,,,,,,,,,,,,,
WALPOLE,264,Hat and  Cap  Manufactories,1,,,,700,,,,,bats  and  caps,2000,1200,,F..,,5,,,,,,,,,,,,,,,,,,,,,,,,,,,,,,,,,,,,,,,,,
WALPOLE,264,Cordage Manufactories,1,,,,500,,,,,cordage,1500,3,,R,,,,,,,,,,,,,,,,,,,,,,,,,,,,,,,,,,,,,,,,,,,
WALPOLE,264,Card Manu factories,1,,,,1,,,,,Card,,,,,,,,,,,,,,,,,,,,,,,,,,,,,,,,,,,,,,,,,,,,,,,
WALPOLE,264,Establ ishments for     Wagons  Sleighs  and  other Vehi­ cles,8,,,,5100,32,,,,vehicles,14700,,,,,,,,,,,,,,,,,,,,,,,,,,,,,,,,,,,,,,,,,,,,,,
WALPOLE,264,Cabinet Ware Mauufactories,1,,,,500,5,,,,Cabinet Ware Mauufactories,3000,,,,,,,,,,,,,,,,,,,,,,,,,,,,,,,,,,,,,,,,,,,,,,
WALPOLE,264,Tanneries,1,,,,,,,,,Tanneries,,,,,,,,,,,,,,,,,,,,,,,,,,,,,,,,,,,,,,,,,,,,,,,
WALPOLE,264,,,,,,,12,,,,Boots,17025,10811,pairs,shoes,,421,,boots and shoes,,11,,\,,,,,,,,,,,,,,,,,,,,,,,,,,,,,,,,,,,
WALPOLE,264,,,,,,5000,,,225,,Staw Bonnets and Hats,60000,46400,,,,,,,,,,,,,,,,,,,,,,,,,,,,,,,,,,,,,,,,,,,,,
WALPOLE,264,Twine Manufactoriets,1,,,,2200,4,,,,twine,5000,25000,lbs,,,,,,,,,,,,,,,,,,,,,,,,,,,,,,,,,,,,,,,,,,,,
WALPOLE,264,Iron Axletree Man ufaetories,1,,,,3800,9,,,,axletrees,10000,120000,lbs,,,,,,,,,,,,,,,,,,,,,,,,,,,,,,,,,,,,,,,,,,,,
WALPOLE,264,Grist Mills .,4,,,,,,,,,Grist Mills .,,,,,,,,,,,,,,,,,,,,,,,,,,,,,,,,,,,,,,,,,,,,,,,
WALPOLE,264,Saw Mills .,3,,,,,,,,,Saw Mills .,,,,,,,,,,,,,,,,,,,,,,,,,,,,,,,,,,,,,,,,,,,,,,,
WALPOLE,264,,,,,,,2,,,,Lumber prepared,500,,,,,,,,,,,,,,,,,,,,,,,,,,,,,,,,,,,,,,,,,,,,,,
WALPOLE,264,,,,,,,15,,,,Fire Wood prepared,4000,1100,cords,,,,,,,,,,,,,,,,,,,,,,,,,,,,,,,,,,,,,,,,,,,,
WALPOLE,264,,,,,,,,,,,Sperm Oil consumed in man ufact uring,855,855,galls,other oil,780,1040,galls,anthracite coal consnmed in man ufact uri ng,3860,471,tons,bitu minous coal mined in tha U. States,180,18,tons,other    foreign produc­ tion excepting as above consumed,12710,,,,5260,,,,,,,,,,,,,,,,,,,,,,,,,,
WALPOLE,265,,,,,,,,,,,,,,,,,,,,,,,,,,,,,,,,,,,,,,,,,,,,,,,,,,,,,,,,,,
WALPOLE,265,,,,,,,,,,,Sheep total,52,26,head,wool prod uced,31,78,lbs,,,,,,,,,,,,,,,,,,,,,,,,,,,,,,,,,,,,,,,,
WALPOLE,265,,,,,,,,,,,Horses,11100,185,head,neat cattle,2604,588,head,$,,11760,,swine,,217,head,,,,,,,,,,,,,,,,,,,,,,,,,,,,,,,,
WALPOLE,265,,,,,,4586,,,,,Ind ian Corn or Maize raised,3440,4586,bush,wheat,60,57,bush,rye,1000,1088,bush,barley,480,961,bush,oats,110,275,bush,potatoes,5000,20000,bush,other esculent vegetables,900,2500,bush,hay,18000,1500,tons,,,,,,,,,,,,,,,,
WALPOLE,265,,,,,,,,,,,Fruit raised,1500,2500,bush,,,,,,,,,,,,,,,,,,,,,,,,,,,,,,,,,,,,,,,,,,,,
WALPOLE,265,,,,,,,,,,,Butter,3780,21000,lbs,cheese,150,2500,lbs,,,,,,,,,,,,,,,,,,,,,,,,,,,,,,,,,,,,,,,,
WEYMOUTH,265,,,,,,,,,,,,,,,,,,,,,,,,,,,,,,,,,,,,,,,,,,,,,,,,,,,,,,,,,,
WEYMOUTH,265,Rolling Slitting and Nail Mills,3,,,,70000,100,,,,iron  and not made into nails,50000,500,tons,nails,200000,2220,tons,,,,,,,,,,,,,,,,,,,,,,,,,,,,,,,,,,,,,,,,
WEYMOUTH,265,Tack and Brad Manufactories,1,,,,10000,15,,,,tacks and brads,30000,,,,,,,,,,,,,,,,,,,,,,,,,,,,,,,,,,,,,,,,,,,,,,
WEYMOUTH,265,Saddle Harness and Trunk Manufactories,2,,,,600,4,,,,Saddle Harness and Trunk,1400,,,,,,,,,,,,,,,,,,,,,,,,,,,,,,,,,,,,,,,,,,,,,,
WEYMOUTH,265,Establishments for   Rail-road Cars Coaches Chaises and other Vehicles,4,,,,800,5,,,,vehicles,2000,,,,,,,,,,,,,,,,,,,,,,,,,,,,,,,,,,,,,,,,,,,,,,
WEYMOUTH,265,Chair and Cabinet Ware Manufactories,2,,,,1800,4,,,,Chair and Cabinet Ware,3000,,,,,,,,,,,,,,,,,,,,,,,,,,,,,,,,,,,,,,,,,,,,,,
WEYMOUTH,265,Tanneries,1,,,,5000,8,,,,leather tanned and curried,10600,,,,,,,,,,,,,,,,,,,,,,,,,,,,,,,,,,,,,,,,,,,,,,
WEYMOUTH,265,,,,,,,,1202,633,,Boots,557122,119905,pairs,shoes,,408571,pairs,boots and shoes,,,,,,,,,,,,,,,,,,,,,,,,,,,,,,,,,,,,,,,
WEYMOUTH,265,,,,,,,10,,,,Building Stone quarried  and  prepared,4000,,,,,,,,,,,,,,,,,,,,,,,,,,,,,,,,,,,,,,,,,,,,,,
WEYMOUTH,265,,,,,,,4,,,,Wooden  Ware,2000,,,,,,,,,,,,,,,,,,,,,,,,,,,,,,,,,,,,,,,,,,,,,,
WEYMOUTH,265,,,,,,,4,,,,Fire Wood prepa red,2600,650,cords,,,,,,,,,,,,,,,,,,,,,,,,,,,,,,,,,,,,,,,,,,,,
WEYMOUTH,265,Sash Door  and  Blind Manufactories,6,,,,,,,,,Sash Door  and  Blind,8000,,,,,,,,,,,,,,,,,,,,,,,,,,,,,,,,,,,,,,,,,,,,,,
WEYMOUTH,266,,,,,,,,,,,,,,,,,,,,,,,,,,,,,,,,,,,,,,,,,,,,,,,,,,,,,,,,,,
WEYMOUTH,266,,,,,,,,,,,Sperm Oil consumed in manufacturing,1377,1890,galls,anthracite coal consumed in man ufact uring,5400,900,tons,bit uminous coal mined in the U. States,18000,3000,tons,,,,,,,,,,,,,,,,,,,,,,,,,,,,,,,,,,,,
WEYMOUTH,266,,,,,,,,,,,,130,,,,78,,,Merino Sheep,,65,head,merino wool produced  lbs.,,195,lbs,,,,,,,,,,,,,,,,,,,,,,,,,,,,,,,,
WEYMOUTH,266,,,,,,,,,,,Horses,17160,286,head,neat cattle,13202,574,head,swine,11,558,head,,,,,,,,,,,,,,,,,,,,,,,,,,,,,,,,,,,,
WEYMOUTH,266,,,,,,2515,,,,,Indian Corn or Maize raised,1685,2515,bush,rye,109,136,bush,barley,75,100,bush,other esculen t vegetables,5498,184,tons,hay,2760,1309,tons,,17565,,,,,,,,,,,,,,,,,,,,,,,,,,
WEYMOUTH,266,,,,,,,,,,,Fruit raised,2974,7434,bush,,,,,,,,,,,,,,,,,,,,,,,,,,,,,,,,,,,,,,,,,,,,
WEYMOUTH,266,,,,,,,,,,,Butter,3150,15751,lbs,cheese,1138,14222,lbs,honey,100,500,lbs,,,,,,,,,,,,,,,,,,,,,,,,,,,,,,,,,,,,
WRENTHAM,266,,,,,,,,,,,,,,,,,,,,,,,,,,,,,,,,,,,,,,,,,,,,,,,,,,,,,,,,,,
WRENTHAM,266,Cotton Mills,5,,,,20000,,41,39,,spindles,18496,3856,lbs,cotton consumed,3588,131404,yds,sheeting,16476,321664,lbs,yarn  (satinet warp) m·d and not made into clot h,600,15600,lbs,thread,,44542,lbs,batting,,100000,,,,,,,,,,,,,,,,,,,,,,,,,
WRENTHAM,266,Mills for   Carpeting,2,,,,5000,,,357,,wool consumed,44136,80000,lbs,carpeting,,68561,yds,,,,,,,,,,,,,,,,,,,,,,,,,,,,,,,,,,,,,,,,
WRENTHAM,266,Establishments for   Fire  Engines,1,,,,,1,,,,engines,1000,5,,,,,,,,,,,,,,,,,,,,,,,,,,,,,,,,,,,,,,,,,,,,,
WRENTHAM,266,Saddle Harness and Trunk Manufactories,2,,,,600,2,,,,Saddle Harness and Trunk,1810,,,,,,,,,,,,,,,,,,,,,,,,,,,,,,,,,,,,,,,,,,,,,,
WRENTHAM,266,Establi:shmen ts for   Rail-road Cars Coaches Chaises and other Vchicles,3,,,,1000,7,,,,vehicles,3890,,,,,,,,,,,,,,,,,,,,,,,,,,,,,,,,,,,,,,,,,,,,,,
WRENTHAM,266,Chair and Cabinet Ware Manufactories,3,,,,4500,19,,,,Chair and Cabinet Ware,11400,,,,,,,,,,,,,,,,,,,,,,,,,,,,,,,,,,,,,,,,,,,,,,
WRENTHAM,266,,,,,,,,32,2,,Boots,10011,7475,pairs,,,,,,,,,,,,,,,,,,,,,,,,,,,,,,,,,,,,,,,,,,,,
WRENTHAM,267,,,,,,,,,,,,,,,,,,,,,,,,,,,,,,,,,,,,,,,,,,,,,,,,,,,,,,,,,,
WRENTHAM,267,,,,,,,,,495,,Straw  Bonnets  and  Hats,70951,81568,,,,,,,,,,,,,,,,,,,,,,,,,,,,,,,,,,,,,,,,,,,,,
WRENTHAM,267,,,,,,161,1,,,,Walking Canes,483,161,doz,,,,,,,,,,,,,,,,,,,,,,,,,,,,,,,,,,,,,,,,,,,,
WRENTHAM,267,,,,,,,5,,,,Baskets,280,5120,,,,,,,,,,,,,,,,,,,,,,,,,,,,,,,,,,,,,,,,,,,,,
WRENTHAM,267,Boot and Shoe Boxes m'cl,3500,,,,,3,,,,Boot and Shoe Boxes m'cl,1163,,,,,,,,,,,,,,,,,,,,,,,,,,,,,,,,,,,,,,,,,,,,,,
WRENTHAM,267,,,,,,,2,,,,Lumber prepared,15,195000,feet,,,,,,,,,,,,,,,,,,,,,,,,,,,,,,,,,,,,,,,,,,,,
WRENTHAM,267,,,,,,,5,,,,Fire  Wood prepared,3123,104,cords,,,,,,,,,,,,,,,,,,,,,,,,,,,,,,,,,,,,,,,,,,,,
WRENTHAM,267,,,,,,,6,,,,Boats built,4250,175,,,,,,,,,,,,,,,,,,,,,,,,,,,,,,,,,,,,,,,,,,,,,
WRENTHAM,267,,,,,,,,,,,,272,,,,254,,,Merino  Sheep,,272,head,merino  wool  produced  lbs.,,1019,lbs,,,,,,,,,,,,,,,,,,,,,,,,,,,,,,,,
WRENTHAM,267,,,,,,,,,,,Horses,14445,321,head,neat  cattle,21580,1079,head,swine,5,646,head,,,,,,,,,,,,,,,,,,,,,,,,,,,,,,,,,,,,
WRENTHAM,267,,,,,,10899,,,,,Indian Corn or  Maize raised,7266,10899,bush,rye,1448,1810,bush,barley,95,189,bush,oats,841,2523,bush,potatoes,8319,33274,bush,hay,25664,2363,tons,,,,,,,,,,,,,,,,,,,,,,,,
WRENTHAM,267,,,,,,,,,,,Fruit raised,1590,4771,bush,,,,,,,,,,,,,,,,,,,,,,,,,,,,,,,,,,,,,,,,,,,,
