city,page,manufacturing site,number  factories,vessels,number  vessels,vessel tonnage,capital,employeeS,employeesM,employeesF,siteIncome,goods0,value0,quantity0,units0,goods1,value1,quantity1,units1,goods2,value2,quantity2,units2,goods3,value3,quantity3,units3,goods4,value4,quantity4,units4,goods5,value5,quantity5,units5,goods6,value6,quantity6,units6,goods7,value7,quantity7,units7,goods8,value8,quantity8,units8,goods9,value9,quantity9,units9,goods10,value10,quantity10,units10,goods11,value11,quantity11,units11
 ,314,,,,,,,,,,,,,,,,,,,,,,,,,,,,,,,,,,,,,,,,,,,,,,,,,,,,,,,,,,
BARNSTABLE,314,,,,,,,,,,,,,,,,,,,,,,,,,,,,,,,,,,,,,,,,,,,,,,,,,,,,,,,,,,
BARNSTABLE,314,Saddle Harness and Trunk Manufactorics,2,,,,500,2,,,,  ,350,,,,,,,,,,,,,,,,,,,,,,,,,,,,,,,,,,,,,,,,,,,,,,
BARNSTABLE,314,Establishments for m.  Salt,24,,,,17350,27,,,,salt ,5250,21000,bush,,,,,,,,,,,,,,,,,,,,,,,,,,,,,,,,,,,,,,,,,,,,
BARNSTABLE,314,Establishments for m.  Rnil-road Cars and other Vehicles,7,,,,1950,9,,,, vehicles ,4200,,,,,,,,,,,,,,,,,,,,,,,,,,,,,,,,,,,,,,,,,,,,,,
BARNSTABLE,314,Chair and Cabinet Ware Manufactories,1,,,,200,1,,,,  ,450,,,,,,,,,,,,,,,,,,,,,,,,,,,,,,,,,,,,,,,,,,,,,,
BARNSTABLE,314,Tin  Ware  Manufactories,1,,,,200,1,,,,   ware  ,400,,,,,,,,,,,,,,,,,,,,,,,,,,,,,,,,,,,,,,,,,,,,,,
BARNSTABLE,314,Tannees,1,,,,500,2,,,, leather tanned and curried,1000,,,,,,,,,,,,,,,,,,,,,,,,,,,,,,,,,,,,,,,,,,,,,,
BARNSTABLE,314,,,,,,,,18,12,,Boots ,5788,596,pairs,shoes,,3650,pairs, boots and shoes,,,,,,,,,,,,,,,,,,,,,,,,,,,,,,,,,,,,,,,
BARNSTABLE,314,,,,,,,1,,,,Bricks ,337,75000,,,,,,,,,,,,,,,,,,,,,,,,,,,,,,,,,,,,,,,,,,,,,
BARNSTABLE,314,,,,,,,1,,,, Blocks and Pumps ,600,,,,,,,,,,,,,,,,,,,,,,,,,,,,,,,,,,,,,,,,,,,,,,
BARNSTABLE,314,,,,,,,43,,,,Fire Wood prepared,4620,1155,cords,,,,,,,,,,,,,,,,,,,,,,,,,,,,,,,,,,,,,,,,,,,,
BARNSTABLE,314,,,,,,,2,,,,Boats built,600,15,,,,,,,,,,,,,,,,,,,,,,,,,,,,,,,,,,,,,,,,,,,,,
BARNSTABLE,314,,,Vessels employed in the Mackerel and Cod Fisheries,8,460,8500,86,,,,mackerel,15800,2400,bbls,,,600,bush,,,,,,,,,,,,,,,,,,,,,,,,,,,,,,,,,,,,,,,,
BARNSTABLE,314,,,,,,,,,,,Sheep total,657,438,head,Wool total,292,876,lbs,,,,,,,,,,,,,,,,,,,,,,,,,,,,,,,,,,,,,,,,
BARNSTABLE,314,,,,,,,,,,,Beans,25,1,bush,,,,,,,,,,,,,,,,,,,,,,,,,,,,,,,,,,,,,,,,,,,,
BARNSTABLE,314,,,,,,,,,,,Horses,13085,308,head,neat  cattle,17824,1094,head,swine,93,715,head,,,,,,,,,,,,,,,,,,,,,,,,,,,,,,,,,,,,
BARNSTABLE,314,,,,,,,,,,,Indian Corn or Maize raised,9034,13552,bush,wheat,61,47,bush,rye,2385,3181,bush,barley,189,315,bush,oats,1020,2720,bush,potatoes,4050,16200,bush,onions,1683,76500,bunches,other esculen t vegetables,2297,9188,bush,hay,24412,2980,tons,,,,,,,,,,,,
BARNSTABLE,314,,,,,,,,,,,Fruit raised,994,2746,bush,,,,,,,,,,,,,,,,,,,,,,,,,,,,,,,,,,,,,,,,,,,,
BARNSTABLE,314,,,,,,,,,,,Butter,8088,40440,lbs,cheese,172,2150,lbs,,,,,,,,,,,,,,,,,,,,,,,,,,,,,,,,,,,,,,,,
BARNSTABLE,315,,,,,,,,,,,,,,,,,,,,,,,,,,,,,,,,,,,,,,,,,,,,,,,,,,,,,,,,,,
BREWSTER,315,,,,,,,,,,,,,,,,,,,,,,,,,,,,,,,,,,,,,,,,,,,,,,,,,,,,,,,,,,
BREWSTER,315,Paper Manufactories,1,,,,5000,3,,,,stock consumed,3000,50,tons,paper ,,50,tons,,,,,,,,,,,,,,,,,,,,,,,,,,,,,,,,,,,,,,,,
BREWSTER,315,Establishments  for ·m.  Salt,39,,,,16500,39,,,,salt ,4500,20500,bush,,,,,,,,,,,,,,,,,,,,,,,,,,,,,,,,,,,,,,,,,,,,
BREWSTER,315,Tin Ware Manufactories,1,,,,2000,3,,,, ware,2000,,,,,,,,,,,,,,,,,,,,,,,,,,,,,,,,,,,,,,,,,,,,,,
BREWSTER,315,Tanneries,2,,,,5200,4,,,, leather tanned and curried,3000,,,,,,,,,,,,,,,,,,,,,,,,,,,,,,,,,,,,,,,,,,,,,,
BREWSTER,315,,,,,,,,9,2,,Boots ,1410,260,pairs,shoes,,950,pairs, boots and shoes,,,,,,,,,,,,,,,,,,,,,,,,,,,,,,,,,,,,,,,
BREWSTER,315,,,,,,,7,,,, Blacking ,1350,,,,,,,,,,,,,,,,,,,,,,,,,,,,,,,,,,,,,,,,,,,,,,
BREWSTER,315,,,Vessels employed in the Mackerel and Cod Fisheries,4,235,7500,32,,,,codfish,5400,2400,quintals,salt con­ sumed,,2600,bush,,,,,,,,,,,,,,,,,,,,,,,,,,,,,,,,,,,,,,,,
BREWSTER,315,,,,,,,,,,,Sheep total,300,150,head,Wool total,150,450,lbs,,,,,,,,,,,,,,,,,,,,,,,,,,,,,,,,,,,,,,,,
BREWSTER,315,,,,,,,,,,,Horses,3785,90,head,neat cattle,5055,337,head,swine,824,103,head,,,,,,,,,,,,,,,,,,,,,,,,,,,,,,,,,,,,
BREWSTER,315,,,,,,,,,,,Indian Corn or Maize raised,2294,2925,bush,rye,337,450,bush,oats,120,300,bush,potatoes,900,3030,bush,other  esculent vegetables,1150,2500,bush,hay,5250,525,tons,,,,,,,,,,,,,,,,,,,,,,,,
BREWSTER,315,,,,,,,,,,,Fruit raised,330,830,bush,,,,,,,,,,,,,,,,,,,,,,,,,,,,,,,,,,,,,,,,,,,,
BREWSTER,315,,,,,,,,,,,Butter,1298,7790,lbs,cheese,40,550,lbs,,,,,,,,,,,,,,,,,,,,,,,,,,,,,,,,,,,,,,,,
CHATHAM,315,,,,,,,,,,,,,,,,,,,,,,,,,,,,,,,,,,,,,,,,,,,,,,,,,,,,,,,,,,
CHATHAM,315,Establishments for m.. Salt,54,,,,19600,54,,,,salt ,3600,18000,bush,,,,,,,,,,,,,,,,,,,,,,,,,,,,,,,,,,,,,,,,,,,,
CHATHAM,315,,,,,,,,3,,,Boots ,900,150,pairs,shoes,,400,pairs, boots and shoes,,,,,,,,,,,,,,,,,,,,,,,,,,,,,,,,,,,,,,,
CHATHAM,315,,,,,,,1,,,,Boats built,50,6,,,,,,,,,,,,,,,,,,,,,,,,,,,,,,,,,,,,,,,,,,,,,
CHATHAM,315,,,Vessels employed in the Mackerel and Cod Fisheries,13,777,12800,117,,,,mackerel,2000,400,bbls,cod.fish,17000,7600,quintals,salt consumed,,10000,bush,,,,,,,,,,,,,,,,,,,,,,,,,,,,,,,,,,,,
CHATHAM,315,,,,,,,,,,,Sheep total,300,300,head,Wool total,200,600,lbs,,,,,,,,,,,,,,,,,,,,,,,,,,,,,,,,,,,,,,,,
CHATHAM,316,,,,,,,,,,,,,,,,,,,,,,,,,,,,,,,,,,,,,,,,,,,,,,,,,,,,,,,,,,
CHATHAM,316,,,,,,,,,,,Horses,5000,100,head,neat cattle,7800,650,head,swine,2400,300,head,,,,,,,,,,,,,,,,,,,,,,,,,,,,,,,,,,,,
CHATHAM,316,,,,,,,,,,,Indian Corn or Maize raised,3000,4000,bush,wheat,200,200,bush,rye,1125,1500,bush,barley,375,500,bnsh,oats,200,500,bnsh,potatoes,1250,5000,bush,hay,6300,850,tons,,,,,,,,,,,,,,,,,,,,
CHATHAM,316,,,,,,,,,,,Butter,5000,30000,lbs,,,,,,,,,,,,,,,,,,,,,,,,,,,,,,,,,,,,,,,,,,,,
DENNIS,316,,,,,,,,,,,,,,,,,,,,,,,,,,,,,,,,,,,,,,,,,,,,,,,,,,,,,,,,,,
DENNIS,316,Forges .,1,,,,700,7,,,,,,,,,,,,,,,,,,,,,,,,,,,,,,,,,,,,,,,,,,,,,,,,,,,
DENNIS,316,Establishmen ts  for· m.   Salt,85,,,,86000,100,,,,salt ,8650,34600,bush, Epsom Salts ,2010,,,,,,,,,,,,,,,,,,,,,,,,,,,,,,,,,,,,,,,,,,
DENNIS,316,,,,,,,,8,,,Boots ,797,85,pairs, boots and shoes,,,,,,,,,,,,,,,,,,,,,,,,,,,,,,,,,,,,,,,,,,,
DENNIS,316,,,,,,,2,,,,Fire Wood prepa red,525,110,cords,,,,,,,,,,,,,,,,,,,,,,,,,,,,,,,,,,,,,,,,,,,,
DENNIS,316,,,Vessels  employed  in the  Mackerel  and Cod Fisheries,32,1532,36822,330,,,,mackerel,28840,3605,bbls,h,27875,11150,quintals,salt consumed  .,,19344,bush,,,,,,,,,,,,,,,,,,,,,,,,,,,,,,,,,,,,
DENNIS,316,,,,,,,,,,,Sheep total,50,25,head,vool produced,17,50,lbs,,,,,,,,,,,,,,,,,,,,,,,,,,,,,,,,,,,,,,,,
DENNIS,316,,,,,,,,,,,Horses,3955,13,head,neat cattle,6752,422,head,swine,7470,415,head,,,,,,,,,,,,,,,,,,,,,,,,,,,,,,,,,,,,
DENNIS,316,,,,,,,,,,,Indian Corn or Maize raised,3914,6523,bush,rye,940,1254,bush,oats,202,506,bush,potatoes,1985,6616,bush,squashes,2000,100,tons,other esculent vegetables,498,1658,bush,hay,9506,1044,tons,,,,,,,,,,,,,,,,,,,,
DENNIS,316,,,,,,,,,,,Fruit raised,101,203,bush,,,,,,,,,,,,,,,,,,,,,,,,,,,,,,,,,,,,,,,,,,,,
DENNIS,316,,,,,,,,,,,Butter,1533,9200,lbs,,,,,,,,,,,,,,,,,,,,,,,,,,,,,,,,,,,,,,,,,,,,
DENNIS,316,Lamp Black  Factories:,13,,,,1200,13,,,,lamp black ,2600,30000,lbs,,,,,,,,,,,,,,,,,,,,,,,,,,,,,,,,,,,,,,,,,,,,
DENNIS,316,,,,,,225,,,,,Codfish Oil ,2475,225,bbls,,,,,,,,,,,,,,,,,,,,,,,,,,,,,,,,,,,,,,,,,,,,
DENNIS,316,,,,,,,,,,,Beans,210,120,bush,,,,,,,,,,,,,,,,,,,,,,,,,,,,,,,,,,,,,,,,,,,,
DENNIS,316,Shad and Alewive Fisheries,1,,,,1490,65,,,,shad,1250,125,bbls,alewives,855,295,bbls,salt consumed,,420,bush,,,,,,,,,,,,,,,,,,,,,,,,,,,,,,,,,,,,
DENNIS,317,,,,,,,,,,,,,,,,,,,,,,,,,,,,,,,,,,,,,,,,,,,,,,,,,,,,,,,,,,
EASTHAM,317,,,,,,,,,,,,,,,,,,,,,,,,,,,,,,,,,,,,,,,,,,,,,,,,,,,,,,,,,,
EASTHAM,317,Establishments  for m.  Salt,35,,,,14180,35,,,,salt ,4330,17320,bush,,,,,,,,,,,,,,,,,,,,,,,,,,,,,,,,,,,,,,,,,,,,
EASTHAM,317,,,,,,,,3,,,Boots ,450,50,pairs,shoes,,300,pairs,,,,,,,,,,,,,,,,,,,,,,,,,,,,,,,,,,,,,,,,
EASTHAM,317,,,,,,,,,20,,Palm-leaf Hats ,120,1000,,,,,,,,,,,,,,,,,,,,,,,,,,,,,,,,,,,,,,,,,,,,,
EASTHAM,317,,,Vessels employed in the Mackerel and Cod Fisheries,5,,1500,41,,,,mackerel,5000,500,bbls,codfish,5000,2000,quintals,salt consumed,,2500,bush,,,,,,,,,,,,,,,,,,,,,,,,,,,,,,,,,,,,
EASTHAM,317,,,,,,,,,,,Horses,2955,95,head,neat cattle,4826,388,head,swine,950,130,head,,,,,,,,,,,,,,,,,,,,,,,,,,,,,,,,,,,,
EASTHAM,317,,,,,,,,,,,Indian Corn or Maize raised,4275,6577,bush,rye,1211,1740,bush,oats,30,75,bush,potatoes,963,3444,bush,other esculent vegetables,59,1883,bush,hay,4404,682,tons,,,,,,,,,,,,,,,,,,,,,,,,
EASTHAM,317,,,,,,,,,,,Fruit raised,243,496,bush,,,,,,,,,,,,,,,,,,,,,,,,,,,,,,,,,,,,,,,,,,,,
EASTHAM,317,,,,,,,,,,,Butter,1096,7193,lbs,,,,,,,,,,,,,,,,,,,,,,,,,,,,,,,,,,,,,,,,,,,,
FALMOUTH,317,,,,,,,,,,,,,,,,,,,,,,,,,,,,,,,,,,,,,,,,,,,,,,,,,,,,,,,,,,
FALMOUTH,317,Woollen Mills,2,,,,35000,,14,17,,wool consumed,4700,40000,lbs,satinet ,17000,7300,yds,flannel or blanketing,3300,52000,yds,woollen yarn  and not made into cloth,,4000,lbs,,,,,,,,,,,,,,,,,,,,,,,,,,,,,,,,
FALMOUTH,317,Saddle Harness and Trunk Manufactories,1,,,,250,2,,,,  ,1000,,,,,,,,,,,,,,,,,,,,,,,,,,,,,,,,,,,,,,,,,,,,,,
FALMOUTH,317,Estblishments  for  m.  Salt,42,,,,28000,35,,,,salt  ,4920,24500,bush,,,,,,,,,,,,,,,,,,,,,,,,,,,,,,,,,,,,,,,,,,,,
FALMOUTH,317,Establishments for m.  Oil and Sperm Candles,1,,,,26000,5,,,,oil ,19347,40924,galls,candles ,10875,43500,lbs,,,,,,,,,,,,,,,,,,,,,,,,,,,,,,,,,,,,,,,,
FALMOUTH,317,Tin Ware Manufactories,1,,,,8300,1,,,, ware,100,,,,,,,,,,,,,,,,,,,,,,,,,,,,,,,,,,,,,,,,,,,,,,
FALMOUTH,318,,,,,,,,,,,,,,,,,,,,,,,,,,,,,,,,,,,,,,,,,,,,,,,,,,,,,,,,,,
FALMOUTH,318,Tanneries,1,,,,400,1,,,, leather tanned and curried,175,,,,,,,,,,,,,,,,,,,,,,,,,,,,,,,,,,,,,,,,,,,,,,
FALMOUTH,318,,,,,,,,5,,,Boots  ,1855,132,pairs,shoes,,1300,pairs, boots and shoes,,,,,,,,,,,,,,,,,,,,,,,,,,,,,,,,,,,,,,,
FALMOUTH,318,,,,,,,409,,,,Fire Wood prepared,16520,4130,cords,,460,,,,,,,,,,,,,,,,,,,,,,,,,,,,,,,,,,,,,,,,,,
FALMOUTH,318,,,,,,,,,,,Sperm Oil consumed in manufacturing,260,400,galls,v $,90,380,galls,other kinds  oil,,400,tons,anthracite coal con­ sumed in manufacturing,,9,,,,,,,,,,,,,,,,,,,,,,,,,,,,,,,,,
FALMOUTH,318,,,Vessels employed in the Whale Fishery,5,1574,169000,134,,,,sperm oil imported,64458,70063,galls,whale oil,2589,7397,galls,whalebone,130,454,lbs,,,,,,,,,,,,,,,,,,,,,,,,,,,,,,,,,,,,
FALMOUTH,318,,,Vessels employed in the Mackerel and Cod Fisheries,2,,2500,17,,,,ton­nage,2000,95,quintals,cod fish,,800,bush,salt  consumed,,800,,,,,,,,,,,,,,,,,,,,,,,,,,,,,,,,,,,,,
FALMOUTH,318,,,,,,1000,3,,,,Oil Casks ,4250,3400,,,,,,,,,,,,,,,,,,,,,,,,,,,,,,,,,,,,,,,,,,,,,
FALMOUTH,318,,,,,,1200,1,,,,Candle Boxes ,240,1200,,,,,,,,,,,,,,,,,,,,,,,,,,,,,,,,,,,,,,,,,,,,,
FALMOUTH,318,,,,,,,3,,,,Lamp Black ,300,3,tons,,,,,,,,,,,,,,,,,,,,,,,,,,,,,,,,,,,,,,,,,,,,
FALMOUTH,318,,,,,,,,,,,Sheep total,1220,947,head,Wool total,994,2367,lbs,,,,,,,,,,,,,,,,,,,,,,,,,,,,,,,,,,,,,,,,
FALMOUTH,318,,,,,,,,,,,Horses,10000,201,head,neat  cattle,10890,726,head,swine,6368,398,head,,,,,,,,,,,,,,,,,,,,,,,,,,,,,,,,,,,,
FALMOUTH,318,,,,,,,,,,,Indian Corn or Maize raised,5691,8756,bush,whea,140,4130,bush,rye,661,826,bush,barly,749,1498,bush,oats,347,1158,bush,potatoes,5125,20500,bush,other  esculent  vegetables,2014,8055,bush,hay,14820,1235,tons,,,,,,,,,,,,,,,,
FALMOUTH,318,,,,,,,,,,,Fruit raised,1390,3089,bush,,,,,,,,,,,,,,,,,,,,,,,,,,,,,,,,,,,,,,,,,,,,
FALMOUTH,318,,,,,,,,,,,Butter,3782,21010,lbs,cheese,429,5360,lbs,,,,,,,,,,,,,,,,,,,,,,,,,,,,,,,,,,,,,,,,
HARWICH,318,,,,,,,,,,,,,,,,,,,,,,,,,,,,,,,,,,,,,,,,,,,,,,,,,,,,,,,,,,
HARWICH,318,Cotton Mills,1,,,,2300,,,5,,spindles,1560,466,lbs,cotton consumed,120,11700,lbs,cotton yarn ,,10400,lbs,cotton batting ,,1500,,,,,,,,,,,,,,,,,,,,,,,,,,,,,,,,,
HARWICH,319,,,,,,,,,,,,,,,,,,,,,,,,,,,,,,,,,,,,,,,,,,,,,,,,,,,,,,,,,,
HARWICH,319,Woollen  Mills,1,,,,,,,,,wool consumed,,1100,lbs,,,,,,,,,,,,,,,,,,,,,,,,,,,,,,,,,,,,,,,,,,,,
HARWICH,319,Establishments  for  m.   Salt,4,,,,375,6,,,,salt  ,122,450,bush,,,,,,,,,,,,,,,,,,,,,,,,,,,,,,,,,,,,,,,,,,,,
HARWICH,319,Establishments for m.  Rail-road Cars and other Vehicles,1,,,,100,2,,,,,,,,,,,,,,,,,,,,,,,,,,,,,,,,,,,,,,,,,,,,,,,,,,,
HARWICH,319,Tanneries,1,,,,400,2,,,, leather  tanned  and curried,300,,,,,,,,,,,,,,,,,,,,,,,,,,,,,,,,,,,,,,,,,,,,,,
HARWICH,319,,,,,,,,9,,,Boots ,1300,300,pairs,shoes,,10,pairs, boots and shoes,,,,,,,,,,,,,,,,,,,,,,,,,,,,,,,,,,,,,,,
HARWICH,319,,,,,,,10,,,,Fire Wood prepa red,350,100,cords,,,,,,,,,,,,,,,,,,,,,,,,,,,,,,,,,,,,,,,,,,,,
HARWICH,319,,,,,,,,,,,Sperm Oil consumed in manufacturing,9,10,galls,all other kinds  oil,5,10,galls,Sperm Oil imported,360,400,galls,,,,,,,,,,,,,,,,,,,,,,,,,,,,,,,,,,,,
HARWICH,319,,,Vessels employed in the Mackerel and Cod Fisheries,22,1410,321796,190,,,,mackerel,3900,650,bbls,codfish,28400,14200,quintals,salt consumed,,16100,bush,,,,,,,,,,,,,,,,,,,,,,,,,,,,,,,,,,,,
HARWICH,319,,,,,,1200,5,,,, Wearing Apparel ,1800,,,,,,,,,,,,,,,,,,,,,,,,,,,,,,,,,,,,,,,,,,,,,,
HARWICH,319,Forges,2,,,,600,3,,,, labor,700,,,,,,,,,,,,,,,,,,,,,,,,,,,,,,,,,,,,,,,,,,,,,,
HARWICH,319,,,,,,2000,4,,,, Sails ,3000,,,,,,,,,,,,,,,,,,,,,,,,,,,,,,,,,,,,,,,,,,,,,,
HARWICH,319,,,,,,,,,,,Horses,150,70,head,neat  cattle,60,300,head,Saxon y Sheep  ,350,100,head,Saxony wool produced  lbs.,3000,300,lbs,swine,1200,150,head,,,,,,,,,,,,,,,,,,,,,,,,,,,,
HARWICH,319,,,,,,,,,,,Indian Corn or Maize raised,1000,2000,bush,rye,300,500,bush,oats,250,100,bush,potatoes,50,1000,bush,other esculent vegetables,3600,200,bush,hay,,600,tons,,,,,,,,,,,,,,,,,,,,,,,,
HARWICH,319,,,,,,,,,,,Fruit raised,60,200,bush,,,,,,,,,,,,,,,,,,,,,,,,,,,,,,,,,,,,,,,,,,,,
HARWICH,319,,,,,,,,,,,Butter,562,4500,lbs,cheese,6,100,lbs,,,,,,,,,,,,,,,,,,,,,,,,,,,,,,,,,,,,,,,,
HARWICH,319,,,,,,200,2,,,, Wheelwrights' Work ,500,,,,,,,,,,,,,,,,,,,,,,,,,,,,,,,,,,,,,,,,,,,,,,
HARWICH,319,,,,,,456,7,,,, Carpenters' Work,456,,,,,,,,,,,,,,,,,,,,,,,,,,,,,,,,,,,,,,,,,,,,,,
HARWICH,319,,,,,,500,2,,,, Painters' Work,546,,,,,,,,,,,,,,,,,,,,,,,,,,,,,,,,,,,,,,,,,,,,,,
HARWICH,319,,,,,,700,18,,,, .Blacking ,1200,,,,,,,,,,,,,,,,,,,,,,,,,,,,,,,,,,,,,,,,,,,,,,
HARWICH,319,,,,,,,,,,,Poultry,189,1500,lbs,eggs,,20800,doz,,,,,,,,,,,,,,,,,,,,,,,,,,,,,,,,,,,,,,,,
HARWICH,320,,,,,,,,,,,,,,,,,,,,,,,,,,,,,,,,,,,,,,,,,,,,,,,,,,,,,,,,,,
ORLEANS,320,,,,,,,,,,,,,,,,,,,,,,,,,,,,,,,,,,,,,,,,,,,,,,,,,,,,,,,,,,
ORLEANS,320,Establishments  for m.  Salt,46,,,,11170,46,,,,salt m:d,4268,17072,bush,,,,,,,,,,,,,,,,,,,,,,,,,,,,,,,,,,,,,,,,,,,,
ORLEANS,320,Establishments for m.  Rail-road Cars and other Vehicles,2,,,,700,3,,,, vehicles ,880,,,,,,,,,,,,,,,,,,,,,,,,,,,,,,,,,,,,,,,,,,,,,,
ORLEANS,320,Tin Ware  Manufactories,1,,,,500,2,,,, ware,600,,,,,,,,,,,,,,,,,,,,,,,,,,,,,,,,,,,,,,,,,,,,,,
ORLEANS,320,,,,,,,,8,3,,Boots ,1765,207,pairs,shoes,,1525,pairs,,,,,,,,,,,,,,,,,,,,,,,,,,,,,,,,,,,,,,,,
ORLEANS,320,,,,,,,,,2,,Palm-leaf  Hats ,40,160,,,,,,,,,,,,,,,,,,,,,,,,,,,,,,,,,,,,,,,,,,,,,
ORLEANS,320,,,,,,,5,,,,Fire Wood prepared,750,130,cords,,,,,,,,,,,,,,,,,,,,,,,,,,,,,,,,,,,,,,,,,,,,
ORLEANS,320,,,,,,,2,,,,Boats built,240,6,,,,,,,,,,,,,,,,,,,,,,,,,,,,,,,,,,,,,,,,,,,,,
ORLEANS,320,,,Vessels employed in the Mackerel and Cod Fisheries,9,490,9000,75,,,,mackerel,6000,1000,bbls,cod.fish:,7000,3500,quintals,salt consumed,,5000,bush,,,,,,,,,,,,,,,,,,,,,,,,,,,,,,,,,,,,
ORLEANS,320,,,,,,,,,,,Sheep total,400,342,head,Wool total,370,1000,lbs,,,,,,,,,,,,,,,,,,,,,,,,,,,,,,,,,,,,,,,,
ORLEANS,320,,,,,,,,,,,Horses .,5000,147,head,neat cattle,6000,491,head,swine,2000,208,head,,,,,,,,,,,,,,,,,,,,,,,,,,,,,,,,,,,,
ORLEANS,320,,,,,,,,,,,Indian Corn or Maize raised,5600,9353,bush,wheat,100,61,bush,rye,1080,1621,bush,barley,20,41,bush,oats .,260,747,bush,potatoes,1250,6220,bush,ot her esculent vegetables,600,2613,bush,hay,7500,1000,tons,,,,,,,,,,,,,,,,
ORLEANS,320,,,,,,,,,,,Fruit raised,500,1009,bush,Butter,3083,23715,lbs,cheese,40,825,lbs,,,,,,,,,,,,,,,,,,,,,,,,,,,,,,,,,,,,
ORLEANS,320,,,,,,,,,,,  Poultry,555,37941,doz,Eggs,4000,,,,,,,,,,,,,,,,,,,,,,,,,,,,,,,,,,,,,,,,,,
PROVINCETOWN,320,,,,,,,,,,,,,,,,,,,,,,,,,,,,,,,,,,,,,,,,,,,,,,,,,,,,,,,,,,
PROVINCETOWN,320,Establishments for m.  Salt,70,,,,2780,100,,,,salt ,6500,26000,bush,,,,,,,,,,,,,,,,,,,,,,,,,,,,,,,,,,,,,,,,,,,,
PROVINCETOWN,320,Establishments for m.   Oil and Sperm Candles,1,,,,1000,3,,,,oil ,8316,9450,galls,sperm  candles  ,2250,7500,lbs,,,,,,,,,,,,,,,,,,,,,,,,,,,,,,,,,,,,,,,,
PROVINCETOWN,321,,,,,,,,,,,,,,,,,,,,,,,,,,,,,,,,,,,,,,,,,,,,,,,,,,,,,,,,,,
PROVINCETOWN,321,,,,,,,,8,6,,Boots ,4000,800,pairs,shoes,,2500,pairs, boots and shoes,,,,,,,,,,,,,,,,,,,,,,,,,,,,,,,,,,,,,,,
PROVINCETOWN,321,,,,,,,2,,,, Blocks and Pump&,100,,,,,,,,,,,,,,,,,,,,,,,,,,,,,,,,,,,,,,,,,,,,,,
PROVINCETOWN,321,,,,,,,9,,,,Boats built,7500,150,,,,,,,,,,,,,,,,,,,,,,,,,,,,,,,,,,,,,,,,,,,,,
PROVINCETOWN,321,,,Vessels employed in the Whale Fishery,26,3255,156000,520,,,,sperm oil imported,92584,105210,galls,whale oil,10400,25800,galls,,,,,,,,,,,,,,,,,,,,,,,,,,,,,,,,,,,,,,,,
PROVINCETOWN,321,,,Vessels employed in the Mackerel and Cod Fisheries,50,3000,57000,400,,,,mackerel,9000,1000,bbls,codfish,45000,20000,quintals,salt consumed,,35500,bush,,,,,,,,,,,,,,,,,,,,,,,,,,,,,,,,,,,,
PROVINCETOWN,321,,,,,,2250,,,,,Fishing boats,4500,150,, fish  taken,18750,,,,,,,,,,,,,,,,,,,,,,,,,,,,,,,,,,,,,,,,,,
PROVINCETOWN,321,,,,,,,,,,,Asses,30,1,head,Horses,240,6,head,neat  cattle,1125,75,head,swine,500,100,head,,,,,,,,,,,,,,,,,,,,,,,,,,,,,,,,
SANDWICH,321,,,,,,,,,,,,,,,,,,,,,,,,,,,,,,,,,,,,,,,,,,,,,,,,,,,,,,,,,,
SANDWICH,321,Furnaces for m.  Hollow Ware and Castings other than Pig Iron,1,,,,20000,18,,,,hollow ware and castings ,18000,200,tons,,,,,,,,,,,,,,,,,,,,,,,,,,,,,,,,,,,,,,,,,,,,
SANDWICH,321,Axe Manufactories,1,,,,900,2,,,,axes and other edge tools ,1800,1800,,,,,,,,,,,,,,,,,,,,,,,,,,,,,,,,,,,,,,,,,,,,,
SANDWICH,321,Glass Manufactories,2,,,,300000,316,,,, glass ,350000,,,,,,,,,,,,,,,,,,,,,,,,,,,,,,,,,,,,,,,,,,,,,,
SANDWICH,321,Saddle Harness and Trunk Manufactories,3,,,,577,3,,,,  ,1154,,,,,,,,,,,,,,,,,,,,,,,,,,,,,,,,,,,,,,,,,,,,,,
SANDWICH,321,Establishments  for m.  Salt,4,,,,2000,2,,,,salt ,400,1200,bush,,,,,,,,,,,,,,,,,,,,,,,,,,,,,,,,,,,,,,,,,,,,
SANDWICH,321,Establishments for m.  Rail-road Cars and other Vehicles,3,,,,1000,6,,,, vehicles ,2700,,,,,,,,,,,,,,,,,,,,,,,,,,,,,,,,,,,,,,,,,,,,,,
SANDWICH,321,,,,,,,,,,,Fish Oil ,2700,8505,galls,,,,,,,,,,,,,,,,,,,,,,,,,,,,,,,,,,,,,,,,,,,,
SANDWICH,321,Chair and Cabinet Ware Manufactories,1,,,,233,2,,,,  ,700,,,,,,,,,,,,,,,,,,,,,,,,,,,,,,,,,,,,,,,,,,,,,,
SANDWICH,321,Tin arid Copper Ware Manufactories,1,,,,1200,3,,,, ware,2000,,,,,,,,,,,,,,,,,,,,,,,,,,,,,,,,,,,,,,,,,,,,,,
SANDWICH,322,,,,,,,,,,,,,,,,,,,,,,,,,,,,,,,,,,,,,,,,,,,,,,,,,,,,,,,,,,
SANDWICH,322,,,,,,,,2,,,Boots ,2000,225,pairs,shoes,,750,pairs, boots and shoes,,,,,,,,,,,,,,,,,,,,,,,,,,,,,,,,,,,,,,,
SANDWICH,322,,,,,,,3,,,,Bricks ,1200,2001000,,,,,,,,,,,,,,,,,,,,,,,,,,,,,,,,,,,,,,,,,,,,,
SANDWICH,322,,,,,,,2,,,, Building Stone quarried and prepared,315,,,,,,,,,,,,,,,,,,,,,,,,,,,,,,,,,,,,,,,,,,,,,,
SANDWICH,322,,,,,,,16,,,,Fire Wood prepared,19636,4714,cords,,,,,,,,,,,,,,,,,,,,,,,,,,,,,,,,,,,,,,,,,,,,
SANDWICH,322,,,Vessels launched,1,400,,15,,,,,15000,,,,,,,,,,,,,,,,,,,,,,,,,,,,,,,,,,,,,,,,,,,,,,
SANDWICH,322,,,,,,3000,2,,,,Casks ,4500,6000,,,,,,,,,,,,,,,,,,,,,,,,,,,,,,,,,,,,,,,,,,,,,
SANDWICH,322,Iron  Axle  Manufactories,1,,,,3000,4,,,,  axles ,2800,,,,,,,,,,,,,,,,,,,,,,,,,,,,,,,,,,,,,,,,,,,,,,
SANDWICH,322,Saw Mills,1,,,,3000,2,,,,staves ,2400,220000,,,,,,,,,,,,,,,,,,,,,,,,,,,,,,,,,,,,,,,,,,,,,
SANDWICH,322,,,,,,,,,,,Sperm Oil consumed in manufacturing,300,300,galls,anthracite coal consumed in mnnufacturing,2150,375,tons,bituminous coal mined in the U. States,26000,3694,chaldrons, all other   American production ·consumed in manufacturing excepting cotton wool and iron,4000,,, all other   foreign production consumed excepting as above,71675,,,,20000,,,,,,,,,,,,,,,,,,,,,,,,,,
SANDWICH,322,,,,,,,,,,,Sheep total,1322,881,head,Wool total,,2572,lbs,,,,,,,,,,,,,,,,,,,,,,,,,,,,,,,,,,,,,,,,
SANDWICH,322,,,,,,,,,,,Horses,13217,291,head,neat  cattle  l,19607,92,head,swine,8126,538,head,,,,,,,,,,,,,,,,,,,,,,,,,,,,,,,,,,,,
SANDWICH,322,,,,,,,,,,,Indian Com or Maize raised,9104,12139,bush,rye,2669,3141,bush,barley,13,224,bush,oats,570,1428,bush,potatoes,4379,17517,bush,other esculent vegetables,1000,2400,bush,hay,27672,2689,tons,,,,,,,,,,,,,,,,,,,,
SANDWICH,322,,,,,,,,,,,Fruit raised,1427,2855,bush,,,,,,,,,,,,,,,,,,,,,,,,,,,,,,,,,,,,,,,,,,,,
SANDWICH,322,,,,,,,,,,,Butter,2567,15402,lbs,cheese,39,494,lbs,,,,,,,,,,,,,,,,,,,,,,,,,,,,,,,,,,,,,,,,
TRURO,322,,,,,,,,,,,,,,,,,,,,,,,,,,,,,,,,,,,,,,,,,,,,,,,,,,,,,,,,,,
TRURO,322,Establishments  for  m.   Salt,25,,,,19640,25,,,,salt ,3224,11515,bush,,,,,,,,,,,,,,,,,,,,,,,,,,,,,,,,,,,,,,,,,,,,
TRURO,322,,,,,,,,,410,,Palm-leaf  Hats ,2118,16299,,,,,,,,,,,,,,,,,,,,,,,,,,,,,,,,,,,,,,,,,,,,,
TRURO,322,,,Vessels employed in the Mackerel and Cod Fisheries .,40,2050,63050,350,,,,mackerel,49925,6740,bbls,codfish,14062,6250,quintals,salt consumed,,16360,bush,,,,,,,,,,,,,,,,,,,,,,,,,,,,,,,,,,,,
TRURO,323,,,,,,,,,,,,,,,,,,,,,,,,,,,,,,,,,,,,,,,,,,,,,,,,,,,,,,,,,,
TRURO,323,,,,,,,,,,,Fish Oil ,2337,6615,galls,,,,,,,,,,,,,,,,,,,,,,,,,,,,,,,,,,,,,,,,,,,,
TRURO,323,,,,,,,,,,,Sheep total,124,83,head,Wool total,66,196,lbs,,,,,,,,,,,,,,,,,,,,,,,,,,,,,,,,,,,,,,,,
TRURO,323,,,,,,,,,,,Horses,1716,52,head,neat  cattle,,357,head,swine,,143,head,,,,,,,,,,,,,,,,,,,,,,,,,,,,,,,,,,,,
TRURO,323,,,,,,,,,,,Indian Corn  or Maize raised,1865,2870,bush,rye,586,733,bush,oats,24,60,bush,potatoes,1002,2861,bush,other  esculent vegetables,683,1708,bush,hay,3918620,653,tons,Butter,310,4034,lbs,,672,,,,,,,,,,,,,,,,,,
WELLFLEET,323,,,,,,,,,,,,,,,,,,,,,,,,,,,,,,,,,,,,,,,,,,,,,,,,,,,,,,,,,,
WELLFLEET,323,Establishments  for m.  Salt,28,,,,32000,28,,,,salt ,1680,6000,bush,,,,,,,,,,,,,,,,,,,,,,,,,,,,,,,,,,,,,,,,,,,,
WELLFLEET,323,Tanneries,1,,,,250,2,,,, leathet tanned and curried,500,,,,,,,,,,,,,,,,,,,,,,,,,,,,,,,,,,,,,,,,,,,,,,
WELLFLEET,323,,,,,,,,8,,,Boots ,2000,800,pairs,shoes,,1000,pairs, boots and shoes,,,,,,,,,,,,,,,,,,,,,,,,,,,,,,,,,,,,,,,
WELLFLEET,323,,,Vessels employed in the Mackerel and Cod Fisheries,60,2600,50000,480,,,,codfish,67900,2000,quintals,,4500,,,,,,,,,,,,,,,,,,,,,,,,,,,,,,,,,,,,,,,,,,
WELLFLEET,323,,,,,,,,,,,Sheep total,100,50,head,Wool total,40,100,lbs,Horses,2550,85,head,neat cattle .'aO,5000,3,head,swine,,100,head,,,,,,,,,,,,,,,,,,,,,,,,,,,,
WELLFLEET,323,,,,,,,,,,,Indian Corn Ol' Maize raised,637,2000,bush,rye,425,850,bush,potatoes·,5,1700,bush,other esculent  vegetables,5000,700,bush,hay,,850,tons,,,,,,,,,,,,,,,,,,,,,,,,,,,,
WELLFLEET,323,,,,,,,,,,,Fruit raised,400,1000,bush,,,,,,,,,,,,,,,,,,,,,,,,,,,,,,,,,,,,,,,,,,,,
WELLFLEET,323,,,,,,,,,,,Butter,480,4000,lbs,,,,,,,,,,,,,,,,,,,,,,,,,,,,,,,,,,,,,,,,,,,,
WELLFLEET,324,,,,,,,,,,,,,,,,,,,,,,,,,,,,,,,,,,,,,,,,,,,,,,,,,,,,,,,,,,
YARMOUTH,324,,,,,,,,,,,,,,,,,,,,,,,,,,,,,,,,,,,,,,,,,,,,,,,,,,,,,,,,,,
YARMOUTH,324,Saddle Harness and Trunk Manufactories,5,,,,650,5,,,,  ,1200,,,,,,,,,,,,,,,,,,,,,,,,,,,,,,,,,,,,,,,,,,,,,,
YARMOUTH,324,Cordage Manufactories,1,,,,1,2,,,,cordage ,800,4,tons,,,,,,,,,,,,,,,,,,,,,,,,,,,,,,,,,,,,,,,,,,,,
YARMOUTH,324,Establishments for m.  Salt,62,,,,72840,40,,,,salt ,18099,72840,bush,,,,,,,,,,,,,,,,,,,,,,,,,,,,,,,,,,,,,,,,,,,,
YARMOUTH,324,Establishments for m'g Epsom Salts,3,,,,1200,3,,,,salts ,1837,350,bbls,,,,,,,,,,,,,,,,,,,,,,,,,,,,,,,,,,,,,,,,,,,,
YARMOUTH,324,Estali'shments  for m.  Rail-road Cars and other Vehicles,3,,,,1000,4,,,, vehicles ,1100,,,,,,,,,,,,,,,,,,,,,,,,,,,,,,,,,,,,,,,,,,,,,,
YARMOUTH,324,Chair and Cabinet Ware Manufactories,1,,,,200,1,,,,  ,200,,,,,,,,,,,,,,,,,,,,,,,,,,,,,,,,,,,,,,,,,,,,,,
YARMOUTH,324,Tin Ware  Man ufactories,2,,,,550,2,,,, ware,650,,,,,,,,,,,,,,,,,,,,,,,,,,,,,,,,,,,,,,,,,,,,,,
YARMOUTH,324,,,,,,,,15,,,Boots ,5360,600,pairs,shoes,,3625,pairs,,,,,,,,,,,,,,,,,,,,,,,,,,,,,,,,,,,,,,,,
YARMOUTH,324,,,,,,,8,,,,Fire Wood prepared,3240,750,cords,,,,,,,,,,,,,,,,,,,,,,,,,,,,,,,,,,,,,,,,,,,,
YARMOUTH,324,,,Vessels employed in the Mackerel and Cod Fisheries,24,1404,27500,297,,,,mackerel,18780,3412,bbls,codfish,15280,6195,quintals,salt consumed,,11840,bush,,,,,,,,,,,,,,,,,,,,,,,,,,,,,,,,,,,,
YARMOUTH,324,,,,,,,,,,,Horses,5875,137,head,neat cattle,71245,403,head,swine,4500,398,head,,,,,,,,,,,,,,,,,,,,,,,,,,,,,,,,,,,,
YARMOUTH,324,,,,,,,,,,,Indian Corn or Maize raised,3389,5645,bush,rye,876,1256,bush,barley,35,69,bush,oats,80,200,bush,potatoes,1588,6367,bush,other ·escu­ lent  vegetables,600,2000,bush,hay,8200,1025,tons,,,,,,,,,,,,,,,,,,,,
YARMOUTH,324,,,,,,,,,,,Fruit raised,80,200,bush,,,,,,,,,,,,,,,,,,,,,,,,,,,,,,,,,,,,,,,,,,,,
