city,page,manufacturing site,number  factories,vessels,number  vessels,vessel tonnage,capital,employeeS,employeesM,employeesF,siteIncome,goods0,value0,quantity0,units0,goods1,value1,quantity1,units1,goods2,value2,quantity2,units2,goods3,value3,quantity3,units3,goods4,value4,quantity4,units4,goods5,value5,quantity5,units5,goods6,value6,quantity6,units6,goods7,value7,quantity7,units7,goods8,value8,quantity8,units8,goods9,value9,quantity9,units9,goods10,value10,quantity10,units10,goods11,value11,quantity11,units11
 ,267,,,,,,,,,,,,,,,,,,,,,,,,,,,,,,,,,,,,,,,,,,,,,,,,,,,,,,,,,,
ATTLEBOROUGH,267,,,,,,,,,,,,,,,,,,,,,,,,,,,,,,,,,,,,,,,,,,,,,,,,,,,,,,,,,,
ATTLEBOROUGH,267,Cotton Mills,7,,,,172000,,115,174,,spindles,160937,12874,lbs,cotton consumed,4320,487851,yds,printing cloths ,,1367743,yds,shirtings,,328590,lbs,cotton th read ,,14400,,,,,,,,,,,,,,,,,,,,,,,,,,,,,
ATTLEBOROUGH,267,Calico  Ma nufactories,1,,,,50000,,65,8,,calico  printed,250000,2240000,yds,,,,,,,,,,,,,,,,,,,,,,,,,,,,,,,,,,,,,,,,,,,,
ATTLEBOROUGH,267,Furnaces for m.  Hollow Ware and Castings other  than Pig Iron,1,,,,1,10,,,,hollow ware and castings ,3200,40,tons,,,,,,,,,,,,,,,,,,,,,,,,,,,,,,,,,,,,,,,,,,,,
ATTLEBOROUGH,267,Brass Found ries,1,,,,500,3,,,,  ,3300,,,,,,,,,,,,,,,,,,,,,,,,,,,,,,,,,,,,,,,,,,,,,,
ATTLEBOROUGH,268,,,,,,,,,,,,,,,,,,,,,,,,,,,,,,,,,,,,,,,,,,,,,,,,,,,,,,,,,,
ATTLEBOROUGH,268,Metal Button Manufactories,1,,,,50000,45,,,,buttons  .,41080,20546,tonsgroce,,,,,,,,,,,,,,,,,,,,,,,,,,,,,,,,,,,,,,,,,,,,
ATTLEBOROUGH,268,Clock  Manufactories,2,,,,2400,9,,,,clocks  ,5950,850,,,,,,,,,,,,,,,,,,,,,,,,,,,,,,,,,,,,,,,,,,,,,
ATTLEBOROUGH,268,Establishments for m.  Chronometers Gold and Silver Ware and Jewelry,11,,,,28000,102,,,, ,85000,,,,,,,,,,,,,,,,,,,,,,,,,,,,,,,,,,,,,,,,,,,,,,
ATTLEBOROUGH,268,Saddle Harness and Trunk Manufactories,1,,,,300,2,,,,   ,780,,,,,,,,,,,,,,,,,,,,,,,,,,,,,,,,,,,,,,,,,,,,,,
ATTLEBOROUGH,268,Establishmen ts for m.  Rail-road Cars and other Vehicles,3,,,,1500,5,,,, vehicles ,4000,,,,,,,,,,,,,,,,,,,,,,,,,,,,,,,,,,,,,,,,,,,,,,
ATTLEBOROUGH,268,Tin Ware Manufactories,1,,,,1500,5,,,, ware,5200,,,,,,,,,,,,,,,,,,,,,,,,,,,,,,,,,,,,,,,,,,,,,,
ATTLEBOROUGH,268,Comb Manufactories,2,,,,2,2,,,, combs ,500,,,,,,,,,,,,,,,,,,,,,,,,,,,,,,,,,,,,,,,,,,,,,,
ATTLEBOROUGH,268,Tanneries,2,,,,3000,8,,,, leather tanned and curried,6000,,,,,,,,,,,,,,,,,,,,,,,,,,,,,,,,,,,,,,,,,,,,,,
ATTLEBOROUGH,268,,,,,,,,5,,,Boots  ,3124,845,pairs,shoes  :,,1272,pairs, boots  and shoes,,,,,,,,,,,,,,,,,,,,,,,,,,,,,,,,,,,,,,,
ATTLEBOROUGH,268,,,,,,,,,71,,Straw Bonnets and Hats ,18955,21062,, straw braid  and not made into bonnets and hats,2610,,,,,,,,,,,,,,,,,,,,,,,,,,,,,,,,,,,,,,,,,,
ATTLEBOROUGH,268,,,,,,,6,,,,Bricks ,1430,260000,,,,,,,,,,,,,,,,,,,,,,,,,,,,,,,,,,,,,,,,,,,,,
ATTLEBOROUGH,268,,,,,,500,1,,,,  Snuff Tobacco and Cigars ,500,,,,,,,,,,,,,,,,,,,,,,,,,,,,,,,,,,,,,,,,,,,,,,
ATTLEBOROUGH,268,,,,,,,,,,, Whips ,12,,,,,,,,,,,,,,,,,,,,,,,,,,,,,,,,,,,,,,,,,,,,,,
ATTLEBOROUGH,268,,,,,,,1,,,, Blocks and Pumps ,317,,,,,,,,,,,,,,,,,,,,,,,,,,,,,,,,,,,,,,,,,,,,,,
ATTLEBOROUGH,268,,,,,,,,,,,Lumber prepared,488,40000,feet,,,,,,,,,,,,,,,,,,,,,,,,,,,,,,,,,,,,,,,,,,,,
ATTLEBOROUGH,268,,,,,,,24,,,,Fire Wood prepa red,9492,2712,cords,,,,,,,,,,,,,,,,,,,,,,,,,,,,,,,,,,,,,,,,,,,,
ATTLEBOROUGH,268,,,,,,,1,,,,Boats built,600,20,,,,,,,,,,,,,,,,,,,,,,,,,,,,,,,,,,,,,,,,,,,,,
ATTLEBOROUGH,268,,,,,,,,,,,Sperm  Oil  consumed  in manufacturing,3708,4121,galls,other oil,147,190,galls,anthracite coal con­ sumed in manufacturing,9562,1366,tons, all other   A merican prod uct ion consumed in manufacturing excepting cotton wool and iron,448,,, all other   for­ eign prod uction consumed excepting as above,72963,,,,35700,,,,,,,,,,,,,,,,,,,,,,,,,,
ATTLEBOROUGH,268,,,,,,,,,,,Sheep total,250,100,head,Wool total,137,456,lbs,,,,,,,,,,,,,,,,,,,,,,,,,,,,,,,,,,,,,,,,
ATTLEBOROUGH,268,,,,,,,,,,,Horses,161650,333,head,neat  cattle,201381,1328,head,swine,3348,558,head,,,,,,,,,,,,,,,,,,,,,,,,,,,,,,,,,,,,
ATTLEBOROUGH,269,,,,,,,,,,,,,,,,,,,,,,,,,,,,,,,,,,,,,,,,,,,,,,,,,,,,,,,,,,
ATTLEBOROUGH,269,,,,,,9345,,,,,Indian Com or Maize raised,6074,9345,bush,rye lS,1347,64,bush,barley,40,66,bush,oats,64,1715,bush,potatoes,7965,35400,bush,other es­ culent vegetables,449,1796,bush,millet,220,22,tons,hay,20712,2111,tons,,,,,,,,,,,,,,,,
ATTLEBOROUGH,269,,,,,,,,,,,Fruit raised,2932,9866,bush,,,,,,,,,,,,,,,,,,,,,,,,,,,,,,,,,,,,,,,,,,,,
ATTLEBOROUGH,269,,,,,,,,,,,Butter,4931,29585,lbs,cheese,864,12355,lbs,honey,25,150,lbs,beeswax,7,20,lbs,,,,,,,,,,,,,,,,,,,,,,,,,,,,,,,,
ATTLEBOROUGH,269,Establishments for m.  Hooks and Eyes,1,,,,3000,,5,25,,hooks and eyes ,20222,138888,groce,,,,,,,,,,,,,,,,,,,,,,,,,,,,,,,,,,,,,,,,,,,,
ATTLEBOROUGH,269,Establisliments for m.  Shuttles,2,,,,4000,14,,,,shuttles ,7450,1750,doz,   shuttle  mountings   ,925,,,,,,,,,,,,,,,,,,,,,,,,,,,,,,,,,,,,,,,,,,
ATTLEBOROUGH,269,,,,,,,,,,,Paper Boxes ,650,2662,doz,,,,,,,,,,,,,,,,,,,,,,,,,,,,,,,,,,,,,,,,,,,,
ATTLEBOROUGH,269,,,,,,,,,,,Thread Spools ,22514800,900,groce,,1924,,,,,,,,,,,,,,,,,,,,,,,,,,,,,,,,,,,,,,,,,,
ATTLEBOROUGH,269,,,,,,,,,,,Spectacles ,5250,1500,doz,,,,,,,,,,,,,,,,,,,,,,,,,,,,,,,,,,,,,,,,,,,,
ATTLEBOROUGH,269,,,,,,,,,,,Glass Steps ,1400,350000,,,,,,,,,,,,,,,,,,,,,,,,,,,,,,,,,,,,,,,,,,,,,
ATTLEBOROUGH,269,,,,,,,,,,,Black Glass Buttons ,1875,2500,tonsgroce,,,,,,,,,,,,,,,,,,,,,,,,,,,,,,,,,,,,,,,,,,,,
ATTLEBOROUGH,269,,,,,,,,,,,Spectacle Glasses ,1372,2460,doz,,,,,,,,,,,,,,,,,,,,,,,,,,,,,,,,,,,,,,,,,,,,
ATTLEBOROUGH,269,,,,,,,,,,,Suspender Buckles ,500,250,groce,,,,,,,,,,,,,,,,,,,,,,,,,,,,,,,,,,,,,,,,,,,,
ATTLEBOROUGH,269,,,,,,,,,,,Medals ,1200,100,,,,,,,,,,,,,,,,,,,,,,,,,,,,,,,,,,,,,,,,,,,,,
ATTLEBOROUGH,269,,,,,,500,3,,,,Weavers' Reeds ,1700,2000,,,,,,,,,,,,,,,,,,,,,,,,,,,,,,,,,,,,,,,,,,,,,
ATTLEBOROUGH,269,,,,,,,,,,,  Window Sashes and Blinds ,200,,,,,,,,,,,,,,,,,,,,,,,,,,,,,,,,,,,,,,,,,,,,,,
ATTLEBOROUGH,269,,,,,,,2,,,, Wooden Boxes and Trunks ,1500,,,,,,,,,,,,,,,,,,,,,,,,,,,,,,,,,,,,,,,,,,,,,,
ATTLEBOROUGH,269,,,,,,,,,,,Hoops ,376,2700,,,,,,,,,,,,,,,,,,,,,,,,,,,,,,,,,,,,,,,,,,,,,
ATTLEBOROUGH,269,,,,,,600,,,,, Sculpture and Stone Cutting,600,,,,,,,,,,,,,,,,,,,,,,,,,,,,,,,,,,,,,,,,,,,,,,
BERKLEV,269,,,,,,,,,,,,,,,,,,,,,,,,,,,,,,,,,,,,,,,,,,,,,,,,,,,,,,,,,,
BERKLEV,269,,,,,,,,5,3,,Boots ,1050,350,pairs,shoes,,300,pairs, boots and shoes,,,,,,,,,,,,,,,,,,,,,,,,,,,,,,,,,,,,,,,
BERKLEV,269,,,,,,,,,12,,Straw Bonnets and Hats ,6600,3300,,,,,,,,,,,,,,,,,,,,,,,,,,,,,,,,,,,,,,,,,,,,,
BERKLEV,269,,,,,,,19,,,,Bricks ,7790,1800000,,,,,,,,,,,,,,,,,,,,,,,,,,,,,,,,,,,,,,,,,,,,,
BERKLEV,269,,,,,,,16,,,,Shingles ,10000,2500000,,,,,,,,,,,,,,,,,,,,,,,,,,,,,,,,,,,,,,,,,,,,,
BERKLEV,270,,,,,,,,,,,,,,,,,,,,,,,,,,,,,,,,,,,,,,,,,,,,,,,,,,,,,,,,,,
BERKLEV,270,,,,,,,5,,,,Fire Wood prepared,3036,759,cords,,,,,,,,,,,,,,,,,,,,,,,,,,,,,,,,,,,,,,,,,,,,
BERKLEV,270,Alewives taken,435000,,,,,30,,,, shad and alewives,4735,435000,,,,,,,,,,,,,,,,,,,,,,,,,,,,,,,,,,,,,,,,,,,,,
BERKLEV,270,,,,,,,,,,,Sheep total,593,395,head,Wool total,344,1148,lbs,,,,,,,,,,,,,,,,,,,,,,,,,,,,,,,,,,,,,,,,
BERKLEV,270,,,,,,,,,,,Horses,2655,73,head,swine,5620,184,head,,3312,,,,,,,,,,,,,,,,,,,,,,,,,,,,,,,,,,,,,,
BERKLEV,270,,,,,,4630,,,,,Indian Corn or Maize raised,3472,4630,bush,rye,840,989,bush,oats,103,258,bush,potatoes ..,3154,12618,bush,other esculent vegetables,188,752,bush,hay,7348,629,tons,,,,,,,,,,,,,,,,,,,,,,,,
BERKLEV,270,,,,,,,,,,,Fruit raised,863,2591,bush,,,,,,,,,,,,,,,,,,,,,,,,,,,,,,,,,,,,,,,,,,,,
BERKLEV,270,,,,,,,,,,,Butter,1111,6670,lbs,cheese,453,5660,lbs,,,,,,,,,,,,,,,,,,,,,,,,,,,,,,,,,,,,,,,,
DARTMOUTH,270,,,,,,,,,,,,,,,,,,,,,,,,,,,,,,,,,,,,,,,,,,,,,,,,,,,,,,,,,,
DARTMOUTH,270,Establishments for m.  Salt,7,,,,17700,6,,,,salt ,2960,14800,bush,,,,,,,,,,,,,,,,,,,,,,,,,,,,,,,,,,,,,,,,,,,,
DARTMOUTH,270,Mills for m.   Linseed Oil,1,,,,7000,2,,,,oil ,6400,8000,galls,,,,,,,,,,,,,,,,,,,,,,,,,,,,,,,,,,,,,,,,,,,,
DARTMOUTH,270,Tanneries,2,,,,3000,5,,,, leather tanned and curried,2400,,,,,,,,,,,,,,,,,,,,,,,,,,,,,,,,,,,,,,,,,,,,,,
DARTMOUTH,270,,,,,,,,5,,,Boots ,1200,300,pairs,shoes,,600,pairs, boots and shoes,,,,,,,,,,,,,,,,,,,,,,,,,,,,,,,,,,,,,,,
DARTMOUTH,270,,,,,,,20,,,,Lumber prepared,2800,350000,feet,,,,,,,,,,,,,,,,,,,,,,,,,,,,,,,,,,,,,,,,,,,,
DARTMOUTH,270,,,,,,,60,,,,Fire Wood prepared,9000,2860,cords,,,,,,,,,,,,,,,,,,,,,,,,,,,,,,,,,,,,,,,,,,,,
DARTMOUTH,270,,,,,,,2,,,,Boats built,600,3,,,,,,,,,,,,,,,,,,,,,,,,,,,,,,,,,,,,,,,,,,,,,
DARTMOUTH,270,,,Vessels employed in the Whale Fishery,13,4041,326000,350,,,,sperm oil imported,108000,120000,galls,whale oil im­ported,50000,150000,galls,whalebone imported,30000,75000,lbs,,,,,,,,,,,,,,,,,,,,,,,,,,,,,,,,,,,,
DARTMOUTH,270,,,Vessels employed in the Mackerel and Cod Fisheries,2,160,2500,20,,,,codfish taken,3500,1400,quintals,salt consumed:,,1300,bush,,,,,,,,,,,,,,,,,,,,,,,,,,,,,,,,,,,,,,,,
DARTMOUTH,270,,,,,,,,,,,Sheep total see species,3300,,,Wool total see species,1000,,,Merino  Sheep ,,500,head,other sheep ,,1083,head,merino wool prod uced  lbs.,,1300,lbs,other wool  lbs.,,2600,lbs,,,,,,,,,,,,,,,,,,,,,,,,
DARTMOUTH,271,,,,,,,,,,,,,,,,,,,,,,,,,,,,,,,,,,,,,,,,,,,,,,,,,,,,,,,,,,
DARTMOUTH,271,,,,,,,,,,,Horses,16635,375,head,neat  cattle,36407,1556,head,swine,4600,704,head,,,,,,,,,,,,,,,,,,,,,,,,,,,,,,,,,,,,
DARTMOUTH,271,,,,,,13064,,,,,Indian Corn or Maize raised,10451,13064,bush,rye,192,240,bush,oats,2015,6045,bush,potatoes,6465,25850,bush,other esculent vegetables,2500,10000,bush,hay,28030,2803,tons,,,,,,,,,,,,,,,,,,,,,,,,
DARTMOUTH,271,,,,,,,,,,,Fruit raised,2130,8500,bush,,,,,,,,,,,,,,,,,,,,,,,,,,,,,,,,,,,,,,,,,,,,
DARTMOUTH,271,,,,,,,,,,,Butter,3757,22100,lbs,cheese,800,10000,lbs,honey,50,250,lbs,beeswax,5,30,lbs,,,,,,,,,,,,,,,,,,,,,,,,,,,,,,,,
DARTMOUTH,271,,,,,,,,,,,Milk,9500,75550,galls,,,,,,,,,,,,,,,,,,,,,,,,,,,,,,,,,,,,,,,,,,,,
DARTMOUTH,271,,,,,,3500,8,,,,Menhaden Oil,3000,250,bbls,,,,,,,,,,,,,,,,,,,,,,,,,,,,,,,,,,,,,,,,,,,,
DARTMOUTH,271,Carding Machines,1,,,,1000,,,,,wool carded,,1000,lbs,,,,,,,,,,,,,,,,,,,,,,,,,,,,,,,,,,,,,,,,,,,,
DIGHTON,271,,,,,,,,,,,,,,,,,,,,,,,,,,,,,,,,,,,,,,,,,,,,,,,,,,,,,,,,,,
DIGHTON,271,Cotton Mills,2,,,,42000,,50,52,,spindles,49940,3550,lbs,cotton consumed,22400,155186,yds,printing cloth ,,435253,yds,nankin  cotton clot h,,315000,lbs,cotton batting ,,320000,,,,,,,,,,,,,,,,,,,,,,,,,,,,,
DIGHTON,271,Furnaces for m.  Hollow Ware and Castings other than Pig Iron,1,,,,1500,9,,,,hollow ware and castings ,7500,75,tons,,,,,,,,,,,,,,,,,,,,,,,,,,,,,,,,,,,,,,,,,,,,
DIGHTON,271,Axe Mannfactories,2,,,,3000,2,,,,axes and other edge tools ,680,800,,,,,,,,,,,,,,,,,,,,,,,,,,,,,,,,,,,,,,,,,,,,,
DIGHTON,271,,,,,,,,8,4,,Boots ,4550,400,pairs,shoes,,5000,pairs, boots and shoes,,,,,,,,,,,,,,,,,,,,,,,,,,,,,,,,,,,,,,,
DIGHTON,271,,,,,,,1,,,,Shingles ,800,200000,,,,,,,,,,,,,,,,,,,,,,,,,,,,,,,,,,,,,,,,,,,,,
DIGHTON,271,,,,,,,4,,,,Fire Wood prepa red,2960,918,cords,,,,,,,,,,,,,,,,,,,,,,,,,,,,,,,,,,,,,,,,,,,,
DIGHTON,271,,,,,,2900,,,,,Charcoal,261,2900,bush,,,,,,,,,,,,,,,,,,,,,,,,,,,,,,,,,,,,,,,,,,,,
DIGHTON,271,,,,,,,,,,,anth racite coal consumed in ma nufacturing,500,100,tons,Sperm Oil consumed in man ufactu ring,562,6251,,,,,,,,,,,,,,,,,,,,,,,,,,,,,,,,,,,,,,,,,
DIGHTON,271,,,,,,,,,,,Sheep total,504,391,head,wool prod uced S,226,79,lbs,,,,,,,,,,,,,,,,,,,,,,,,,,,,,,,,,,,,,,,,
DIGHTON,271,,,,,,,,,,,Horses,6656,137,head,neat cattle,8413,495,head,swine,,378,head,,,,,,,,,,,,,,,,,,,,,,,,,,,,,,,,,,,,
DIGHTON,271,,,,,,5688,,,,,Indian Corn or Maize raised,3835,5688,bush,wheat,8,10,bush,rye,813,1031,bush,barley,23,38,bush,oats,598,1837,bush,potatoes,5319,21181,bush,other esculent vegetables,399,1607,bush,hay,11035,998,tons,,,,,,,,,,,,,,,,
DIGHTON,272,,,,,,,,,,,,,,,,,,,,,,,,,,,,,,,,,,,,,,,,,,,,,,,,,,,,,,,,,,
DIGHTON,272,,,,,,,,,,,Fruit raised,1952,9027,bush,,,,,,,,,,,,,,,,,,,,,,,,,,,,,,,,,,,,,,,,,,,,
DIGHTON,272,,,,,,,,,,,Butter,1811,9871,lbs,cheese,1394,9075,lbs,honey,14,135,lbs,,,,,,,,,,,,,,,,,,,,,,,,,,,,,,,,,,,,
DIGHTON,272,,,,,,,,,,,Hogshead Hoops ,225,15000,,,374,,,,,,,,,,,,,,,,,,,,,,,,,,,,,,,,,,,,,,,,,,
DIGHTON,272,Grist Mills,3,,,,3000,2,,,,grain ground,,16000,bush,,,,,,,,,,,,,,,,,,,,,,,,,,,,,,,,,,,,,,,,,,,,
DIGHTON,272,Slaughter Houses,2,,,,2000,3,,,,beef slaughtered,9390,187800,lbs,,,,,,,,,,,,,,,,,,,,,,,,,,,,,,,,,,,,,,,,,,,,
DIGHTON,272,,,,,,,,14,,,Shad taken,2000,253500,,,,,,,,,,,,,,,,,,,,,,,,,,,,,,,,,,,,,,,,,,,,,
EASTON,272,,,,,,,,,,,,,,,,,,,,,,,,,,,,,,,,,,,,,,,,,,,,,,,,,,,,,,,,,,
EASTON,272,Cotton Mills,5,,,,24000,,22,37,,spindles,6500,2256,lbs,cotton consumed,10979,112023,yds,printing cloth ,11750,110000,lbs,cotton yarn  and not made into cloth :,154,45061,lbs,cotton thread,2520,19000,lbs,cotton  batting,916,2575,lbs,cord,,9000,lbs,twine  and wicking,,6525,,,,,,,,,,,,,,,,,
EASTON,272,Furnaces for m.  Hollow Ware and Castings other than Pig Iron,2,,,,35000,35,,,,hollow ware and castings ,36250,350,tons,,,,,,,,,,,,,,,,,,,,,,,,,,,,,,,,,,,,,,,,,,,,
EASTON,272,Establishments  for m.  Cutlery,1,,,,5000,20,,,,  cutlery ,11000,,,,,,,,,,,,,,,,,,,,,,,,,,,,,,,,,,,,,,,,,,,,,,
EASTON,272,Tack and Brad Manufactories,1,,,,4500,8,,,, tacks and brads ,6000,,,,,,,,,,,,,,,,,,,,,,,,,,,,,,,,,,,,,,,,,,,,,,
EASTON,272,Shovel Spade Fork and Hoe Manufactories,2,,,,40500,72,,,, arti­cles ,136000,,,,,,,,,,,,,,,,,,,,,,,,,,,,,,,,,,,,,,,,,,,,,,
EASTON,272,Saddle Harness and Trunk Manufuctories,1,,,,100,2,,,,  ,400,,,,,,,,,,,,,,,,,,,,,,,,,,,,,,,,,,,,,,,,,,,,,,
EASTON,272,Establishments for m.  Rail-road Cars and other Vehicles,3,,,,700,5,,,,  vehicles ,2000,,,,,,,,,,,,,,,,,,,,,,,,,,,,,,,,,,,,,,,,,,,,,,
EASTON,272,,,,,,,,91,50,,Boots ,87718,36637,pairs,shoes,,42810,pairs, boots and shoes,,,,,,,,,,,,,,,,,,,,,,,,,,,,,,,,,,,,,,,
EASTON,273,,,,,,,,,,,,,,,,,,,,,,,,,,,,,,,,,,,,,,,,,,,,,,,,,,,,,,,,,,
EASTON,273,,,,,,,,,100,,Straw Bonnets and Hats ,1150,4611,, straw braid  and not made into bonnets and hats,500,,,,,,,,,,,,,,,,,,,,,,,,,,,,,,,,,,,,,,,,,,
EASTON,273,,,,,,,6,,,,  Mathematical  Instruments  ,4250,,,,,,,,,,,,,,,,,,,,,,,,,,,,,,,,,,,,,,,,,,,,,,
EASTON,273,,,,,,,10,,,,Lumber prepared,2000,200000,feet,,,,,,,,,,,,,,,,,,,,,,,,,,,,,,,,,,,,,,,,,,,,
EASTON,273,,,,,,,6,,,,Fire Wood  prepared,5751,1917,cords,,,,,,,,,,,,,,,,,,,,,,,,,,,,,,,,,,,,,,,,,,,,
EASTON,273,Box  Factories,1,,,,200,1,,,,boxes ,875,3000,,,,,,,,,,,,,,,,,,,,,,,,,,,,,,,,,,,,,,,,,,,,,
EASTON,273,,,,,,140,,,,,Sperm Oil consumed in man nfactu ring,668,668,galls,whale oil,3150,32,galls,foreign bituminous coal,2925,350,chaldrons, all o.t her   foreign prod uction consumed  excepti ng as above,140,,,,,,,,,,,,,,,,,,,,,,,,,,,,,,,,,,
EASTON,273,,,,,,,,,,,Sheep total,189,15,head,wool prod uced,157,524,lbs,,,,,,,,,,,,,,,,,,,,,,,,,,,,,,,,,,,,,,,,
EASTON,273,,,,,,,,,,,Asses and Mules,5,1,head,horses,9650,193,head,horses,12000,193,,neat cattle,2500,734,head,swine,,234,head,,,,,,,,,,,,,,,,,,,,,,,,,,,,
EASTON,273,,,,,,4974,,,,,Indian Corn or Maise raised,3730,4974,bush,rye,28,378,bush,barley,118,159,bush,oats,76,790,bush,potatoes,579,29896,bush,other es­ culent vegetables,1600,6400,bush,hay,14769,1423,tons,,,,,,,,,,,,,,,,,,,,
EASTON,273,,,,,,,,,,,Fruit raised,2031,10155,bush,,,,,,,,,,,,,,,,,,,,,,,,,,,,,,,,,,,,,,,,,,,,
EASTON,273,,,,,,,,,,,Butter,1928,16073,lbs,cheese,498,8307,lbs,honey,12,100,lbs,beeswax,4,18,lbs,,,,,,,,,,,,,,,,,,,,,,,,,,,,,,,,
FAIRHAVEN,273,,,,,,,,,,,,,,,,,,,,,,,,,,,,,,,,,,,,,,,,,,,,,,,,,,,,,,,,,,
FAIRHAVEN,273,Cotton Mills,1,,,,10000,,8,14,,spindles,2124,1148,lbs,cotton consumed .,,22940,yds,cotton cloth ,,35398,lbs,candie wicking ,,14057,,,,,,,,,,,,,,,,,,,,,,,,,,,,,,,,,
FAIRHAVEN,273,Brass Foundries,1,,,,1200,4,,,,  ,5000,,,,,,,,,,,,,,,,,,,,,,,,,,,,,,,,,,,,,,,,,,,,,,
FAIRHAVEN,273,Paper  Manufactorics,1,,,,1200,3,,,,stock consumed,25,25,tons,paper ,,20,tons,,,,,,,,,,,,,,,,,,,,,,,,,,,,,,,,,,,,,,,,
FAIRHAVEN,274,,,,,,,,,,,,,,,,,,,,,,,,,,,,,,,,,,,,,,,,,,,,,,,,,,,,,,,,,,
FAIRHAVEN,274,Saddle Harness and Trunk Manufactorros,1,,,,10,1,,,,  ,300,,,,,,,,,,,,,,,,,,,,,,,,,,,,,,,,,,,,,,,,,,,,,,
FAIRHAVEN,274,Establ ish men ts for m.  Salt,2,,,,5000,4,,,,salt ,1500,3100,bush,,,,,,,,,,,,,,,,,,,,,,,,,,,,,,,,,,,,,,,,,,,,
FAIRHAVEN,274,Esta blishmen ts for m.  Oil  and Sperm  Candlrs,2,,,,15000,6,,,,oil ,48672,540,galls,sperm eandles ,11269,43341,lbs,,,,,,,,,,,,,,,,,,,,,,,,,,,,,,,,,,,,,,,,
FAIRHAVEN,274,Soap  Manufactorics,1,,,,500,2,,,,soap  ,1000,25,tons,,,,,,,,,,,,,,,,,,,,,,,,,,,,,,,,,,,,,,,,,,,,
FAIRHAVEN,274,Chair and Cabinet  Ware  Manufactories,2,,,,300,3,,,,  ,600,,,,,,,,,,,,,,,,,,,,,,,,,,,,,,,,,,,,,,,,,,,,,,
FAIRHAVEN,274,Tin Ware Manufactorics,2,,,,600,3,,,,  ware,2000,,,,,,,,,,,,,,,,,,,,,,,,,,,,,,,,,,,,,,,,,,,,,,
FAIRHAVEN,274,Tanneries,4,,,,200,4,,,,hides tanned,500,116,,  leather  tanned  and curried,,,,,,,,,,,,,,,,,,,,,,,,,,,,,,,,,,,,,,,,,,,
FAIRHAVEN,274,,,,,,,,20,,,Boots ,4600,650,pairs,shoes,,1600,pairs, boots and shoes,,,,,,,,,,,,,,,,,,,,,,,,,,,,,,,,,,,,,,,
FAIRHAVEN,274,,,,,,,18,,,, Building Stone quarried and prepared,500,,,,,,,,,,,,,,,,,,,,,,,,,,,,,,,,,,,,,,,,,,,,,,
FAIRHAVEN,274,,,,,,,4,,,,  Locks and  Pumps ,2000,,,,,,,,,,,,,,,,,,,,,,,,,,,,,,,,,,,,,,,,,,,,,,
FAIRHAVEN,274,,,,,,,150,,,,Lumber prepa red,,247000,feet,,,,,,,,,,,,,,,,,,,,,,,,,,,,,,,,,,,,,,,,,,,,
FAIRHAVEN,274,,,,,,,200,,,,Fire Wood prepared,8755,2585,cords,,,,,,,,,,,,,,,,,,,,,,,,,,,,,,,,,,,,,,,,,,,,
FAIRHAVEN,274,,,Vessels launched,1,376,,20,,,,,16000,,,,,,,,,,,,,,,,,,,,,,,,,,,,,,,,,,,,,,,,,,,,,,
FAIRHAVEN,274,,,,,,,14,,,,Boats built,4900,98,,,,,,,,,,,,,,,,,,,,,,,,,,,,,,,,,,,,,,,,,,,,,
FAIRHAVEN,274,Cand le Boxes,22000,,,,22000,6,,,,,3960,,,,,,,,,,,,,,,,,,,,,,,,,,,,,,,,,,,,,,,,,,,,,,
FAIRHAVEN,274,,,,,,,,,,,Sperm Oil consu med in  manufacturing,45,50,galls,foreign bi tu mi nous coal consumed,720,90,tons,,,,,,,,,,,,,,,,,,,,,,,,,,,,,,,,,,,,,,,,
FAIRHAVEN,274,,,Vessels employed in t he W hale Fishery,45,14105,1109000,1120,,,,sperm oil imported,479049,532944,galls,whale oil,184271,614239,,,60759,,,,,,,,,,,,,,,,,,,,,,,,,,,,,,,,,,,,,,
FAIRHAVEN,274,,,,,,,,,,,Spermaceti ,12504,50014,lbs,,,,,,,,,,,,,,,,,,,,,,,,,,,,,,,,,,,,,,,,,,,,
FAIRHAVEN,274,,,,,,,15,,,,Harpoons Lances ,1600,1600,,,,,,,,,,,,,,,,,,,,,,,,,,,,,,,,,,,,,,,,,,,,,
FAIRHAVEN,274,,,,,,,,,,,Sheep total,900,694,head,wool prod uced,440,1769,lbs,,,,,,,,,,,,,,,,,,,,,,,,,,,,,,,,,,,,,,,,
FAIRHAVEN,274,,,,,,,,,,,Horses,14700,294,head,neat  cattle,17260,863,head,swine,7890,789,head,,,,,,,,,,,,,,,,,,,,,,,,,,,,,,,,,,,,
FAIRHAVEN,274,,,,,,6880,,,,,Ind ian Corn or Maize raised,4128,6880,bush,wheat,12,100,bush,rye,585,731,bush,barley,108,216,bush,oats,1108,3358,bush,potatoes,5483,21930,bush,other esculen t vegetables,840,2800,bush,hay,18194,1654,tons,,,,,,,,,,,,,,,,
FAIRHAVEN,275,,,,,,,,,,,,,,,,,,,,,,,,,,,,,,,,,,,,,,,,,,,,,,,,,,,,,,,,,,
FAIRHAVEN,275,,,,,,,,,,,Fru it raised,1563,7815,bush,,,,,,,,,,,,,,,,,,,,,,,,,,,,,,,,,,,,,,,,,,,,
FAIRHAVEN,275,,,,,,,,,,,Bu tter,3300,22000,lbs,cheese,55,1100,lbs,,,,,,,,,,,,,,,,,,,,,,,,,,,,,,,,,,,,,,,,
FAIRHAVEN,275,,,,,,10000,55,,,,Oil casks ,44850,44850,casks,,,,,,,,,,,,,,,,,,,,,,,,,,,,,,,,,,,,,,,,,,,,
FAIRHAVEN,275,,,,,,,35,,,, Wearin g Apparel ,10000,,,,,,,,,,,,,,,,,,,,,,,,,,,,,,,,,,,,,,,,,,,,,,
FAIRHAVEN,275,,,,,,,,,,,Poultry,438,4378,lbs,,,,,,,,,,,,,,,,,,,,,,,,,,,,,,,,,,,,,,,,,,,,
FAIRHAVEN,275,,,,,,,,,,,,,,,,,,,,,,,,,,,,,,,,,,,,,,,,,,,,,,,,,,,,,,,,,,
FAIRHAVEN,275,Cotton Mills,6,,,,660000,,250,520,,spindles,483161,38952,lbs,cotton consumed,9900,1559230,yds,prin ting cloth ,,6790950,yds,nan ki ns,,240000,lbs,cotton yarn  and not made in to cloth,,66405,,,,,,,,,,,,,,,,,,,,,,,,,,,,,
FAIRHAVEN,275,Calico Man ufactories,2,,,,2,,795,48,,cal ico prin ted,2000000,16640000,yds,,,,,,,,,,,,,,,,,,,,,,,,,,,,,,,,,,,,,,,,,,,,
FAIRHAVEN,275,Woollen Mills,1,,,,75000,,70,40,,wool consumed,130000,1600,lbs,cassi merc ,15000,140000,yds,sati­ net,,20000,yds,,,,,,,,,,,,,,,,,,,,,,,,,,,,,,,,,,,,
FAIRHAVEN,275,Rolling Slitting and Nail  Mills,2,,,,250000,300,,,,i ron ,216000,2400,tons,nails ,260000,3250,tons,,,,,,,,,,,,,,,,,,,,,,,,,,,,,,,,,,,,,,,,
FAIRHAVEN,275,Furnaces for m.  Hollow Ware  and  Castin gs other  than Pig Iron,3,,,,16000,65,,,,hollow ware  and  castings  ,44625,1275,tons,,,,,,,,,,,,,,,,,,,,,,,,,,,,,,,,,,,,,,,,,,,,
FAIRHAVEN,275,Establish men ts for m.  Cotton Woollen and other Machin­ ery,2,,,,38000,124,,,, mach inery ,124500,,,,,,,,,,,,,,,,,,,,,,,,,,,,,,,,,,,,,,,,,,,,,,
FAIRHAVEN,275,Establish men ts for m.  Steam Boilers,1,,,,1000,2,,,, boilers ,250,,,,,,,,,,,,,,,,,,,,,,,,,,,,,,,,,,,,,,,,,,,,,,
FAIRHAVEN,275,Brass Fonnd rics,2,,,,3000,,,,, m's,8000,6,,B.,,,,,,,,,,,,,,,,,,,,,,,,,,,,,,,,,,,,,,,,,,,
FAIRHAVEN,275,Establ ish men ts for m.  Chronometers  Watehes Gold and Silver Wa re and Jewl ry,1,,,,500,1,,,,  m's,500,,,,,,,,,,,,,,,,,,,,,,,,,,,,,,,,,,,,,,,,,,,,,,
FAIRHAVEN,275,Saddle Harness and Trun k Man ufactories,2,,,,3000,11,,,,  ,12000,,,,,,,,,,,,,,,,,,,,,,,,,,,,,,,,,,,,,,,,,,,,,,
FAIRHAVEN,276,,,,,,,,,,,,,,,,,,,,,,,,,,,,,,,,,,,,,,,,,,,,,,,,,,,,,,,,,,
FAIRHAVEN,276,Hat and Cap Manufactories,3,,,,3200,11,,,,hats and caps  .,4400,2400,,,,,,,,,,,,,,,,,,,,,,,,,,,,,,,,,,,,,,,,,,,,,
FAIRHAVEN,276,Estnblishmcnts  for  m.   R nil-road  Cars and other Vehicles,2,,,,3800,,,,, vehicles m'J,70,16,,K,,,,,,,,,,,,,,,,,,,,,,,,,,,,,,,,,,,,,,,,,,,
FAIRHAVEN,276,Estnbl ish ments for m.  Oil and Sperm Candles,1,,,,10000,,,,,,,,,,,,,,,,,,,,,,,,,,,,,,,,,,,,,,,,,,,,,,,,,,,,
FAIRHAVEN,276,Soap Man ufactories,2,,,,3000,4,,,,soap ,4000,160000,lbs,,,,,,,,,,,,,,,,,,,,,,,,,,,,,,,,,,,,,,,,,,,,
FAIRHAVEN,276,Chair  and  Cabinet Ware  Manufactories,5,,,,3650,22,,,,  ,12100,,,,,,,,,,,,,,,,,,,,,,,,,,,,,,,,,,,,,,,,,,,,,,
FAIRHAVEN,276,Tin  Ware  and  Sheet Iron Mnnufactories,3,,,,4000,14,,,, ware,10000,,,,,,,,,,,,,,,,,,,,,,,,,,,,,,,,,,,,,,,,,,,,,,
FAIRHAVEN,276,Tanneries,2,,,,6300,9,,,, leather tanned and curried,9200,,,,,,,,,,,,,,,,,,,,,,,,,,,,,,,,,,,,,,,,,,,,,,
FAIRHAVEN,276,,,,,,,,26,12,,Boots ,10750,1630,pairs,shoes,,4600,, boots  and shoes,,,,,,,,,,,,,,,,,,,,,,,,,,,,,,,,,,,,,,,
FAIRHAVEN,276,,,,,,1450,3,,,, Snuff Tobacco and Cignrs ,1450,,,,,,,,,,,,,,,,,,,,,,,,,,,,,,,,,,,,,,,,,,,,,,
FAIRHAVEN,276,,,,,,,45,,,,  Building Stone quarried and prepared,25000,,,,,,,,,,,,,,,,,,,,,,,,,,,,,,,,,,,,,,,,,,,,,,
FAIRHAVEN,276,,,,,,,2,,,, Blocks and Pumps ,1900,,,,,,,,,,,,,,,,,,,,,,,,,,,,,,,,,,,,,,,,,,,,,,
FAIRHAVEN,276,,,,,,,,,,, Mechanics' Tools .,650,,,,,,,,,,,,,,,,,,,,,,,,,,,,,,,,,,,,,,,,,,,,,,
FAIRHAVEN,276,,,,,,,7,,,,Lumber prepared,1500,150000,feet,,,,,,,,,,,,,,,,,,,,,,,,,,,,,,,,,,,,,,,,,,,,
FAIRHAVEN,276,,,,,,,45,,,,Fire Wood  prepared,6745,2530,cords,,,,,,,,,,,,,,,,,,,,,,,,,,,,,,,,,,,,,,,,,,,,
FAIRHAVEN,276,,,,,,,,,,,charcoal,120,1200,bush,,,,,,,,,,,,,,,,,,,,,,,,,,,,,,,,,,,,,,,,,,,,
FAIRHAVEN,276,,,Vessels la uuchcd,1,,,20,,,,ton nage,8500,150,,,,,,,,,,,,,,,,,,,,,,,,,,,,,,,,,,,,,,,,,,,,,
FAIRHAVEN,276,,,,,,,4,,,,Boats built,2500,11,,,,,,,,,,,,,,,,,,,,,,,,,,,,,,,,,,,,,,,,,,,,,
FAIRHAVEN,276,,,,,,,,,,,Sperm Oil  consumed in  man ufact uring,16449,11848,galls,all other k inds  oil  cousumcd,1200,1700,galls,n ma n u facturing,54998,11986,tons,bituminous coal mined in  the  U. States,27920,5005,tons,foreign bitu minous coal,23850,4325,tons, nil other   A merican prod uction consumed in man ufact uring excepting  cotton wool  and  iron,150355,,, all other art icles  foreign production consumed except. ing ns above,203200,,,,,,,,,,,,,,,,,,,,,,
FAIRHAVEN,276,,,Vessels  employ'd  in the Whale Fishery',7,189,166000,180,,,,,,,,,,,,,,,,,,,,,,,,,,,,,,,,,,,,,,,,,,,,,,,,,,,
FAIRHAVEN,276,,,,,,,,,,,Sheep total,1006,541,head,wool pred uced,383,1311,lbs,,,,,,,,,,,,,,,,,,,,,,,,,,,,,,,,,,,,,,,,
FAIRHAVEN,277,,,,,,,,,,,,,,,,,,,,,,,,,,,,,,,,,,,,,,,,,,,,,,,,,,,,,,,,,,
FAIRHAVEN,277,,,,,,,,,,,Horses,25917,367,head,neat cattle,10661,444,head,swine,3196,572,head,,,,,,,,,,,,,,,,,,,,,,,,,,,,,,,,,,,,
FAIRHAVEN,277,,,,,,3942,,,,,Indian Corn or Maize raised,2393,3942,bush,rye,107,143,bush,barley,142,223,bush,oats,55,165,bush,potatoes,3172,12105,bush,other escu­ Jent  vegetables,422,1890,bush,hay,7526,545,tons,,,,,,,,,,,,,,,,,,,,
FAIRHAVEN,277,,,,,,,,,,,Fruit raised,1046,4762,bush,,,,,,,,,,,,,,,,,,,,,,,,,,,,,,,,,,,,,,,,,,,,
FAIRHAVEN,277,,,,,,,,,,,Butter,1228,6091,lbs,cheese,7,100,lbs,honey,7,40,lbs,,,,,,,,,,,,,,,,,,,,,,,,,,,,,,,,,,,,
FAIRHAVEN,277,,,,,,21850,111,,,, Wearing Apparel ,45700,,,,,,,,,,,,,,,,,,,,,,,,,,,,,,,,,,,,,,,,,,,,,,
FAIRHAVEN,277,,,,,,2150,17,,,, Millinery ,3850,,,,,,,,,,,,,,,,,,,,,,,,,,,,,,,,,,,,,,,,,,,,,,
FAIRHAVEN,277,,,,,,4600,27,,,, Blacksmit hs'  ,15000,,,,,,,,,,,,,,,,,,,,,,,,,,,,,,,,,,,,,,,,,,,,,,
FAIRHAVEN,277,,,,,,1200,4,,,,  Marble ,3000,,,,,,,,,,,,,,,,,,,,,,,,,,,,,,,,,,,,,,,,,,,,,,
FAIRHAVEN,277,,,,,,350,2,,,,,1975,,,,,,,,,,,,,,,,,,,,,,,,,,,,,,,,,,,,,,,,,,,,,,
FAIRHAVEN,277,,,,,,2000,3,,,, Oil and other Casks rri'd,2600,,,,,,,,,,,,,,,,,,,,,,,,,,,,,,,,,,,,,,,,,,,,,,
FAIRHAVEN,277,,,,,,0,3,,,, Weavers' Reeds ,630,,,,,,,,,,,,,,,,,,,,,,,,,,,,,,,,,,,,,,,,,,,,,,
FAIRHAVEN,277,,,,,,2000,6,,,, Vessels' Sails ,6000,,,,,,,,,,,,,,,,,,,,,,,,,,,,,,,,,,,,,,,,,,,,,,
FAIRHAVEN,277,,,,,,15,,,,, Com posi t ion  Molasses  and Water  Gates ,3000,3000,,V.  Com posi t ion  Molasses  and Water  Gates  $,,3,head,B.,,,,,,,,,,,,,,,,,,,,,,,,,,,,,,,,,,,,,,,
FAIRHAVEN,277,,,,,,1000,8,,,,  Mill wright A rticles ,4250,,,,,,,,,,,,,,,,,,,,,,,,,,,,,,,,,,,,,,,,,,,,,,
FAIRHAVEN,277,,,,,,,10,,,,  Palterns for Machine ,51500,,,,,,,,,,,,,,,,,,,,,,,,,,,,,,,,,,,,,,,,,,,,,,
FAIRHAVEN,277,,,,,,11360,,,,,American Iron consumed in the m.  Nails Hoops Castings Machinery and Blncksmitlas' work,410150,11360,tons,,,,,,,,,,,,,,,,,,,,,,,,,,,,,,,,,,,,,,,,,,,,
FAIRHAVEN,277,,,,,,314,,,,,Foreign Iron consumed in the m.  Castings Machinery and Blacksmtt hs' work,24850,314,tons,,,,,,,,,,,,,,,,,,,,,,,,,,,,,,,,,,,,,,,,,,,,
FAIRHAVEN,277,,,,,,,,,,,Foreign Steel commmcd in the m.  Machinery and Black­smiths' work,5400,18,tons,,,,,,,,,,,,,,,,,,,,,,,,,,,,,,,,,,,,,,,,,,,,
FAIRHAVEN,277,,,,,,,,,,, Milk,1400,,,,,,,,,,,,,,,,,,,,,,,,,,,,,,,,,,,,,,,,,,,,,,
FREETOWN,277,,,,,,,,,,,,,,,,,,,,,,,,,,,,,,,,,,,,,,,,,,,,,,,,,,,,,,,,,,
FREETOWN,277,Rolling Slitting and Nail Mills,2,,,,2400,,,,,nails .,21000,210,tons,B.,,15,,,,,,,,,,,,,,,,,,,,,,,,,,,,,,,,,,,,,,,,,
FREETOWN,277,Axe Man nfactories,1,,,,700,3,,,,axes and other edge tools ,1650,2760,,,,,,,,,,,,,,,,,,,,,,,,,,,,,,,,,,,,,,,,,,,,,
FREETOWN,278,,,,,,,,,,,,,,,,,,,,,,,,,,,,,,,,,,,,,,,,,,,,,,,,,,,,,,,,,,
FREETOWN,278,Shovel Spade Fork and Hoe Man ufactories,1,,,,500,3,,,, arti­ cles ,1000,,,,,,,,,,,,,,,,,,,,,,,,,,,,,,,,,,,,,,,,,,,,,,
FREETOWN,278,Saddle Harness and Trunk Manufactorics,1,,,,100,1,,,,  ,200,,,,,,,,,,,,,,,,,,,,,,,,,,,,,,,,,,,,,,,,,,,,,,
FREETOWN,278,Chair  and  Cabinet  Ware  Manufactories,2,,,,300,2,,,,  ,350,,,,,,,,,,,,,,,,,,,,,,,,,,,,,,,,,,,,,,,,,,,,,,
FREETOWN,278,Tanneries,3,,,,1000,3,,,,hides tanned,802,310,, leather tanned and curried,,,,,,,,,,,,,,,,,,,,,,,,,,,,,,,,,,,,,,,,,,,
FREETOWN,278,,,,,,,,3,,,Boots ,519,121,pairs,shoes,,250,pairs, boots and shoes,,,,,,,,,,,,,,,,,,,,,,,,,,,,,,,,,,,,,,,
FREETOWN,278,,,,,,,30,,,,Lumber prepared,1506,83400,feet,,,,,,,,,,,,,,,,,,,,,,,,,,,,,,,,,,,,,,,,,,,,
FREETOWN,278,,,,,,,117,,,,Fire Wood prepared,8010,2670,cords,,,,,,,,,,,,,,,,,,,,,,,,,,,,,,,,,,,,,,,,,,,,
FREETOWN,278,,,,,,30,,,,,Anthracite  Coal  consumed in manufactu ring,180,30,tons,,,,,,,,,,,,,,,,,,,,,,,,,,,,,,,,,,,,,,,,,,,,
FREETOWN,278,,,Vessels employed in the Whale Fishery,2,634,46000,55,,,,sperm oil imported,4550,5461,galls,whale oil,8993,26451,galls,whalebone,1200,4000,lbs,,,,,,,,,,,,,,,,,,,,,,,,,,,,,,,,,,,,
FREETOWN,278,,,,,,,,,,,Sheep total,1032,851,head,wool prod uced,592,1972,lbs,,,,,,,,,,,,,,,,,,,,,,,,,,,,,,,,,,,,,,,,
FREETOWN,278,,,,,,,,,,,Horses,5841,142,head,neat cattle,9906,558,head,swine,3029,352,head,,,,,,,,,,,,,,,,,,,,,,,,,,,,,,,,,,,,
FREETOWN,278,,,,,,4606,,,,,Indian Corn or Maize raised,3224,4606,bush,Rye,583,718,bush,barley,74,149,bush,oats,116,386,bush,potatoes,3544,17721,bush,other es­ culent  vegetables,319,1594,bush,hay,8370,837,tons,,,,,,,,,,,,,,,,,,,,
FREETOWN,278,,,,,,,,,,,Fruit raised,946,4732,bush,,,,,,,,,,,,,,,,,,,,,,,,,,,,,,,,,,,,,,,,,,,,
FREETOWN,278,,,,,,,,,,,Butter,1509,10059,lbs,cheese,220,3140,lbs,,,,,,,,,,,,,,,,,,,,,,,,,,,,,,,,,,,,,,,,
MANSFIELD,278,,,,,,,,,,,,,,,,,,,,,,,,,,,,,,,,,,,,,,,,,,,,,,,,,,,,,,,,,,
MANSFIELD,278,Cotton Mills,6,,,,44000,,52,57,,spindles,46219,3896,lbs,cotton consumed,9000,170430,yds,cotton cloth ,,770326,lbs,cotton yarn ,,27000,,,,,,,,,,,,,,,,,,,,,,,,,,,,,,,,,
MANSFIELD,278,Woollen Mills.,1,,,,4,,6,4,,wool consumed,11000,24000,lbs,satinet ,,27000,yds,,,,,,,,,,,,,,,,,,,,,,,,,,,,,,,,,,,,,,,,
MANSFIELD,279,,,,,,,,,,,,,,,,,,,,,,,,,,,,,,,,,,,,,,,,,,,,,,,,,,,,,,,,,,
MANSFIELD,279,Forges,2,,,,2500,4,,,,bar iron anchors &.C. ,2400,70,tons,,,,,,,,,,,,,,,,,,,,,,,,,,,,,,,,,,,,,,,,,,,,
MANSFIELD,279,Esta bl ishments  for  m.    Cutlery,1,,,,1000,,,,, cutlery  ,4000,6,,B.,,,,,,,,,,,,,,,,,,,,,,,,,,,,,,,,,,,,,,,,,,,
MANSFIELD,279,Tack and Brad Manufactorics,1,,,,4000,8,,,,tacks and  brads ,11250,75,tons,,,,,,,,,,,,,,,,,,,,,,,,,,,,,,,,,,,,,,,,,,,,
MANSFIELD,279,Saddle Harness and Trunk Manufactories,2,,,,200,2,,,,   ,1100,,,,,,,,,,,,,,,,,,,,,,,,,,,,,,,,,,,,,,,,,,,,,,
MANSFIELD,279,Establishments for m.  Rail-road Cars and other Vehicles,7,,,,5900,18,,,, vehicles ,12800,,,,,,,,,,,,,,,,,,,,,,,,,,,,,,,,,,,,,,,,,,,,,,
MANSFIELD,279,Tin Ware Manufactories,1,,,,800,2,,,,  ware,4000,,,,,,,,,,,,,,,,,,,,,,,,,,,,,,,,,,,,,,,,,,,,,,
MANSFIELD,279,,,,,,,,3,1,,Boots ,1800,200,pairs,shoes,,1500,pairs, boots and shoes,,,,,,,,,,,,,,,,,,,,,,,,,,,,,,,,,,,,,,,
MANSFIELD,279,,,,,,,,,250,,Straw Bon nets and Hats ,25165,20455,, straw braid  and not made into bonnets and hats,1000,,,,,,,,,,,,,,,,,,,,,,,,,,,,,,,,,,,,,,,,,,
MANSFIELD,279,,,,,,,,,,,Fire Wood prepared,2864,716,cords,,,,,,,,,,,,,,,,,,,,,,,,,,,,,,,,,,,,,,,,,,,,
MANSFIELD,279,,,,,,,,,,,Sperm Oil consumed in manufact uring,936,936,galls,anthracite coal consumed,65,10,tons,,,,,,,,,,,,,,,,,,,,,,,,,,,,,,,,,,,,,,,,
MANSFIELD,279,,,,,,,,,,,Sheep total,20,12,head,Wool total,13,40,lbs,,,,,,,,,,,,,,,,,,,,,,,,,,,,,,,,,,,,,,,,
MANSFIELD,279,,,,,,,,,,,Horses,6563,133,head,neat cattle,8610,453,head,swine,1438,191,head,,,,,,,,,,,,,,,,,,,,,,,,,,,,,,,,,,,,
MANSFIELD,279,,,,,,4625,,,,,Indian Corn or Maize raised,3098,4625,bush,rye,246,362,bnsh,oats,439,1188,bush,potatoes,4922,19688,bush,hay,10410,694,tons,,,,,,,,,,,,,,,,,,,,,,,,,,,,
MANSFIELD,279,,,,,,,,,,,Fruit raised,588,1470,bush,,,,,,,,,,,,,,,,,,,,,,,,,,,,,,,,,,,,,,,,,,,,
MANSFIELD,279,,,,,,,,,,,Butter,2911,19410,lbs,cheese,1084,13550,lbs,honey,8,50,lbs,beeswax,10,20,lbs,,,,,,,,,,,,,,,,,,,,,,,,,,,,,,,,
MANSFIELD,279,,,,,,,,,,,Baskets ,5228,35200,,,,,,,,,,,,,,,,,,,,,,,,,,,,,,,,,,,,,,,,,,,,,
MANSFIELD,279,,,,,,,,,,,Boots and Shoes bottomed,,18100,pairs,,,,,,,,,,,,,,,,,,,,,,,,,,,,,,,,,,,,,,,,,,,,
MANSFIELD,279,,,,,,,,,,, labor in Sewing and Florence Braid,8187,,,,,,,,,,,,,,,,,,,,,,,,,,,,,,,,,,,,,,,,,,,,,,
MANSFIELD,280,,,,,,,,,,,,,,,,,,,,,,,,,,,,,,,,,,,,,,,,,,,,,,,,,,,,,,,,,,
MANSFIELD,280,,,,,,,,,,,,,,,,,,,,,,,,,,,,,,,,,,,,,,,,,,,,,,,,,,,,,,,,,,
MANSFIELD,280,Furnaces for m.  Hollow Ware nnd Castings other than Pig Iron,1,,,,20000,15,,,,hollow-ware and castings ,7500,75,tons,,,,,,,,,,,,,,,,,,,,,,,,,,,,,,,,,,,,,,,,,,,,
MANSFIELD,280,Brass Foundries,2,,,,11000,20,,,, m's,60000,,,,,,,,,,,,,,,,,,,,,,,,,,,,,,,,,,,,,,,,,,,,,,
MANSFIELD,280,Saddle Harness and Trunk Mau ufactories,5,,,,4300,18,,,,  ,13500,,,,,,,,,,,,,,,,,,,,,,,,,,,,,,,,,,,,,,,,,,,,,,
MANSFIELD,280,Upholstery Manufactories,1,,,,500,1,,,,  upholstery ,1000,,,,,,,,,,,,,,,,,,,,,,,,,,,,,,,,,,,,,,,,,,,,,,
MANSFIELD,280,Cordage Man n factories,1,,,,111000,45,,,,cordage ,27000,300,tons,,,,,,,,,,,,,,,,,,,,,,,,,,,,,,,,,,,,,,,,,,,,
MANSFIELD,280,Esta bl ish men ts for m.  Salt,7,,,,13900,,,,,salt ,3180,15900,bush,B.,,7,,,,,,,,,,,,,,,,,,,,,,,,,,,,,,,,,,,,,,,,,
MANSFIELD,280,Establishmen ts for m.  Co:chcs Chaises and other Vehi­ cles,15,,,,8300,65,,,, vehicles ,15000,,,,,,,,,,,,,,,,,,,,,,,,,,,,,,,,,,,,,,,,,,,,,,
MANSFIELD,280,Establish ments for m.  Oil and Sperm  Cand les,15,,,,386000,66,,,,oil ,734886,230439,galls,sperm candles   l bs,274616,6873441,,,,,,,,,,,,,,,,,,,,,,,,,,,,,,,,,,,,,,,,,
MANSFIELD,280,Soap and Tallow Candle Man u factories,3,,,,4000,4,,,,soap ,4170,110400,lbs,candles  ,9600,16000,,,,,,,,,,,,,,,,,,,,,,,,,,,,,,,,,,,,,,,,,
MANSFIELD,280,,,,,,3400,18,,,,  ,11000,,,,,,,,,,,,,,,,,,,,,,,,,,,,,,,,,,,,,,,,,,,,,,
MANSFIELD,280,Tin Ware Man ufactories,8,,,,18300,,,,, ware,29800,18,,B.,,,,,,,,,,,,,,,,,,,,,,,,,,,,,,,,,,,,,,,,,,,
MANSFIELD,280,Tanneries,3,,,,3700,6,,,,  leather tanned and curried,6700,,,,,,,,,,,,,,,,,,,,,,,,,,,,,,,,,,,,,,,,,,,,,,
MANSFIELD,280,,,,,,,,61,6,,Boots ,21723,3025,pairs,shoes,,8427,, boots and shoes,,,,,,,,,,,,,,,,,,,,,,,,,,,,,,,,,,,,,,,
MANSFIELD,280,,,,,,2500,5,,,, Cigars ,2500,,,,,,,,,,,,,,,,,,,,,,,,,,,,,,,,,,,,,,,,,,,,,,
MANSFIELD,280,,,,,,,16,,,, Blocks and Pumps ,13200,,,,,,,,,,,,,,,,,,,,,,,,,,,,,,,,,,,,,,,,,,,,,,
MANSFIELD,280,,,,,,,2,,,,  Wooden  Ware ,1100,,,,,,,,,,,,,,,,,,,,,,,,,,,,,,,,,,,,,,,,,,,,,,
MANSFIELD,280,,,,,,,,,,,Lumber prepared,5116,255080,feet,,,,,,,,,,,,,,,,,,,,,,,,,,,,,,,,,,,,,,,,,,,,
MANSFIELD,280,,,,,,,,,,,Fire Wood prepared,4715,943,cords,,,,,,,,,,,,,,,,,,,,,,,,,,,,,,,,,,,,,,,,,,,,
MANSFIELD,280,,,,,,,34,,,,Boats built,20375,375,,,,,,,,,,,,,,,,,,,,,,,,,,,,,,,,,,,,,,,,,,,,,
MANSFIELD,280,,,,,,,,,,,Sperm Oil consumed in manufacturing,140,158,galls,whale oil,550,1575,galls,all other kinds  oil,360,756,galls,anthracite coal consumed  in manufactufing,4750,950,tons,,,,,,,,,,,,,,,,,,,,,,,,,,,,,,,,
MANSFIELD,281,,,,,,,,,,,,,,,,,,,,,,,,,,,,,,,,,,,,,,,,,,,,,,,,,,,,,,,,,,
MANSFIELD,281,,,Vessels employed in the Whale Fishery,242,77470,6231900,5775,,,,sperm oil imported,4177255,4397111,galls,whale oil,2532885,8254480,galls,whalebone,1012878,2532445,lbs,,,,,,,,,,,,,,,,,,,,,,,,,,,,,,,,,,,,
MANSFIELD,281,,,,,,,,,,,Sheep total,160,80,head,Wool total,105,320,lbs,,,,,,,,,,,,,,,,,,,,,,,,,,,,,,,,,,,,,,,,
MANSFIELD,281,,,,,,,,,,,Horses,91500,1220,head,neat cattle,37500,1500,head,swine,9000,1800,head,,,,,,,,,,,,,,,,,,,,,,,,,,,,,,,,,,,,
MANSFIELD,281,,,,,,2000,,,,,Indian Corn or Maize raised,11500,2000,bush,rye,170,170,bush,barley,30,34,bush,oats,160,400,bush,potatoes $,4150,10500,bush,hay,10800,900,tons,,,,,,,,,,,,,,,,,,,,,,,,
MANSFIELD,281,,,,,,,,,,,Butter,140,700,lbs,,,,,,,,,,,,,,,,,,,,,,,,,,,,,,,,,,,,,,,,,,,,
MANSFIELD,281,,,,,,37333,143,,,,Barrels ,37672,134400,,,,,,,,,,,,,,,,,,,,,,,,,,,,,,,,,,,,,,,,,,,,,
MANSFIELD,281,Blacksmith's  Shops,11,,,,56829,,,,,   ,40131,,,,,,,,,,,,,,,,,,,,,,,,,,,,,,,,,,,,,,,,,,,,,,
NORTON,281,,,,,,,,,,,,,,,,,,,,,,,,,,,,,,,,,,,,,,,,,,,,,,,,,,,,,,,,,,
NORTON,281,Cotton Mills,4,,,,39600,,35,36,,spindles,35896,2320,lbs,cotton consumed,2000,200000,yds,cotton cloth ,1240,598272,lbs,cotton batting,1300,12000,lbs,  pelisse  wadding  ,,16000,,,,,,,,,,,,,,,,,,,,,,,,,,,,,
NORTON,281,Furnaces for m.  Hollow Ware and Castings other than Pig Iron,1,,,,25000,35,,,,hollow ware and castings ,35000,450,tons,,,,,,,,,,,,,,,,,,,,,,,,,,,,,,,,,,,,,,,,,,,,
NORTON,281,Copper Man ufactorics,1,,,,226000,60,,,,copper ,316750,750,tons,,,,,,,,,,,,,,,,,,,,,,,,,,,,,,,,,,,,,,,,,,,,
NORTON,281,Establishments for m. 'Soap and Tallow Candles,1,,,,1000,2,,,,soap ,1200,300,bbls,,,,,,,,,,,,,,,,,,,,,,,,,,,,,,,,,,,,,,,,,,,,
NORTON,281,Tanneries,1,,,,150,1,,,,hides tanned,50,50,, leather tanned and curried,,,,,,,,,,,,,,,,,,,,,,,,,,,,,,,,,,,,,,,,,,,
NORTON,281,,,,,,,1,,,, Building St.one quarried nod prepa red,300,,,,,,,,,,,,,,,,,,,,,,,,,,,,,,,,,,,,,,,,,,,,,,
NORTON,281,,,,,,,20,,,,Lumber prepared,1167,383000,feet,,,,,,,,,,,,,,,,,,,,,,,,,,,,,,,,,,,,,,,,,,,,
NORTON,281,,,,,,,17,,,,Fire Wood prepared,4996,1660,cords,,,,,,,,,,,,,,,,,,,,,,,,,,,,,,,,,,,,,,,,,,,,
NORTON,282,,,,,,,,,,,,,,,,,,,,,,,,,,,,,,,,,,,,,,,,,,,,,,,,,,,,,,,,,,
NORTON,282,,,,,,,,,,,Sheep total,421,276,head,Wool total,169,665,lbs,,,,,,,,,,,,,,,,,,,,,,,,,,,,,,,,,,,,,,,,
NORTON,282,,,,,,,,,,,Asses,50,1,head,horses,7712,169,head,horses,10875,169,,neat cattle,1465,654,head,swine,,293,head,,,,,,,,,,,,,,,,,,,,,,,,,,,,
NORTON,282,,,,,,6308,,,,,Indian Corn or Maize raised,3154,6308,bush,rye,543,724,bush,oats,4528,600,bush,potatoes,11600,18052,bush,other esculent vegetables,1,800,bush,hay,,1160,tons,:flax,,10,lbs,,,,,,,,,,,,,,,,,,,,
NORTON,282,,,,,,,,,,,Fruit raised,417,2319,bush,,,,,,,,,,,,,,,,,,,,,,,,,,,,,,,,,,,,,,,,,,,,
NORTON,282,,,,,,,,,,,Butter,1227,7535,lbs,cheese,676,8702,lbs,honey,11,68,lbs,beeswax,1,4,lbs,,,,,,,,,,,,,,,,,,,,,,,,,,,,,,,,
NORTON,282,,,,,,,2,,,, Grave Stones,700,,,,,,,,,,,,,,,,,,,,,,,,,,,,,,,,,,,,,,,,,,,,,,
PAWTUCKET,282,,,,,,,,,,,,,,,,,,,,,,,,,,,,,,,,,,,,,,,,,,,,,,,,,,,,,,,,,,
PAWTUCKET,282,Cotton Mills,6,,,,210600,,129,241,,cotton consumed,233682,751208,lbs,printing  cloth  ,10000,1012450,yds,sheeting,,125700,yds,shirting,,1901500,yds,cambric,,228870,yds,cotton thread,,25000,lbs,,,,,,,,,,,,,,,,,,,,,,,,
PAWTUCKET,282,Calico Manufactories,1,,,,200000,,489,61,,calico printed,694606,4961472,yds,,,,,,,,,,,,,,,,,,,,,,,,,,,,,,,,,,,,,,,,,,,,
PAWTUCKET,282,Establishments for m.  Cotton Woollen and other Ma­ chinery,1,,,,25000,50,,,, machinery m:d,60000,,,,,,,,,,,,,,,,,,,,,,,,,,,,,,,,,,,,,,,,,,,,,,
PAWTUCKET,282,Establishments for m.  Coaches Chaises and other Vehicles,2,,,,3000,18,,,, vehicles ,4500,,,,,,,,,,,,,,,,,,,,,,,,,,,,,,,,,,,,,,,,,,,,,,
PAWTUCKET,282,,,,,,,1,,,,Lumber prepared,600,75000,feet,,,,,,,,,,,,,,,,,,,,,,,,,,,,,,,,,,,,,,,,,,,,
PAWTUCKET,282,,,,,,2000,6,,,, all other  ,4400,,,,,,,,,,,,,,,,,,,,,,,,,,,,,,,,,,,,,,,,,,,,,,
PAWTUCKET,282,,,,,,,,,,,Sperm Oil consumed in man ufacturing,2500,2920,galls,whale oil,560,700,galls,anthracite coal consumed in manufacturing,10000,1816,tons,·bituminous coal mined in the U. States,100,14,chaldrons,foreign bitu­ minous coal,4470,596,chaldrons, all other   American production consumed in manufacturing excepting cotton wool and iron,73000,,, all other   for­ eign production consumed excepting as above,76000,,,,,,,,,,,,,,,,,,,,,,
PAWTUCKET,282,,,,,,,,,,,Horses,9000,150,head,neat cattle,3440,172,head,swine,1000,188,head,,,,,,,,,,,,,,,,,,,,,,,,,,,,,,,,,,,,
PAWTUCKET,283,,,,,,,,,,,,,,,,,,,,,,,,,,,,,,,,,,,,,,,,,,,,,,,,,,,,,,,,,,
PAWTUCKET,283,,,,,,670,,,,,Indian Com or Maize raised,400,670,bush,rye,50,68,bush,potatoes,1680,5600,bush,millet,72,6,tons,hay,2240,140,tons,,,,,,,,,,,,,,,,,,,,,,,,,,,,
RAYNHAM,283,,,,,,,,,,,,,,,,,,,,,,,,,,,,,,,,,,,,,,,,,,,,,,,,,,,,,,,,,,
RAYNHAM,283,Rolling Slitting and Nail Mills,1,,,,50000,80,,,,nails  ,210000,4949800,lbs,,,,,,,,,,,,,,,,,,,,,,,,,,,,,,,,,,,,,,,,,,,,
RAYNHAM,283,Forges,1,,,,17000,8,,,,bar iron anchors &C. ,21500,190,tons,,,,,,,,,,,,,,,,,,,,,,,,,,,,,,,,,,,,,,,,,,,,
RAYNHAM,283,Furnaces  for m.    Hollow Ware  and  Castings  other  than Pig Iron,1,,,,4000,10,,,,hollow ware  and castings ,9000,100,tons,,,,,,,,,,,,,,,,,,,,,,,,,,,,,,,,,,,,,,,,,,,,
RAYNHAM,283,Shovel Spade Fork and Hoe Manufactories,2,,,,3700,21,,,,,16500,,,,,,,,,,,,,,,,,,,,,,,,,,,,,,,,,,,,,,,,,,,,,,
RAYNHAM,283,Tanneries,1,,,,1000,3,,,,hides tanned,1200,525,, leather tanned and curried,,,,,,,,,,,,,,,,,,,,,,,,,,,,,,,,,,,,,,,,,,,
RAYNHAM,283,,,,,,,,100,50,,Boots ,31000,600,pairs,shoes,,40000,pairs, boots and shoes,,,,,,,,,,,,,,,,,,,,,,,,,,,,,,,,,,,,,,,
RAYNHAM,283,,,,,,,,,100,,Straw Bonnets and Hats ,800,2000,, straw braid  and not made into bonnets and hats,800,,,,,,,,,,,,,,,,,,,,,,,,,,,,,,,,,,,,,,,,,,
RAYNHAM,283,,,,,,,3,,,,Bricks ,375,95000,,,,,,,,,,,,,,,,,,,,,,,,,,,,,,,,,,,,,,,,,,,,,
RAYNHAM,283,,,,,,,,,,,Lumber prepared,2420,16000,feet,,,,,,,,,,,,,,,,,,,,,,,,,,,,,,,,,,,,,,,,,,,,
RAYNHAM,283,,,,,,,,,,,shingles,38000,112000,,,,,,,,,,,,,,,,,,,,,,,,,,,,,,,,,,,,,,,,,,,,,
RAYNHAM,283,,,,,,,,,,,,,,,,,,,,,,,,,,,,,,,,,,,,,,,,,,,,,,,,,,,,,,,,,,
RAYNHAM,283,,,,,,,,,,,Fire Wood prepared,5695,1610,cords,,,,,,,,,,,,,,,,,,,,,,,,,,,,,,,,,,,,,,,,,,,,
RAYNHAM,283,,,,,,,,,,,Sperm Oil consumed in manufacturing,360,400,galls,anthraci te coal consumed in man ufacturing,1380,230,tons,bituminous  coal mined in the U. States,1760,8000,bush,,,,,,,,,,,,,,,,,,,,,,,,,,,,,,,,,,,,
RAYNHAM,283,,,,,,,,,,,Sheep total,287,164,head,wool prod uced,126,380,lbs,,,,,,,,,,,,,,,,,,,,,,,,,,,,,,,,,,,,,,,,
RAYNHAM,283,,,,,,,,,,,Horses,7450,149,head,neat cattle,5376,358,head,swine,3000,275,head,,,,,,,,,,,,,,,,,,,,,,,,,,,,,,,,,,,,
RAYNHAM,283,,,,,,4781,,,,,Indian Corn or Maize raised,2875,4781,bush,rye,333,444,bush,oats,525,1395,bush,potatoes,3885,15542,bush,other esculent vegetables,200,1800,bush,hay,10860,905,tons,,,,,,,,,,,,,,,,,,,,,,,,
RAYNHAM,284,,,,,,,,,,,,,,,,,,,,,,,,,,,,,,,,,,,,,,,,,,,,,,,,,,,,,,,,,,
RAYNHAM,284,,,,,,,,,,,Fruit raised,582,1455,bush,,,,,,,,,,,,,,,,,,,,,,,,,,,,,,,,,,,,,,,,,,,,
RAYNHAM,284,,,,,,,,,,,Butter,1616,9695,lbs,cheese,395,5650,lbs,honey,36,198,lbs,,,,,,,,,,,,,,,,,,,,,,,,,,,,,,,,,,,,
REHOBOTH,284,,,,,,,,,,,,,,,,,,,,,,,,,,,,,,,,,,,,,,,,,,,,,,,,,,,,,,,,,,
REHOBOTH,284,Cotton Mills,1,,,,25000,,20,,,cotton consumed,16500,50000,lbs,printing cloth ,,253867,yds,F. B.,,25,,,,,,,,,,,,,,,,,,,,,,,,,,,,,,,,,,,,,
REHOBOTH,284,Establishments  for  m.   Cotton  Batting,1,,,,3000,,7,,,batting,7500,25011001,lbs,,,,,,,,,,,,,,,,,,,,,,,,,,,,,,,,,,,,,,,,,,,,
REHOBOTH,284,Plough  Manufactories,1,,,,,1,,,,ploughs  and  other  agricultural tools ,200,25,,,,,,,,,,,,,,,,,,,,,,,,,,,,,,,,,,,,,,,,,,,,,
REHOBOTH,284,,,,,,,,2,2,,Shoes ,1105,1587,pairs,,,,,,,,,,,,,,,,,,,,,,,,,,,,,,,,,,,,,,,,,,,,
REHOBOTH,284,,,,,,,,,33,, straw braid  and not made in to bon nets and hats,3738,,,Straw  Bonnets m'J,400,9200,,,,,,,,,,,,,,,,,,,,,,,,,,,,,,,,,,,,,,,,,
REHOBOTH,284,,,,,,,1,,,,  Whips ,200,,,,,,,,,,,,,,,,,,,,,,,,,,,,,,,,,,,,,,,,,,,,,,
REHOBOTH,284,,,,,,,4,,,, Mechanics'  Tools ,2500,,,,,,,,,,,,,,,,,,,,,,,,,,,,,,,,,,,,,,,,,,,,,,
REHOBOTH,284,,,,,,,7,,,, Wooden Ware ,3000,,,,,,,,,,,,,,,,,,,,,,,,,,,,,,,,,,,,,,,,,,,,,,
REHOBOTH,284,,,,,,,,,,,Shingles ,690,230000,,,,,,,,,,,,,,,,,,,,,,,,,,,,,,,,,,,,,,,,,,,,,
REHOBOTH,284,,,,,,,,,,,Ship timber,2055,411,tons,,,,,,,,,,,,,,,,,,,,,,,,,,,,,,,,,,,,,,,,,,,,
REHOBOTH,284,,,,,,,,,,,Fire Wood prepared,10664,3046,cords,,,,,,,,,,,,,,,,,,,,,,,,,,,,,,,,,,,,,,,,,,,,
REHOBOTH,284,,,,,,,,,,,Sperm Oil consumed in man ufactu ring,260,300,galls,anth raci te coal consumed in man ufacturing,275,50,tons, all other  . American  production consumed ex­ cepting cotton wool and iron,850,,,,,,,,,,,,,,,,,,,,,,,,,,,,,,,,,,,,,,
REHOBOTH,284,,,,,,,,,,,Sheep total,1531,875,head,Wool total,,2406,lbs,,,,,,,,,,,,,,,,,,,,,,,,,,,,,,,,,,,,,,,,
REHOBOTH,284,,,,,,,,,,,Horses,9640,241,head,neat cattle,21850,1051,head,swine,4037,577,head,,,,,,,,,,,,,,,,,,,,,,,,,,,,,,,,,,,,
REHOBOTH,284,,,,,,11555,,,,,Indian Corn or Maize raised,7511,11555,bush,rye,1049,1399,bnsh,barley,12,24,bush,oats,2144,6127,bush,potatoes,8923,35693,bush,other esculent vegetables,400,2500,bush,hay,21955,1955,tons,,,,,,,,,,,,,,,,,,,,
REHOBOTH,285,,,,,,,,,,,,,,,,,,,,,,,,,,,,,,,,,,,,,,,,,,,,,,,,,,,,,,,,,,
REHOBOTH,285,,,,,,,,,,,Fruit raised,3000,15000,bush,,,,,,,,,,,,,,,,,,,,,,,,,,,,,,,,,,,,,,,,,,,,
REHOBOTH,285,,,,,,,,,,,Butter,4271,25625,lbs,cheese,1841,23020,lbs,,,,,,,,,,,,,,,,,,,,,,,,,,,,,,,,,,,,,,,,
REHOBOTH,285,Sash and Blind Manufactories,1,,,,,,,,,sash lights ,1415,35384,lights,blinds ,451,277,,,,,,,,,,,,,,,,,,,,,,,,,,,,,,,,,,,,,,,,,
REHOBOTH,285,,,,,,,,,,,Globes ,500,50,,,,,,,,,,,,,,,,,,,,,,,,,,,,,,,,,,,,,,,,,,,,,
REHOBOTH,285,Cotton Twine Manufactories,1,,,,12000,5,,15,,twine ,12000,75000,lbs,,,,,,,,,,,,,,,,,,,,,,,,,,,,,,,,,,,,,,,,,,,,
SEEKONK,285,,,,,,,,,,,,,,,,,,,,,,,,,,,,,,,,,,,,,,,,,,,,,,,,,,,,,,,,,,
SEEKONK,285,Cotton Mills,3,,,,10000,,47,49,,spindles,56000,4564,yds,printing  cloth  ,,1222300,,,,,,,,,,,,,,,,,,,,,,,,,,,,,,,,,,,,,,,,,
SEEKONK,285,Saddle Harness and Trunk Manufactories,2,,,,1000500,,,,,,1000500,,,,,,,,,,,,,,,,,,,,,,,,,,,,,,,,,,,,,,,,,,,,,,
SEEKONK,285,Establishmen ts for m.  Rail-road Cars and other Vehicles,4,,,,1000,8,,,,  vehicles ,2000,,,,,,,,,,,,,,,,,,,,,,,,,,,,,,,,,,,,,,,,,,,,,,
SEEKONK,285,Tanneries,1,,,,,2,,,, leather tanned and curried,1000,,,,,,,,,,,,,,,,,,,,,,,,,,,,,,,,,,,,,,,,,,,,,,
SEEKONK,285,,,,,,,,2,,,Boots ,495,120,pairs,shoes,,60,pairs, boots and shoes,,,,,,,,,,,,,,,,,,,,,,,,,,,,,,,,,,,,,,,
SEEKONK,285,,,,,,500,2,,,, Snuff Tobacco and Cigars ,500,,,,,,,,,,,,,,,,,,,,,,,,,,,,,,,,,,,,,,,,,,,,,,
SEEKONK,285,,,,,,,8,,,, Building Stone quarried and prepared,1386,,,,,,,,,,,,,,,,,,,,,,,,,,,,,,,,,,,,,,,,,,,,,,
SEEKONK,285,,,,,,,2,,,,,,,,,,,,,,,,,,,,,,,,,,,,,,,,,,,,,,,,,,,,,,,,,,,
SEEKONK,285,,,,,,,1,,,,Frames ,600,1200,,,,,,,,,,,,,,,,,,,,,,,,,,,,,,,,,,,,,,,,,,,,,
SEEKONK,285,,,,,,,1,,,,Plasters ,560,7000,,,,,,,,,,,,,,,,,,,,,,,,,,,,,,,,,,,,,,,,,,,,,
SEEKONK,285,,,,,,,,,,,Lumber  prepared,908,227,tons,,,,,,,,,,,,,,,,,,,,,,,,,,,,,,,,,,,,,,,,,,,,
SEEKONK,285,,,,,,,,,,,Fire Wood prepared,4329,1237,cords,,,,,,,,,,,,,,,,,,,,,,,,,,,,,,,,,,,,,,,,,,,,
SEEKONK,285,,,,,,,,,,,Sperm Oil consumed in manufacturing,765,850,galls,anthracite coal consumed in manufacturing,405,75,tons, all other   American  production  consumed  excepting cotton  wool and iron,1325,,,,,,,,,,,,,,,,,,,,,,,,,,,,,,,,,,,,,,
SEEKONK,285,,,,,,,,,,,Sheep total see species,325,,,Wool total see species,166,,,Saxony Sheep ,,6,head,merino ,,138,head,Saxony wool produced  lbs.,,36,lbs,merino  lbs.,,414,lbs,,,,,,,,,,,,,,,,,,,,,,,,
SEEKONK,286,,,,,,,,,,,,,,,,,,,,,,,,,,,,,,,,,,,,,,,,,,,,,,,,,,,,,,,,,,
SEEKONK,286,,,,,,,,,,,Horses,12750,255,head,neat cattle,22776,1064,head,swine,2320,464,head,,,,,,,,,,,,,,,,,,,,,,,,,,,,,,,,,,,,
SEEKONK,286,,,,,,14153,,,,,Indian Corn or Maize raised,8775,14153,bush,wheat,20,13,bush,rye,1410,1762,bush,barley,58,78,bush,oats.,1283,3208,bush,potatoes,8604,34570,bush,other esculent vegetables,5134,14695,bush,millet,370,37,tons,hay,21692,1972,tons,,,,,,,,,,,,
SEEKONK,286,,,,,,,,,,,Fruit raised,1832,9162,bush,,,,,,,,,,,,,,,,,,,,,,,,,,,,,,,,,,,,,,,,,,,,
SEEKONK,286,,,,,,,,,,,Butter,4079,24475,lbs,cheese,26262964,4370,lbs,,7555,,,,,,,,,,,,,,,,,,,,,,,,,,,,,,,,,,,,,,
SOMERSET,286,,,,,,,,,,,,,,,,,,,,,,,,,,,,,,,,,,,,,,,,,,,,,,,,,,,,,,,,,,
SOMERSET,286,Establishments for m.  Rail-road Cars and other Vehicles,1,,,,150,1,,,,  vehicles ,400,,,,,,,,,,,,,,,,,,,,,,,,,,,,,,,,,,,,,,,,,,,,,,
SOMERSET,286,,,,,,,,4,2,,Boots ,1482,4,pairs,shoes ,,2575,pairs,,,,,,,,,,,,,,,,,,,,,,,,,,,,,,,,,,,,,,,,
SOMERSET,286,Establishments  for  m.   Stone Ware,1,,,,4000,13,,,, ware ,9400,,,,,,,,,,,,,,,,,,,,,,,,,,,,,,,,,,,,,,,,,,,,,,
SOMERSET,286,Establishments for m.  Black Lead Crucibles,1,,,,1200,2,,,, crucibles ,2000,,,,,,,,,,,,,,,,,,,,,,,,,,,,,,,,,,,,,,,,,,,,,,
SOMERSET,286,Establishments for m.  Earthen Ware,3,,,,1100,7,,,, ware ,3300,,,,,,,,,,,,,,,,,,,,,,,,,,,,,,,,,,,,,,,,,,,,,,
SOMERSET,286,,,Vessels employed in the Whale . Fishery,2,36714497,25000,42,,,,tonnage  sperm oil imported,13300,36714497,galls,whale oil,8000,25000,galls,whalebone,2500,7400,lbs,,,,,,,,,,,,,,,,,,,,,,,,,,,,,,,,,,,,
SOMERSET,286,,,,,,,,,,,Sheep total see species,776,,,Wool total see species,429,,,Saxony Sheep ,,25,head,merino ,,73,head,· other sheep ,,386,head,Saxony wool produced  lbs.,,100,lbs,merino  .lbs.,,260,lbs,other wool  lbs.,,1190,lbs,,,,,,,,,,,,,,,,
SOMERSET,286,,,,,,,,,,,Horses,3925,83,head,neat cattle,7976,432,head,swine,3210,291,head,,,,,,,,,,,,,,,,,,,,,,,,,,,,,,,,,,,,
SOMERSET,286,,,,,,6111,,,,,Indian Corn or Maize raised,3972,6111,bush,rye,484,691,bush,barley,57,95,bush,oats,1306,3920,bush,potatoes,3598,11993,bush,other esculent vegetables,1000,3000,tons,hay,8650,692,,,,,,,,,,,,,,,,,,,,,
SOMERSET,287,,,,,,,,,,,,,,,,,,,,,,,,,,,,,,,,,,,,,,,,,,,,,,,,,,,,,,,,,,
SOMERSET,287,,,,,,,,,,,Fruit raised,1334,9344,bush,,,,,,,,,,,,,,,,,,,,,,,,,,,,,,,,,,,,,,,,,,,,
SOMERSET,287,,,,,,,,,,,Butter,1597,9582,lbs,cheese,222,3700,lbs,,,,,,,,,,,,,,,,,,,,,,,,,,,,,,,,,,,,,,,,
SWANZEY,287,,,,,,,,,,,,,,,,,,,,,,,,,,,,,,,,,,,,,,,,,,,,,,,,,,,,,,,,,,
SWANZEY,287,Cotton Mills,1,,,,10000,,10,12,,spindles,11700,180,lbs,cotton consumed,180,31200,yds,printing cloth ,,190000,lbs,cotton yam  and not made into cloth,,600,,,,,,,,,,,,,,,,,,,,,,,,,,,,,,,,,
SWANZEY,287,Paper  Manufactories,1,,,,4000,3,,,,stock consumed,1750,30,tons,paper ,,3500,reams,,,,,,,,,,,,,,,,,,,,,,,,,,,,,,,,,,,,,,,,
SWANZEY,287,Establishments for m.  Rail-road Cars and other Vehicles,4,,,,1000,5,,,, vehicles ,2550,,,,,,,,,,,,,,,,,,,,,,,,,,,,,,,,,,,,,,,,,,,,,,
SWANZEY,287,Tanneries,2,,,,700,2,,,,hides tanned,1500,475,, leather tanned and curried,,,,,,,,,,,,,,,,,,,,,,,,,,,,,,,,,,,,,,,,,,,
SWANZEY,287,,,,,,,,14,10,,Shoes ,8275,12340,pairs,,,,,,,,,,,,,,,,,,,,,,,,,,,,,,,,,,,,,,,,,,,,
SWANZEY,287,,,,,,2,,,,,Bricks ,3750,75000,,,,,,,,,,,,,,,,,,,,,,,,,,,,,,,,,,,,,,,,,,,,,
SWANZEY,287,,,,,,,2,,,,Fire Wood prepared,2519,703,cords,,,,,,,,,,,,,,,,,,,,,,,,,,,,,,,,,,,,,,,,,,,,
SWANZEY,287,,,Vessels launched,2,1000,,30,,,,,30000,,,,,,,,,,,,,,,,,,,,,,,,,,,,,,,,,,,,,,,,,,,,,,
SWANZEY,287,,,,,,,,,,,Boats built,100,1,,,,,,,,,,,,,,,,,,,,,,,,,,,,,,,,,,,,,,,,,,,,,
SWANZEY,287,,,,,,,,,,,Sperm Oil consumed in manufacturing,242,350,galls,whale oil,52,130,galls,all other kinds  oil,30,30,galls,anthracite coal consumed  in  manufacturing,150,30,tons,,,,,,,,,,,,,,,,,,,,,,,,,,,,,,,,
SWANZEY,287,,,,,,,,,,,Sheep total,1321,893,head,Wool total,814,2637,lbs,,,,,,,,,,,,,,,,,,,,,,,,,,,,,,,,,,,,,,,,
SWANZEY,287,,,,,,,,,,,Horses,6553,161,head,neat cattle,13242,644,head,swine,7730,748,head,,,,,,,,,,,,,,,,,,,,,,,,,,,,,,,,,,,,
SWANZEY,287,,,,,,10473,,,,,Indian Corn or Maize raised,6434,10473,bush,rye,1088,1532,bush,barley,52,75,bush,oats,1879,5620,bush,potatoes,5587,24885,bush,other esculent vegetables,1763,6545,bush,hay,12029,1320,tons,,,,,,,,,,,,,,,,,,,,
SWANZEY,287,,,,,,,,,,,Fruit raised,2326,11200,bush,,,,,,,,,,,,,,,,,,,,,,,,,,,,,,,,,,,,,,,,,,,,
SWANZEY,287,,,,,,,,,,,Butter,3439,19824,lbs,cheese,61566,7925,lbs,,10,,,,,,,,,,,,,,,,,,,,,,,,,,,,,,,,,,,,,,
SWANZEY,288,,,,,,,,,,,,,,,,,,,,,,,,,,,,,,,,,,,,,,,,,,,,,,,,,,,,,,,,,,
TAUNTON,288,,,,,,,,,,,,,,,,,,,,,,,,,,,,,,,,,,,,,,,,,,,,,,,,,,,,,,,,,,
TAUNTON,288,Cotton Mills,5,,,,310000,,202,305,,cotton consumed,209682,860122,lbs,cotton cloth ,42859,3310619,yds,cotton Flannel ,,398695,yds,,,,,,,,,,,,,,,,,,,,,,,,,,,,,,,,,,,,
TAUNTON,288,Woollen Mills,1,,,,,,,,,wool consumed,75000,100000,lbs,cassimere ,,80000,yds,,,,,,,,,,,,,,,,,,,,,,,,,,,,,,,,,,,,,,,,
TAUNTON,288,Rolling Slitting and Nail Mills,2,,,,50000,150,,,,iron ,320000,4000,tons,,,,,,,,,,,,,,,,,,,,,,,,,,,,,,,,,,,,,,,,,,,,
TAUNTON,288,Furnaces for  m.  Hollow Ware and Castings other than Pig Iron,4,,,,13500,37,,,,hollow ware and castin.gs ,29980,349,tons,,,,,,,,,,,,,,,,,,,,,,,,,,,,,,,,,,,,,,,,,,,,
TAUNTON,288,Establishments for m.  Cotton Woollen and other Ma­ chinery,2,,,,51000,203,,,, machinery ,172500,,,,,,,,,,,,,,,,,,,,,,,,,,,,,,,,,,,,,,,,,,,,,,
TAUNTON,288,Axe Manufactories,1,,,,200,1,,,,axes and other edge tools ,500,500,,,,,,,,,,,,,,,,,,,,,,,,,,,,,,,,,,,,,,,,,,,,,
TAUNTON,288,Tack and Brad Man ufactories,3,,,,22000,,42,17,,tacks and brads ,62000,350,tons,,,,,,,,,,,,,,,,,,,,,,,,,,,,,,,,,,,,,,,,,,,,
TAUNTON,288,Establishments for m.  Britannia Ware,1,,,,15000,20,,,, ware ,20000,,,,,,,,,,,,,,,,,,,,,,,,,,,,,,,,,,,,,,,,,,,,,,
TAUNTON,288,Paper Manufactories,1,,,,5000,10,,,,stock consumed,18000,150,tons,paper ,,130,tons,,,,,,,,,,,,,,,,,,,,,,,,,,,,,,,,,,,,,,,,
TAUNTON,288,Saddle Haruess and Trunk Manufactories,2,,,,2000,5,,,,  ,3500,,,,,,,,,,,,,,,,,,,,,,,,,,,,,,,,,,,,,,,,,,,,,,
TAUNTON,288,Establish ments for m.  Rail-road Cars and other Vehicles,3,,,,2100,6,,,,  vehicles ,4000,,,,,,,,,,,,,,,,,,,,,,,,,,,,,,,,,,,,,,,,,,,,,,
TAUNTON,288,Establishments for m..  Soap,1,,,,200,1,,,,hard soap,1080,9000,lbs, all the soap,,,,,,,,,,,,,,,,,,,,,,,,,,,,,,,,,,,,,,,,,,,
TAUNTON,288,Tin Ware Manufactories,1,,,,600,3,,,, ware,1500,,,,,,,,,,,,,,,,,,,,,,,,,,,,,,,,,,,,,,,,,,,,,,
TAUNTON,288,Tanneries,1,,,,2500,2,,,, leather tanned and curried,2500,,,,,,,,,,,,,,,,,,,,,,,,,,,,,,,,,,,,,,,,,,,,,,
TAUNTON,288,,,,,,,,22,,,Boots ,10525,1650,pairs,shoes,,6325,pairs, boots and shoes,,,,,,,,,,,,,,,,,,,,,,,,,,,,,,,,,,,,,,,
TAUNTON,288,,,,,,,,,1350,, straw braid  and not made 'into bonnts and hats,28750,87000,,,11000,,,,,,,,,,,,,,,,,,,,,,,,,,,,,,,,,,,,,,,,,,
TAUNTON,289,,,,,,,,,,,,,,,,,,,,,,,,,,,,,,,,,,,,,,,,,,,,,,,,,,,,,,,,,,
TAUNTON,289,,,,,,,97,,,,Bricks ,32083,8258000,,,,,,,,,,,,,,,,,,,,,,,,,,,,,,,,,,,,,,,,,,,,,
TAUNTON,289,,,,,,660,3,,,, Cigars ,660,,,,,,,,,,,,,,,,,,,,,,,,,,,,,,,,,,,,,,,,,,,,,,
TAUNTON,289,,,,,,,1,,,, Mechanics' Tools ,140,,,,,,,,,,,,,,,,,,,,,,,,,,,,,,,,,,,,,,,,,,,,,,
TAUNTON,289,,,,,,,3,,,, Wooden Ware ,1400,,,,,,,,,,,,,,,,,,,,,,,,,,,,,,,,,,,,,,,,,,,,,,
TAUNTON,289,,,,,,,1,,,,Lumber prepared,750,150,tons,,,,,,,,,,,,,,,,,,,,,,,,,,,,,,,,,,,,,,,,,,,,
TAUNTON,289,,,,,,,8,,,,Fire Wood prepared,7954,2949,cords,,,,,,,,,,,,,,,,,,,,,,,,,,,,,,,,,,,,,,,,,,,,
TAUNTON,289,,,Vessels launched,1,,,2,,,,ton nage,1000,50,,,,,,,,,,,,,,,,,,,,,,,,,,,,,,,,,,,,,,,,,,,,,
TAUNTON,289,,,,,,,1,,,,Boats built,1000,20,,,,,,,,,,,,,,,,,,,,,,,,,,,,,,,,,,,,,,,,,,,,,
TAUNTON,289,,,,,,,,,,,Sperm Oil consumed in man ufact nring,4819,5201,galls,other kinds  oil,1390,2650,galls,anth racite coal consu med in ma nufacturing,12736,2308,tons,bitu­ minous coal mined in the U. States,18490,2026,chaldrons, all other   American prod uction consumed in man­ ufacturi ng excepti ng cotton wool and iron,11050,,, all other   foreign production consumed excepting as above,7000,,,,3000,,,,,,,,,,,,,,,,,,,,,,
TAUNTON,289,,,,,,,,,,,Sheep total,948,518,head,Wool total,389,1316,lbs,,,,,,,,,,,,,,,,,,,,,,,,,,,,,,,,,,,,,,,,
TAUNTON,289,,,,,,,,,,,Asses and Mules,225,3,head,horses,32399,588,head,horses,23197,588,,neat cattle,4790,1242,head,swine,,862,head,,,,,,,,,,,,,,,,,,,,,,,,,,,,
TAUNTON,289,,,,,,,,,,,rye,5910,1593,bush,barley,1,111,bush,oats,83,806,bush,potatoes,242,39654,bush,other es­ culent vegetables,9913,10295,bush,hay,2586,2423,tons,,27902,,,,,,,,,,,,,,,,,,,,,,
TAUNTON,289,,,,,,,,,,,Fruit  raised,2054,7666,bush,Indian Corn or Maize raised  hush.,,9851,bush,,,,,,,,,,,,,,,,,,,,,,,,,,,,,,,,,,,,,,,,
TAUNTON,289,,,,,,,,,,,Butter,8619,50700,lbs,cheese,2704,33800,lbs,,,,,,,,,,,,,,,,,,,,,,,,,,,,,,,,,,,,,,,,
TAUNTON,289,,,,,,13000,31,,,,Nail  Casks  ,8000,75000,,,8500,,,,600,,,,,,,,,,,,,,,,,,,,,,,,,,,,,,,,,,,,,,
TAUNTON,289,Knob Manufactories,1,,,,1200,3,,,,wooden  knobs ,1200,600,groce,,,,,,,,,,,,,,,,,,,,,,,,,,,,,,,,,,,,,,,,,,,,
TAUNTON,289,,,,,,,,,,,Flannel or Yarn Kersey ,,40000,yds,,,,,,,,,,,,,,,,,,,,,,,,,,,,,,,,,,,,,,,,,,,,
TAUNTON,289,,,,,,3500,9,,,,Fire Bricks ,8000,266000,,,,,,,,,,,,,,,,,,,,,,,,,,,,,,,,,,,,,,,,,,,,,
TAUNTON,290,,,,,,,,,,,,,,,,,,,,,,,,,,,,,,,,,,,,,,,,,,,,,,,,,,,,,,,,,,
TAUNTON,290,,,,,,1800,5,,,,  Stone Ware ,4000,,,,,,,,,,,,,,,,,,,,,,,,,,,,,,,,,,,,,,,,,,,,,,
TAUNTON,290,,,,,,1800,4,,,,  Black  Lead Pots ,1000,,,,,,,,,,,,,,,,,,,,,,,,,,,,,,,,,,,,,,,,,,,,,,
TAUNTON,290,,,,,,1000,1,,,, Clay Stove Linings ,1000,,,,,,,,,,,,,,,,,,,,,,,,,,,,,,,,,,,,,,,,,,,,,,
WESTPORT,290,,,,,,,,,,,,,,,,,,,,,,,,,,,,,,,,,,,,,,,,,,,,,,,,,,,,,,,,,,
WESTPORT,290,Cotton  Mills,1,,,,15000,,6,12,,cotton  consumed,900,5875,lbs,cotton yarn   and  not  made into cloth,,4500,lbs,,,,,,,,,,,,,,,,,,,,,,,,,,,,,,,,,,,,,,,,
WESTPORT,290,Axe Manufactories,1,,,,200,1,,,,axes and other edge tools ,200,300,,,,,,,,,,,,,,,,,,,,,,,,,,,,,,,,,,,,,,,,,,,,,
WESTPORT,290,Shovel Spade Fork  and Hoe Manufactories,1,,,,1500,5,,,,,2500,,,,,,,,,,,,,,,,,,,,,,,,,,,,,,,,,,,,,,,,,,,,,,
WESTPORT,290,Establishments  for  m.  Salt,1,,,,600,1,,,,salt  ,25,75,bush,,,,,,,,,,,,,,,,,,,,,,,,,,,,,,,,,,,,,,,,,,,,
WESTPORT,290,Establishments for m.  Rail-road Cars and other Vehicles,4,,,,1500,8,,,, vehicles ,4500,,,,,,,,,,,,,,,,,,,,,,,,,,,,,,,,,,,,,,,,,,,,,,
WESTPORT,290,Tanneries,1,,,,1000,1,,,, leather tanned and curried,1000,,,,,,,,,,,,,,,,,,,,,,,,,,,,,,,,,,,,,,,,,,,,,,
WESTPORT,290,,,,,,,,4,,,Boots ,1200,200,pairs,shoes,,1000,pairs, boots and shoes,,,,,,,,,,,,,,,,,,,,,,,,,,,,,,,,,,,,,,,
WESTPORT,290,,,,,,,,,,,Straw Bonnets and Hats ,,75,,,,,,,,,,,,,,,,,,,,,,,,,,,,,,,,,,,,,,,,,,,,,
WESTPORT,290,,,,,,,1,,,, 'Blocks and Pumps ,300,,,,,,,,,,,,,,,,,,,,,,,,,,,,,,,,,,,,,,,,,,,,,,
WESTPORT,290,,,,,,,1,,,,  Wooden  Ware ,150,,,,,,,,,,,,,,,,,,,,,,,,,,,,,,,,,,,,,,,,,,,,,,
WESTPORT,290,,,,,,,4,,,,Lumber prepared,3000,150000,feet,,,,,,,,,,,,,,,,,,,,,,,,,,,,,,,,,,,,,,,,,,,,
WESTPORT,290,,,,,,,12,,,,Fire Wood prepared,11000,2629,cords,,,,,,,,,,,,,,,,,,,,,,,,,,,,,,,,,,,,,,,,,,,,
WESTPORT,290,,,,,,,,,,,Sperm Oil consumed in manufacturing,300,315,galls,anthracite coal consumed in manufacturing,450,75,tons,bituminous  coal  mined   in  the  U.  States,350,35,chaldrons,,,,,,,,,,,,,,,,,,,,,,,,,,,,,,,,,,,,
WESTPORT,290,,,Vessels employed in the Whale Fishery,11,2075,172000,232,,,,sperm oil  imported,2500,80640,galls,whale oil,9400,28192,galls,whalebone,2000,5000,lbs,,,,,,,,,,,,,,,,,,,,,,,,,,,,,,,,,,,,
WESTPORT,290,,,,,,,,,,,Sheep total see species,16263252,41108,lbs,wool  produced,1350,,,,,,,,,,,,,,,,,,,,,,,,,,,,,,,,,,,,,,,,,,
WESTPORT,291,,,,,,,,,,,,,,,,,,,,,,,,,,,,,,,,,,,,,,,,,,,,,,,,,,,,,,,,,,
WESTPORT,291,,,,,,,,,,,Horses,13000,279,head,neat cattle,30130,1364,head,swine,4504,1014,head,,,,,,,,,,,,,,,,,,,,,,,,,,,,,,,,,,,,
WESTPORT,291,,,,,,15736,,,,,Indian Corn or Maize raised,11015,15736,bush,rye,401,446,bush,barley,315,455,bush,oats,3230,8971,bush,potatoes,12180,36551,bush,other esculent vegetables,2985,11959,bush,hay,41846,1757,tons,,,,,,,,,,,,,,,,,,,,
WESTPORT,291,,,,,,,,,,,Fruit raised,3737,14947,bush,,,,,,,,,,,,,,,,,,,,,,,,,,,,,,,,,,,,,,,,,,,,
WESTPORT,291,,,,,,,,,,,Butter,6030,33502,lbs,cheese,647,8090,lbs,beeswax,25,15,lbs,,5,,,,,,,,,,,,,,,,,,,,,,,,,,,,,,,,,,
WESTPORT,291,,,,,,2500,,,,,Oil Casks ,3125,2500,,,,,,,,,,,,,,,,,,,,,,,,,,,,,,,,,,,,,,,,,,,,,
WESTPORT,291,,,,,,,,,,, Truss Hoops ,300,,,,,,,,,,,,,,,,,,,,,,,,,,,,,,,,,,,,,,,,,,,,,,
