industry;cluster;percent;rank
clothing;boots;10.45;1
clothing;cotton;9.09;2
fisheries;whale fishery;7.23;3
husbandry;animals;6.83;4
clothing;woolen;6.32;5
leather goods;tanneries;4.24;6
grain;hay grass;3.65;7
imports;imports;3.36;8
clothing;calico;3.33;9
tools;frames;3.07;10
energy;oil candles;2.54;11
clothing;coloring;2.09;12
construction;nails;2.03;13
paper;paper;2.01;14
dry goods;brooms;1.99;15
grain;grain;1.55;16
machines;machines;1.46;17
vegetables;vegetables;1.3;18
dairy;dairy;1.24;19
dry goods;palm straw goods;1.11;20
chemicals;chemical preparations;1.09;21
furniture;chairs;1.06;22
energy;energy imports;1.03;23
leather goods;saddles;1.02;24
vehicles;vehicles;0.98;25
tools;castings;0.91;26
vehicles;vessels;0.88;27
fisheries;mackerel and cod fisheries;0.82;28
;fire wood;0.76;29
;stone;0.75;30
;lumber;0.74;31
;sugar;0.74;32
;glass;0.72;33
;tallow soap;0.62;34
;cordage;0.61;35
dry goods;wooden ware;0.61;36
;cooperage;0.56;37
clothing;hats and caps;0.56;38
;fruit;0.53;39
;sheep;0.5;40
;bricks;0.43;41
dry goods;metal ware;0.4;42
;bakeries;0.39;43
;forges;0.39;44
clothing;worsted;0.33;45
dry goods;tin ware;0.29;46
;copper;0.27;47
chemicals;glue;0.27;48
;all other articles;0.26;49
;jewelry;0.25;50
;upholstery;0.25;51
;brass;0.23;52
paper;cards;0.23;53
arms;powder;0.23;54
;tobacco;0.23;55
arms;fire arms;0.2;56
dry goods;buttons;0.19;57
chemicals;lead paint;0.18;58
;tacks;0.18;59
;clothing;0.17;60
;fur;0.17;61
;lard oil;0.17;62
;linen;0.17;63
;provisions;0.16;64
;shovels;0.16;65
construction;marble;0.15;66
;mechanics tools;0.15;67
;combs;0.14;68
;linseed oil;0.14;69
;scythes;0.14;70
;steam engines;0.14;71
;drinks;0.13;72
;pumps;0.13;73
;axes;0.12;74
;brushes;0.11;75
;pig iron;0.11;76
;boxes;0.1;77
;silk;0.1;78
paper;books;0.09;79
;cutlery;0.09;80
construction;fences;0.09;81
fisheries;fisheries;0.09;82
tools;instruments;0.09;83
grain;starch;0.09;84
grain;flour;0.08;85
;musical instruments;0.08;86
tools;ploughs;0.08;87
tools;whips;0.08;88
dry goods;britannia ware;0.07;89
arms;cannons;0.06;90
provisions;chocolate;0.06;91
;lasts;0.06;92
provisions;salt;0.06;93
construction;stoves;0.06;94
;fringe and tassel;0.05;95
machines;clocks;0.04;96
clothing;hosiery;0.04;97
clothing;carpeting;0.03;98
dry goods;earthen ware;0.03;99
machines;fire engines;0.03;100
machines;gins;0.03;101
;lead;0.03;102
construction;lime;0.03;103
;turning;0.03;104
;wire;0.03;105
grain;hops;0.02;106
;iron ore;0.02;107
;labor;0.02;108
husbandry;bees;0.01;109
chemicals;blacking;0.01;110
clothing;cloth;0.01;111
paper;printing;0.01;112
;rubber;0.01;113
;steel pens;0.01;114
tools;tools;0.01;115
dry goods;wooden goods;0.01;116
;cooper;0;117
;teazles;0;118
;woods;0;119
