city,cityP,MA,lon,lat
ABINGTON,ABINGTON,1,-70.9575553229,42.117786895
ACTON,ACTON,2,-71.4335542763,42.4861193035
ACUSHNET,ACUSHNET,3,-70.9094595103,41.6833769734
ADAMS,ADAMS,4,-73.1209652087,42.6213982096
AGAWAM,AGAWAM,5,-72.6260715276,42.0885372007
ALFORD,ALFORD,6,-73.4143428931,42.2360921608
AMESBURY,AMESBURY,7,-70.9332878944,42.856386759
AMHERST,AMHERST,8,-72.5186598699,42.3755820034
ANDOVER,ANDOVER,9,-71.1363488287,42.6544495295
AQUINNAH,AQUINNAH,104,-70.8132950749,41.3433150464
ARLINGTON,ARLINGTON,10,-71.1563348181,42.415777619
ASHBURNHAM,ASHBURNHAM,11,-71.909012752,42.6362914692
ASHBY,ASHBY,12,-71.8223924456,42.6784792302
ASHFIELD,ASHFIELD,13,-72.7918613095,42.5261650899
ASHLAND,ASHLAND,14,-71.4650365586,42.2617677665
ATHOL,ATHOL,15,-72.2279996994,42.5941432536
ATTLEBORO,ATTLEBOROUGH,16,-71.2807307534,41.9437602751
AUBURN,AUBURN,17,-71.8354422957,42.1954208044
AVON,AVON,18,-71.0392881294,42.1291016739
AYER,AYER,19,-71.5867064263,42.5594876584
BARNSTABLE,BARNSTABLE,20,-70.2829717363,41.6529585858
BARRE,BARRE,21,-72.1087264694,42.4232789176
BECKET,BECKET,22,-73.058351277,42.2768022112
BEDFORD,BEDFORD,23,-71.2817765632,42.4916366626
BELCHERTOWN,BELCHERTOWN,24,-72.4003743369,42.2769129936
BELLINGHAM,BELLINGHAM,25,-71.4733211491,42.0873066982
BELMONT,BELMONT,26,-71.1772754049,42.3966439129
BERKLEY,BERKLEY,27,-71.082869348,41.8453665757
BERLIN,BERLIN,28,-71.6401432713,42.381061486
BERNARDSTON,BERNARDSTON,29,-72.5506700063,42.6714290949
BEVERLY,BEVERLY,30,-70.8786612832,42.5478140031
BILLERICA,BILLERICA,31,-71.2714491639,42.5625713688
BLACKSTONE,BLACKSTONE,32,-71.5334079266,42.017362009
BLANDFORD,BLANDFORD,33,-72.9252792178,42.180031794
BOLTON,BOLTON,34,-71.6052547129,42.4334947264
BOSTON,BOSTON,35,-71.0578490323,42.3604301906
BOURNE,BOURNE,36,-70.6017455315,41.7479039384
BOXBOROUGH,BOXBOROUGH,37,-71.5138880266,42.4828636762
BOXFORD,BOXFORD,38,-71.0145072866,42.6941181087
BOYLSTON,BOYLSTON,39,-71.7530386391,42.3254792443
BRAINTREE,BRAINTREE,40,-71.0053575418,42.2060811686
HAVERHILL,BRADFORD,128,-71.075891,42.769519
BREWSTER,BREWSTER,41,-70.0744390438,41.7619232077
BRIDGEWATER,BRIDGEWATER,42,-70.9758821432,41.988911875
BOSTON,BRIGHTON,35,-71.162676,42.34635
BRIMFIELD,BRIMFIELD,43,-72.2039436662,42.121811288
BROCKTON,NORTH BRIDGEWATER,44,-71.0185639163,42.082661375
BROOKFIELD,BROOKFIELD,45,-72.1012012936,42.2152401173
BROOKLINE,BROOKLINE,46,-71.1206275252,42.3340009645
BUCKLAND,BUCKLAND,47,-72.7416459549,42.6038937347
BURLINGTON,BURLINGTON,48,-71.1938970298,42.5061975949
CAMBRIDGE,CAMBRIDGE,49,-71.1056596813,42.3671209683
CANTON,CANTON,50,-71.1442585201,42.1591444455
CARLISLE,CARLISLE,51,-71.3512503438,42.5294056515
CARVER,CARVER,52,-70.7684819613,41.8888743189
CHARLEMONT,CHARLEMONT,53,-72.8706553776,42.6284687986
CHARLTON,CHARLTON,54,-71.9701704266,42.1340387278
BOSTON,CHARLESTOWN,35,-71.060875,42.375804
CHATHAM,CHATHAM,55,-69.9592706053,41.6811442918
CHELMSFORD,CHELMSFORD,56,-71.347171362,42.5985627936
CHELSEA,CHELSEA,57,-71.0329802484,42.3937356567
CHESHIRE,CHESHIRE,58,-73.1628145882,42.5619354213
CHESTER,CHESTER,59,-72.9831556751,42.2798112999
CHESTERFIELD,CHESTERFIELD,60,-72.8436210374,42.3924073372
CHICOPEE,CHICOPEE,61,-72.6065019796,42.1485999064
CHILMARK,CHILMARK,62,-70.7439780954,41.343762369
CLARKSBURG,CLARKSBURG,63,-73.084445058,42.7120827563
CLINTON,CLINTON,64,-71.6826531973,42.4173216274
COHASSET,COHASSET,65,-70.8024382668,42.2431500733
COLRAIN,COLRAIN,66,-72.7069224699,42.6738323962
CONCORD,CONCORD,67,-71.3487350717,42.4611356977
CONWAY,CONWAY,68,-72.6967389165,42.5088844759
CUMMINGTON,CUMMINGTON,69,-72.8931953539,42.4607670281
DALTON,DALTON,70,-73.1695264672,42.4728274376
DANA,DANA,404,-72.2573813223,42.4407903426
DANVERS,DANVERS,71,-70.9395298247,42.5626194262
DARTMOUTH,DARTMOUTH,72,-70.9655038645,41.6287701962
DEDHAM,DEDHAM,73,-71.1733158732,42.246445078
DEERFIELD,DEERFIELD,74,-72.6084362355,42.4793246681
DENNIS,DENNIS,75,-70.1566985494,41.6896449949
DIGHTON,DIGHTON,76,-71.1185165259,41.8369236693
BOSTON,DORCHESTER,35,-71.067615,42.301628
DOUGLAS,DOUGLAS,77,-71.7132028174,42.0717160912
DOVER,DOVER,78,-71.2808159886,42.24508398
DRACUT,DRACUT,79,-71.3011004265,42.6704469104
DUDLEY,DUDLEY,80,-71.8918805511,42.0440405001
DUNSTABLE,DUNSTABLE,81,-71.4817518213,42.6749131718
DUXBURY,DUXBURY,82,-70.6921878896,42.0352469374
EAST BRIDGEWATER,EAST BRIDGEWATER,83,-70.9557432388,42.0290586747
EAST BROOKFIELD,EAST BROOKFIELD,84,-72.0299333973,42.2140369051
EAST LONGMEADOW,EAST LONGMEADOW,85,-72.5135399506,42.0648783967
EASTHAM,EASTHAM,86,-69.9731284846,41.8303524454
EASTHAMPTON,EASTHAMPTON,87,-72.6708500471,42.2656781452
EASTON,EASTON,88,-71.0957625156,42.0748384769
EDGARTOWN,EDGARTOWN,89,-70.5146335056,41.38995339
EGREMONT,EGREMONT,90,-73.4281191794,42.1908793565
ENFIELD,ENFIELD,401,-72.3362581476,42.3198256632
ERVING,ERVING,91,-72.3984677597,42.6000567587
ESSEX,ESSEX,92,-70.7832201493,42.6315873122
EVERETT,EVERETT,93,-71.054758369,42.4083977316
FAIRHAVEN,FAIRHAVEN,94,-70.9035046633,41.6363353005
FALL RIVER,FALL RIVER,95,-71.1546780332,41.7019499956
FALMOUTH,FALMOUTH,96,-70.6184869329,41.5514407772
FITCHBURG,FITCHBURG,97,-71.8038152465,42.584019209
FLORIDA,FLORIDA,98,-73.0097477376,42.6661592479
FOXBOROUGH,FOXBOROUGH,99,-71.2503524023,42.0628091175
FRAMINGHAM,FRAMINGHAM,100,-71.4168454294,42.2797371924
FRANKLIN,FRANKLIN,101,-71.3998902115,42.0843091138
FREETOWN,FREETOWN,102,-71.0680931317,41.7954817764
GARDNER,GARDNER,103,-71.9960142209,42.5740821252
GEORGETOWN,GEORGETOWN,105,-70.9927922043,42.722652936
GILL,GILL,106,-72.4997657818,42.6412540215
GLOUCESTER,GLOUCESTER,107,-70.662719723,42.6140955324
GOSHEN,GOSHEN,108,-72.7997849251,42.4415123708
GOSNOLD,GOSNOLD,109,-70.9296228247,41.421144914
GRAFTON,GRAFTON,110,-71.6930992348,42.2102457037
GRANBY,GRANBY,111,-72.5156420743,42.2579818526
GRANVILLE,GRANVILLE,112,-72.8806111742,42.0669673916
GREAT BARRINGTON,GREAT BARRINGTON,113,-73.3637424135,42.1938044914
GREENFIELD,GREENFIELD,114,-72.6012702187,42.5874997919
GREENWICH,GREENWICH,402,-72.2760632262,42.3838107409
GROTON,GROTON,115,-71.5715597543,42.6079856142
GROVELAND,GROVELAND,116,-71.0254706438,42.7679653314
HADLEY,HADLEY,117,-72.5885319483,42.3421086223
HALIFAX,HALIFAX,118,-70.8609358353,41.9913577572
HAMILTON,HAMILTON,119,-70.8547557147,42.6197141962
HAMPDEN,HAMPDEN,120,-72.4139552246,42.064519719
HANCOCK,HANCOCK,121,-73.3109559277,42.5479552689
HANOVER,HANOVER,122,-70.8436467531,42.1162640166
HANSON,HANSON,123,-70.8666634114,42.0651645239
HARDWICK,HARDWICK,124,-72.2103857419,42.3066250256
HARVARD,HARVARD,125,-71.5846511253,42.5026084853
HARWICH,HARWICH,126,-70.0728818163,41.6865492704
HATFIELD,HATFIELD,127,-72.5968679615,42.3726083672
HAVERHILL,HAVERHILL,128,-71.0767654337,42.7779814363
HAWLEY,HAWLEY,129,-72.913574541,42.6033206548
HEATH,HEATH,130,-72.8217119386,42.6737289712
HINGHAM,HINGHAM,131,-70.8857983252,42.2313317098
HINSDALE,HINSDALE,132,-73.1228682913,42.4376275999
HOLBROOK,HOLBROOK,133,-71.0092195565,42.1560416705
HOLDEN,HOLDEN,134,-71.862428283,42.3511896618
HOLLAND,HOLLAND,135,-72.1604314615,42.0653976215
HOLLISTON,HOLLISTON,136,-71.4294954996,42.2022007763
HOLYOKE,HOLYOKE,137,-72.6074426295,42.2066221662
HOPEDALE,HOPEDALE,138,-71.5398335882,42.1289757401
HOPKINTON,HOPKINTON,139,-71.5192766712,42.2296173583
HUBBARDSTON,HUBBARDSTON,140,-72.0073536218,42.4745812076
HUDSON,HUDSON,141,-71.5677434524,42.391580423
HULL,HULL,142,-70.8459766103,42.2652477214
HUNTINGTON,HUNTINGTON,143,-72.8769691951,42.2314420773
IPSWICH,IPSWICH,144,-70.8325346923,42.6796587764
KINGSTON,KINGSTON,145,-70.7365503859,41.9969358789
LAKEVILLE,LAKEVILLE,146,-70.9448477089,41.838262244
LANCASTER,LANCASTER,147,-71.6730484944,42.4544971221
LANESBOROUGH,LANESBOROUGH,148,-73.2283141474,42.5202250503
LAWRENCE,LAWRENCE,149,-71.1600333412,42.708226077
LEE,LEE,150,-73.2488924809,42.3051251174
LEICESTER,LEICESTER,151,-71.9059817421,42.2471131216
LENOX,LENOX,152,-73.2846069642,42.3565027078
LEOMINSTER,LEOMINSTER,153,-71.7613686677,42.5270359785
LEVERETT,LEVERETT,154,-72.5007232462,42.4524454044
LEXINGTON,LEXINGTON,155,-71.2245286174,42.446937342
LEYDEN,LEYDEN,156,-72.6314421244,42.7011792771
LINCOLN,LINCOLN,157,-71.306927789,42.4239903843
LITTLETON,LITTLETON,158,-71.4805809724,42.5421839507
LONGMEADOW,LONGMEADOW,159,-72.5806621077,42.0506571744
LOWELL,LOWELL,160,-71.3140063162,42.6463763038
LUDLOW,LUDLOW,161,-72.4647818595,42.1704934441
LUNENBURG,LUNENBURG,162,-71.7251977056,42.5954812091
LYNN,LYNN,163,-70.9510433629,42.4647567957
LYNNFIELD,LYNNFIELD,164,-71.0472029319,42.5383164824
MALDEN,MALDEN,165,-71.0727062001,42.4272797624
MANCHESTER,MANCHESTER-BY-THE-SEA,166,-70.7723051349,42.57488183
MANSFIELD,MANSFIELD,167,-71.216255162,42.0235007978
MARBLEHEAD,MARBLEHEAD,168,-70.8524164233,42.5025773324
MARION,MARION,169,-70.767036607,41.7026234394
MARLBOROUGH,MARLBOROUGH,170,-71.5477994085,42.3465984784
MARSHFIELD,MARSHFIELD,171,-70.7094869063,42.0910114789
MASHPEE,MASHPEE,172,-70.4808308947,41.648090149
MATTAPOISETT,MATTAPOISETT,173,-70.8172401404,41.6592344315
MAYNARD,MAYNARD,174,-71.4612531577,42.4304105136
MEDFIELD,MEDFIELD,175,-71.3050210375,42.1872003697
MEDFORD,MEDFORD,176,-71.10586616,42.4182500905
MEDWAY,MEDWAY,177,-71.3982817041,42.1400682344
MELROSE,MELROSE,178,-71.0647288838,42.4566712427
MENDON,MENDON,179,-71.5512845654,42.1054803246
MERRIMAC,MERRIMAC,180,-71.0018554842,42.8335299958
METHUEN,METHUEN,181,-71.1834485426,42.7299594087
MIDDLEBOROUGH,MIDDLEBOROUGH,182,-70.9111084528,41.8919297853
MIDDLEFIELD,MIDDLEFIELD,183,-73.0094039409,42.3445313387
MIDDLETON,MIDDLETON,184,-71.0142062076,42.5930715616
MILFORD,MILFORD,185,-71.5165731196,42.1426928384
MILLBURY,MILLBURY,186,-71.7620063255,42.1890860459
MILLIS,MILLIS,187,-71.3601722155,42.1667749135
MILLVILLE,MILLVILLE,188,-71.5815263916,42.0273922806
MILTON,MILTON,189,-71.0801790532,42.2534419727
MONROE,MONROE,190,-72.9405771729,42.7225158238
MONSON,MONSON,191,-72.3154913894,42.0999173446
MONTAGUE,MONTAGUE,192,-72.5550688931,42.60945588
MONTEREY,MONTEREY,193,-73.2137780724,42.1796837134
MONTGOMERY,MONTGOMERY,194,-72.8171727559,42.2139704234
MOUNT WASHINGTON,MOUNT WASHINGTON,195,-73.4532509014,42.0997405282
NAHANT,NAHANT,196,-70.9135701655,42.4243389948
NANTUCKET,NANTUCKET,197,-70.0990043076,41.2851021503
NATICK,NATICK,198,-71.3459692834,42.2837013878
NEEDHAM,NEEDHAM,199,-71.2364119826,42.2810375813
NEW ASHFORD,NEW ASHFORD,200,-73.2408084655,42.6045754795
NEW BEDFORD,NEW BEDFORD,201,-70.9274333031,41.6355547055
NEW BRAINTREE,NEW BRAINTREE,202,-72.1227265005,42.3173679887
NEW MARLBOROUGH,NEW MARLBOROUGH,203,-73.2664361244,42.1127664633
NEW SALEM,NEW SALEM,204,-72.331527682,42.5016338112
NEWBURY,NEWBURY,205,-70.8610892477,42.7978480439
NEWBURYPORT,NEWBURYPORT,206,-70.8726032965,42.8111137461
NEWTON,NEWTON,207,-71.2087106175,42.337457968
NORFOLK,NORFOLK,208,-71.2821986963,42.0908853971
NORTH ADAMS,NORTH ADAMS,209,-73.1143495751,42.6990009399
NORTH ANDOVER,NORTH ANDOVER,210,-71.1308724869,42.7031133834
NORTH ATTLEBOROUGH,NORTH ATTLEBOROUGH,211,-71.3339970907,41.9809282746
NORTH BROOKFIELD,NORTH BROOKFIELD,212,-72.0854692133,42.2687870569
NORTH READING,NORTH READING,213,-71.11975375,42.5867362407
NORTHAMPTON,NORTHAMPTON,214,-72.6318761323,42.3175691443
NORTHBOROUGH,NORTHBOROUGH,215,-71.6380677041,42.3206224339
NORTHBRIDGE,NORTHBRIDGE,216,-71.665421462,42.1100944522
NORTHFIELD,NORTHFIELD,217,-72.4560852519,42.6937247041
NORTON,NORTON,218,-71.1811911519,41.9706099219
NORWELL,NORWELL,219,-70.8203862164,42.1569042979
HUNTINGTON,NORWICH,143,-72.838425,42.288978
NORWOOD,NORWOOD,220,-71.1998067081,42.1948764608
OAK BLUFFS,OAK BLUFFS,221,-70.5669973567,41.4556501634
OAKHAM,OAKHAM,222,-72.0420271024,42.3534059842
ORANGE,ORANGE,223,-72.3099939351,42.5918113759
ORLEANS,ORLEANS,224,-69.9767794941,41.7825757228
OTIS,OTIS,225,-73.0933361891,42.1927382631
OXFORD,OXFORD,226,-71.865003631,42.117626467
PALMER,PALMER,227,-72.3441799488,42.1880425783
CHELMSFORD,PAWTUCKET,56,-71.347171362,42.5985627936
PAXTON,PAXTON,228,-71.9282062726,42.3114779226
PEABODY,PEABODY,229,-70.9288723098,42.5259948613
PELHAM,PELHAM,230,-72.4092909723,42.39100103
PEMBROKE,PEMBROKE,231,-70.808724502,42.0720854322
PEPPERELL,PEPPERELL,232,-71.597793017,42.6673469144
PERU,PERU,233,-73.0442750514,42.4378197319
PETERSHAM,PETERSHAM,234,-72.1858978971,42.48831594
PHILLIPSTON,PHILLIPSTON,235,-72.1321527318,42.5489439194
PITTSFIELD,PITTSFIELD,236,-73.2519387556,42.4496800811
PLAINFIELD,PLAINFIELD,237,-72.91652528,42.5162065678
PLAINVILLE,PLAINVILLE,238,-71.3370510658,42.0058027237
PLYMOUTH,PLYMOUTH,239,-70.6585115029,41.9538460781
PLYMPTON,PLYMPTON,240,-70.8166818642,41.9572535324
PRESCOTT,PRESCOTT,403,-72.3497089434,42.4090545221
PRINCETON,PRINCETON,241,-71.8787969256,42.4498445563
PROVINCETOWN,PROVINCETOWN,242,-70.1875172785,42.0512312949
QUINCY,QUINCY,243,-71.003717962,42.2510076848
RANDOLPH,RANDOLPH,244,-71.0428779064,42.1613580654
RAYNHAM,RAYNHAM,245,-71.051304466,41.9221798288
READING,READING,246,-71.1035926586,42.5254804465
REHOBOTH,REHOBOTH,247,-71.2018960752,41.8886129395
REVERE,REVERE,248,-71.0131697313,42.4079240518
RICHMOND,RICHMOND,249,-73.3670752129,42.3900964184
ROCHESTER,ROCHESTER,250,-70.8224531413,41.7315974589
ROCKLAND,ROCKLAND,251,-70.915648725,42.1287704983
ROCKPORT,ROCKPORT,252,-70.619518957,42.6567175489
ROWE,ROWE,253,-72.8984148181,42.694769533
ROWLEY,ROWLEY,254,-70.8814581745,42.7081327973
ROWLEY,ROWLEY,254,-70.8799427715,42.714730457
BOSTON,ROXBURY,35,-71.091379,42.315198
ROYALSTON,ROYALSTON,255,-72.1880036411,42.6755960434
RUSSELL,RUSSELL,256,-72.8565943085,42.1899937922
RUTLAND,RUTLAND,257,-71.955229497,42.3768060055
SALEM,SALEM,258,-70.8953481675,42.5217790635
SALISBURY,SALISBURY,259,-70.8593036955,42.8417940779
SANDISFIELD,SANDISFIELD,260,-73.0969528554,42.1011144697
SANDWICH,SANDWICH,261,-70.5006336313,41.7581334287
SAUGUS,SAUGUS,262,-71.0091815172,42.465299597
SAVOY,SAVOY,263,-73.0250086534,42.5637431139
SCITUATE,SCITUATE,264,-70.7683715555,42.1975169942
SEEKONK,SEEKONK,265,-71.3252688909,41.8301393804
SHARON,SHARON,266,-71.1807637407,42.1216244728
SHEFFIELD,SHEFFIELD,267,-73.3540045636,42.1109469818
SHELBURNE,SHELBURNE,268,-72.7387452186,42.6034754565
SHERBORN,SHERBURNE,269,-71.3713310966,42.2396490598
SHIRLEY,SHIRLEY,270,-71.641561939,42.5452538678
SHREWSBURY,SHREWSBURY,271,-71.7223010476,42.2915233071
SHUTESBURY,SHUTESBURY,272,-72.4094922072,42.451824655
SOMERSET,SOMERSET,273,-71.1413679638,41.75174406
SOMERVILLE,SOMERVILLE,274,-71.0969700078,42.3871321826
SOUTH HADLEY,SOUTH HADLEY,275,-72.5935247127,42.2150103546
SOUTHAMPTON,SOUTHAMPTON,276,-72.7288629925,42.2288643676
SOUTHBOROUGH,SOUTHBOROUGH,277,-71.5319867344,42.3061185949
SOUTHBRIDGE,SOUTHBRIDGE,278,-72.0341730615,42.0733241938
SOUTHWICK,SOUTHWICK,279,-72.7713522754,42.0531679454
SPENCER,SPENCER,280,-71.9924976856,42.2444481498
SPRINGFIELD,SPRINGFIELD,281,-72.5897590246,42.1013489416
STERLING,STERLING,282,-71.7595372354,42.4385336336
STOCKBRIDGE,STOCKBRIDGE,283,-73.3193418452,42.2831913885
STONEHAM,STONEHAM,284,-71.0985522074,42.4803371863
STOUGHTON,STOUGHTON,285,-71.1029807433,42.125501242
STOW,STOW,286,-71.5066707074,42.436320493
STURBRIDGE,STURBRIDGE,287,-72.0807804693,42.1086583739
SUDBURY,SUDBURY,288,-71.4113482351,42.3827375076
SUNDERLAND,SUNDERLAND,289,-72.5804923608,42.467483412
SUTTON,SUTTON,290,-71.7626481323,42.1495693463
SWAMPSCOTT,SWAMPSCOTT,291,-70.9182639132,42.46967286
SWANSEA,SWANZEY,292,-71.1904854822,41.7490635194
TAUNTON,TAUNTON,293,-71.0895001654,41.901208816
TEMPLETON,TEMPLETON,294,-72.0546767202,42.597798867
TEWKSBURY,TEWKSBURY,295,-71.234295092,42.611903346
TISBURY,TISBURY,296,-70.6050633129,41.4542773362
TOLLAND,TOLLAND,297,-73.0026434923,42.081582839
TOPSFIELD,TOPSFIELD,298,-70.9511883807,42.6416990931
TOWNSEND,TOWNSEND,299,-71.706959696,42.6670829929
TRURO,TRURO,300,-70.0562628024,41.998386367
TYNGSBOROUGH,TYNGSBOROUGH,301,-71.4272440944,42.6804581098
TYRINGHAM,TYRINGHAM,302,-73.2045110564,42.2461293132
UPTON,UPTON,303,-71.6036824674,42.1736850148
UXBRIDGE,UXBRIDGE,304,-71.6288172952,42.0752724782
WAKEFIELD,SOUTH READING,305,-71.0728537883,42.5062264887
WALES,WALES,306,-72.2203556486,42.0734701138
WALPOLE,WALPOLE,307,-71.2498769639,42.1455538635
WALTHAM,WALTHAM,308,-71.2352663921,42.3761536138
WARE,WARE,309,-72.2425315554,42.2603396326
WAREHAM,WAREHAM,310,-70.7240668852,41.7593440639
WARREN,WARREN,311,-72.1986096091,42.2114245762
WARWICK,WARWICK,312,-72.3380463903,42.6823928018
WASHINGTON,WASHINGTON,313,-73.1159818615,42.3731968137
WATERTOWN,WATERTOWN,314,-71.187447335,42.3678798678
WAYLAND,WAYLAND,315,-71.3598515089,42.3614607385
WEBSTER,WEBSTER,316,-71.8803884096,42.0494999382
WELLESLEY,WELLESLEY,317,-71.2915492524,42.2980060101
WELLFLEET,WELLFLEET,318,-70.0310815418,41.9384723651
WENDELL,WENDELL,319,-72.3973497261,42.549511296
WENHAM,WENHAM,320,-70.8867920872,42.6044197886
WEST BOYLSTON,WEST BOYLSTON,321,-71.7768113134,42.3865941538
WEST BRIDGEWATER,WEST BRIDGEWATER,322,-71.0086349754,42.0212144112
WEST BROOKFIELD,WEST BROOKFIELD,323,-72.1423891475,42.2352031819
WEST NEWBURY,WEST NEWBURY,324,-70.98930688,42.8004709526
WEST SPRINGFIELD,WEST SPRINGFIELD,325,-72.6234052062,42.1058639451
WEST STOCKBRIDGE,WEST STOCKBRIDGE,326,-73.3670703777,42.3342113189
WEST TISBURY,WEST TISBURY,327,-70.6752397246,41.3802625987
WESTBOROUGH,WESTBOROUGH,328,-71.6137857177,42.2684467001
WESTFIELD,WESTFIELD,329,-72.7544271033,42.1205124928
WESTFORD,WESTFORD,330,-71.4371962892,42.5821138696
WESTHAMPTON,WESTHAMPTON,331,-72.7744385006,42.3040573199
WESTMINSTER,WESTMINSTER,332,-71.9111172391,42.5457768052
WESTON,WESTON,333,-71.298793105,42.369344448
WESTPORT,WESTPORT,334,-71.0893389731,41.5793955013
WESTWOOD,WESTWOOD,335,-71.2207567244,42.2284182194
WEYMOUTH,WEYMOUTH,336,-70.939131212,42.2219947797
WHATELY,WHATELY,337,-72.6344648032,42.4406008529
WHITMAN,WHITMAN,338,-70.935791668,42.0812903482
WILBRAHAM,WILBRAHAM,339,-72.4520377212,42.120494578
WILLIAMSBURG,WILLIAMSBURG,340,-72.7031089987,42.3744628347
WILLIAMSTOWN,WILLIAMSTOWN,341,-73.2095678389,42.7146436645
WILMINGTON,WILMINGTON,342,-71.1801493308,42.5657930436
WINCHENDON,WINCHENDON,343,-72.0491609182,42.6816617625
WINCHESTER,WINCHESTER,344,-71.1346135751,42.4527497601
WINDSOR,WINDSOR,345,-73.0561941337,42.5113496173
WINTHROP,WINTHROP,346,-70.984664886,42.3776241868
WOBURN,WOBURN,347,-71.1525705614,42.4791040785
WORCESTER,WORCESTER,348,-71.8018817228,42.2625324268
WORTHINGTON,WORTHINGTON,349,-72.9369838231,42.3994506644
WRENTHAM,WRENTHAM,350,-71.3293813422,42.0651464933
YARMOUTH,YARMOUTH,351,-70.1990305437,41.6638899083
