county,city,page,manufacturing site,number  factories,tonnage,capital,employeeS,employeesM,employeesF,goods0
BARNSTABLE,HARWICH,319,distributed,,,700,18,,,Blacking
BARNSTABLE,SANDWICH,321,Axe Manufactories,1,,900,2,,,axes and other edge tools
BARNSTABLE,SANDWICH,322,Iron  Axle  Manufactories,1,,3000,4,,,axles
BARNSTABLE,BREWSTER,315,distributed,,,,7,,,Blacking
BARNSTABLE,PROVINCETOWN,321,distributed,,,,2,,,Blocks and Pumps
BARNSTABLE,BARNSTABLE,314,distributed,,,,1,,,Blocks and Pumps
BARNSTABLE,BARNSTABLE,314,workshops,,,,2,,,Boats built
BARNSTABLE,CHATHAM,315,workshops,,,,1,,,Boats built
BARNSTABLE,ORLEANS,320,workshops,,,,2,,,Boats built
BARNSTABLE,PROVINCETOWN,321,workshops,,,,9,,,Boats built
BARNSTABLE,BARNSTABLE,314,distributed,,,,,18,12,Boots
BARNSTABLE,BREWSTER,315,distributed,,,,,9,2,Boots
BARNSTABLE,CHATHAM,315,distributed,,,,,3,,Boots
BARNSTABLE,DENNIS,316,distributed,,,,,8,,Boots
BARNSTABLE,EASTHAM,317,distributed,,,,,3,,Boots
BARNSTABLE,FALMOUTH,318,distributed,,,,,5,,Boots
BARNSTABLE,HARWICH,319,distributed,,,,,9,,Boots
BARNSTABLE,ORLEANS,320,distributed,,,,,8,3,Boots
BARNSTABLE,PROVINCETOWN,321,distributed,,,,,8,6,Boots
BARNSTABLE,SANDWICH,322,distributed,,,,,2,,Boots
BARNSTABLE,WELLFLEET,323,distributed,,,,,8,,Boots
BARNSTABLE,YARMOUTH,324,distributed,,,,,15,,Boots
BARNSTABLE,BARNSTABLE,314,distributed,,,,1,,,Bricks
BARNSTABLE,SANDWICH,322,distributed,,,,3,,,Bricks
BARNSTABLE,SANDWICH,322,quarries,,,,2,,,Building Stone quarried and prepared
BARNSTABLE,FALMOUTH,318,distributed,,,1200,1,,,Candle Boxes
BARNSTABLE,HARWICH,319,distributed,,,456,7,,,Carpenters' Work
BARNSTABLE,SANDWICH,322,woods,,,3000,2,,,Casks
BARNSTABLE,BARNSTABLE,314,Chair and Cabinet Ware Manufactories,1,,200,1,,,Chair and Cabinet Ware
BARNSTABLE,SANDWICH,321,Chair and Cabinet Ware Manufactories,1,,233,2,,,Chair and Cabinet Ware
BARNSTABLE,YARMOUTH,324,Chair and Cabinet Ware Manufactories,1,,200,1,,,Chair and Cabinet Ware
BARNSTABLE,BREWSTER,315,Vessels employed in the Mackerel and Cod Fisheries,4,235,7500,32,,,codfish
BARNSTABLE,WELLFLEET,323,Vessels employed in the Mackerel and Cod Fisheries,60,2600,50000,480,,,codfish
BARNSTABLE,DENNIS,316,fisheries,,,225,,,,Codfish Oil
BARNSTABLE,YARMOUTH,324,Cordage Manufactories,1,,1,2,,,cordage
BARNSTABLE,DENNIS,316,woods,,,,2,,,Fire Wood
BARNSTABLE,HARWICH,319,woods,,,,10,,,Fire Wood
BARNSTABLE,BARNSTABLE,314,woods,,,,43,,,Fire Wood
BARNSTABLE,FALMOUTH,318,woods,,,,409,,,Fire Wood
BARNSTABLE,ORLEANS,320,woods,,,,5,,,Fire Wood
BARNSTABLE,SANDWICH,322,woods,,,,16,,,Fire Wood
BARNSTABLE,YARMOUTH,324,woods,,,,8,,,Fire Wood
BARNSTABLE,PROVINCETOWN,321,workshops,,,2250,,,,Fishing boats
BARNSTABLE,DENNIS,316,Forges,1,,700,7,,,Forges .
BARNSTABLE,SANDWICH,321,Glass Manufactories,2,,300000,316,,,glass
BARNSTABLE,SANDWICH,321,Furnaces Hollow Ware and Castings other than Pig Iron,1,,20000,18,,,hollow ware and castings
BARNSTABLE,HARWICH,319,Forges,2,,600,3,,,labor
BARNSTABLE,DENNIS,316,Lamp Black Factories,13,,1200,13,,,lamp black
BARNSTABLE,FALMOUTH,318,distributed,,,,3,,,lamp black
BARNSTABLE,HARWICH,319,Tanneries,1,,400,2,,,leather tanned and curried
BARNSTABLE,BARNSTABLE,314,Tanneries,1,,500,2,,,leather tanned and curried
BARNSTABLE,BREWSTER,315,Tanneries,2,,5200,4,,,leather tanned and curried
BARNSTABLE,FALMOUTH,318,Tanneries,1,,400,1,,,leather tanned and curried
BARNSTABLE,WELLFLEET,323,Tanneries,1,,250,2,,,leather tanned and curried
BARNSTABLE,DENNIS,316,Vessels  employed  in the  Mackerel  and Cod Fisheries,32,1532,36822,330,,,mackerel
BARNSTABLE,BARNSTABLE,314,Vessels employed in the Mackerel and Cod Fisheries,8,460,8500,86,,,mackerel
BARNSTABLE,CHATHAM,315,Vessels employed in the Mackerel and Cod Fisheries,13,777,12800,117,,,mackerel
BARNSTABLE,EASTHAM,317,Vessels employed in the Mackerel and Cod Fisheries,5,,1500,41,,,mackerel
BARNSTABLE,HARWICH,319,Vessels employed in the Mackerel and Cod Fisheries,22,1410,321796,190,,,mackerel
BARNSTABLE,ORLEANS,320,Vessels employed in the Mackerel and Cod Fisheries,9,490,9000,75,,,mackerel
BARNSTABLE,PROVINCETOWN,321,Vessels employed in the Mackerel and Cod Fisheries,50,3000,57000,400,,,mackerel
BARNSTABLE,YARMOUTH,324,Vessels employed in the Mackerel and Cod Fisheries,24,1404,27500,297,,,mackerel
BARNSTABLE,TRURO,322,Vessels employed in the Mackerel and Cod Fisheries .,40,2050,63050,350,,,mackerel
BARNSTABLE,PROVINCETOWN,320,Establishments Oil and Sperm Candles,1,,1000,3,,,oil
BARNSTABLE,FALMOUTH,317,Establishments Oil and Sperm Candles,1,,26000,5,,,oil
BARNSTABLE,FALMOUTH,318,distributed,,,1000,3,,,Oil Casks
BARNSTABLE,HARWICH,319,distributed,,,500,2,,,Painters' Work
BARNSTABLE,ORLEANS,320,distributed,,,,,,2,Palm+AC0-leaf  Hats
BARNSTABLE,TRURO,322,distributed,,,,,,410,Palm+AC0-leaf  Hats
BARNSTABLE,EASTHAM,317,distributed,,,,,,20,Palm+AC0-leaf Hats
BARNSTABLE,BARNSTABLE,314,Saddle Harness and Trunk Manufactories,2,,500,2,,,Saddle Harness and Trunk
BARNSTABLE,FALMOUTH,317,Saddle Harness and Trunk Manufactories,1,,250,2,,,Saddle Harness and Trunk
BARNSTABLE,SANDWICH,321,Saddle Harness and Trunk Manufactories,3,,577,3,,,Saddle Harness and Trunk
BARNSTABLE,YARMOUTH,324,Saddle Harness and Trunk Manufactories,5,,650,5,,,Saddle Harness and Trunk
BARNSTABLE,HARWICH,319,distributed,,,2000,4,,,Sails
BARNSTABLE,DENNIS,316,Establishments for m. Salt,85,,86000,100,,,salt
BARNSTABLE,HARWICH,319,Establishments for m. Salt,4,,375,6,,,salt
BARNSTABLE,TRURO,322,Establishments for m. Salt,25,,19640,25,,,salt
BARNSTABLE,BREWSTER,315,Establishments for m. Salt,39,,16500,39,,,salt
BARNSTABLE,EASTHAM,317,Establishments for m. Salt,35,,14180,35,,,salt
BARNSTABLE,SANDWICH,321,Establishments for m. Salt,4,,2000,2,,,salt
BARNSTABLE,WELLFLEET,323,Establishments for m. Salt,28,,32000,28,,,salt
BARNSTABLE,BARNSTABLE,314,Establishments for m. Salt,24,,17350,27,,,salt
BARNSTABLE,PROVINCETOWN,320,Establishments for m. Salt,70,,2780,100,,,salt
BARNSTABLE,YARMOUTH,324,Establishments for m. Salt,62,,72840,40,,,salt
BARNSTABLE,CHATHAM,315,Establishments for m. Salt,54,,19600,54,,,salt
BARNSTABLE,FALMOUTH,317,Establishments for m. Salt,42,,28000,35,,,salt
BARNSTABLE,ORLEANS,320,Establishments for m. Salt,46,,11170,46,,,salt
BARNSTABLE,YARMOUTH,324,Establishments for m'g Epsom Salts,3,,1200,3,,,salts
BARNSTABLE,DENNIS,316,Shad and Alewive Fisheries,1,,1490,65,,,shad
BARNSTABLE,FALMOUTH,318,Vessels employed in the Whale Fishery,5,1574,169000,134,,,sperm oil imported
BARNSTABLE,PROVINCETOWN,321,Vessels employed in the Whale Fishery,26,3255,156000,520,,,sperm oil imported
BARNSTABLE,HARWICH,318,Cotton Mills,1,,2300,,,5,spindles
BARNSTABLE,SANDWICH,322,Saw Mills,1,,3000,2,,,staves
BARNSTABLE,BREWSTER,315,Paper Manufactories,1,,5000,3,,,stock consumed
BARNSTABLE,FALMOUTH,318,Vessels employed in the Mackerel and Cod Fisheries,2,,2500,17,,,mackerel
BARNSTABLE,BARNSTABLE,314,Establishments for m. Rail+AC0-road Cars and other Vehicles,7,,1950,9,,,vehicles
BARNSTABLE,HARWICH,319,Establishments for m. Rail+AC0-road Cars and other Vehicles,1,,100,2,,,vehicles
BARNSTABLE,ORLEANS,320,Establishments for m. Rail+AC0-road Cars and other Vehicles,2,,700,3,,,vehicles
BARNSTABLE,SANDWICH,321,Establishments for m. Rail+AC0-road Cars and other Vehicles,3,,1000,6,,,vehicles
BARNSTABLE,YARMOUTH,324,Establishments for m. Rail+AC0-road Cars and other Vehicles,3,,1000,4,,,vehicles
BARNSTABLE,BARNSTABLE,314,Tin Ware Manufactories,1,,200,1,,,Tin ware
BARNSTABLE,SANDWICH,321,Tin and Copper Ware Manufactories,1,,1200,3,,,Tin ware
BARNSTABLE,YARMOUTH,324,Tin Ware Manufactories,2,,550,2,,,Tin ware
BARNSTABLE,ORLEANS,320,Tin Ware Manufactories,1,,500,2,,,Tin ware
BARNSTABLE,BREWSTER,315,Tin Ware Manufactories,1,,2000,3,,,Tin ware
BARNSTABLE,FALMOUTH,317,Tin Ware Manufactories,1,,8300,1,,,Tin ware
BARNSTABLE,HARWICH,319,distributed,,,1200,5,,,Wearing Apparel
BARNSTABLE,HARWICH,319,distributed,,,200,2,,,Wheelwrights' Work
BARNSTABLE,FALMOUTH,317,Woollen Mills,2,,35000,,14,17,wool consumed
BARNSTABLE,SANDWICH,322,Vessels launched,1,400,,15,,,
