county,city,page,manufacturing site,number  factories,tonnage,capital,employeeS,employeesM,employeesF,goods0
BERKSHIRE,ADAMS,212,Saddle Harness and Trunk Manufactories,5,,1575,10,,,0
BERKSHIRE,DALTON,216,distributed,,,,9,,,Bricks
BERKSHIRE,BECKET,214,distributed,,,5600,23,,,all other
BERKSHIRE,WINDSOR,240,distributed,,,300,6,,,all other
BERKSHIRE,PITTSFIELD,229,Establishments for Fire Arms,2,,30500,33,,,arms muskets
BERKSHIRE,TYRINGHAM,236,Shovel Spade Fork and Hoe Manufactories,1,,1000,,3,,Shovel Spade Fork and Hoe
BERKSHIRE,OTIS,227,Axe Manufactories,1,,,,,,Axe
BERKSHIRE,FLORIDA,218,Axe Manufactories,2,,1000,2,,,axes and other edge tools
BERKSHIRE,LENOX,226,Axe Manufactories,1,,500,2,,,axes and other edge tools
BERKSHIRE,LEE,222,distributed,,,500,1,,,axes and other edge tools
BERKSHIRE,WASHINGTON,238,Forges,1,,100,2,,,bar iron
BERKSHIRE,FLORIDA,218,Forges,1,,12000,29,,,bar iron anchors and other wrought iron
BERKSHIRE,LEE,222,Forges,1,,10000,11,,,bar iron anchors and other wrought iron
BERKSHIRE,OTIS,227,Forges,2,,10000,13,,,bar iron anchors and other wrought iron
BERKSHIRE,SHEFFIELD,234,woods,,,100,2,,,Barrels
BERKSHIRE,LENOX,227,woods,,,6000,,,,Barrels and Casks
BERKSHIRE,ADAMS,213,distributed,,,,,35,14,Boots
BERKSHIRE,ALFORD,213,distributed,,,,,2,,Boots
BERKSHIRE,BECKET,214,distributed,,,,,3,,Boots
BERKSHIRE,CHESHIRE,215,distributed,,,,,3,,Boots
BERKSHIRE,DALTON,216,distributed,,,,,7,2,Boots
BERKSHIRE,EGREMONT,217,distributed,,,,1,,,Boots
BERKSHIRE,FLORIDA,219,distributed,,,,,8,3,Boots
BERKSHIRE,HANCOCK,220,distributed,,,,,2,,Boots
BERKSHIRE,HINSDALE,221,distributed,,,,,6,,Boots
BERKSHIRE,LEE,223,distributed,,,,,14,,Boots
BERKSHIRE,LENOX,224,distributed,,,,,14,,Boots
BERKSHIRE,LENOX,226,distributed,,,,,1,1,Boots
BERKSHIRE,LENOX,227,distributed,,,,,8,,Boots
BERKSHIRE,OTIS,228,distributed,,,,,4,,Boots
BERKSHIRE,PERU,228,distributed,,,,,4,2,Boots
BERKSHIRE,RICHMOND,231,distributed,,,,,,1,Boots
BERKSHIRE,SANDISFIELD,232,distributed,,,,,23,3,Boots
BERKSHIRE,SHEFFIELD,234,distributed,,,,,3,,Boots
BERKSHIRE,STOCKBRIDGE,235,distributed,,,,,7,,Boots
BERKSHIRE,TYRINGHAM,236,distributed,,,,,4,,Boots
BERKSHIRE,WILLIAMSTOWN,239,distributed,,,,,55,25,Boots
BERKSHIRE,WINDSOR,240,distributed,,,,,1,,Boots
BERKSHIRE,PITTSFIELD,229,distributed,,,,,26,,Boots .
BERKSHIRE,ADAMS,213,distributed,,,,2,,,Bricks
BERKSHIRE,FLORIDA,219,distributed,,,,4,,,Bricks
BERKSHIRE,LEE,223,distributed,,,,4,,,Bricks
BERKSHIRE,LENOX,224,distributed,,,,4,,,Bricks
BERKSHIRE,PITTSFIELD,230,distributed,,,,11,,,Bricks
BERKSHIRE,SANDISFIELD,232,distributed,,,,1,,,Bricks
BERKSHIRE,STOCKBRIDGE,235,distributed,,,,5,,,Bricks
BERKSHIRE,WILLIAMSTOWN,239,distributed,,,,2,,,Bricks
BERKSHIRE,SANDISFIELD,232,distributed,,,,1,,,Building Stone quarried and prepared
BERKSHIRE,FLORIDA,219,quarries,,,,3,,,Building Stone quarried and prepared
BERKSHIRE,ADAMS,212,Calico Manufactories,2,,13500,,40,4,calico printed
BERKSHIRE,STOCKBRIDGE,236,distributed,,,437,,,,Carpets
BERKSHIRE,STOCKBRIDGE,235,Chair and Cabinet Ware Manufactories,2,,2000,26,,,Chair and Cabinet Ware
BERKSHIRE,WINDSOR,240,Chair and Cabinet Ware Manufactories,1,,200,1,,,Chair and Cabinet Ware
BERKSHIRE,SANDISFIELD,232,Chair and Cabinet Ware Manufactories,1,,500,2,,,Chair and Cabinet Ware
BERKSHIRE,TYRINGHAM,236,Chair and Cabinet Ware Manufactories,1,,500,2,,,Chair and Cabinet Ware
BERKSHIRE,DALTON,216,Chair and Cabinet Ware Manufactories,2,,1750,5,,,Chair and Cabinet Ware
BERKSHIRE,WASHINGTON,239,Chair and Cabinet Ware Manufactories,1,,200,2,,,Chair and Cabinet Ware
BERKSHIRE,LEE,223,Chair and Cabinet Ware Manufactories,3,,550,3,,,Chair and Cabinet Ware
BERKSHIRE,HINSDALE,221,Chair and Cabinet Ware Manufactories,1,,300,1,,,Chair and Cabinet Ware
BERKSHIRE,ADAMS,213,Chair and Cabinet Ware Manufactories,3,,1700,9,,,Chair and Cabinet Ware
BERKSHIRE,EGREMONT,217,Chair and Cabinet Ware Manufactories,1,,250,,,,Chair and Cabinet Ware
BERKSHIRE,FLORIDA,218,Chair and Cabinet Ware Manufactories,3,,2000,8,,,Chair and Cabinet Ware
BERKSHIRE,PITTSFIELD,229,Chair and Cabinet Ware Manufactories,3,,7700,11,,,Chair and Cabinet Ware
BERKSHIRE,WILLIAMSTOWN,239,Chair and Cabinet Ware Manufactories,1,,600,3,,,Chair and Cabinet Ware
BERKSHIRE,SHEFFIELD,233,Chair and Cabinet Ware Manufactories,1,,200,1,,,Chair and Cabinet Ware
BERKSHIRE,LENOX,227,distributed,,,12000,2,,,Cheese Boxes
BERKSHIRE,OTIS,228,distributed,,,12035,23,,,Cheese Boxes
BERKSHIRE,OTIS,227,Clock Manufactories,1,,1,2,,,clocks
BERKSHIRE,CLARKSBURG,216,distributed,,,1000,2,,,Cloth Boxes
BERKSHIRE,LEE,224,Tailors' Shops,4,,625,7,5,,clothing
BERKSHIRE,PITTSFIELD,230,distributed,,,8350,6,,,Com and other Brooms
BERKSHIRE,PITTSFIELD,229,Comb Manufactories,1,,25,1,,,combs
BERKSHIRE,TYRINGHAM,236,Comb Manufactories,2,,900,4,,,combs
BERKSHIRE,FLORIDA,218,Cordage Manufactories,1,,500,2,,,cordage
BERKSHIRE,HANCOCK,220,Cordage Manufactories,1,,150,1,,,cordage
BERKSHIRE,HANCOCK,220,distributed,,,10260,2,,,Corn and other Brooms
BERKSHIRE,TYRINGHAM,236,distributed,,,2000,15,,,Corn and other Brooms
BERKSHIRE,WILLIAMSTOWN,239,distributed,,,700,12,,,Corn and other Brooms
BERKSHIRE,RICHMOND,231,distributed,,,13792,2,,,Corn and other Brooms
BERKSHIRE,LEE,222,Cotton Mills,1,,10000,,12,16,cotton consumed
BERKSHIRE,PITTSFIELD,229,Cotton Mills,2,,51700,,19,40,cotton consumed
BERKSHIRE,WILLIAMSTOWN,239,Cotton Mills,2,,17500,41,27,,cotton consumed
BERKSHIRE,ADAMS,212,Cotton Mills,14,,100000,,190,364,cotton consumed +AC0-
BERKSHIRE,FLORIDA,217,woods,,,,6,,,Fire Wood
BERKSHIRE,TYRINGHAM,236,woods,,,,28,,,Fire Wood
BERKSHIRE,SANDISFIELD,232,woods,,,,43,,,Fire Wood
BERKSHIRE,CLARKSBURG,215,woods,,,,9,,,Fire Wood
BERKSHIRE,DALTON,216,woods,,,,16,,,Fire Wood
BERKSHIRE,FLORIDA,219,woods,,,,20,,,Fire Wood
BERKSHIRE,HINSDALE,221,woods,,,,25,,,Fire Wood
BERKSHIRE,LEE,223,woods,,,2000,52,,,Fire Wood
BERKSHIRE,LENOX,225,woods,,,,10,,,Fire Wood
BERKSHIRE,OTIS,228,woods,,,,6,,,Fire Wood
BERKSHIRE,SHEFFIELD,234,woods,,,,13,,,Fire Wood
BERKSHIRE,STOCKBRIDGE,235,woods,,,,3,,,Fire Wood
BERKSHIRE,WASHINGTON,237,woods,,,,37,,,Fire Wood
BERKSHIRE,WINDSOR,240,woods,,,,1,,,Fire Wood
BERKSHIRE,LENOX,227,woods,,,,7,,,Fire Wood
BERKSHIRE,ALFORD,214,woods,,,,2,,,Fire Wood
BERKSHIRE,FLORIDA,219,Flouring  Mills,1,,4000,1,,,flour
BERKSHIRE,SANDISFIELD,232,Flouring Mills,1,,200,1,,,flour
BERKSHIRE,SHEFFIELD,233,Flouring Mills,1,,5000,2,,,flour
BERKSHIRE,WASHINGTON,239,Flouring Mills,1,,1000,2,,,flour
BERKSHIRE,OTIS,228,Flouring Mills .,2,,,,,,Flouring Mills
BERKSHIRE,FLORIDA,218,Establishments for Chronometers Watches Gold and Silver Ware and Jewelry,1,,1000,1,,,Chronometers Watches Gold and Silver Ware and Jewelry
BERKSHIRE,SHEFFIELD,233,Establishments for Chronometers Watches Gold and Silver Ware and Jewelry,1,,200,1,,,Chronometers Watches Gold and Silver Ware and Jewelry
BERKSHIRE,PITTSFIELD,229,Establishments for Rail+AC0-road Cars and other Vehicles,8,,16050,49,,,vehicles
BERKSHIRE,ADAMS,212,Establishments for Rail+AC0-road Cars and other Vehicles,6,,2300,13,,,vehicles
BERKSHIRE,RICHMOND,231,Fork and Hoe Manufactories,1,,2500,4,,,Fork and Hoe
BERKSHIRE,FLORIDA,219,Gin Distilleries,1,,4500,,,,grain consumed
BERKSHIRE,FLORIDA,218,Hat and Cap Manufactories,1,,1000,6,,,hats and caps
BERKSHIRE,PITTSFIELD,229,Hat and Cap Manufactories,1,,3000,14,,,hats and caps
BERKSHIRE,HINSDALE,221,Hat and Cap Manufactories,1,,100,1,,,hats and caps
BERKSHIRE,SHEFFIELD,233,Hat and Cap Manufactories,1,,400,3,,,hats and caps
BERKSHIRE,LENOX,226,Hat and Cap Manufactories,1,,200,1,,,hats and caps
BERKSHIRE,HANCOCK,220,Tanneries,2,,2100,3,,,hides tanned
BERKSHIRE,HINSDALE,221,Tanneries,2,,14000,8,,,hides tanned
BERKSHIRE,PITTSFIELD,229,Tanneries,3,,17350,12,,,hides tanned
BERKSHIRE,SHEFFIELD,234,Tanneries,2,,1000,3,,,hides tanned
BERKSHIRE,LENOX,227,distributed,,,,2,,,Hoe and Fork Handles
BERKSHIRE,STOCKBRIDGE,235,Furnaces Hollow Ware and Castings other than Pig Iron,1,,2300,3,,,hollow ware and castings
BERKSHIRE,LENOX,226,Furnaces Hollow Ware and Castings other than Pig Iron,1,,3000,5,,,hollow ware and castings
BERKSHIRE,PITTSFIELD,229,Furnaces Hollow Ware and Castings other than Pig Iron,4,,1,14,,,hollow ware and castings
BERKSHIRE,ADAMS,212,Furnaces Hollow Ware and Castings other than Pig Iron,2,,1000,8,,,hollow ware and castings
BERKSHIRE,LEE,222,Furnaces Hollow Ware and Castings other than Pig Iron,1,,2000,2,,,hollow ware and castings
BERKSHIRE,HANCOCK,220,Furnaces Hollow Ware and Castings other than Pig Iron,1,,500,2,,,hollow ware and castings
BERKSHIRE,SANDISFIELD,232,distributed,,,1200,7,,,Horse Shoes 
BERKSHIRE,PITTSFIELD,229,Musical Instrument Manufactories,1,,250,1,,,instruments
BERKSHIRE,WASHINGTON,238,Rolling Mills,1,,,,,,iron  and not made into nails
BERKSHIRE,RICHMOND,231,mines,,,,25,,,Iron Ore mined
BERKSHIRE,WASHINGTON,239,mines,,,,41,,,Iron Ore mined
BERKSHIRE,PITTSFIELD,230,quarries,,,,22,,,Marble quarried and prepared
BERKSHIRE,FLORIDA,219,Last and Boot Tree Factories,2,,5000,18,,,lasts and boot trees
BERKSHIRE,SAVOY,233,Tanneries,1,,10000,4,,,leather  tanned
BERKSHIRE,RICHMOND,231,Tanneries,1,,600,2,,,leather tanned and curried
BERKSHIRE,TYRINGHAM,236,Tanneries,1,,1000,2,,,leather tanned and curried
BERKSHIRE,STOCKBRIDGE,235,Tanneries,2,,1000,3,,,leather tanned and curried
BERKSHIRE,ADAMS,213,Tanneries,5,,8100,16,,,leather tanned and curried
BERKSHIRE,BECKET,214,Tanneries,1,,3000,3,,,leather tanned and curried
BERKSHIRE,FLORIDA,219,Tanneries,2,,4000,8,,,leather tanned and curried
BERKSHIRE,LENOX,224,Tanneries,2,,1075,3,,,leather tanned and curried
BERKSHIRE,LENOX,227,Tanneries,1,,750,2,,,leather tanned and curried
BERKSHIRE,OTIS,228,Tanneries,3,,2000,6,,,leather tanned and curried
BERKSHIRE,SANDISFIELD,232,Tanneries,5,,11750,21,,,leather tanned and curried
BERKSHIRE,WILLIAMSTOWN,239,Tanneries,1,,4000,4,,,leather tanned and curried
BERKSHIRE,LEE,223,Tanneries,1,,4000,3,,,leather tanned and curried
BERKSHIRE,DALTON,216,Tanneries,1,,300,1,,,leather tanned and curried
BERKSHIRE,ADAMS,213,mines,,,,4,,,Lime
BERKSHIRE,HINSDALE,221,mines,,,,7,,,Lime
BERKSHIRE,LEE,223,mines,,,,2,,,Lime
BERKSHIRE,LENOX,225,mines,,,,14,,,Lime
BERKSHIRE,LENOX,227,mines,,,,10,,,Lime
BERKSHIRE,RICHMOND,231,mines,,,,4,,,Lime
BERKSHIRE,SHEFFIELD,234,mines,,,,2,,,Lime
BERKSHIRE,STOCKBRIDGE,235,mines,,,,2,,,Lime
BERKSHIRE,DALTON,216,woods,,,,20,,,Lumber 
BERKSHIRE,ALFORD,214,woods,,,,2,,,Lumber 
BERKSHIRE,STOCKBRIDGE,235,woods,,,,11,,,Lumber 
BERKSHIRE,TYRINGHAM,236,woods,,,,4,,,Lumber 
BERKSHIRE,BECKET,214,woods,,,,32,,,Lumber 
BERKSHIRE,CLARKSBURG,215,woods,,,,4,,,Lumber 
BERKSHIRE,CHESHIRE,215,woods,,,,8,,,Lumber 
BERKSHIRE,FLORIDA,217,woods,,,,6,,,Lumber 
BERKSHIRE,FLORIDA,219,woods,,,,7,,,Lumber 
BERKSHIRE,HINSDALE,221,woods,,,,35,,,Lumber 
BERKSHIRE,LANESBOROUGH,222,woods,,,,14,,,Lumber 
BERKSHIRE,LEE,223,woods,,,,20,,,Lumber 
BERKSHIRE,LENOX,225,woods,,,,10,,,Lumber 
BERKSHIRE,PITTSFIELD,230,woods,,,,10,,,Lumber 
BERKSHIRE,SANDISFIELD,232,woods,,,,20,,,Lumber 
BERKSHIRE,SAVOY,233,woods,,,,18,,,Lumber 
BERKSHIRE,SHEFFIELD,234,woods,,,,4,,,Lumber 
BERKSHIRE,WASHINGTON,237,woods,,,,25,,,Lumber 
BERKSHIRE,WASHINGTON,239,woods,,,,13,,,Lumber 
BERKSHIRE,LEE,222,Establishments for Cotton Woollen and other Machinery,1,,4000,9,,,machinery
BERKSHIRE,PITTSFIELD,229,Establishments for Cotton Woollen and other Machinery,3,,34000,52,,,machinery
BERKSHIRE,SHEFFIELD,234,woods,,,2000,10,,,Manganese
BERKSHIRE,DALTON,217,quarries,,,,7,,,Maple Sugar
BERKSHIRE,ADAMS,213,quarries,,,,14,,,Marble quarried and prepared
BERKSHIRE,FLORIDA,219,quarries,,,,76,,,Marble quarried and prepared
BERKSHIRE,LANESBOROUGH,222,quarries,,,,27,,,Marble quarried and prepared
BERKSHIRE,LENOX,224,quarries,,,,2,,,Marble quarried and prepared
BERKSHIRE,WASHINGTON,239,quarries,,,,33,,,Marble quarried and prepared
BERKSHIRE,PITTSFIELD,230,distributed,,,,5,,,Mechanics' Tools
BERKSHIRE,LENOX,225,mines,,,,12,,,Mineral and Iron Ore mined
BERKSHIRE,WILLIAMSTOWN,240,distributed,,,827,8,,,Nail Kegs
BERKSHIRE,WASHINGTON,238,distributed,,,1500,2,,,nails
BERKSHIRE,PITTSFIELD,230,distributed,,,4301,74,,,other articles
BERKSHIRE,PERU,228,distributed,,,,8,,5,Palm+AC0-leaf Hats
BERKSHIRE,WINDSOR,240,distributed,,,,1,,11,Palm+AC0-leaf Hats
BERKSHIRE,HINSDALE,221,distributed,,,,,,1,Palm+AC0-leaf Hats
BERKSHIRE,LENOX,227,distributed,,,,1,,1,Palm+AC0-leaf Hats
BERKSHIRE,LENOX,224,Furnaces for Pig Iron,1,,30000,50,,,pig iron
BERKSHIRE,RICHMOND,231,Furnaces for Pig Iron,1,,20000,10,,,pig iron
BERKSHIRE,STOCKBRIDGE,235,Furnaces for Pig Iron,1,,75000,100,,,pig iron
BERKSHIRE,FLORIDA,218,Furnaces for Pig Iron,1,,30000,75,,,pig iron
BERKSHIRE,LENOX,226,Plough Manufactories,1,,,1,,,ploughs and  other agricultural tools
BERKSHIRE,ADAMS,212,Plough Manufactories,1,,,,,,ploughs and other  agricultural tools
BERKSHIRE,SHEFFIELD,233,Plough Manufactories,1,,75,1,,,ploughs and other agricultural tools
BERKSHIRE,LEE,223,Powder Mills,1,,1500,2,,,powder
BERKSHIRE,LENOX,227,Powder Mills,1,,5000,4,,,powder
BERKSHIRE,PITTSFIELD,230,distributed,,,,2,,,pumps
BERKSHIRE,LEE,223,Saddle Harness and Trunk Manufactories,3,,900,4,,,Saddle Harness and Trunk
BERKSHIRE,SHEFFIELD,233,Saddle Harness and Trunk Manufactories,2,,500,2,,,Saddle Harness and Trunk
BERKSHIRE,LENOX,226,Saddle Harness and Trunk Manufactories,1,,200,1,,,Saddle Harness and Trunk
BERKSHIRE,LENOX,224,Saddle Harness and Trunk Manufactories,1,,300,2,,,Saddle Harness and Trunk
BERKSHIRE,PITTSFIELD,229,Saddle Harness and Trunk Manufactories,3,,1500,7,,,Saddle Harness and Trunk
BERKSHIRE,WASHINGTON,238,Saddle Harness and Trunk Manufactories,1,,200,1,,,Saddle Harness and Trunk
BERKSHIRE,WILLIAMSTOWN,239,Saddle Harness and Trunk Manufactories,1,,300,3,,,Saddle Harness and Trunk
BERKSHIRE,FLORIDA,218,Saddle Harness and Trunk Manufactories,2,,500,2,,,Saddle Harness and Trunk
BERKSHIRE,STOCKBRIDGE,235,distributed,,,12,3,,,Saddle Harness and Trunk
BERKSHIRE,LEE,223,Shovel Spade Fork and Hoe Manufactories,1,,250,1,,,Shovel Spade Fork and Hoe
BERKSHIRE,HINSDALE,221,Shovel Spade Fork and Hoe Manufactories,1,,300,1,,,Shovel Spade Fork and Hoe
BERKSHIRE,PITTSFIELD,229,Soap and Tallow Candle Manufactories,12,,1120,3,,,soap
BERKSHIRE,ADAMS,212,Soap and Tallow Candle Manufactories,1,,300,1,,,soap
BERKSHIRE,CHESHIRE,215,Cotton Mills,1,,12000,,11,18,spindles
BERKSHIRE,FLORIDA,218,Cotton Mills,4,,66000,,63,101,spindles
BERKSHIRE,STOCKBRIDGE,234,Cotton Mills,1,,80000,,40,70,spindles
BERKSHIRE,TYRINGHAM,236,Paper Manufactories,2,,40000,40,,,Rag stock consumed
BERKSHIRE,LEE,223,Wrapping Paper Manufactories,2,,7000,10,,,Rag stock consumed
BERKSHIRE,DALTON,216,Paper Manufactories,3,,44000,81,,,Rag stock consumed
BERKSHIRE,LEE,223,Paper Manufactories,9,,148000,,109,149,Rag stock consumed
BERKSHIRE,LENOX,226,Paper Manufactories,3,,19500,27,,,Rag stock consumed
BERKSHIRE,TYRINGHAM,236,Wrapping Paper Manufactories,1,,3000,5,,,Rag stock consumed
BERKSHIRE,TYRINGHAM,236,distributed,,,200,4,,2,Straw Bonnets and Hats
BERKSHIRE,LEE,224,Shops for turning Chair Stuff,2,,3000,8,,,stuff turned
BERKSHIRE,CHESHIRE,215,Tanneries,1,,1500,3,,,Tanneries
BERKSHIRE,WILLIAMSTOWN,239,Establishments for Rail+AC0-road Oars and other Vehicles,2,,690,6,,,vehicles
BERKSHIRE,EGREMONT,217,Establishments for Rail+AC0-road Oars and other Vehicles,1,,2500,12,,,vehicles
BERKSHIRE,FLORIDA,218,Establishments for Rail+AC0-road Oars and other Vehicles,2,,1500,,,,vehicles
BERKSHIRE,LANESBOROUGH,221,Establishments for Rail+AC0-road Oars and other Vehicles,1,,1,2,3,,vehicles
BERKSHIRE,LEE,223,Establishments for Rail+AC0-road Oars and other Vehicles,3,,10000,35,,,vehicles
BERKSHIRE,SHEFFIELD,233,Establishments for Rail+AC0-road Oars and other Vehicles,3,,300,3,,,vehicles
BERKSHIRE,SANDISFIELD,232,Establishments for Rail+AC0-road Oars and other Vehicles,4,,2000,12,,,vehicles
BERKSHIRE,WASHINGTON,239,distributed,,,3500,8,,,vehicles
BERKSHIRE,STOCKBRIDGE,236,distributed,,,,1,,,Veneers
BERKSHIRE,WILLIAMSTOWN,239,Tin Ware Manufactories,1,,450,1,,,Tin ware
BERKSHIRE,WASHINGTON,239,Tin Ware Manufactories,1,,800,2,,,Tin ware
BERKSHIRE,ADAMS,213,Tin Ware Manufactories,2,,1000,4,,,Tin ware
BERKSHIRE,DALTON,216,Tin Ware Manufactories,1,,200,1,,,Tin ware
BERKSHIRE,FLORIDA,219,Tin Ware Manufactories,1,,1000,4,,,Tin ware
BERKSHIRE,LEE,223,Tin Ware Manufactories,1,,1000,4,,,Tin ware
BERKSHIRE,LENOX,224,Tin Ware Manufactories,1,,400,1,,,Tin ware
BERKSHIRE,PITTSFIELD,229,Tin Ware Manufactories,2,,2900,4,,,Tin ware
BERKSHIRE,SHEFFIELD,234,distributed,,,3000,3,,,Whiskey
BERKSHIRE,SANDISFIELD,232,distributed,,,,46,,,Wooden Ware
BERKSHIRE,PITTSFIELD,230,distributed,,,,2,,,Wooden Ware
BERKSHIRE,TYRINGHAM,236,distributed,,,4000,7,,,Wooden Ware
BERKSHIRE,PITTSFIELD,229,Woolen Mills,6,,246000,,145,103,wool consumed
BERKSHIRE,STOCKBRIDGE,235,Woollen Mills,1,,10000,,55,35,wool consumed
BERKSHIRE,FLORIDA,218,Woollen Mills,2,,36000,,35,25,wool consumed
BERKSHIRE,LENOX,226,Woollen Mills,1,,,,,,wool consumed
BERKSHIRE,ADAMS,212,Woollen Mills,3,,40000,,77,66,wool consumed
BERKSHIRE,DALTON,216,Woollen Mills,2,,35000,,50,43,wool consumed
BERKSHIRE,HINSDALE,220,Woollen Mills,1,,,,,10,wool consumed
BERKSHIRE,HANCOCK,220,Woollen Mills,2,,,,8,6,wool consumed
BERKSHIRE,LEE,222,Woollen Mills,1,,17000,,12,8,wool consumed
BERKSHIRE,SANDISFIELD,231,Woollen Mills,1,,3000,,5,4,wool consumed
BERKSHIRE,WILLIAMSTOWN,239,Woollen Mills,1,,3500,,6,4,wool consumed
BERKSHIRE,TYRINGHAM,236,Cotton Mills,2,,3500,15,,,
BERKSHIRE,LEE,224,Blacksmiths' Shops,6,,3100,94,,,
BERKSHIRE,LEE,224,Dress Makers' Shops,2,,600,3,,,
BERKSHIRE,LENOX,225,Manufactories Shovels Spades Forks Hoes and Castings,1,,3000,5,,,
BERKSHIRE,LEE,224,Stone Cutters' Shops,1,,100,22,,,
BERKSHIRE,OTIS,227,,,,1501,1,,,
