county,city,page,manufacturing site,number  factories,tonnage,capital,employeeS,employeesM,employeesF,goods0
BRISTOL,PAWTUCKET,282,distributed,,,2000,6,,,all other
BRISTOL,FAIRHAVEN,277,imports,,,11360,,,,American Iron consumed 
BRISTOL,FREETOWN,278,energy imports coal,,,30,,,,Anthracite Coal consumed in manufacturing
BRISTOL,FREETOWN,278,Shovel Spade Fork and Hoe Manufactories,1,,500,3,,,Shovel Spade Fork and Hoe
BRISTOL,EASTON,272,Shovel Spade Fork and Hoe Manufactories,2,,40500,72,,,Shovel Spade Fork and Hoe
BRISTOL,FREETOWN,277,Axe Manufactories,1,,700,3,,,axes and other edge tools
BRISTOL,DIGHTON,271,Axe Manufactories,2,,3000,2,,,axes and other edge tools
BRISTOL,TAUNTON,288,Axe Manufactories,1,,200,1,,,axes and other edge tools
BRISTOL,WESTPORT,290,Axe Manufactories,1,,200,1,,,axes and other edge tools
BRISTOL,MANSFIELD,279,Forges,2,,2500,4,,,bar iron anchors 
BRISTOL,RAYNHAM,283,Forges,1,,17000,8,,,bar iron anchors 
BRISTOL,MANSFIELD,281,woods,,,37333,143,,,Barrels
BRISTOL,REHOBOTH,284,Establishments Cotton Batting,1,,3000,,7,,batting
BRISTOL,DIGHTON,272,Slaughter Houses,2,,2000,3,,,beef slaughtered
BRISTOL,TAUNTON,290,distributed,,,1800,4,,,Black Lead Pots
BRISTOL,FAIRHAVEN,277,Blacksmiths,,,4600,27,,,Blacksmithing
BRISTOL,ATTLEBOROUGH,268,distributed,,,,1,,,Blocks and Pumps
BRISTOL,FAIRHAVEN,276,distributed,,,,2,,,Blocks and Pumps
BRISTOL,MANSFIELD,280,distributed,,,,16,,,Blocks and Pumps
BRISTOL,WESTPORT,290,distributed,,,,1,,,Blocks and Pumps
BRISTOL,ATTLEBOROUGH,268,workshops,,,,1,,,Boats built
BRISTOL,DARTMOUTH,270,workshops,,,,2,,,Boats built
BRISTOL,FAIRHAVEN,276,workshops,,,,4,,,Boats built
BRISTOL,FAIRHAVEN,274,workshops,,,,14,,,Boats built
BRISTOL,MANSFIELD,280,workshops,,,,34,,,Boats built
BRISTOL,TAUNTON,289,workshops,,,,1,,,Boats built
BRISTOL,FAIRHAVEN,275,Establishments Steam Boilers,1,,1000,2,,,boilers
BRISTOL,ATTLEBOROUGH,268,distributed,,,,,5,,Boots
BRISTOL,BERKLEV,269,distributed,,,,,5,3,Boots
BRISTOL,DARTMOUTH,270,distributed,,,,,5,,Boots
BRISTOL,DIGHTON,271,distributed,,,,,8,4,Boots
BRISTOL,EASTON,272,distributed,,,,,91,50,Boots
BRISTOL,FAIRHAVEN,274,distributed,,,,,20,,Boots
BRISTOL,FAIRHAVEN,276,distributed,,,,,26,12,Boots
BRISTOL,FREETOWN,278,distributed,,,,,3,,Boots
BRISTOL,MANSFIELD,279,distributed,,,,,3,1,Boots
BRISTOL,MANSFIELD,280,distributed,,,,,61,6,Boots
BRISTOL,RAYNHAM,283,distributed,,,,,100,50,Boots
BRISTOL,SEEKONK,285,distributed,,,,,2,,Boots
BRISTOL,SOMERSET,286,distributed,,,,,4,2,Boots
BRISTOL,TAUNTON,288,distributed,,,,,22,,Boots
BRISTOL,WESTPORT,290,distributed,,,,,4,,Boots
BRISTOL,EASTON,273,Box Factories,1,,200,1,,,boxes
BRISTOL,ATTLEBOROUGH,267,Brass Foundries,1,,500,3,,,Brass
BRISTOL,FAIRHAVEN,273,Brass Foundries,1,,1200,4,,,Brass
BRISTOL,ATTLEBOROUGH,268,distributed,,,,6,,,Bricks
BRISTOL,BERKLEV,269,distributed,,,,19,,,Bricks
BRISTOL,RAYNHAM,283,distributed,,,,3,,,Bricks
BRISTOL,SWANZEY,287,distributed,,,2,,,,Bricks
BRISTOL,TAUNTON,289,distributed,,,,97,,,Bricks
BRISTOL,NORTON,281,quarries,,,,1,,,Building Stone quarried and prepared
BRISTOL,FAIRHAVEN,274,quarries,,,,18,,,Building Stone quarried and prepared
BRISTOL,FAIRHAVEN,276,quarries,,,,45,,,Building Stone quarried and prepared
BRISTOL,SEEKONK,285,quarries,,,,8,,,Building Stone quarried and prepared
BRISTOL,ATTLEBOROUGH,268,Metal Button Manufactories,1,,50000,45,,,buttons 
BRISTOL,FAIRHAVEN,275,Calico Manufactories,2,,2,,795,48,calico printed
BRISTOL,ATTLEBOROUGH,267,Calico Manufactories,1,,50000,,65,8,calico printed
BRISTOL,PAWTUCKET,282,Calico Manufactories,1,,200000,,489,61,calico printed
BRISTOL,FAIRHAVEN,274,distributed,22000,,22000,6,,,Candle Boxes
BRISTOL,FREETOWN,278,Chair and Cabinet  Ware  Manufactories,2,,300,2,,,Chair and Cabinet  Ware
BRISTOL,FAIRHAVEN,276,Chair and Cabinet  Ware  Manufactories,5,,3650,22,,,Chair and Cabinet  Ware
BRISTOL,FAIRHAVEN,274,Chair and Cabinet  Ware  Manufactories,2,,300,3,,,Chair and Cabinet  Ware
BRISTOL,DIGHTON,271,woods,,,2900,,,,Charcoal
BRISTOL,MANSFIELD,280,distributed,,,2500,5,,,Cigars
BRISTOL,TAUNTON,289,distributed,,,660,3,,,Cigars
BRISTOL,TAUNTON,290,distributed,,,1000,1,,,Clay Stove Linings
BRISTOL,ATTLEBOROUGH,268,Clock  Manufactories,2,,2400,9,,,clocks
BRISTOL,DARTMOUTH,270,Vessels employed in the Mackerel and Cod Fisheries,2,160,2500,20,,,codfish taken
BRISTOL,FAIRHAVEN,277,distributed,,,15,,,,Composition  Molasses  and Water  Gates
BRISTOL,ATTLEBOROUGH,268,Comb Manufactories,2,,2,2,,,combs
BRISTOL,NORTON,281,Copper Manufactories,1,,226000,60,,,copper
BRISTOL,MANSFIELD,280,Cordage Manufactories,1,,111000,45,,,cordage
BRISTOL,WESTPORT,290,Cotton  Mills,1,,15000,,6,12,cotton  consumed
BRISTOL,PAWTUCKET,282,Cotton Mills,6,,210600,,129,241,cotton consumed
BRISTOL,REHOBOTH,284,Cotton Mills,1,,25000,,20,,cotton consumed
BRISTOL,TAUNTON,288,Cotton Mills,5,,310000,,202,305,cotton consumed
BRISTOL,SOMERSET,286,3eee,1,,1200,2,,,crucibles
BRISTOL,MANSFIELD,279,Establishments Cutlery,1,,1000,,,,cutlery
BRISTOL,EASTON,272,Establishments Cutlery,1,,5000,20,,,cutlery
BRISTOL,FAIRHAVEN,276,Establishments Oil and Sperm Candles,1,,10000,,,,candles
BRISTOL,TAUNTON,289,distributed,,,3500,9,,,Fire Bricks
BRISTOL,EASTON,273,woods,,,,6,,,Fire Wood
BRISTOL,FAIRHAVEN,276,woods,,,,45,,,Fire Wood
BRISTOL,ATTLEBOROUGH,268,woods,,,,24,,,Fire Wood
BRISTOL,DIGHTON,271,woods,,,,4,,,Fire Wood
BRISTOL,BERKLEV,270,woods,,,,5,,,Fire Wood
BRISTOL,DARTMOUTH,270,woods,,,,60,,,Fire Wood
BRISTOL,FAIRHAVEN,274,woods,,,,200,,,Fire Wood
BRISTOL,FREETOWN,278,woods,,,,117,,,Fire Wood
BRISTOL,NORTON,281,woods,,,,17,,,Fire Wood
BRISTOL,SWANZEY,287,woods,,,,2,,,Fire Wood
BRISTOL,TAUNTON,289,woods,,,,8,,,Fire Wood
BRISTOL,WESTPORT,290,woods,,,,12,,,Fire Wood
BRISTOL,ATTLEBOROUGH,268,Establishments for m. Chronometers Gold and Silver Ware and Jewelry,11,,28000,102,,,Chronometers Gold and Silver Ware and Jewelry
BRISTOL,FAIRHAVEN,277,imports,,,314,,,,Foreign Iron consumed
BRISTOL,SEEKONK,285,distributed,,,,1,,,Frames
BRISTOL,DIGHTON,272,Grist Mills,3,,3000,2,,,grain ground
BRISTOL,NORTON,282,distributed,,,,2,,,Grave Stones
BRISTOL,TAUNTON,288,Establishments Soap,1,,200,1,,,hard soap
BRISTOL,FAIRHAVEN,274,distributed,,,,15,,,Harpoons Lances
BRISTOL,FAIRHAVEN,276,Hat and Cap Manufactories,3,,3200,11,,,hats and caps
BRISTOL,FAIRHAVEN,274,Tanneries,4,,200,4,,,hides tanned
BRISTOL,FREETOWN,278,Tanneries,3,,1000,3,,,hides tanned
BRISTOL,NORTON,281,Tanneries,1,,150,1,,,hides tanned
BRISTOL,RAYNHAM,283,Tanneries,1,,1000,3,,,hides tanned
BRISTOL,SWANZEY,287,Tanneries,2,,700,2,,,hides tanned
BRISTOL,FAIRHAVEN,275,Furnaces for m. Hollow Ware and Castings other than Pig Iron,3,,16000,65,,,hollow ware  and  castings
BRISTOL,RAYNHAM,283,Furnaces for m. Hollow Ware and Castings other than Pig Iron,1,,4000,10,,,hollow ware  and castings
BRISTOL,TAUNTON,288,Furnaces for m. Hollow Ware and Castings other than Pig Iron,4,,13500,37,,,hollow ware and castin.gs
BRISTOL,ATTLEBOROUGH,267,Furnaces for m. Hollow Ware and Castings other than Pig Iron,1,,1,10,,,hollow ware and castings
BRISTOL,DIGHTON,271,Furnaces for m. Hollow Ware and Castings other than Pig Iron,1,,1500,9,,,hollow ware and castings
BRISTOL,EASTON,272,Furnaces for m. Hollow Ware and Castings other than Pig Iron,2,,35000,35,,,hollow ware and castings
BRISTOL,NORTON,281,Furnaces for m. Hollow Ware and Castings other than Pig Iron,1,,25000,35,,,hollow ware and castings
BRISTOL,MANSFIELD,280,Furnaces for m. Hollow Ware and Castings other than Pig Iron,1,,20000,15,,,hollow+AC0-ware and castings
BRISTOL,ATTLEBOROUGH,269,Establishments for m. Hooks and Eyes,1,,3000,,5,25,hooks and eyes
BRISTOL,FAIRHAVEN,275,Rolling Slitting and Nail Mills,2,,250000,300,,,iron
BRISTOL,TAUNTON,288,Rolling Slitting and Nail Mills,2,,50000,150,,,iron
BRISTOL,ATTLEBOROUGH,268,Tanneries,2,,3000,8,,,leather tanned and curried
BRISTOL,DARTMOUTH,270,Tanneries,2,,3000,5,,,leather tanned and curried
BRISTOL,FAIRHAVEN,276,Tanneries,2,,6300,9,,,leather tanned and curried
BRISTOL,MANSFIELD,280,Tanneries,3,,3700,6,,,leather tanned and curried
BRISTOL,SEEKONK,285,Tanneries,1,,,2,,,leather tanned and curried
BRISTOL,TAUNTON,288,Tanneries,1,,2500,2,,,leather tanned and curried
BRISTOL,WESTPORT,290,Tanneries,1,,1000,1,,,leather tanned and curried
BRISTOL,FAIRHAVEN,274,distributed,,,,4,,,Locks and Pumps
BRISTOL,FAIRHAVEN,274,woods,,,,150,,,Lumber
BRISTOL,DARTMOUTH,270,woods,,,,20,,,Lumber
BRISTOL,EASTON,273,woods,,,,10,,,Lumber
BRISTOL,FAIRHAVEN,276,woods,,,,7,,,Lumber
BRISTOL,FREETOWN,278,woods,,,,30,,,Lumber
BRISTOL,NORTON,281,woods,,,,20,,,Lumber
BRISTOL,PAWTUCKET,282,woods,,,,1,,,Lumber
BRISTOL,TAUNTON,289,woods,,,,1,,,Lumber
BRISTOL,WESTPORT,290,woods,,,,4,,,Lumber
BRISTOL,FAIRHAVEN,275,Brass Foundries,2,,3000,,,,Brass
BRISTOL,MANSFIELD,280,Brass Foundries,2,,11000,20,,,Brass
BRISTOL,FAIRHAVEN,275,Establishments for m. Chronometers Gold and Silver Ware and Jewelry,1,,500,1,,,jewelry
BRISTOL,FAIRHAVEN,275,Establishments Cotton Woollen and other Machinery,2,,38000,124,,,machinery
BRISTOL,TAUNTON,288,Establishments Cotton Woollen and other Machinery,2,,51000,203,,,machinery
BRISTOL,PAWTUCKET,282,Establishments Cotton Woollen and other Machinery,1,,25000,50,,,machinery
BRISTOL,FAIRHAVEN,277,quarries,,,1200,4,,,Marble
BRISTOL,EASTON,273,distributed,,,,6,,,Mathematical Instruments
BRISTOL,REHOBOTH,284,distributed,,,,4,,,Mechanics' Tools
BRISTOL,TAUNTON,289,distributed,,,,1,,,Mechanics' Tools
BRISTOL,DARTMOUTH,271,distributed,,,3500,8,,,Menhaden Oil
BRISTOL,FAIRHAVEN,277,Millwright ,,,1000,8,,,Millwright Articles
BRISTOL,FAIRHAVEN,277,distributed,,,2150,17,,,Millinery
BRISTOL,TAUNTON,289,distributed,,,13000,31,,,Nail Casks
BRISTOL,RAYNHAM,283,Rolling Slitting and Nail Mills,1,,50000,80,,,nails
BRISTOL,FREETOWN,277,Rolling Slitting and Nail Mills,2,,2400,,,,nails
BRISTOL,FAIRHAVEN,274,Establishments for m. Oil and Sperm Candles,2,,15000,6,,,oil
BRISTOL,MANSFIELD,280,Establishments for m. Oil and Sperm Candles,15,,386000,66,,,oil
BRISTOL,DARTMOUTH,270,Mills for m. Linseed Oil,1,,7000,2,,,oil
BRISTOL,FAIRHAVEN,277,woods,,,2000,3,,,Oil and other Casks 
BRISTOL,FAIRHAVEN,275,woods,,,10000,55,,,Oil casks
BRISTOL,WESTPORT,291,woods,,,2500,,,,Oil Casks
BRISTOL,FAIRHAVEN,277,distributed,,,,10,,,Patterns for Machine
BRISTOL,SEEKONK,285,distributed,,,,1,,,Plasters
BRISTOL,REHOBOTH,284,Plough  Manufactories,1,,,1,,,ploughs and other agricultural tools
BRISTOL,FAIRHAVEN,275,Saddle Harness and Trunk Manufactories,2,,3000,11,,,Saddle Harness and Trunk
BRISTOL,FREETOWN,278,Saddle Harness and Trunk Manufactories,1,,100,1,,,Saddle Harness and Trunk
BRISTOL,ATTLEBOROUGH,268,Saddle Harness and Trunk Manufactories,1,,300,2,,,Saddle Harness and Trunk
BRISTOL,MANSFIELD,279,Saddle Harness and Trunk Manufactories,2,,200,2,,,Saddle Harness and Trunk
BRISTOL,SEEKONK,285,Saddle Harness and Trunk Manufactories,2,,1000500,,,,Saddle Harness and Trunk
BRISTOL,FAIRHAVEN,274,Saddle Harness and Trunk Manufactories,1,,10,1,,,Saddle Harness and Trunk
BRISTOL,EASTON,272,Saddle Harness and Trunk Manufactories,1,,100,2,,,Saddle Harness and Trunk
BRISTOL,MANSFIELD,280,Saddle Harness and Trunk Manufactories,5,,4300,18,,,Saddle Harness and Trunk
BRISTOL,TAUNTON,288,Saddle Harness and Trunk Manufactories,2,,2000,5,,,Saddle Harness and Trunk
BRISTOL,MANSFIELD,280,Establishments for m. Salt,7,,13900,,,,salt
BRISTOL,FAIRHAVEN,274,Establishments for m. Salt,2,,5000,4,,,salt
BRISTOL,WESTPORT,290,Establishments for m. Salt,1,,600,1,,,salt
BRISTOL,DARTMOUTH,270,Establishments for m. Salt,7,,17700,6,,,salt
BRISTOL,REHOBOTH,285,Sash and Blind Manufactories,1,,,,,,sash lights
BRISTOL,ATTLEBOROUGH,269,quarries,,,600,,,,Sculpture and Stone Cutting
BRISTOL,BERKLEV,270,fisheries,,,,30,,,shad and alewives
BRISTOL,DIGHTON,272,fisheries,,,,,14,,Shad taken
BRISTOL,BERKLEV,269,woods,,,,16,,,Shingles
BRISTOL,DIGHTON,271,woods,,,,1,,,Shingles
BRISTOL,REHOBOTH,284,distributed,,,,,2,2,Shoes
BRISTOL,SWANZEY,287,distributed,,,,,14,10,Shoes
BRISTOL,WESTPORT,290,Shovel Spade Fork and Hoe Manufactories,1,,1500,5,,,Shovel Spade Fork  and Hoe
BRISTOL,RAYNHAM,283,Shovel Spade Fork and Hoe Manufactories,2,,3700,21,,,Shovel Spade Fork and Hoe
BRISTOL,ATTLEBOROUGH,269,Establishments for m. Shuttles,2,,4000,14,,,shuttles
BRISTOL,ATTLEBOROUGH,268,distributed,,,500,1,,,Snuff Tobacco and Cigars
BRISTOL,SEEKONK,285,distributed,,,500,2,,,Snuff Tobacco and Cigars
BRISTOL,FAIRHAVEN,276,distributed,,,1450,3,,,Snuff Tobacco and Cigars
BRISTOL,NORTON,281,Establishments for m. Soap and Tallow Candles,1,,1000,2,,,soap
BRISTOL,FAIRHAVEN,274,Soap Manufactories,1,,500,2,,,soap
BRISTOL,MANSFIELD,280,Soap and Tallow Candle Manufactories,3,,4000,4,,,soap
BRISTOL,FAIRHAVEN,276,Soap Manufactories,2,,3000,4,,,soap
BRISTOL,WESTPORT,290,Vessels employed in the Whale Fishery,11,2075,172000,232,,,sperm oil imported
BRISTOL,EASTON,273,energy imports oil,,,140,,,,Sperm Oil consumed 
BRISTOL,FAIRHAVEN,274,Vessels employed in the Whale Fishery,45,14105,1109000,1120,,,sperm oil imported
BRISTOL,DARTMOUTH,270,Vessels employed in the Whale Fishery,13,4041,326000,350,,,sperm oil imported
BRISTOL,FREETOWN,278,Vessels employed in the Whale Fishery,2,634,46000,55,,,sperm oil imported
BRISTOL,MANSFIELD,281,Vessels employed in the Whale Fishery,242,77470,6231900,5775,,,sperm oil imported
BRISTOL,ATTLEBOROUGH,267,Cotton Mills,7,,172000,,115,174,spindles
BRISTOL,DIGHTON,271,Cotton Mills,2,,42000,,50,52,spindles
BRISTOL,EASTON,272,Cotton Mills,5,,24000,,22,37,spindles
BRISTOL,FAIRHAVEN,273,Cotton Mills,1,,10000,,8,14,spindles
BRISTOL,FAIRHAVEN,275,Cotton Mills,6,,660000,,250,520,spindles
BRISTOL,MANSFIELD,278,Cotton Mills,6,,44000,,52,57,spindles
BRISTOL,NORTON,281,Cotton Mills,4,,39600,,35,36,spindles
BRISTOL,SEEKONK,285,Cotton Mills,3,,10000,,47,49,spindles
BRISTOL,SWANZEY,287,Cotton Mills,1,,10000,,10,12,spindles
BRISTOL,FAIRHAVEN,273,Paper Manufactories,1,,1200,3,,,Rag stock consumed
BRISTOL,SWANZEY,287,Paper Manufactories,1,,4000,3,,,Rag stock consumed
BRISTOL,TAUNTON,288,Paper Manufactories,1,,5000,10,,,Rag stock consumed
BRISTOL,TAUNTON,290,distributed,,,1800,5,,,Stone Ware
BRISTOL,MANSFIELD,279,distributed,,,,,,250,Straw Bonnets and Hats
BRISTOL,ATTLEBOROUGH,268,distributed,,,,,,71,Straw Bonnets and Hats
BRISTOL,BERKLEV,269,distributed,,,,,,12,Straw Bonnets and Hats
BRISTOL,EASTON,273,distributed,,,,,,100,Straw Bonnets and Hats
BRISTOL,RAYNHAM,283,distributed,,,,,,100,Straw Bonnets and Hats
BRISTOL,TAUNTON,288,distributed,,,,,,1350,straw braid
BRISTOL,REHOBOTH,284,distributed,,,,,,33,straw braid
BRISTOL,MANSFIELD,279,Tack and Brad Manufactories,1,,4000,8,,,tacks and brads
BRISTOL,TAUNTON,288,Tack and Brad Manufactories,3,,22000,,42,17,tacks and brads
BRISTOL,EASTON,272,Tack and Brad Manufactories,1,,4500,8,,,tacks and brads
BRISTOL,FAIRHAVEN,276,Vessels launched,1,,,20,,,
BRISTOL,TAUNTON,289,Vessels launched,1,,,2,,,
BRISTOL,SOMERSET,286,Vessels employed in the Whale Fishery,2,36714497,25000,42,,,tonnage sperm oil imported
BRISTOL,REHOBOTH,285,Cotton Twine Manufactories,1,,12000,5,,15,twine
BRISTOL,MANSFIELD,280,Upholstery Manufactories,1,,500,1,,,upholstery
BRISTOL,TAUNTON,288,Establishments for m. Rail+AC0-road Cars and other Vehicles,3,,2100,6,,,vehicles
BRISTOL,MANSFIELD,280,Establishments for m. Rail+AC0-road Cars and other Vehicles,15,,8300,65,,,vehicles
BRISTOL,ATTLEBOROUGH,268,Establishments for m. Rail+AC0-road Cars and other Vehicles,3,,1500,5,,,vehicles
BRISTOL,SEEKONK,285,Establishments for m. Rail+AC0-road Cars and other Vehicles,4,,1000,8,,,vehicles
BRISTOL,PAWTUCKET,282,Establishments for m. Rail+AC0-road Cars and other Vehicles,2,,3000,18,,,vehicles
BRISTOL,EASTON,272,Establishments for m. Rail+AC0-road Cars and other Vehicles,3,,700,5,,,vehicles
BRISTOL,MANSFIELD,279,Establishments for m. Rail+AC0-road Cars and other Vehicles,7,,5900,18,,,vehicles
BRISTOL,SOMERSET,286,Establishments for m. Rail+AC0-road Cars and other Vehicles,1,,150,1,,,vehicles
BRISTOL,SWANZEY,287,Establishments for m. Rail+AC0-road Cars and other Vehicles,4,,1000,5,,,vehicles
BRISTOL,WESTPORT,290,Establishments for m. Rail+AC0-road Cars and other Vehicles,4,,1500,8,,,vehicles
BRISTOL,FAIRHAVEN,276,Establishments for m. Rail+AC0-road Cars and other Vehicles,2,,3800,,,,vehicles
BRISTOL,FAIRHAVEN,277,distributed,,,2000,6,,,Vessels' Sails
BRISTOL,SOMERSET,286,Establishments for m. Stone Ware,1,,4000,13,,,ware
BRISTOL,TAUNTON,288,Establishments for m. Britannia Ware,1,,15000,20,,,ware
BRISTOL,SOMERSET,286,Establishments for m. Earthen Ware,3,,1100,7,,,ware
BRISTOL,FAIRHAVEN,276,Tin Ware and Sheet Iron Manufactories,3,,4000,14,,,ware
BRISTOL,MANSFIELD,280,Tin Ware Manufactories,8,,18300,,,,ware
BRISTOL,FAIRHAVEN,274,Tin Ware Manufactories,2,,600,3,,,ware
BRISTOL,ATTLEBOROUGH,268,Tin Ware Manufactories,1,,1500,5,,,ware
BRISTOL,MANSFIELD,279,Tin Ware Manufactories,1,,800,2,,,ware
BRISTOL,TAUNTON,288,Tin Ware Manufactories,1,,600,3,,,ware
BRISTOL,FAIRHAVEN,275,distributed,,,,35,,,Wearing Apparel
BRISTOL,FAIRHAVEN,277,distributed,,,21850,111,,,Wearing Apparel
BRISTOL,ATTLEBOROUGH,269,distributed,,,500,3,,,Weavers' Reeds
BRISTOL,FAIRHAVEN,277,distributed,,,0,3,,,Weavers' Reeds
BRISTOL,REHOBOTH,284,distributed,,,,1,,,Whips
BRISTOL,TAUNTON,289,Knob Manufactories,1,,1200,3,,,wooden knobs
BRISTOL,MANSFIELD,280,distributed,,,,2,,,Wooden Ware
BRISTOL,WESTPORT,290,distributed,,,,1,,,Wooden Ware
BRISTOL,ATTLEBOROUGH,269,distributed,,,,2,,,Wooden Boxes and Trunks
BRISTOL,REHOBOTH,284,distributed,,,,7,,,Wooden Ware
BRISTOL,TAUNTON,289,distributed,,,,3,,,Wooden Ware
BRISTOL,DARTMOUTH,271,Carding Machines,1,,1000,,,,wool carded
BRISTOL,FAIRHAVEN,275,Woollen Mills,1,,75000,,70,40,wool consumed
BRISTOL,TAUNTON,288,Woollen Mills,1,,,,,,wool consumed
BRISTOL,MANSFIELD,278,Woollen Mills.,1,,4,,6,4,wool consumed
BRISTOL,MANSFIELD,281,Blacksmith's  Shops,11,,56829,,,,
BRISTOL,FAIRHAVEN,276,Vessels  employed  in the Whale Fishery,7,189,166000,180,,,
BRISTOL,FAIRHAVEN,274,Vessels launched,1,376,,20,,,
BRISTOL,SWANZEY,287,Vessels launched,2,1000,,30,,,
BRISTOL,FAIRHAVEN,277,distributed,,,,2,,,blank books
BRISTOL,MANSFIELD,280,Saddle Harness and Trunk Manufactories,,,3400,18,,,Saddle Harness and Trunk
