county,city,page,site,number of factories,tonnage,capital,employeeS,employeesM,employeesF,goods0
DUKES,CHILMARK,325,fisheries,,,188,1250000,,,mackerel
DUKES,EDGARTOWN,325,Tin Ware Manufactories,1,,200,1,,,ware
DUKES,TISBURY,326,Tin Ware Manufactories,1,,400,1,,,ware
DUKES,EDGARTOWN,325,Hat and Cap Manufactories,1,,500,1,,,hats and caps
DUKES,TISBURY,326,distributed,,,1200,3,,,Oil Casks
DUKES,TISBURY,326,Tanneries,1,,1800,3,,,leather tanned and curried
DUKES,EDGARTOWN,325,Establishments for m. of Salt,1,,2000,1,,,salt
DUKES,EDGARTOWN,326,crops,,,19000,81715,,,Oil Casks
DUKES,EDGARTOWN,325,Oil and Sperm Candle Manufactories,2,,80000,12,,,oil
DUKES,TISBURY,326,Vessels employed in the Whale Fishery,4,1287,93000,121,,,sperm oil imported
DUKES,EDGARTOWN,326,Vessels employed in the Whale Fishery,11,3200,149800,255,,,sperm oil imported
DUKES,CHILMARK,325,distributed,,,,2,,,Bricks
DUKES,EDGARTOWN,326,woods,,,,2,,,Fire Wood
DUKES,EDGARTOWN,325,distributed,,,,3,,,Blocks and Pumps
DUKES,TISBURY,326,workshops,,,,3,,,Boats built
DUKES,EDGARTOWN,326,workshops,,,,4,,,Boats built
DUKES,TISBURY,326,Vessels launched,1,52,,6,,,vessels
DUKES,EDGARTOWN,325,distributed,,,,,2,,Boots
DUKES,TISBURY,326,distributed,,,,,7,,Boots
