county,city,page,manufacturing site,number  factories,tonnage,capital,employeeS,employeesM,employeesF,goods0
ESSEX,BEVERLV,12,Chair and Cabinet Ware Manufactories,6,,1800,10,,,Chair and Cabinet Ware
ESSEX,BEVERLV,12,Tin Ware Manufactories,1,,400,3,,,Chair and Cabinet Ware
ESSEX,SALEM,32,Establishments Chemical Preparations,1,,25000,25,,,article
ESSEX,BRADD,14,Establishments Rail+AC0-road Cars Coaches Wagons and other vehicles,1,,1,2,,,article
ESSEX,ESSEX,16,Saddle Harness and Trunk Manufactories,2,,100,2,,,article
ESSEX,HAVERHILL,19,forges,19,,1500,21,,,Bar iron anchors and other
ESSEX,GLOUCESTER,17,forges,10,,6010,16,,,bar iron cables 
ESSEX,NEWBURYPORT,29,forges,22,,5100,30,,,bar iron anchors chain cables and other wrought iron
ESSEX,BEVERLV,11,forges,8,,3000,17,,,bar iron anchors chain cables and other wrought iron
ESSEX,ESSEX,16,forges,8,,2000,,,,bar iron anchors chain cables and other wrought iron
ESSEX,ROWLEV,31,forges,1,,200,1,,,bar iron anchors chain cables and other wrought iron
ESSEX,IPSWICH,22,woods,,,,2,,,Barrels
ESSEX,DANVERS,15,animals,,,44600,45,,,Beef and Pork sold
ESSEX,BEVERLV,12,distributed,,,,1,,,Blacking
ESSEX,GLOUCESTER,18,distributed,,,,1,,,Blacking
ESSEX,DANVERS,16,distributed,,,300,2,,,Blinds and Sashes
ESSEX,DANVERS,15,distributed,,,,1,,,Blocks and Pumps
ESSEX,GLOUCESTER,18,distributed,,,,5,,,Blocks and Pumps
ESSEX,BEVERLV,12,distributed,,,,2,,,Blocks and Pumps
ESSEX,LYNN,23,distributed,,,,2,,,Blocks and Pumps
ESSEX,NEWBURYPORT,30,distributed,,,,20,,,Blocks and Pumps
ESSEX,SALEM,33,distributed,,,,5,,,Blocks and Pumps
ESSEX,AMESBURY,9,workshops,,,,2,,,Boats built
ESSEX,BEVERLV,12,workshops,,,,1,,,Boats built
ESSEX,ESSEX,16,workshops,,,,2,,,Boats built
ESSEX,GLOUCESTER,18,workshops,,,,6,,,Boats built
ESSEX,NEWBURV,28,workshops,,,,2,,,Boats built
ESSEX,NEWBURYPORT,30,workshops,,,,6,,,Boats built
ESSEX,SALISBURV,35,workshops,,,,13,,,Boats built
ESSEX,AMESBURY,9,distributed,,,,,73,64,Boots
ESSEX,ANDOVER,10,distributed,,,,,62,34,Boots
ESSEX,BEVERLV,12,distributed,,,,,313,423,Boots
ESSEX,BOXD,13,distributed,,,,,18,17,Boots
ESSEX,BRADD,14,distributed,,,,,310,225,Boots
ESSEX,ESSEX,16,distributed,,,,,9,5,Boots
ESSEX,GEORGETOWN,17,distributed,,,,,419,237,Boots
ESSEX,GLOUCESTER,18,distributed,,,,,41,36,Boots
ESSEX,HAMILTON,19,distributed,,,,,60,60,Boots
ESSEX,IPSWICH,21,distributed,,,,,151,85,Boots
ESSEX,LYNN,23,distributed,,,,,2719,3209,Boots
ESSEX,MANCHESTER,25,distributed,,,,,12,6,Boots
ESSEX,NEWBURV,28,distributed,,,,,63,11,Boots
ESSEX,NEWBURYPORT,30,distributed,,,,,142,107,Boots
ESSEX,ROCKPORT,31,distributed,,,,,30,20,Boots
ESSEX,ROWLEV,32,distributed,,,,,128,78,Boots
ESSEX,SALEM,33,distributed,,,,,230,220,Boots
ESSEX,SALISBURV,34,distributed,,,,,9,12,Boots
ESSEX,SAUGUS,36,distributed,,,,,217,204,Boots
ESSEX,TOPSFIELD,37,distributed,,,,,228,133,Boots
ESSEX,WENHAM,38,distributed,,,,,68,44,Boots
ESSEX,WENHAM,37,distributed,,,,,160,67,Boots and Shoes
ESSEX,DANVERS,15,distributed,,,,,1586,980,Boots and Shoes
ESSEX,SALEM,32,Brass Foundries,1,,7000,4,,,Brass
ESSEX,AMESBURY,9,distributed,,,,2,,,Bricks
ESSEX,ANDOVER,10,distributed,,,,5,,,Bricks
ESSEX,BEVERLV,12,distributed,,,,22,,,Bricks
ESSEX,BRADD,14,distributed,,,,3,,,Bricks
ESSEX,DANVERS,15,distributed,,,,60,,,Bricks
ESSEX,HAVERHILL,20,distributed,,,,6,,,Bricks
ESSEX,IPSWICH,21,distributed,,,,2,,,Bricks
ESSEX,LYNN,23,distributed,,,,5,,,Bricks
ESSEX,MANCHESTER,25,distributed,,,,3,,,Bricks
ESSEX,METHUEN,27,distributed,,,,2,,,Bricks
ESSEX,NEWBURV,28,distributed,,,,19,,,Bricks
ESSEX,SALEM,33,distributed,,,,11,,,Bricks
ESSEX,SAUGUS,36,distributed,,,,3,,,Bricks
ESSEX,BEVERLV,12,Brooms manufactured,256,,,,,,Brooms manufactured
ESSEX,ROCKPORT,31,quarries,,,,250,,,Building Stone quarried and prepared
ESSEX,HAVERHILL,20,quarries,,,,5,,,Building Stone quarried and prepared
ESSEX,AMESBURY,9,quarries,,,,1,,,Building Stone quarried and prepared
ESSEX,LYNN,23,quarries,,,,3,,,Building Stone quarried and prepared
ESSEX,MANCHESTER,25,quarries,,,,7003,,,Building Stone quarried and prepared
ESSEX,SALEM,33,quarries,,,,16,,,Building Stone quarried and prepared
ESSEX,LYNN,22,Establishments Iron Butts or Hinges,1,,,18,,,butts or hinges
ESSEX,NEWBURYPORT,30,Tanneries,1,,900,3,,,leather tanned
ESSEX,LYNN,22,distributed,,,40000,,25,4,Calico printed
ESSEX,AMESBURY,9,distributed,,,175,1,,,Carriage Bows
ESSEX,AMESBURY,9,distributed,,,750,10,,,Carriage Springs and Axletrees
ESSEX,NEWBURYPORT,31,distributed,,,,1,,,carved work done
ESSEX,ANDOVER,10,Furnaces Castings other than pig iron,1,,4000,10,,,castings
ESSEX,NEWBURYPORT,31,distributed,,,,324000,,,caulkers' work done
ESSEX,SAUGUS,36,Coffee Mills,1,,1000,1,,,coffee ground
ESSEX,MANCHESTER,24,Chair and Cabinet+AC0-ware Manufactories,23,,53700,196,,,Chair and Cabinet+AC0-ware
ESSEX,DANVERS,15,Chair and Cabinet+AC0-ware Manufactories,2,,1050,3,,,Chair and Cabinet+AC0-ware
ESSEX,LYNN,22,Chair and Cabinet+AC0-ware Manufactories,1,,1,6,,,Chair and Cabinet+AC0-ware
ESSEX,ANDOVER,10,Chair and Cabinet+AC0-ware Manufactories,1,,800,5,,,Chair and Cabinet+AC0-ware
ESSEX,GEORGETOWN,17,Chair and Cabinet+AC0-ware Manufactories,1,,400,3,,,Chair and Cabinet+AC0-ware
ESSEX,GLOUCESTER,18,Chair and Cabinet+AC0-ware Manufactories,3,,4375,13,,,Chair and Cabinet+AC0-ware
ESSEX,HAVERHILL,20,Chair and Cabinet+AC0-ware Manufactories,2,,2000,6,,,Chair and Cabinet+AC0-ware
ESSEX,IPSWICH,21,Chair and Cabinet+AC0-ware Manufactories,6,,2500,13,,,Chair and Cabinet+AC0-ware
ESSEX,METHUEN,26,Chair and Cabinet+AC0-ware Manufactories,1,,500,3,,,Chair and Cabinet+AC0-ware
ESSEX,NEWBURV,28,Chair and Cabinet+AC0-ware Manufactories,1,,100,2,,,Chair and Cabinet+AC0-ware
ESSEX,NEWBURYPORT,30,Chair and Cabinet+AC0-ware Manufactories,9,,5000,22,,,Chair and Cabinet+AC0-ware
ESSEX,SALEM,33,Chair and Cabinet+AC0-ware Manufactories,8,,4000,27,,,Chair and Cabinet+AC0-ware
ESSEX,SALISBURV,34,Chair and Cabinet+AC0-ware Manufactories,2,,1500,9,,,Chair and Cabinet+AC0-ware
ESSEX,LYNN,22,Chocolate Mills,1,,1,4,,,chocolate
ESSEX,SALEM,32,Establishments Chronometers Watches Gold and Silver Ware and Jewelry,5,,3400,5,,,Chronometers Watches Gold and Silver Ware and Jewelry
ESSEX,HAVERHILL,20,distributed,,,300,2,,,Cigars
ESSEX,SAUGUS,36,Cocoa Mills,1,,1000,1,,,cocoa  ground
ESSEX,IPSWICH,22,Vessels employed in Mackerel and Cod Fisheries,1,80,1200,6,,,cod fish taken
ESSEX,SALEM,33,Vessels employed in Mackerel and Cod Fisheries,3,239,8300,27,,,codfish taken
ESSEX,SALISBURV,34,Comb Manufactories,1,,300,2,,,combs
ESSEX,WENHAM,38,Comb Manufactories,25,,22575,86,,,combs
ESSEX,AMESBURY,9,Comb Manufactories,1,,100,1,,,combs
ESSEX,HAVERHILL,20,Comb Manufactories,3,,550,12,,,combs
ESSEX,LYNN,23,distributed,,,10000,10,,,Confectionary
ESSEX,SALEM,32,Cordage Manufactories,2,,33000,60,,,cordage
ESSEX,BEVERLV,12,Cordage Manufactories,1,,3000,4,,,cordage
ESSEX,GLOUCESTER,18,Cordage Manufactories,1,,10000,14,,,cordage
ESSEX,MARBLEHEAD,25,Cordage Manufactories,2,,10000,28,,,Cordage
ESSEX,NEWBURYPORT,29,Cordage Manufactories,1,,600,2,,,cordage
ESSEX,ESSEX,16,Cordage Manufactories,3,,3200,6,,,cordage
ESSEX,SAUGUS,36,Grist Mills,1,,2000,1,,,corn ground
ESSEX,METHUEN,26,Cotton Mills,2,,90000,198,,,cotton consumed
ESSEX,ANDOVER,10,Cotton Spindles,3850,,3850,,,,cotton consumed
ESSEX,METHUEN,27,distributed,,,125,,,,Cranberries
ESSEX,ROWLEV,32,distributed,,,230,,,,Domestic Cloth
ESSEX,DANVERS,16,distributed,,,1000,6,,,Earthen Ware
ESSEX,NEWBURYPORT,29,Establishments Fire Engines,2,,,10,,,engines
ESSEX,NEWBURYPORT,29,Establishments Chronometers Watches Gold and Silver Ware and Jewelry,3,,12600,13,,,Chronometers Watches Gold and Silver Ware and Jewelry
ESSEX,ESSEX,16,woods,,,,20,,,Fire Wood
ESSEX,BOXD,13,woods,,,,5,,,Fire Wood
ESSEX,DANVERS,15,woods,,,,15,,,Fire Wood
ESSEX,GEORGETOWN,17,woods,,,,2,,,Fire Wood
ESSEX,GLOUCESTER,18,woods,,,,35,,,Fire Wood
ESSEX,LYNNFIELD,24,woods,,,,25,,,Fire Wood
ESSEX,MANCHESTER,25,woods,,,,15,,,Fire Wood
ESSEX,MIDDLETON,27,woods,,,,3,,,Fire Wood
ESSEX,ROWLEV,32,woods,,,,1,,,Fire Wood
ESSEX,SAUGUS,36,woods,,,,30,,,Fire Wood
ESSEX,TOPSFIELD,37,woods,,,,1,,,Fire Wood
ESSEX,AMESBURY,9,woods,,,,12,,,Fire Wood
ESSEX,HAVERHILL,20,woods,,,,123,,,Fire Wood
ESSEX,BEVERLV,12,woods,,,,10,,,Fire Wood
ESSEX,ANDOVER,11,Mills Baling Twine Linen Yarn and Sail Twine,2,,75000,,7,55,flax worked
ESSEX,DANVERS,15,Glue Manufactories,1,,12000,8,,,glue
ESSEX,LYNN,23,Glue Manufactories,1,,,2,,,glue
ESSEX,NEWBURV,28,Glue Manufactories,1,,100,1,,,Glue
ESSEX,MARBLEHEAD,25,Glue Manufactories,2,,9000,10,,,glue and gums
ESSEX,SALISBURV,34,Glue Manufactories,1,,300,2,,,glue and gums
ESSEX,ANDOVER,10,Mills Worsted goods,1,,75000,,25,75,goods
ESSEX,SALEM,33,Glue Manufactories,1,,250000,35,,,gums
ESSEX,IPSWICH,21,Soap and Tallow Candle Manufactories,11,,100,2,,,hard soap
ESSEX,LYNN,22,Hat and Cap Manufactories,2,,2,,,,hats and caps
ESSEX,HAVERHILL,20,Hat and Cap Manufactories,6,,14400,63,,,hats and caps
ESSEX,AMESBURY,8,Hat and Cap Manufactories,2,,1200,4,,,hats and caps
ESSEX,METHUEN,26,Hat and Cap Manufactories,4,,4,53,,,hats and caps
ESSEX,ANDOVER,10,Hat and Cap Manufactories,1,,600,2,,,hats and caps
ESSEX,BEVERLV,12,Hat and Cap Manufactories,1,,600,2,,,hats and caps
ESSEX,NEWBURYPORT,29,Hat and Cap Manufactories,4,,3000,12,,,hats and caps
ESSEX,MARBLEHEAD,26,distributed,,,5000,,4,,Hemp and Cotton Lines
ESSEX,GEORGETOWN,17,Tanneries,11,,14414,18,,,hides  tanned
ESSEX,DANVERS,16,Hides prepared Pickers,3000,,2000,,,,Hides prepared
ESSEX,BRADD,14,Tanneries,3,,3900,6,,,Hides tanned
ESSEX,DANVERS,15,Tanneries,61,,414600,268,,,hides tanned
ESSEX,NEWBURV,28,Tanneries,4,,4800,10,,,hides tanned
ESSEX,SALEM,33,Tanneries,41,,401668,280,,,hides tanned
ESSEX,SALISBURV,34,Tanneries,5,,32900,31,,,hides tanned
ESSEX,WENHAM,38,Tanneries,1,,2800,3,,,hides tanned
ESSEX,SALISBURV,35,woods,,,7400,8,,,Hogsheads and Barrels
ESSEX,NEWBURYPORT,29,Furnaces Hollow Ware and Castings other than pig iron,1,,3000,8,,,hollow ware and castings
ESSEX,AMESBURY,9,distributed,,,200,4,,,Horse Collars and Winkers
ESSEX,SAUGUS,36,Wheel Hub Manufactories,1,,,118734,,,hubs
ESSEX,LYNN,24,distributed,,,,2,,,India Rubber Shoes
ESSEX,NEWBURYPORT,29,Musical Instrument Man ufactories,1,,300,2,,,instruments
ESSEX,BEVERLV,13,Carding Mills,1,,1,,,,labor
ESSEX,BEVERLV,13,Fulling Mills,1,,,,,,labor
ESSEX,BEVERLV,13,Grist Mills,6,,,,,,labor
ESSEX,BEVERLV,13,Saw Mills,2,,,,,,labor
ESSEX,DANVERS,15,Last  Manufactories,1,,2000,5,,,lasts
ESSEX,HAVERHILL,20,distributed,,,2000,7,,,lasts
ESSEX,SALEM,33,Lead Manufactories,1,,40000,51,,,Lead
ESSEX,HAVERHILL,20,Tanneries,1,,15500,52,,,leather   tanned
ESSEX,BEVERLV,12,Tanneries,1,,5000,6,,,leather tanned and curried
ESSEX,IPSWICH,21,Tanneries,2,,5200,13,,,leather tanned and curried
ESSEX,LYNN,23,Tanneries,3,,,54,,,leather tanned and curried
ESSEX,AMESBURY,9,Tanneries,3,,6675,17,,,leather tanned. and curried
ESSEX,BRADD,14,distributed,,,4000,,15,,Linen Thread
ESSEX,ROCKPORT,31,distributed,,,4000,,5,,Looking glass
ESSEX,AMESBURY,9,woods,,,,12,,,lumber 
ESSEX,BEVERLV,12,woods,,,,4,,,lumber 
ESSEX,BOXD,13,woods,,,,7,,,lumber 
ESSEX,ESSEX,16,woods,,,,6,,,lumber 
ESSEX,GEORGETOWN,17,woods,,,,1,,,lumber 
ESSEX,LYNNFIELD,24,woods,,,,7,,,lumber 
ESSEX,MANCHESTER,25,woods,,,,3,,,lumber 
ESSEX,ROWLEV,32,woods,,,,1,,,lumber 
ESSEX,SAUGUS,36,woods,,,,4,,,lumber 
ESSEX,HAVERHILL,20,woods,,,,27,,,lumber 
ESSEX,GLOUCESTER,18,woods,,,,8,,,lumber 
ESSEX,ANDOVER,10,Establishments Woollen Machinery,1,,15000,35,,,machinery
ESSEX,NEWBURYPORT,29,Establishments Cotton Woollen and other Machinery,2,,8000,25,,,machinery
ESSEX,HAVERHILL,20,Machines cutting Sole Leather,129,,1500,4,,,Sole Leather cut
ESSEX,SALISBURV,35,Vessels employed in Mackerel and Cod Fisheries,5,311,16600,52,,,mackerel
ESSEX,GLOUCESTER,18,Vessels employed in Mackerel and Cod Fisheries,156,5752,199450,1063,,,mackerel
ESSEX,BEVERLV,12,Vessels employed in Mackerel and Cod Fisheries,46,3185,100000,322,,,mackerel
ESSEX,LYNN,23,Vessels employed in Mackerel and Cod Fisheries,16,733,16,160,,,mackerel
ESSEX,NEWBURV,28,Vessels employed in Mackerel and Cod Fisheries,18,1080,12600,180,,,mackerel
ESSEX,NEWBURYPORT,30,Vessels employed in Mackerel and Cod Fisheries,57,3212,42500,525,,,mackerel
ESSEX,ROCKPORT,31,Vessels employed in Mackerel and Cod Fisheries,69,,50000,310,,,mackerel
ESSEX,NEWBURYPORT,31,workshops,,,,7,,,mast makers' work done
ESSEX,AMESBURY,9,distributed,,,,2,,,Mechanics Tools
ESSEX,NEWBURYPORT,30,distributed,,,,1,,,Mechanics Tools
ESSEX,MARBLEHEAD,26,fisheries,,,,14,,,Menhaden
ESSEX,LYNN,23,Morocco Manufactories,1,,,35,,,Morocco
ESSEX,HAVERHILL,20,Musical Instrument Manufactories,2,,550,5,,,Musical  Instrument
ESSEX,BEVERLV,13,Mustard Manufactories,1,,,,,,mustard
ESSEX,MANCHESTER,25,workshops,,,100,,,,Number Ship Wheels
ESSEX,LYNN,23,Vessels employed in Whale Fishery,1,579,,,,,oil  imported
ESSEX,IPSWICH,21,distributed,,,750,4,,,other
ESSEX,GLOUCESTER,18,distributed,,,,,,8,Palm+AC0-leaf  Hats
ESSEX,METHUEN,26,Paper Manufactories,1,,5000,16,,,paper
ESSEX,LYNN,24,Paper Hanging Manufactories,1,,10000,,30,6,Paper  Hanging
ESSEX,AMESBURY,9,distributed,,,300,2,,,Potter's ware
ESSEX,ESSEX,16,distributed,,,,3,,,Pumps and Blocks
ESSEX,IPSWICH,21,Hosiery Manufactories,5,,17500,,23,109,quantity
ESSEX,SALEM,34,Line  and Twine  Manufactories,2,,5400,12,,,quantity
ESSEX,ESSEX,16,Establishments Rail+AC0-road Cars and other vehicles,1,,500,3,,,Rail+AC0-road Cars and other vehicles
ESSEX,LYNN,22,Establishments Fire Arms,1,,,4,,,rifles
ESSEX,NEWBURYPORT,31,workshops,,,,20,,,riggers' work done
ESSEX,DANVERS,14,Rolling Slitting and Nail Mills,1,,9000,11,,,Rolling Slitting and Nail Mills
ESSEX,HAVERHILL,20,Grist Mills,7,,,6,,,run stones
ESSEX,ANDOVER,10,Saddle Harness Manufactories,2,,800,6,,,Saddle Harness 
ESSEX,AMESBURY,8,Saddle Harness Manufactories,10,,2025,10,,,Saddle Harness 
ESSEX,METHUEN,26,Saddle Harness and Trunk Manufactories,2,,800,5,,,Saddle Harness and Trunk
ESSEX,BRADD,14,Saddle Harness and Trunk Manufactories,3,,600,3,,,Saddle Harness and Trunk
ESSEX,SALEM,32,Saddle Harness and Trunk Manufactories,3,,875,9,,,Saddle Harness and Trunk
ESSEX,BEVERLV,11,Saddle Harness and Trunk Manufactories,1,,400,1,,,Saddle Harness and Trunk
ESSEX,DANVERS,15,Saddle Harness and Trunk Manufactories,7,,3650,13,,,Saddle Harness and Trunk
ESSEX,GEORGETOWN,17,Saddle Harness and Trunk Manufactories,2,,800,3,,,Saddle Harness and Trunk
ESSEX,GLOUCESTER,17,Saddle Harness and Trunk Manufactories,1,,100,1,,,Saddle Harness and Trunk
ESSEX,HAVERHILL,20,Saddle Harness and Trunk Manufactories,2,,1000,5,,,Saddle Harness and Trunk
ESSEX,NEWBURV,28,Saddle Harness and Trunk Manufactories,1,,300,1,,,Saddle Harness and Trunk
ESSEX,SALISBURV,34,Saddle Harness and Trunk Manufactories,1,,300,1,,,Saddle Harness and Trunk
ESSEX,WENHAM,38,Saddle Harness and Trunk Manufactories,3,,1150,5,,,Saddle Harness and Trunk
ESSEX,NEWBURYPORT,29,Saddle Harness and Trunk Manufactories,4,,900,8,,,saddles
ESSEX,NEWBURYPORT,30,distributed,,,,6,,,sail makers' work done
ESSEX,MARBLEHEAD,26,Vessels employed in Mackerel and Cod Fisheries,65,5120,133250,559,,,salt consumed
ESSEX,BEVERLV,12,Establishments Rail Road Cars Coaches Chaises,4,,500,4,,,same
ESSEX,LYNN,24,distributed,,,,,10,,Sashes and Blinds
ESSEX,MARBLEHEAD,26,distributed,,,,,6,15,Seamen's Hats
ESSEX,IPSWICH,22,distributed,,,,2,,,Shaving Soap
ESSEX,NEWBURYPORT,30,distributed,,,,35,,,ship painters' work done
ESSEX,DANVERS,16,distributed,,,3000,6,,,Shoe and other Boxes
ESSEX,HAVERHILL,20,distributed,,,,,2042,1680,Shoes
ESSEX,LYNNFIELD,24,distributed,,,,,62,43,Shoes
ESSEX,MARBLEHEAD,25,distributed,,,,,435,723,Shoes
ESSEX,METHUEN,27,distributed,,,,,205,177,Shoes
ESSEX,MIDDLETON,27,distributed,,,,,75,75,Shoes
ESSEX,LYNN,24,distributed,,,5700,5,,,Silk Cotton and Woollen dying
ESSEX,HAVERHILL,20,Silver Ware  Manufactories,3,,3900,10,,,Silver Ware
ESSEX,GLOUCESTER,18,distributed,,,712,2,,,Snuff Tobacco and Cigars
ESSEX,LYNN,23,distributed,,,10990,23,,,Snuff Tobacco and Cigars
ESSEX,NEWBURV,28,distributed,,,8440,5,,,Snuff Tobacco and Cigars
ESSEX,NEWBURYPORT,30,distributed,,,29369,109,,,Snuff Tobacco and Cigars
ESSEX,SALEM,33,distributed,,,72600,50,,,Snuff Tobacco and Cigars
ESSEX,SAUGUS,36,distributed,,,31550,78,,,Snuff Tobacco and Cigars
ESSEX,NEWBURYPORT,30,Soap and Tallow Candle Manufactories,6,,5500,17,,,soap
ESSEX,LYNN,22,Soap and Tallow Candle Manufactories,2,,2,3,,,soap
ESSEX,BEVERLV,12,Soap and Tallow Candle Manufactories,1,,5000,5,,,soap
ESSEX,DANVERS,15,Soap and Tallow Candle Manufactories,2,,80,6,,,soap
ESSEX,GLOUCESTER,18,Soap and Tallow Candle Manufactories,1,,4000,2,,,soap
ESSEX,MARBLEHEAD,25,Soap and Tallow Candle Manufactories,2,,2,,,,soap
ESSEX,METHUEN,26,Soap and Tallow Candle Manufactories,1,,500,3,,,soap
ESSEX,SALISBURV,34,Soap and Tallow Candle Manufactories,1,,1200,3,,,soap
ESSEX,ANDOVER,10,Soap Manufactories,2,,1000,3,,,soap
ESSEX,HAVERHILL,20,Soap Manufactories,1,,500,2,,,soap
ESSEX,SALEM,33,Soap and Tallow Candle Manufactories,2,,6247,5,,,soap
ESSEX,SALEM,33,Vessels employed in Whale Fishery,4,1308,121000,110,,,sperm oil imported
ESSEX,SAUGUS,36,Spice Mills,1,,1000,3,,,spice ground
ESSEX,BOXD,13,Cotton Mills,1,,3000,,4,6,spindles
ESSEX,IPSWICH,21,Cotton Mills,1,,25000,,14,41,spindles
ESSEX,NEWBURYPORT,29,Cotton Mills,3,,700000,,259,662,spindles
ESSEX,MIDDLETON,27,Paper Manufactories,1,,12000,12,,,Rag stock used
ESSEX,DANVERS,15,quarries,,,,31,,,Stone prepared  building
ESSEX,GLOUCESTER,18,quarries,,,,4,,,Stone quarried and prepared  building
ESSEX,ROCKPORT,31,distributed,,,,,,20,Straw Bonnets and Hats
ESSEX,NEWBURYPORT,30,distributed,,,,,,6,Straw Bonnets and Hats
ESSEX,MARBLEHEAD,26,Suits  Oil Cloth made,1000,,1000,,6,48,Suits Oil Cloth made
ESSEX,HAVERHILL,19,Tack and Awl Manufactories,1,,25,1,,,tacks and awls
ESSEX,LYNN,23,distributed,,,500,,,,Tailors' Crayons
ESSEX,ESSEX,16,Tanneries,1,,1,2,,,Tanneries
ESSEX,MANCHESTER,24,Tanneries,1,,3000,4,,,Tanneries
ESSEX,ROWLEV,31,Tanneries,5,,6500,8,,,Tanneries
ESSEX,SAUGUS,36,Tanneries,2,,4200,7,,,Tanneries
ESSEX,HAVERHILL,20,Tin Ware and Stove and Funnel Manufactories,2,,2000,8,,,Tin Ware and  Sheet Iron
ESSEX,GEORGETOWN,17,Tin Ware and Stove and Funnel Manufactories,1,,160,2,,,Tin Ware and Stove and Funnel
ESSEX,MANCHESTER,25,Vessels employed in Mackerel and Cod Fisheries,18,858,23730,113,,,mackerel
ESSEX,DANVERS,15,Axe Manufactories,1,,300,3,,,tools
ESSEX,HAVERHILL,20,Upholstery Manufactories,2,,50,2,,,Upholstery
ESSEX,IPSWICH,21,Upholstery Manufactories,1,,300,1,,,Upholstery
ESSEX,MANCHESTER,24,Upholstery Manufactories,2,,500,2,,,Upholstery
ESSEX,NEWBURYPORT,29,Upholstery Manufactories,2,,900,4,,,Upholstery
ESSEX,GLOUCESTER,18,Upholstery Manufactories,1,,600,2,,,Upholstery
ESSEX,SALEM,32,Upholstery Manufactories,2,,2250,2,,,Upholstery
ESSEX,ROWLEV,31,distributed,,,150,1,,,vehicles
ESSEX,WENHAM,38,Establishments Rail+AC0-road Cars Coaches Chaises and other Vehicles,4,,4705,13,,,vehicles
ESSEX,AMESBURY,8,Chaise Wagon and Sleigh Manufactories,55,,23090,112,,,vehicles
ESSEX,GLOUCESTER,18,Establishments Rail+AC0-road Cars Coaches Chaises and other Vehicles,2,,225,2,,,vehicles
ESSEX,NEWBURYPORT,30,Establishments Rail+AC0-road Cars Coaches Chaises and other Vehicles,2,,1000,7,,,vehicles
ESSEX,SALEM,33,Establishments Rail+AC0-road Cars Coaches Chaises and other Vehicles,2,,3200,9,,,vehicles
ESSEX,WENHAM,37,Establishments Rail+AC0-road Cars Coaches Chaises and other Vehicles,1,,200,3,,,vehicles
ESSEX,HAVERHILL,20,Chaise Wagon and Sleigh Manufactories,6,,4250,26,,,vehicles
ESSEX,SAUGUS,36,Establishments Rail+AC0-road Cars Coaches Chaises and other Vehicles,1,,1,2,,,vehicles
ESSEX,GEORGETOWN,17,Establishments Rail+AC0-road Cars Coaches Chaises and other Vehicles,2,,692,3,,,vehicles
ESSEX,IPSWICH,21,Establishments Rail+AC0-road Cars Coaches Chaises and other Vehicles,1,,300,3,,,vehicles
ESSEX,LYNNFIELD,24,Establishments Rail+AC0-road Cars Coaches Chaises and other Vehicles,2,,500,4,,,vehicles
ESSEX,METHUEN,26,Establishments Rail+AC0-road Cars Coaches Chaises and other Vehicles,1,,1000,3,,,vehicles
ESSEX,SALISBURV,34,Establishments Rail+AC0-road Cars Coaches Chaises and other Vehicles,1,,700,4,,,vehicles
ESSEX,NEWBURV,28,Establishments Rail+AC0-road Cars Coaches Chaises and other Vehicles,6,,5000,,,15,vehicles
ESSEX,LYNN,22,distributed,,,,2,,,vehicles
ESSEX,IPSWICH,22,distributed,,,,4,,,Veneers Mahogany
ESSEX,ANDOVER,10,distributed,,,,4,,,Wagons Sleighs and other vehicles
ESSEX,BEVERLV,11,Britannia Ware Manufactories,8,,1350,13,,,Tin ware
ESSEX,DANVERS,14,Furnaces Hollow Ware and Castings other than pig iron,1,,1000,5,,,Tin ware
ESSEX,GLOUCESTER,18,Tin Ware Manufactories,1,,3000,6,,,Tin ware
ESSEX,AMESBURY,9,Tin Ware Manufactories,1,,800,2,,,Tin ware
ESSEX,SALISBURV,34,Tin Ware Manufactories,1,,500,3,,,Tin ware
ESSEX,ANDOVER,10,Tin Ware Manufactories,1,,1000,2,,,Tin ware
ESSEX,DANVERS,15,Tin Ware Manufactories,4,,7500,14,,,Tin ware
ESSEX,LYNN,23,Tin Ware Manufactories,2,,,4,,,Tin ware
ESSEX,MARBLEHEAD,25,Tin Ware Manufactories,2,,600,5,,,Tin ware
ESSEX,NEWBURYPORT,30,Tin Ware Manufactories,6,,10500,10,,,Tin ware
ESSEX,SALEM,33,Tin Ware Manufactories,7,,9700,15,,,Tin ware
ESSEX,METHUEN,27,distributed,,,1000,2,,,Tin ware
ESSEX,SALEM,33,Establishments White Lead,1,,,31,,,white lead
ESSEX,NEWBURYPORT,30,distributed,,,,600010,,,Wooden Ware including farming utensils
ESSEX,HAVERHILL,19,Woollen  Mills,1,,40000,,20,30,wool  consumed
ESSEX,ANDOVER,10,Woollen  Mills,7,,400000,216,,238,wool consumed
ESSEX,AMESBURY,8,Woollen Mills,3,,204000,,94,92,wool consumed
ESSEX,HAMILTON,19,Woollen Mills,1,,,,28,14,wool consumed
ESSEX,LYNNFIELD,24,Woollen Mills,1,,5000,,7,2,wool consumed
ESSEX,SALISBURV,34,Woollen Mills,2,,404000,,154,263,wool consumed
ESSEX,SAUGUS,35,Woollen Mills,1,,60000,,20,11,wool consumed
ESSEX,SAUGUS,36,Wool Picking Mills,1,,2300,3,,,wool picked
ESSEX,LYNN,23,Woollen Goods printed pieces,1000,,,,,,Woollen Goods printed pieces
ESSEX,ESSEX,16,Vessels employed in Mackerel and Cod fisheries,27,1429,27,,,,
ESSEX,AMESBURY,9,Vessels launched,1,200,,10,,,
ESSEX,ESSEX,16,Vessels launched,28,1715,,99,,,
ESSEX,GLOUCESTER,18,Vessels launched,3,209,,18,,,
ESSEX,NEWBURV,28,Vessels launched,12,51130,,256,,,
ESSEX,SALISBURV,35,Vessels launched,2,142,,8,,,
ESSEX,BOXD,13,woods,,,400,2,,,Fire Wood
ESSEX,BOXD,13,distributed,,,500,3,,,vehicles
ESSEX,NEWBURYPORT,30,workshops,,,,25,,,ship jointers work done
