county,city,page,manufacturing site,number  factories,tonnage,capital,employeeS,employeesM,employeesF,goods0
FRANKLIN,SHELBURNE,207,Axe Manufactories,1,,3000,5,,,axes and other edge tools
FRANKLIN,WARWICK,209,Axe Manufactories,1,,800,3,,,axes and other edge tools
FRANKLIN,SUNDERLAND,209,distributed,,,,1,,,Blacking
FRANKLIN,LEVERETT,199,distributed,,,,1,,,Blocks and Pumps
FRANKLIN,WHATELY,211,distributed,,,,1,,,Boats built
FRANKLIN,ASHFIELD,189,distributed,,,,,7,,Boots
FRANKLIN,CHARLEMONT,191,distributed,,,,,8,2,Boots
FRANKLIN,COLRAINE,192,distributed,,,,,5,,Boots
FRANKLIN,CONWAY,193,distributed,,,,,5,2,Boots
FRANKLIN,DEERFIELD,194,distributed,,,,,16,8,Boots
FRANKLIN,GILL,196,distributed,,,,,2,,Boots
FRANKLIN,GREENFIELD,197,distributed,,,,,9,,Boots
FRANKLIN,HAWLEY,198,distributed,,,,,1,,Boots
FRANKLIN,LEVERETT,199,distributed,,,,,4,1,Boots
FRANKLIN,MONROE,201,distributed,,,,,1,1,Boots
FRANKLIN,MONTAGUE,202,distributed,,,,,5,,Boots
FRANKLIN,MONTAGUE,203,distributed,,,,,5,,Boots
FRANKLIN,NORTHFIELD,204,distributed,,,,,10,,Boots
FRANKLIN,ORANGE,205,distributed,,,,,40,12,Boots
FRANKLIN,SHELBURNE,207,distributed,,,,,5,1,Boots
FRANKLIN,SHUTESBURY,208,distributed,,,,,25,,Boots
FRANKLIN,SUNDERLAND,208,distributed,,,,,4,,Boots
FRANKLIN,WENDELL,210,distributed,,,,,25,5,Boots
FRANKLIN,WHATELY,211,distributed,,,,,3,1,Boots
FRANKLIN,MONTAGUE,203,distributed,,,,1,,,Bricks
FRANKLIN,MONTAGUE,202,distributed,,,,2,,,Bricks
FRANKLIN,NORTHFIELD,204,distributed,,,,2,,,Bricks
FRANKLIN,SUNDERLAND,209,distributed,,,,2,,,Bricks
FRANKLIN,WHATELY,211,distributed,,,,2,,,Bricks
FRANKLIN,LEYDEN,201,distributed,,,375,2,,,Broom Handles
FRANKLIN,LEVERETT,200,distributed,,,,3,,,Brooms
FRANKLIN,MONTAGUE,202,quarries,,,,1,,,Building Stone quarried and prepared
FRANKLIN,CHARLEMONT,191,quarries,,,,1,,,Building Stone quarried and prepnred
FRANKLIN,ERVING,196,distributed,,,10000,1,,,Card Boards
FRANKLIN,SHELBURNE,207,Chair and Cabinet Ware Manufactories,2,,1500,4,,,Chair and Cabinet Ware
FRANKLIN,GREENFIELD,197,Chair and Cabinet Ware Manufactories,2,,7000,22,,,Chair and Cabinet Ware
FRANKLIN,COLRAINE,192,Chair and Cabinet Ware Manufactories,2,,2000,5,,,Chair and Cabinet Ware
FRANKLIN,ORANGE,205,Chair and Cabinet Ware Manufactories,2,,6900,7,,,Chair and Cabinet Ware
FRANKLIN,CONWAY,193,Chair and Cabinet Ware Manufactories,3,,1650,8,,,Chair and Cabinet Ware
FRANKLIN,SUNDERLAND,208,Chair and Cabinet Ware Manufactories,1,,300,2,,,Chair and Cabinet Ware
FRANKLIN,LEVERETT,199,Chair and Cabinet Ware Manufactories,1,,1,1,,,Chair and Cabinet Ware
FRANKLIN,NORTHFIELD,203,Chair and Cabinet Ware Manufactories,1,,2500,6,,,Chair and Cabinet Ware
FRANKLIN,ROWE,206,Chair and Cabinet Ware Manufactories,1,,500,2,,,Chair and Cabinet Ware
FRANKLIN,SHUTESBURY,208,Chair and Cabinet Ware Manufactories,1,,100,2,,,Chair and Cabinet Ware
FRANKLIN,WENDELL,210,Chair and Cabinet Ware Manufactories,1,,80,1,,,Chair and Cabinet Ware
FRANKLIN,HEATH,198,Chair Manufactories,1,,800,4,,,chairs
FRANKLIN,LEVERETT,200,woods,,,,4,,,charcoal
FRANKLIN,ASHFIELD,189,woods,,,8000,,,,charcoal
FRANKLIN,CONWAY,193,Comb Manufactories,1,,400,3,,,Comb
FRANKLIN,MONTAGUE,202,distributed,,,1920,2,,,Confectionary
FRANKLIN,DEERFIELD,194,distributed,,,47578,16,,,Corn and other Brooms
FRANKLIN,GILL,196,distributed,,,4000,3,,,Corn and other Brooms
FRANKLIN,MONTAGUE,202,distributed,,,4150,1,,,Corn and other Brooms
FRANKLIN,NORTHFIELD,204,distributed,,,76000,8,,,Corn and other Brooms
FRANKLIN,SHUTESBURY,208,distributed,,,1100,2,,,Corn and other Brooms
FRANKLIN,SUNDERLAND,209,distributed,,,82000,12,,,Corn and other Brooms
FRANKLIN,WHATELY,211,distributed,,,160087,18,,,Corn and other Brooms
FRANKLIN,COLRAINE,191,Cotton Mills,3,,58000,,46,120,cotton consumed
FRANKLIN,WHATELY,211,Establishments  Cutlery,1,,500,1,,,cutlery
FRANKLIN,DEERFIELD,194,Establishments  Cutlery,1,,20000,50,,,cutlery
FRANKLIN,NORTHFIELD,204,Door Sash and Blind Manufactories,1,,200,1,,,Door Sash and Blind
FRANKLIN,COLRAINE,192,distributed,,,600,3,,,Doors and Blinds
FRANKLIN,ERVING,196,distributed,,,2000,,,,Doors and Lashes
FRANKLIN,ORANGE,205,distributed,,,2500,3,,,Doors and Sashes
FRANKLIN,LEVERETT,200,woods,,,,2,,,Fire Wood
FRANKLIN,NORTHFIELD,204,woods,,,,2,,,Fire Wood
FRANKLIN,CONWAY,193,woods,,,,3,,,Fire Wood
FRANKLIN,GILL,196,woods,,,,7,,,Fire Wood
FRANKLIN,LEYDEN,200,woods,,,,2,,,Fire Wood
FRANKLIN,MONTAGUE,202,woods,,,,7,,,Fire Wood
FRANKLIN,ORANGE,205,woods,,,,2,,,Fire Wood
FRANKLIN,SHELBURNE,207,woods,,,,4,,,Fire Wood
FRANKLIN,SHUTESBURY,208,woods,,,,15,,,Fire Wood
FRANKLIN,SUNDERLAND,209,woods,,,,2,,,Fire Wood
FRANKLIN,CONWAY,193,Flouring  Mills,2,,3200,2,,,flour
FRANKLIN,WARWICK,209,Glue Manufactories ,1,,400,3,,,glue and gums
FRANKLIN,CONWAY,193,Hat and Cap Manufactories,1,,500,2,,,hats and caps
FRANKLIN,GILL,196,Hat and Cap Manufactories,1,,1,,,,hats and caps
FRANKLIN,MONTAGUE,202,Hat and Cap Manufactories,1,,160,1,,,hats and caps
FRANKLIN,HEATH,199,Tanneries,2,,250,2,,,hides tanned
FRANKLIN,ASHFIELD,189,Tanneries,3,,2175,4,,,hides tanned
FRANKLIN,GILL,196,Tanneries,1,,2000,2,,,hides tanned
FRANKLIN,LEVERETT,199,Tanneries,3,,4050,5,,,hides tanned
FRANKLIN,SHELBURNE,207,Tanneries,2,,3000,3,,,hides tanned
FRANKLIN,WHATELY,211,Tanneries,2,,1500,2,,,hides tanned
FRANKLIN,LEVERETT,199,Hoe Manufactories,1,,,1,,,hoes
FRANKLIN,ORANGE,204,Furnaces Hollow Ware and Castings other than Pig Iron,1,,1300,2,,,hollow ware and castings
FRANKLIN,CHARLEMONT,191,Furnaces Hollow Ware and Castings other than Pig Iron,1,,900,2,,,hollow ware and castings
FRANKLIN,GREENFIELD,197,Furnaces Hollow Ware and Castings other than Pig Iron,1,,2000,4,,,hollow ware and castings
FRANKLIN,COLRAINE,192,Furnaces Hollow Ware and Castings other than Pig Iron,2,,4000,4,,,hollow ware and castings
FRANKLIN,MONTAGUE,202,Musical Instrument Manufactories,1,,150,1,,,instruments
FRANKLIN,DEERFIELD,194,Lead Manufactories,1,,200,1,,,Lead
FRANKLIN,DEERFIELD,194,Tanneries,1,,1000,2,,,leather tanned and curried
FRANKLIN,CONWAY,193,Tanneries,1,,500,1,,,leather tanned and curried
FRANKLIN,CHARLEMONT,191,Tanneries,2,,10700,8,,,leather tanned and curried
FRANKLIN,COLRAINE,192,Tanneries,1,,600,1,,,leather tanned and curried
FRANKLIN,ERVING,195,Tanneries,1,,1200,4,,,leather tanned and curried
FRANKLIN,GREENFIELD,197,Tanneries,1,,2000,2,,,leather tanned and curried
FRANKLIN,MONTAGUE,203,Tanneries,2,,2800,11,,,leather tanned and curried
FRANKLIN,MONTAGUE,202,Tanneries,2,,6600,8,,,leather tanned and curried
FRANKLIN,NORTHFIELD,204,Tanneries,2,,1400,8,,,leather tanned and curried
FRANKLIN,ROWE,206,Tanneries,1,,1500,2,,,leather tanned and curried
FRANKLIN,WARWICK,209,Tanneries,3,,1800,8,,,leather tanned and curried
FRANKLIN,CONWAY,194,distributed,,,4000,,,,Linen Bosoms and Collars
FRANKLIN,LEVERETT,200,woods,,,,8,,,lumber
FRANKLIN,ASHFIELD,189,woods,,,,6,,,lumber
FRANKLIN,ASHFIELD,189,woods,,,,8,,,lumber
FRANKLIN,ERVING,195,woods,,,,20,,,lumber
FRANKLIN,GILL,196,woods,,,,7,,,lumber
FRANKLIN,MONROE,201,woods,,,,3,,,lumber
FRANKLIN,MONTAGUE,202,woods,,,,3,,,lumber
FRANKLIN,MONTAGUE,203,woods,,,,5,,,lumber
FRANKLIN,NORTHFIELD,204,woods,,,,6,,,lumber
FRANKLIN,ORANGE,205,woods,,,,20,,,lumber
FRANKLIN,ROWE,206,woods,,,,3,,,lumber
FRANKLIN,SHUTESBURY,208,woods,,,,30,,,lumber
FRANKLIN,SUNDERLAND,209,woods,,,,10,,,lumber
FRANKLIN,WARWICK,210,woods,,,,11,,,lumber
FRANKLIN,WENDELL,210,woods,,,,12,,,lumber
FRANKLIN,WHATELY,211,woods,,,,1,,,lumber
FRANKLIN,CONWAY,193,woods,,,,6,,,lumber
FRANKLIN,ORANGE,205,Establishments Cotton Woolen and other Machinery,1,,1400,2,,,machinery
FRANKLIN,CONWAY,194,woods,,,2000,,,,Maple Sugar
FRANKLIN,MONTAGUE,202,distributed,,,75,1,,,Matches
FRANKLIN,COLRAINE,192,distributed,,,,4,,,Mechanics' Tools
FRANKLIN,GREENFIELD,197,distributed,,,,4,,,Mechanics' Tools
FRANKLIN,MONTAGUE,202,distributed,,,,3,,,Mechanics' Tools
FRANKLIN,DEERFIELD,194,distributed,,,,,,187,Palm+AC0-leaf  Hats
FRANKLIN,CHARLEMONT,191,distributed,,,,,,43,Palm+AC0-leaf Hats
FRANKLIN,CONWAY,193,distributed,,,,1,,875000,Palm+AC0-leaf Hats
FRANKLIN,GILL,196,distributed,,,,,,180,Palm+AC0-leaf Hats
FRANKLIN,HAWLEY,198,distributed,,,,,,12,Palm+AC0-leaf Hats
FRANKLIN,LEVERETT,199,distributed,,,,,,230,Palm+AC0-leaf Hats
FRANKLIN,MONROE,201,distributed,,,,,,1,Palm+AC0-leaf Hats
FRANKLIN,MONTAGUE,202,distributed,,,,,,100,Palm+AC0-leaf Hats
FRANKLIN,ORANGE,205,distributed,,,,,75,400,Palm+AC0-leaf Hats
FRANKLIN,ROWE,206,distributed,,,,,,20,Palm+AC0-leaf Hats
FRANKLIN,SHELBURNE,207,distributed,,,,,,20,Palm+AC0-leaf Hats
FRANKLIN,SUNDERLAND,209,distributed,,,,,,40,Palm+AC0-leaf Hats
FRANKLIN,DEERFIELD,194,Plough Manufactories,1,,500,1,,,ploughs
FRANKLIN,NORTHFIELD,203,Plough Manufactories,1,,,1,,,ploughs and other agricultural tools
FRANKLIN,ORANGE,205,Plough Manufactories,1,,150,1,,,ploughs and other agricultural tools
FRANKLIN,WHATELY,212,distributed,,,5000,,3,22,Pocket Books and Wallets
FRANKLIN,CONWAY,193,Saddle Harness and Trunk Manufactories,1,,300,1,,,Saddle Harness and Trunk
FRANKLIN,COLRAINE,192,Saddle Harness and Trunk Manufactories,1,,75,1,,,Saddle Harness and Trunk
FRANKLIN,GREENFIELD,197,Saddle Harness and Trunk Manufactories,2,,500,5,,,Saddle Harness and Trunk
FRANKLIN,MONTAGUE,202,Saddle Harness and Trunk Manufactories,1,,150,1,,,Saddle Harness and Trunk
FRANKLIN,MONTAGUE,203,Saddle Harness and Trunk Manufactories,1,,,1,,,Saddle Harness and Trunk
FRANKLIN,NORTHFIELD,203,Saddle Harness and Trunk Manufactories,2,,450,2,,,Saddle Harness and Trunk
FRANKLIN,ORANGE,205,Saddle Harness and Trunk Manufactories,1,,400,1,,,Saddle Harness and Trunk
FRANKLIN,CHARLEMONT,191,Saddle Harness and Trunk Manufactories,2,,700,2,,,Saddle Harness and Trunk
FRANKLIN,CONWAY,193,Woollen Mills,1,,21300,,17,12,satinet
FRANKLIN,LEVERETT,200,distributed,,,3000,10,,,Scythe Snaith Irons
FRANKLIN,ASHFIELD,190,distributed,,,,10,,,Scythe Snaiths
FRANKLIN,SHELBURNE,207,distributed,,,50000,75,,,Scythe Snaiths
FRANKLIN,LEVERETT,199,Scythe Manufactories,1,,,1,,,scythes
FRANKLIN,SHELBURNE,207,Scythe Manufactories,1,,3500,4,,,scythes
FRANKLIN,ERVING,195,woods,,,,1,,,shingles
FRANKLIN,LEYDEN,200,distributed,,,,,1,,Shoes
FRANKLIN,CHARLEMONT,191,Shovel Spade Fork and Hoe Manufactories,1,,1200,4,,,Shovel Spade Fork and Hoe
FRANKLIN,SHELBURNE,207,Shovel Spade Fork and Hoe Manufactories,2,,1800,3,,,Shovel Spade Fork and Hoe
FRANKLIN,CONWAY,193,Cotton Mills,2,,20000,,22,36,spindles
FRANKLIN,WHATELY,211,distributed,,,700,4,,,Stone and Brown Ware
FRANKLIN,NORTHFIELD,204,distributed,,,,,,100,Straw Bonnets
FRANKLIN,MONTAGUE,203,distributed,,,,,,223,Straw Braid
FRANKLIN,SHUTESBURY,208,distributed,,,,350,,,Straw Braid
FRANKLIN,WENDELL,210,distributed,,,,,,120,Straw Braid
FRANKLIN,HAWLEY,198,Tanneries,2,,20000,11,,,Tanneries
FRANKLIN,ORANGE,205,Tanneries,1,,1500,3,,,Tanneries
FRANKLIN,MONTAGUE,202,Establishments Rail+AC0-road Coaches and other Vehicle,3,,600,4,,,vehicles
FRANKLIN,SHELBURNE,207,Establishments Rail+AC0-road Coaches and other Vehicle,1,,700,2,,,vehicles
FRANKLIN,MONTAGUE,203,Establishments Rail+AC0-road Coaches and other Vehicle,12,,150,2,,,vehicles
FRANKLIN,DEERFIELD,194,Establishments Rail+AC0-road Coaches and other Vehicle,3,,1350,8,,,vehicles
FRANKLIN,CONWAY,193,Establishments Rail+AC0-road Coaches and other Vehicle,2,,1000,3,,,vehicles
FRANKLIN,GREENFIELD,197,Establishments Rail+AC0-road Coaches and other Vehicle,2,,1000,11,,,vehicles
FRANKLIN,NORTHFIELD,203,Establishments Rail+AC0-road Coaches and other Vehicle,2,,75,2,,,vehicles
FRANKLIN,SHUTESBURY,208,Establishments Rail+AC0-road Coaches and other Vehicle,1,,50,1,,,vehicles
FRANKLIN,WENDELL,210,Establishments Rail+AC0-road Coaches and other Vehicle,2,,400,2,,,vehicles
FRANKLIN,WHATELY,211,Establishments Rail+AC0-road Coaches and other Vehicle,1,,1000,1,,,vehicles
FRANKLIN,BUCKLAND,190,Establishments Rail+AC0-road Coaches and other Vehicle,1,,300,2,,,vehicles
FRANKLIN,ORANGE,205,Establishments Rail+AC0-road Coaches and other Vehicle,4,,4000,5,,,vehicles
FRANKLIN,GILL,196,Establishments Rail+AC0-road Coaches and other Vehicle,1,,500,1,,,vehicles
FRANKLIN,CHARLEMONT,191,Establishments Rail+AC0-road Coaches and other Vehicle,1,,1200,3,,,vehicles
FRANKLIN,LEVERETT,199,Establishments Wagons Sleighs and other Vehicles,1,,,1,,,vehicles
FRANKLIN,COLRAINE,192,distributed,,,1200,,,,Wagon Shafts and Bedstead Posts
FRANKLIN,GREENFIELD,197,Tin Ware Manufactories,1,,500,2,,,ware
FRANKLIN,NORTHFIELD,204,Tin Ware Manufactories,1,,300,1,,,ware
FRANKLIN,BUCKLAND,190,distributed,,,,15,,,Wooden Ware
FRANKLIN,COLRAINE,192,distributed,,,,1,,,Wooden Ware
FRANKLIN,CONWAY,193,distributed,,,,4,,,Wooden Ware
FRANKLIN,LEVERETT,200,distributed,,,,1,,,Wooden Ware
FRANKLIN,MONTAGUE,202,distributed,,,,5,,,Wooden Ware
FRANKLIN,ORANGE,205,distributed,,,,24,,,Wooden Ware
FRANKLIN,ROWE,206,distributed,,,,2,,,Wooden Ware
FRANKLIN,WENDELL,210,distributed,,,,3,,,Wooden Ware
FRANKLIN,ERVING,195,Woollen Mills,1,,,,,,wool consumed 
FRANKLIN,GREENFIELD,197,Woollen Mills,1,,40000,,,40,wool consumed
FRANKLIN,LEVERETT,199,Woollen Mills,1,,3002,,3,2,wool consumed
FRANKLIN,SHELBURNE,207,Woollen Mills,2,,3000,,7,6,wool consumed
FRANKLIN,WHATELY,211,Woollen Mills,3,,18000,,10,10,wool consumed
FRANKLIN,ROWE,206,Woollen Mills,1,,10000,,8,6,wool consumed 
FRANKLIN,CHARLEMONT,191,distributed,,,235,4,,,other articles
