county,city,page,manufacturing site,number  factories,tonnage,capital,employeeS,employeesM,employeesF,goods0
HAMPDEN,CHESTER,173,distributed,,,,18,,,Wooden Ware including Farming Utensils
HAMPDEN,SPRINGFIELD,182,Paper Manufactories,2,,75000,125,,,stock consumed
HAMPDEN,SPRINGFIELD,182,United States Armory,,,727000,250,,,fire arms
HAMPDEN,MONSON,177,Axe  Manufactories,1,,100,1,,,axes hatchets and other edge tools
HAMPDEN,BRIMFIELD,172,distributed,,,,4,,,Blacksmiths' labor done
HAMPDEN,SPRINGFIELD,183,distributed,,,,4,,,Blocks and Pumps
HAMPDEN,LONGMEADOW,175,quarries,,,,15,,,Building Stone quarried
HAMPDEN,BRIMFIELD,171,distributed,,,,,14,12,Boots
HAMPDEN,CHESTER,173,distributed,,,,,3,,Boots
HAMPDEN,LONGMEADOW,175,distributed,,,,,3,,Boots
HAMPDEN,LUDLOW,176,distributed,,,,,2,,Boots
HAMPDEN,PALMER,179,distributed,,,,,6,1,Boots
HAMPDEN,SOUTHWICK,181,distributed,,,,,1,,Boots
HAMPDEN,SPRINGFIELD,183,distributed,,,,,57,,Boots
HAMPDEN,WALES,185,distributed,,,,,20,,Boots
HAMPDEN,WEST SPRINGFIELD,186,distributed,,,,,12,5,Boots
HAMPDEN,WEST SPRINGFIELD,187,distributed,,,,,5,,Boots
HAMPDEN,WILBRAHAM,188,distributed,,,,,4,,Boots
HAMPDEN,SPRINGFIELD,182,Brass Foundries,2,,6000,7,,,Brass
HAMPDEN,BRIMFIELD,172,distributed,,,,3,,,Bricks
HAMPDEN,HOLLAND,174,distributed,,,,3,,,Bricks
HAMPDEN,LONGMEADOW,175,distributed,,,,17,,,Bricks
HAMPDEN,SPRINGFIELD,183,distributed,,,,76,,,Bricks
HAMPDEN,WALES,185,distributed,,,,2,,,Bricks
HAMPDEN,WEST SPRINGFIELD,187,distributed,,,,6,,,Bricks
HAMPDEN,WEST SPRINGFIELD,186,distributed,,,,12,,,Bricks
HAMPDEN,SPRINGFIELD,183,distributed,,,10000,6,,,Bronze Cannon
HAMPDEN,SPRINGFIELD,182,Brush Manufactories,1,,700,3,,,brushes
HAMPDEN,SPRINGFIELD,183,quarries,,,,4,,,Building Stone quarried and prepared
HAMPDEN,WEST SPRINGFIELD,187,quarries,,,,40,,,Building Stone quarried and prepared
HAMPDEN,MONSON,177,quarries,,,,10,,,Building Stone quarried and prepared
HAMPDEN,WILBRAHAM,188,quarries,,,,4,,,Building Stone quarried and prepared
HAMPDEN,LUDLOW,176,quarries,,,,1,,,Building Stone quarried and prepared
HAMPDEN,SPRINGFIELD,182,Card Manufactories,1,,10000,6,,,cards
HAMPDEN,WEST SPRINGFIELD,186,Chair and Cabinet Ware Manufactories,1,,800,5,,,Chair and Cabinet Ware
HAMPDEN,SPRINGFIELD,183,Chair and Cabinet Ware Manufactories,6,,10100,29,,,Chair and Cabinet Ware
HAMPDEN,MONSON,177,Chair and Cabinet Ware Manufactories,1,,225,1,,,Chair and Cabinet Ware
HAMPDEN,CHESTER,173,Chair and Cabinet Ware Manufactories,1,,150,1,,,Chair and Cabinet Ware
HAMPDEN,PALMER,179,Chair and Cabinet Ware Manufactories,2,,51,2,,,Chair and Cabinet Ware
HAMPDEN,BRIMFIELD,172,woods,,,,2,,,charcoal
HAMPDEN,MONSON,177,woods,,,50000,10,,,charcoal
HAMPDEN,GRANVILLE,173,Establishments Chronometers Watches Gold and Silver Ware and Jewelry,1,,1000,3,,,Chronometers Watches Gold and Silver Ware and Jewelry
HAMPDEN,MONSON,177,Establishments Chronometers Watches Gold and Silver Ware and Jewelry,1,,500,5,,,Chronometers Watches Gold and Silver Ware and Jewelry
HAMPDEN,LONGMEADOW,175,Establishments Chronometers Watches Gold and Silver Ware and Jewelry,3,,3900,11,,,Chronometers Watches Gold and Silver Ware and Jewelry
HAMPDEN,BRIMFIELD,172,Cider Mills,2,,2,,,,Cider
HAMPDEN,TOLLAND,184,Clock Manufactories,1,,5000,20,,,clocks
HAMPDEN,SPRINGFIELD,182,Cordage Manufactories,1,,2000,4,,,cordage
HAMPDEN,LONGMEADOW,175,distributed,,,4100,2,,,Corn and other Brooms
HAMPDEN,LUDLOW,176,distributed,,,2561,1,,,Corn and other Brooms
HAMPDEN,SPRINGFIELD,183,distributed,,,20000,4,,,Corn and other Brooms
HAMPDEN,WEST SPRINGFIELD,187,distributed,,,7752,1,,,Corn and other Brooms
HAMPDEN,WILBRAHAM,188,distributed,,,5000,2,,,Corn and other Brooms
HAMPDEN,CHESTER,172,Cotton Mills,1,,10000,,10,,cotton consumed
HAMPDEN,LUDLOW,176,Cotton Mills,1,,96000,,60,175,cotton consumed
HAMPDEN,PALMER,179,Cotton Mills,2,,360000,,225,255,cotton consumed
HAMPDEN,WEST SPRINGFIELD,187,Cotton Mills,1,,1,50,15,,cotton consumed
HAMPDEN,BRIMFIELD,171,Establishments Cutlery,1,,100,1,,,cutlery
HAMPDEN,SPRINGFIELD,182,Establishments Cutlery,1,,20000,44,,,cutlery
HAMPDEN,MONSON,177,Establishments Cotton Woollen and other Machinery,2,,500,3,,,Cotton Woollen and other Machinery
HAMPDEN,MONSON,177,woods,,,,100,,,Fire Wood
HAMPDEN,WEST SPRINGFIELD,186,woods,,,,10,,,Fire Wood
HAMPDEN,WILBRAHAM,188,woods,,,,2,,,Fire Wood
HAMPDEN,CHESTER,173,woods,,,,9,,,Fire Wood
HAMPDEN,LONGMEADOW,175,woods,,,,3,,,Fire Wood
HAMPDEN,LUDLOW,176,woods,,,,51,,,Fire Wood
HAMPDEN,PALMER,179,woods,,,,5,,,Fire Wood
HAMPDEN,SPRINGFIELD,183,woods,,,,6,,,Fire Wood
HAMPDEN,WALES,185,woods,,,,2,,,Fire Wood
HAMPDEN,WEST SPRINGFIELD,187,woods,,,,9,,,Fire Wood
HAMPDEN,BRIMFIELD,172,woods,,,,3,,,Fire Wood
HAMPDEN,SPRINGFIELD,184,distributed,,,305,2,,,Flasks and Pouches
HAMPDEN,SPRINGFIELD,183,Flouring Mills,1,,100,1,,,flour
HAMPDEN,BRIMFIELD,172,Grist Mills,1,,,,,,grain ground
HAMPDEN,SPRINGFIELD,184,distributed,,,300,3,,,Hair Cloth
HAMPDEN,SPRINGFIELD,182,Hat and Cap Manufactories,8,,9150,19,,,hats and caps
HAMPDEN,WEST SPRINGFIELD,186,Hat and Cap Manufactories,1,,1000,3,,,hats and caps
HAMPDEN,LONGMEADOW,175,Tanneries,3,,2645,5,,,hides tanned
HAMPDEN,CHESTER,173,Tanneries,3,,18000,13,,,hides tanned
HAMPDEN,GRANVILLE,173,Tanneries,1,,,,,,hides tanned
HAMPDEN,WEST SPRINGFIELD,187,Tanneries,4,,13550,11,,,hides tanned
HAMPDEN,WILBRAHAM,188,Tanneries,1,,800,1,,,hides tanned
HAMPDEN,WALES,185,Hoe Manufactories,1,,,1,,,hoes
HAMPDEN,SPRINGFIELD,182,Furnaces Hollow Ware and Castings other than Pig Iron,4,,21000,41,,,hollow ware and castings
HAMPDEN,PALMER,179,Furnaces Hollow Ware and Castings other than Pig Iron,1,,5000,10,,,hollow ware and castings
HAMPDEN,SPRINGFIELD,182,Lead Manufactories,1,,1000,1,,,Lead
HAMPDEN,WALES,185,distributed,,,500,2,,,leather tanned and curried
HAMPDEN,BLANDFORD,171,Tanneries,3,,9000,7,,,leather tanned and curried
HAMPDEN,BRIMFIELD,171,Tanneries,2,,4700,10,,,leather tanned and curried
HAMPDEN,MONSON,177,Tanneries,1,,2500,3,,,leather tanned and curried
HAMPDEN,SOUTHWICK,181,Tanneries,1,,200,2,,,leather tanned and curried
HAMPDEN,SPRINGFIELD,183,Tanneries,2,,4000,7,,,leather tanned and curried
HAMPDEN,TOLLAND,184,Tanneries,2,,6000,11,,,leather tanned and curried
HAMPDEN,WEST SPRINGFIELD,186,Tanneries,3,,3000,7,,,leather tanned and curried
HAMPDEN,SPRINGFIELD,182,Lock Manufactories,1,,500,3,,,locks
HAMPDEN,BRIMFIELD,172,woods,,,,4,,,lumber
HAMPDEN,LUDLOW,176,woods,,,,7,,,lumber
HAMPDEN,BLANDFORD,171,woods,,,,3,,,lumber
HAMPDEN,CHESTER,173,woods,,,,16,,,lumber
HAMPDEN,LONGMEADOW,175,woods,,,,2,,,lumber
HAMPDEN,PALMER,179,woods,,,,5,,,lumber
HAMPDEN,RUSSELL,180,woods,,,,6,,,lumber
HAMPDEN,SPRINGFIELD,183,woods,,,,11,,,lumber
HAMPDEN,TOLLAND,184,woods,,,,3,,,lumber
HAMPDEN,WALES,185,woods,,,,2,,,lumber
HAMPDEN,WEST SPRINGFIELD,186,woods,,,,5,,,lumber
HAMPDEN,PALMER,179,Establishments Cotton Woollen and other Machinery,1,,1000,4,,,machinery
HAMPDEN,SPRINGFIELD,182,Establishments Cotton Woollen and other Machinery,2,,65000,110,,,machinery
HAMPDEN,CHESTER,173,distributed,,,,5,,,Mechanics' Tools
HAMPDEN,SPRINGFIELD,183,distributed,,,,13,,,Mechanics' Tools
HAMPDEN,WEST SPRINGFIELD,186,distributed,,,,5,,,Mechanics' Tools
HAMPDEN,BRIMFIELD,172,distributed,,,,,,25,Palm+AC0-leaf Hats
HAMPDEN,MONSON,177,distributed,,,,,,100,Palm+AC0-leaf Hats
HAMPDEN,WILBRAHAM,188,distributed,,,,,,2,Palm+AC0-leaf Hats
HAMPDEN,LUDLOW,176,distributed,,,,,,29,Palm+AC0-leaf Hats
HAMPDEN,PALMER,179,distributed,,,,,,75,Palm+AC0-leaf Hats
HAMPDEN,SPRINGFIELD,182,Plough Manufactories,2,,300,2,,,ploughs and other agricultural tools
HAMPDEN,MONSON,177,Plough Manufactories,1,,100,1,,,ploughs and other agricultural tools
HAMPDEN,LUDLOW,176,Plough Manufactories,1,,200,3,,,ploughs and other agricultural tools
HAMPDEN,WEST SPRINGFIELD,185,Plough Manufactories,1,,250,1,,,ploughs and other agricultural tools
HAMPDEN,WILBRAHAM,188,Plough Manufactories,1,,3000,10,,,ploughs and other agricultural tools
HAMPDEN,SOUTHWICK,181,Powder Mills,1,,2000,2,,,powder
HAMPDEN,WEST SPRINGFIELD,186,Powder Mills,2,,3000,3,,,powder
HAMPDEN,BRIMFIELD,172,Aqueduct and Copper Pump Manufactories,1,,500,,,,pumps
HAMPDEN,BLANDFORD,171,Rake Manufactories,1,,3000,2,,,rakes
HAMPDEN,LUDLOW,176,Reed Manufactories,1,,1500,3,,,reeds
HAMPDEN,PALMER,179,distributed,,,500,2,,,Reeds
HAMPDEN,SPRINGFIELD,182,Establishments Fire Arms,2,,25200,49,,,Rifles 
HAMPDEN,BRIMFIELD,171,Saddle Harness and Trunk Manufactories,1,,300,2,,,Saddle Harness and Trunk
HAMPDEN,MONSON,177,Saddle Harness and Trunk Manufactories,1,,200,1,,,Saddle Harness and Trunk
HAMPDEN,SPRINGFIELD,182,Saddle Harness and Trunk Manufactories,6,,6300,24,,,Saddle Harness and Trunk
HAMPDEN,WEST SPRINGFIELD,186,Saddle Harness and Trunk Manufactories,2,,900,4,,,Saddle Harness and Trunk
HAMPDEN,PALMER,179,Saddle Harness.and Trunk Manufactories:,2,,300,3,,,Saddle Harness.and Trunk
HAMPDEN,SPRINGFIELD,184,distributed,,,4200,22,,,Sashes and Blinds
HAMPDEN,LUDLOW,176,Woollen Mills,1,,1800,,4,3,satinet
HAMPDEN,MONSON,177,Woollen Mills,3,,30000,,43,,satinet
HAMPDEN,SPRINGFIELD,181,Woollen Mills,3,,14,29,,21,satinet
HAMPDEN,BRIMFIELD,172,Saw Mills ,7,,,,,,lumber
HAMPDEN,PALMER,179,Scythe Manufactories,1,,3000,15,,,scythes
HAMPDEN,TOLLAND,184,Establishments Shovels Spades Forks and Hoes,1,,1500,3,,,Shovels Spades Forks and Hoes
HAMPDEN,LUDLOW,176,Saddle Harness and Trunk Manufactories,2,,300,2,,,Siddle Harness and Trunk
HAMPDEN,SOUTHWICK,181,distributed,,,3458,30,,,Snuff Tobacco and Cigars
HAMPDEN,WEST SPRINGFIELD,187,distributed,,,4901,16,,,Snuff Tobacco and Cigars
HAMPDEN,SPRINGFIELD,182,Soap and Tallow Candle Manufactories,3,,3,,,,soap
HAMPDEN,BRIMFIELD,171,Cotton Mills,1,,12000,,18,16,spindles
HAMPDEN,MONSON,177,Cotton Mills,2,,28000,,47,47,spindles
HAMPDEN,RUSSELL,180,Cotton Mills,1,,1,,1,4,spindles
HAMPDEN,SPRINGFIELD,181,Cotton Mills,10,,2400000,493,,1243,spindles
HAMPDEN,PALMER,179,Soap and Tallow Candle Manufactories,1,,1,1,,,soft soap
HAMPDEN,WALES,185,distributed,,,15,,,,Steel Carriage Springs
HAMPDEN,WEST SPRINGFIELD,187,Paper Manufactories,1,,30000,30,,,Rag stock consumed
HAMPDEN,WEST SPRINGFIELD,186,Paper Manufactories,1,,30000,30,,,Rag stock consumed
HAMPDEN,BLANDFORD,171,Paper Manufactories,1,,1500,4,,,Rag stock consumed
HAMPDEN,WALES,185,distributed,,,,,,64,Straw Braid 
HAMPDEN,SPRINGFIELD,182,Upholstery Manufactories,1,,700,4,,,Upholstery
HAMPDEN,WEST SPRINGFIELD,186,Establishments Wagons Sleighs and other Vehicles,4,,1500,8,,,vehicles
HAMPDEN,BRIMFIELD,171,Establishments Coaches Chaises and other Vehicles,3,,500,4,,,vehicles
HAMPDEN,PALMER,179,Establishments Rail+AC0-road Cars Coaches Chaises and other Vehicles,4,,4500,16,,,vehicles
HAMPDEN,HOLLAND,174,Establishments Rail+AC0-road Cars Coaches Chaises and other Vehicles,1,,100,2,,,vehicles
HAMPDEN,SPRINGFIELD,182,Establishments Rail+AC0-road Cars Coaches Chaises and other Vehicles,8,,17800,65,,,vehicles
HAMPDEN,LONGMEADOW,175,Establishments Rail+AC0-road Cars Coaches Chaises and other Vehicles,2,,600,4,,,vehicles
HAMPDEN,WALES,185,Establishments Rail+AC0-road Cars Coaches Chaises and other Vehicles,1,,500,3,,,vehicles
HAMPDEN,WEST SPRINGFIELD,186,distributed,,,,,100,200,Whips
HAMPDEN,WEST SPRINGFIELD,187,Establishments Wagons Sleighs and other Vehicles,6,,,9,,,Wagons and Sleighs and Repairing Vehicles
HAMPDEN,MONSON,177,Tin Ware Manufactories,1,,500,2,,,ware
HAMPDEN,PALMER,179,Tin Ware Manufactories,1,,800,2,,,ware
HAMPDEN,WEST SPRINGFIELD,186,Tin Ware Manufactories,1,,0,1,,,ware
HAMPDEN,SPRINGFIELD,183,Tin Ware Manufactories,6,,10250,27,,,ware and sheet iron
HAMPDEN,SOUTHWICK,181,distributed,,,,1,,,Whips
HAMPDEN,SPRINGFIELD,184,woods,,,20005,20005,,,Wooden Aqueduct  Logs prepared
HAMPDEN,BLANDFORD,170,Woollen Mills,1,,5000,,10,4,wool consumed
HAMPDEN,PALMER,179,Woollen Mills,1,,25000,,,13,wool consumed
HAMPDEN,WALES,184,Woollen Mills,1,,1600015,,1600015,15,wool consumed
HAMPDEN,WEST SPRINGFIELD,187,Woollen Mills,1,,3500,,6,3,wool consumed
