county,city,page,manufacturing site,number  factories,tonnage,capital,employeeS,employeesM,employeesF,goods0
HAMPSHIRE,NORTHAMPTON,160,Establishments m. Gold and Silver Ware and Jewelry,2,,1,4,,,articles
HAMPSHIRE,WARE,167,Auger Manufactories,1,,1200,5,,,Auger
HAMPSHIRE,WARE,168,distributed,,,300,1,,,axe helves and bobbins
HAMPSHIRE,WILLIAMSBURG,168,Axe Manufactories,2,,1800,6,,,axes hatchets and other edge tools
HAMPSHIRE,SOUTHAMPTON,166,Baskets,1000,,,,,,Baskets
HAMPSHIRE,NORTHAMPTON,161,Bookbinderies,2,,2100,10,,,Bookbinderies
HAMPSHIRE,AMHERST,148,distributed,,,,,18,4,Boots
HAMPSHIRE,CUMMINGTON,152,distributed,,,,,4,,Boots
HAMPSHIRE,CUMMINGTON,153,distributed,,,,,5,,Boots
HAMPSHIRE,ENFIELD,154,distributed,,,,4,2,,Boots
HAMPSHIRE,GREENWICH,156,distributed,,,,,1,,Boots
HAMPSHIRE,HADLEY,157,distributed,,,,8,,,Boots
HAMPSHIRE,HATFIELD,158,distributed,,,,113,,,Boots
HAMPSHIRE,NORTHAMPTON,160,distributed,,,,,21,6,Boots
HAMPSHIRE,NORWICH,162,distributed,,,,,1,,Boots
HAMPSHIRE,PELHAM,163,distributed,,,,,1,,Boots
HAMPSHIRE,PELHAM,162,distributed,,,,,7,,Boots
HAMPSHIRE,PRESCOTT,164,distributed,,,,,3,,Boots
HAMPSHIRE,PRESCOTT,165,distributed,,,,,7,2,Boots
HAMPSHIRE,WARE,166,distributed,,,,,14,5,Boots
HAMPSHIRE,WILLIAMSBURG,169,distributed,,,,,7,2,Boots
HAMPSHIRE,WORTHINGTON,170,distributed,,,,,4,,Boots
HAMPSHIRE,BELCHERTOWN,150,distributed,,,,,3,,Boots
HAMPSHIRE,BELCHERTOWN,150,Brass Foundries,1,,300,21,,,Brass
HAMPSHIRE,WARE,167,Brass Foundries and Silver Plating Establishments,1,,2000,1,,,Brass
HAMPSHIRE,AMHERST,149,distributed,,,,2,,,Bricks
HAMPSHIRE,BELCHERTOWN,150,distributed,,,,2,,,Bricks
HAMPSHIRE,HADLEY,158,distributed,,,,5,,,Bricks
HAMPSHIRE,PELHAM,163,distributed,,,,1,,,Bricks
HAMPSHIRE,PRESCOTT,164,distributed,,,,2,,,Bricks
HAMPSHIRE,PRESCOTT,165,distributed,,,,2,,,Bricks
HAMPSHIRE,SOUTHAMPTON,165,distributed,,,,5,,,Bricks
HAMPSHIRE,WARE,167,distributed,,,,2,,,Bricks
HAMPSHIRE,NORTHAMPTON,160,Woollen Mills,1,,60000,,152,,broadcloth
HAMPSHIRE,CUMMINGTON,153,crops,,,6,,,,Broom Corn
HAMPSHIRE,CUMMINGTON,153,distributed,,,,1,,,Broom Handles
HAMPSHIRE,AMHERST,149,distributed,,,,8,,,Brooms
HAMPSHIRE,HATFIELD,158,distributed,,,,43,,,Brooms and Brushes
HAMPSHIRE,GREENWICH,156,Brush Manufactories,1,,,,,,brushes
HAMPSHIRE,WILLIAMSBURG,169,quarries,,,,2,,,Building Stone quarried 
HAMPSHIRE,PELHAM,162,quarries,,,,6,,,Building Stone quarried 
HAMPSHIRE,WILLIAMSBURG,168,Covered Button Manufactories,1,,100000,160,,,buttons
HAMPSHIRE,PRESCOTT,164,Pearl Button Manufactories,1,,2000,22,,,buttons
HAMPSHIRE,PELHAM,163,distributed,,,100,,,,Cabinet Ware
HAMPSHIRE,ENFIELD,154,Card Manufactories,1,,18000,14,,,cards
HAMPSHIRE,AMHERST,148,Card Manufactories,1,,1,,,,cards
HAMPSHIRE,HADLEY,157,Card Manufactories,1,,1,,,,cards
HAMPSHIRE,WORTHINGTON,170,distributed,,,3000,,,,Carpenters' Planes
HAMPSHIRE,WILLIAMSBURG,169,distributed,,,3000,,,,Carpenters' work done
HAMPSHIRE,NORTHAMPTON,160,Chair and Cabinet Ware Manufactories,4,,4200,16,,,Chair and Cabinet Ware
HAMPSHIRE,HADLEY,157,Chair and Cabinet Ware Manufactories,1,,1,2,,,Chair and Cabinet Ware
HAMPSHIRE,AMHERST,148,Chair and Cabinet Ware Manufactories,2,,3150,7,,,Chair and Cabinet Ware
HAMPSHIRE,WARE,166,Chair and Cabinet Ware Manufactories,2,,3000,9,,,Chair and Cabinet Ware
HAMPSHIRE,ENFIELD,154,Chair and Cabinet Ware Manufactories,2,,200,2,,,Chair and Cabinet Ware
HAMPSHIRE,BELCHERTOWN,150,distributed,,,1000,3,,,Chair and Cabinet Ware
HAMPSHIRE,PELHAM,163,woods,,,13500,,,,Charcoal
HAMPSHIRE,WARE,167,woods,,,11850,,,,Charcoal
HAMPSHIRE,BELCHERTOWN,151,woods,,,50,,,,Chestnuts
HAMPSHIRE,AMHERST,149,distributed,,,7000,,,,Children's Wagons
HAMPSHIRE,WORTHINGTON,170,distributed,,,3000,,,,Children's Wagons
HAMPSHIRE,HADLEY,158,distributed,,,3600,3,,,Children's Wagons
HAMPSHIRE,HADLEY,158,crops,,,599369,139,,,Corn and other Brooms
HAMPSHIRE,NORTHAMPTON,160,crops,,,16100,4,,,Corn and other Brooms
HAMPSHIRE,PRESCOTT,165,crops,,,2000,1,,,Corn and other Brooms
HAMPSHIRE,HADLEY,157,distributed,,,100000,,,,Corn Brooms
HAMPSHIRE,WARE,166,Cotton Mills,3,,150000,,,,Cotton Mills
HAMPSHIRE,CUMMINGTON,153,distributed,,,1000,,,,Cotton Wicking
HAMPSHIRE,HADLEY,158,distributed,,,12,1,,,Cultivators
HAMPSHIRE,BELCHERTOWN,151,distributed,,,7,,,,Curled Palm+AC0-leaf
HAMPSHIRE,WILLIAMSBURG,168,Establishments Cutlery,1,,6000,6,,,cutlery
HAMPSHIRE,HADLEY,157,distributed,,,75,,,,cutlery
HAMPSHIRE,HADLEY,158,woods,,,,4,,,Fellows
HAMPSHIRE,WILLIAMSBURG,169,woods,,,,15,,,Fire Wood
HAMPSHIRE,BELCHERTOWN,150,woods,,,,4,,,Fire Wood
HAMPSHIRE,CHESTERFIELD,151,woods,,,,2,,,Fire Wood
HAMPSHIRE,ENFIELD,154,woods,,,,20,,,Fire Wood
HAMPSHIRE,GRANBY,156,woods,,,,14,,,Fire Wood
HAMPSHIRE,HATFIELD,159,woods,,,,20,,,Fire Wood
HAMPSHIRE,NORWICH,162,woods,,,,7,,,Fire Wood
HAMPSHIRE,PELHAM,163,woods,,,,1,,,Fire Wood
HAMPSHIRE,PELHAM,162,woods,,,,6,,,Fire Wood
HAMPSHIRE,PRESCOTT,164,woods,,,,1,,,Fire Wood
HAMPSHIRE,WARE,167,distributed,,,,,10,150,Florence and Fancy Bonnets
HAMPSHIRE,NORWICH,161,Flouring Mills,1,,1000,1,,,flour
HAMPSHIRE,WILLIAMSBURG,169,Flouring Mills,1,,3000,,,,flour
HAMPSHIRE,HADLEY,157,Glue Manufactories ,1,,550,1,,,glue and gums
HAMPSHIRE,CUMMINGTON,153,Flouring Mills,1,,,,,,grain ground
HAMPSHIRE,NORTHAMPTON,161,Grist Mills,2,,,,,,grain ground
HAMPSHIRE,SOUTHAMPTON,165,Grist Mills,2,,,,,,grain ground
HAMPSHIRE,WARE,166,Hat  Manufactories,1,,1000,3,,,Hat
HAMPSHIRE,WORTHINGTON,170,Hat and Cap Manufactories,1,,200,2,,,Hat and Cap
HAMPSHIRE,BELCHERTOWN,150,Hat and Cap Manufactories,1,,500,2,,,Hat and Cap
HAMPSHIRE,NORTHAMPTON,160,Hat and Cap Manufactories,2,,1400,5,,,Hat and Cap
HAMPSHIRE,WARE,167,Tanneries,1,,400,1,,,hides tanned
HAMPSHIRE,AMHERST,148,Tanneries,1,,1500,2,,,hides tanned
HAMPSHIRE,MIDDLEFIELD,159,Tanneries,1,,2000,2,,,hides tanned
HAMPSHIRE,PRESCOTT,165,Tanneries,3,,4000,10,,,hides tanned
HAMPSHIRE,WILLIAMSBURG,168,Establishments m. Hoes,1,,1000,3,,,hoes
HAMPSHIRE,NORTHAMPTON,161,Coopers' Establishments,1,,400,1,,,hogsheads
HAMPSHIRE,NORTHAMPTON,160,Furnaces  m.  Hollow Ware and Castings other than Pig Iron,1,,3000,3,,,hollow ware and castings
HAMPSHIRE,CHESTERFIELD,151,Furnaces  m.  Hollow Ware and Castings other than Pig Iron,1,,2000970,4,,,hollow ware and castings
HAMPSHIRE,CUMMINGTON,152,Furnaces  m.  Hollow Ware and Castings other than Pig Iron,1,,500,2,,,hollow ware and castings
HAMPSHIRE,WILLIAMSBURG,168,Furnaces  m.  Hollow Ware and Castings other than Pig Iron,1,,3000,5,,,hollow ware and castings
HAMPSHIRE,WILLIAMSBURG,168,distributed,,,10000,30,,,Horn Buttons
HAMPSHIRE,WILLIAMSBURG,169,distributed,,,1500,15,,,Japanned Buttons
HAMPSHIRE,NORTHAMPTON,161,Job Printing offices,1,,1200,3,,,prints
HAMPSHIRE,WILLIAMSBURG,169,Blacksmiths' Shops,2,,,,,,labor
HAMPSHIRE,WILLIAMSBURG,169,Carding Fulling  and  Finishing  Machines,1,,1,,,,labor
HAMPSHIRE,WILLIAMSBURG,169,distributed,,,300,3,,,Lather Boxes (glassed)
HAMPSHIRE,CUMMINGTON,152,Tanneries,4,,34000,34,,,leather  tanned and curried
HAMPSHIRE,SOUTHAMPTON,165,Tanneries,1,,2000,3,,,leather tanned  and  curried
HAMPSHIRE,CHESTERFIELD,151,Tanneries,2,,3600,7,,,leather tanned and curried
HAMPSHIRE,CUMMINGTON,153,Tanneries,1,,1000,2,,,leather tanned and curried
HAMPSHIRE,ENFIELD,154,Tanneries,2,,5000,4,,,leather tanned and curried
HAMPSHIRE,NORTHAMPTON,160,Tanneries,1,,5000,4,,,leather tanned and curried
HAMPSHIRE,NORWICH,161,Tanneries,1,,250,1,,,leather tanned and curried
HAMPSHIRE,PELHAM,163,Tanneries,1,,500,5,,,leather tanned and curried
HAMPSHIRE,WILLIAMSBURG,169,Tanneries,1,,3000,5,,,leather tanned and curried
HAMPSHIRE,HADLEY,157,distributed,,,1500,3,,,leather tanned and curried
HAMPSHIRE,WORTHINGTON,170,Tanneries,2,,3000,9,,,leather tanned and curried.
HAMPSHIRE,PRESCOTT,164,woods,,,,4,,,lumber
HAMPSHIRE,ENFIELD,154,woods,,,,5,,,lumber
HAMPSHIRE,AMHERST,149,woods,,,,3,,,lumber
HAMPSHIRE,BELCHERTOWN,150,woods,,,,20,,,lumber
HAMPSHIRE,CHESTERFIELD,151,woods,,,,8,,,lumber
HAMPSHIRE,HADLEY,158,woods,,,,14,,,lumber
HAMPSHIRE,MIDDLEFIELD,159,woods,,,,4,,,lumber
HAMPSHIRE,NORTHAMPTON,160,woods,,,,10,,,lumber
HAMPSHIRE,NORWICH,162,woods,,,,7,,,lumber
HAMPSHIRE,PELHAM,162,woods,,,,10,,,lumber
HAMPSHIRE,WORTHINGTON,170,woods,,,,8,,,lumber
HAMPSHIRE,WILLIAMSBURG,169,woods,,,,25,,,lumber
HAMPSHIRE,ENFIELD,154,Establishments m. Cotton Woollen and other Machinery,1,,2000,10,,,Machinery (looms)
HAMPSHIRE,BELCHERTOWN,151,quarries,,,300,,,,Marble prepared
HAMPSHIRE,AMHERST,149,distributed,,,,22,,,Mechanics' Tools
HAMPSHIRE,WORTHINGTON,170,distributed,,,2900,,,,Painted Curtain Blinds
HAMPSHIRE,CUMMINGTON,153,distributed,,,,,,12,Palm+AC0-leaf Hats
HAMPSHIRE,ENFIELD,154,distributed,,,,,,205,Palm+AC0-leaf Hats
HAMPSHIRE,GREENWICH,156,distributed,,,,5,,,Palm+AC0-leaf Hats
HAMPSHIRE,HADLEY,158,distributed,,,,,,182,Palm+AC0-leaf Hats
HAMPSHIRE,HATFIELD,158,distributed,,,,,,40,Palm+AC0-leaf Hats
HAMPSHIRE,NORWICH,162,distributed,,,,1,,,Palm+AC0-leaf Hats
HAMPSHIRE,PELHAM,163,distributed,,,,,,78,Palm+AC0-leaf Hats
HAMPSHIRE,PELHAM,162,distributed,,,,,,183,Palm+AC0-leaf Hats
HAMPSHIRE,PRESCOTT,164,distributed,,,,,,100,Palm+AC0-leaf Hats
HAMPSHIRE,SOUTHAMPTON,165,Plough Manufactories,1,,100,1,,,ploughs
HAMPSHIRE,BELCHERTOWN,150,Plough Manufactories,1,,400,1,,,ploughs
HAMPSHIRE,ENFIELD,154,Plough Manufactories,1,,,1,,,ploughs and other agricultural tools
HAMPSHIRE,NORTHAMPTON,161,Printing offices,4,,6000,181,,,prints
HAMPSHIRE,WARE,167,Curriers' establishments,1,,1,,,,leather 
HAMPSHIRE,HADLEY,158,distributed,,,,1,,,Pumps
HAMPSHIRE,SOUTHAMPTON,166,woods ,14900,,,,,,Rail+AC0-road Sleepers prepared
HAMPSHIRE,ENFIELD,154,Saddle Harness and Trunk Manufactories,1,,300,1,,,Saddle Harness and Trunk
HAMPSHIRE,NORTHAMPTON,160,Saddle Harness and Trunk Manufactories,3,,1600,8,,,Saddle Harness and Trunk
HAMPSHIRE,AMHERST,148,Saddle Harness and Trunk Manufactories,4,,1550,8,,,Saddle Harness and Trunk
HAMPSHIRE,BELCHERTOWN,150,Saddle Harness and Trunk Manufactories,4,,1500,4,,,Saddle Harness and Trunk
HAMPSHIRE,HADLEY,157,Saddle Harness and Trunk Manufactories,1,,,1,,,Saddle Harness and Trunk
HAMPSHIRE,PRESCOTT,165,Saddle Harness and Trunk Manufactories,1,,500,2,,,Saddle Harness and Trunk
HAMPSHIRE,SOUTHAMPTON,165,Saddle Harness and Trunk Manufactories,1,,100,1,,,Saddle Harness and Trunk
HAMPSHIRE,WARE,166,Saddle Harness and Trunk Manufactories,1,,100,1,,,Saddle Harness and Trunk
HAMPSHIRE,WILLIAMSBURG,169,Saddle Harness and Trunk Manufactories,1,,300,3,,,Saddle Harness and Trunk
HAMPSHIRE,BELCHERTOWN,151,Sash and Blind Manufactories,1,,,,,,Sash and Blind
HAMPSHIRE,NORWICH,161,Woollen Mills,1,,,,2,1,satinet
HAMPSHIRE,CUMMINGTON,152,Scythe Stones prepared,108000,,2500,15,,,scythe  stones  prepared
HAMPSHIRE,CUMMINGTON,152,Scythe Smiths untrimmed cut,65000,,1300,20,,,Scythe Smiths untrimmed cut
HAMPSHIRE,NORWICH,162,Scythe Stones prepared,40000,,,3,,,Scythe Stones prepared
HAMPSHIRE,GREENWICH,156,Scythe Manufactories,1,,3000,10,,,scythes
HAMPSHIRE,NORTHAMPTON,160,Silk Manufactories,3,,14000,47,10,,sewing silk
HAMPSHIRE,BELCHERTOWN,150,distributed,,,60,,,,Snuff Tobacco and Cigars
HAMPSHIRE,NORTHAMPTON,160,Soap and Tallow Candle Manufactories,2,,1000,2,,,soap
HAMPSHIRE,WARE,166,Soap Manufactories,1,,25,1,,,soap
HAMPSHIRE,AMHERST,148,Cotton Mills,1,,5000,12,5,,spindles
HAMPSHIRE,ENFIELD,153,Cotton Mills,2,,10000,,6,15,spindles
HAMPSHIRE,WILLIAMSBURG,169,distributed,,,5000,12,,,Steel Pens
HAMPSHIRE,AMHERST,148,Paper Manufactories,2,,1700,10,,,stock consumed
HAMPSHIRE,GRANBY,155,Paper Manufactories,1,,,9,,,stock consumed
HAMPSHIRE,NORTHAMPTON,160,Paper Manufactories,2,,56000,71,,,stock consumed
HAMPSHIRE,AMHERST,148,distributed,,,,,5,65,Straw Bonnets and Hats
HAMPSHIRE,NORTHAMPTON,160,distributed,,,,,,340,Straw Bonnets and Hats
HAMPSHIRE,GREENWICH,157,Establishments  Plating Harness and Carriage Trimming,1,,2000,8,,,trimmings
HAMPSHIRE,NORTHAMPTON,161,Turning  Machines,2,,1200,4,,,Turning  Machines
HAMPSHIRE,AMHERST,149,distributed,,,800,,,,Type Cases
HAMPSHIRE,NORTHAMPTON,160,Establishments  m. Coaches Chaises and other Vehicles,3,,11,7,,,vehicles
HAMPSHIRE,PRESCOTT,165,Establishments  m. Coaches Chaises and other Vehicles,1,,4000,13,,,vehicles
HAMPSHIRE,CUMMINGTON,153,Establishments  m. Cars Coaches Chaises and other Vehicles,1,,500,5,,,vehicles
HAMPSHIRE,AMHERST,148,Establishments  m. Rail+AC0-road Cars Coaches Chaises and other Vehicles,4,,2800,,,,vehicles
HAMPSHIRE,ENFIELD,154,Establishments m. Wagons Sleighs and other Vehicles,1,,800,4,,,vehicles
HAMPSHIRE,BELCHERTOWN,150,distributed,,,80000,60,,,Wagons
HAMPSHIRE,PELHAM,162,distributed,,,,17,,,Wagons
HAMPSHIRE,NORTHAMPTON,160,Tin Ware Manufactories,3,,2500,9,,,Tin ware
HAMPSHIRE,SOUTHAMPTON,165,Tin Ware Manufactories,1,,150,1,,,Tin ware
HAMPSHIRE,WARE,166,Tin Ware Manufactories,1,,2000,6,,,Tin ware
HAMPSHIRE,WARE,167,distributed,,,,,1,3,Weavers' Harnesses
HAMPSHIRE,BELCHERTOWN,150,Cotton Wicking Mills,1,,4000,,,,wicking
HAMPSHIRE,HADLEY,158,distributed,,,,4,,,Wire drawn
HAMPSHIRE,WILLIAMSBURG,168,distributed,,,200,2,,,Wood Button Moulds
HAMPSHIRE,PELHAM,163,distributed,,,,5,,,Wooden Ware including farming utensils 
HAMPSHIRE,MIDDLEFIELD,159,distributed,,,,1,,,Wooden Bowls
HAMPSHIRE,CHESTERFIELD,151,distributed,,,,1,,,Wooden Ware including farming utensils 
HAMPSHIRE,ENFIELD,153,Woollen Mills,2,,25000,25,,16,wool consumed
HAMPSHIRE,PELHAM,163,Woollen Mills,2,,3400,4,,4,wool consumed
HAMPSHIRE,AMHERST,148,Woollen Mills,2,,18000,,25,30,wool consumed
HAMPSHIRE,CUMMINGTON,152,Woollen Mills,2,,,5,,6,wool consumed
HAMPSHIRE,GRANBY,155,Woollen Mills,2,,10500,1110,,8,wool consumed
HAMPSHIRE,GREENWICH,156,Woollen Mills,1,,,,,,wool consumed
HAMPSHIRE,MIDDLEFIELD,159,Woollen Mills,3,,50000,,40,33,wool consumed
HAMPSHIRE,PRESCOTT,164,Woollen Mills,2,,20000,,10,10,wool consumed
HAMPSHIRE,WARE,166,Woollen Mills,1,,50000,,,56,wool consumed
HAMPSHIRE,WILLIAMSBURG,168,Woollen Mills,4,,10000,,22,14,wool consumed
HAMPSHIRE,AMHERST,149,Printing offices,1,,,6,,,work done
HAMPSHIRE,WILLIAMSBURG,168,distributed,,,1000,,3,3,Yarn  
HAMPSHIRE,BELCHERTOWN,150,Manufactories Shovels Spades and Hoes,1,,600,1,,,
HAMPSHIRE,GREENWICH,156,Manufactories Shovels Spades and Hoes,1,,300,3,,,
