county,city,page,manufacturing site,number  factories,tonnage,capital,employeeS,employeesM,employeesF,goods0
MIDDLESEX,LITTLETON,59,Blacksmiths Shops,3,,,,,,0
MIDDLESEX,LITTLETON,59,Harness Shops,2,,,,,,harnesses
MIDDLESEX,LITTLETON,59,Wheelwrights' Shops,2,,,,,,wheels
MIDDLESEX,BILLERICA,41,distributed,,,7000,4,,,machinery
MIDDLESEX,DRACUT,51,Establishments for Wagons Sleighs and other Vehicles,1,,1500,6,,,vehicles
MIDDLESEX,HOLLISTON,56,distributed,,,1200,1,,,Air Tight Stoves
MIDDLESEX,WILMINGTON,84,distributed,,,,2,,,all Wooden Ware including  Farming Utensils
MIDDLESEX,MALDEN,63,energy imports coal,,,824,,,,Anthracite Coal consumed in dyeing
MIDDLESEX,MEDFORD,65,energy imports coal,,,2000,,,,Anthracite Coal consumed in Manufactures
MIDDLESEX,CHELMSFORD,49,Establishments for Chemical Preparations,1,,1000,11,,,articles
MIDDLESEX,CAMBRIDGE,46,distributed,,,100,1,,,Astral Lamps
MIDDLESEX,SHERBURNE,69,Axe Manufactories,1,,50,1,,,axes hatchets and other edge tools
MIDDLESEX,WATERTOWN,79,Axe Manufactories,1,,300,2,,,axes hatchets and other edge tools
MIDDLESEX,STOW,74,Axe Manufactories,1,,125,1,,,axes hatchets and other edge tools
MIDDLESEX,FRAMINGHAM,53,Axe Manufactories,1,,400,1,,,axes hatchets and other edge tools
MIDDLESEX,FRAMINGHAM,54,Bakeries,1,,600,,,,bread
MIDDLESEX,WESTFORD,82,Forges,2,,6000,8,,,bar iron anchors and chain cables
MIDDLESEX,CAMBRIDGE,46,woods,,,400,3,,,Barrels
MIDDLESEX,TOWNSEND,76,woods,,,6000,30,,,Barrels
MIDDLESEX,DUNSTABLE,52,woods,,,850,,,,Barrels and other Casks
MIDDLESEX,BILLERICA,42,distributed,,,200,,1,2,Bed Lace
MIDDLESEX,OWELL,61,distributed,,,3000,10,,,Bedsteads
MIDDLESEX,CHELMSFORD,49,distributed,,,,1,,,Blacking
MIDDLESEX,CAMBRIDGE,45,distributed,,,,2,,,Blacking
MIDDLESEX,OWELL,62,distributed,,,5000,20,,,Blinds Sashes and Doors
MIDDLESEX,NATICK,65,distributed,,,,1,,,Blocks and Pumps
MIDDLESEX,WALTHAM,78,distributed,,,,1,,,Blocks and Pumps
MIDDLESEX,CAMBRIDGE,45,distributed,,,,2,,,Blocks and Pumps
MIDDLESEX,OWELL,61,distributed,,,,2,,,Blocks and Pumps
MIDDLESEX,SOMERVILLE,72,distributed,,,,2,,,Blocks and Pumps
MIDDLESEX,TOWNSEND,76,distributed,,,,2,,,Blocks and Pumps
MIDDLESEX,CHARLESTOWN,48,distributed,,,,3,,,Blocks and Pumps
MIDDLESEX,CONCORD,50,distributed,,,,3,,,Blocks and Pumps
MIDDLESEX,HOPKINTON,57,workshops,,,,4,,,Boats built
MIDDLESEX,BRIGHTON,43,distributed,,,,,6,,Bone Buttons
MIDDLESEX,FRAMINGHAM,54,Bookbinderies,1,,,3,,2,Bookbinderies
MIDDLESEX,HOPKINTON,57,distributed,,,,,4,,Boot Boxes
MIDDLESEX,HOLLISTON,56,distributed,,,,,282,128,Boots
MIDDLESEX,TYNGSBOROUGH,77,distributed,,,,1,,,Boots
MIDDLESEX,ACTON,39,distributed,,,,,32,8,Boots
MIDDLESEX,ASHBY,40,distributed,,,,,5,,Boots
MIDDLESEX,BEDFORD,40,distributed,,,,,54,43,Boots
MIDDLESEX,BILLERICA,41,distributed,,,,,23,19,Boots
MIDDLESEX,CAMBRIDGE,45,distributed,,,,,47,23,Boots
MIDDLESEX,CARLISLE,46,distributed,,,,,3,,Boots
MIDDLESEX,CHARLESTOWN,47,distributed,,,,,39,21,Boots
MIDDLESEX,CHELMSFORD,49,distributed,,,,,6,1,Boots
MIDDLESEX,CONCORD,50,distributed,,,,,11,,Boots
MIDDLESEX,DRACUT,51,distributed,,,,,12,16,Boots
MIDDLESEX,DUNSTABLE,52,distributed,,,,,1,,Boots
MIDDLESEX,FRAMINGHAM,53,distributed,,,,,60,25,Boots
MIDDLESEX,GROTON,55,distributed,,,,,7,5,Boots
MIDDLESEX,HOPKINTON,57,distributed,,,,,644,187,Boots
MIDDLESEX,LEXINGTON,57,distributed,,,,,12,8,Boots
MIDDLESEX,LINCOLN,58,distributed,,,,,18,5,Boots
MIDDLESEX,OWELL,61,distributed,,,,,110,45,Boots
MIDDLESEX,MALDEN,62,distributed,,,,,130,124,Boots
MIDDLESEX,MARLBOROUGH,64,distributed,,,,,158,220,Boots
MIDDLESEX,NATICK,65,distributed,,,,,552,319,Boots
MIDDLESEX,NEWTON,67,distributed,,,,,10,,Boots
MIDDLESEX,PEPPERELL,68,distributed,,,,,89,55,Boots
MIDDLESEX,SHERBURNE,70,distributed,,,,,30,21,Boots
MIDDLESEX,SHIRLEY,71,distributed,,,,,10,3,Boots
MIDDLESEX,SUDBURY,75,distributed,,,,,8,2,Boots
MIDDLESEX,TOWNSEND,76,distributed,,,,,9,2,Boots
MIDDLESEX,WALTHAM,78,distributed,,,,,3,,Boots
MIDDLESEX,WATERTOWN,80,distributed,,,,,6,,Boots
MIDDLESEX,WAYLAND,81,distributed,,,,,12,9,Boots
MIDDLESEX,WESTON,83,distributed,,,,,38,6,Boots
MIDDLESEX,WILMINGTON,84,distributed,,,,,2,,Boots
MIDDLESEX,WOBURN,85,distributed,,,,,425,484,Boots
MIDDLESEX,OWELL,60,Brass Foundries,1,,4000,4,,,Brass
MIDDLESEX,MALDEN,63,distributed,,,,,3,,Brick Presses
MIDDLESEX,HOPKINTON,57,distributed,,,,2,,,Bricks
MIDDLESEX,SHIRLEY,71,distributed,,,,3,,,Bricks
MIDDLESEX,PEPPERELL,68,distributed,,,,4,,,Bricks
MIDDLESEX,TOWNSEND,76,distributed,,,,6,,,Bricks
MIDDLESEX,WAYLAND,81,distributed,,,,18,,,Bricks
MIDDLESEX,CHARLESTOWN,48,distributed,,,,22,,,Bricks
MIDDLESEX,MALDEN,62,distributed,,,,31,,,Bricks
MIDDLESEX,CAMBRIDGE,45,distributed,,,,150,,,Bricks
MIDDLESEX,SOMERVILLE,72,distributed,,,,349,,,Bricks
MIDDLESEX,HOPKINTON,57,distributed,,,,1,,,Brooms
MIDDLESEX,OWELL,60,Brush Manufactories,1,,2500,36,,,Brush
MIDDLESEX,TYNGSBOROUGH,77,Brush Manufactories,1,,2000,6,,,brushes
MIDDLESEX,CAMBRIDGE,44,Brush Manufactories,3,,4300,81,,,brushes
MIDDLESEX,FRAMINGHAM,53,quarries,,,,2,,,Building Stone prepared
MIDDLESEX,CHELMSFORD,49,quarries,,,,28,,,Building Stone prepared
MIDDLESEX,MARLBOROUGH,64,quarries,,,,5,,,Building Stone quarried and prepared
MIDDLESEX,ASHBY,40,quarries,,,,1,,,Building Stone quarried and prepared
MIDDLESEX,ACTON,39,quarries,,,,3,,,Building Stone quarried and prepared
MIDDLESEX,GROTON,55,quarries,,,,5,,,Building Stone quarried and prepared
MIDDLESEX,MEDFORD,65,quarries,,,,,40,,Building Stone quarried and prepared
MIDDLESEX,HOPKINTON,57,quarries,1300,,,5,,,Building Stone quarried and prepared
MIDDLESEX,WOBURN,86,Book Binderies,1,,50,,1,2,business
MIDDLESEX,MALDEN,63,Curriers' Shops,2,,2,,12,,business
MIDDLESEX,MALDEN,63,Dye Houses,3,,49000,,74,34,business
MIDDLESEX,TEWKSBURY,76,dairy,,,2500,6,,,Butter
MIDDLESEX,BEDFORD,41,dairy,,,154950350,,,,Butter
MIDDLESEX,NEWTON,67,crops,40000,,40000,,,,Cabbages
MIDDLESEX,WOBURN,85,Cabinet Ware Manufactories,6,,3900,25,,,Cabinet  Ware
MIDDLESEX,FRAMINGHAM,53,Cabinet Ware Manufactories,3,,800,3,,,Cabinet Ware
MIDDLESEX,WOBURN,85,Calico Manufactories,1,,1000,,3,1,calico  printed
MIDDLESEX,BURLINGTON,44,Calico Manufactories,1,,12000,,12,1,calico printed
MIDDLESEX,NEWTON,66,Calico Manufactories,1,,6000,,8,2,calico printed
MIDDLESEX,OWELL,59,Calico Manufactories,2,,750000,,430,37,calico printed
MIDDLESEX,FRAMINGHAM,54,Caps Manufactured,500,,500,,,2,caps
MIDDLESEX,LEXINGTON,57,Fur Cap Manufactories,4,,14100,70,,,caps
MIDDLESEX,OWELL,60,Card Manufactories,1,,10000,9,,,cards
MIDDLESEX,WAYLAND,81,Card Manufactories,2,,25000,7,,,cards
MIDDLESEX,LITTLETON,59,Carpenters' Shops,3,,3,,,,carpentry
MIDDLESEX,BEDFORD,41,distributed,,,1500,3,,,Carriages Harnesses and Tools
MIDDLESEX,WILMINGTON,85,Slaughter  Houses,3,,2000,10,,,cattle slaughtered
MIDDLESEX,ASHBY,39,Chair  Manufactories,2,,1800,4,,,Chair
MIDDLESEX,WAYLAND,81,Chair and Cabinet+AC0-ware Manufactories,1,,500,2,,,Chair and Cabinet+AC0-ware
MIDDLESEX,NATICK,65,Chair and Cabinet+AC0-ware Manufactories,1,,1000,3,,,Chair and Cabinet+AC0-ware
MIDDLESEX,WALTHAM,78,Chair and Cabinet+AC0-ware Manufactories,1,,1,3,,,Chair and Cabinet+AC0-ware
MIDDLESEX,GROTON,54,Chair and Cabinet+AC0-ware Manufactories,1,,1,1,,,Chair and Cabinet+AC0-ware
MIDDLESEX,WATERTOWN,80,Chair and Cabinet+AC0-ware Manufactories,2,,1000,6,,,Chair and Cabinet+AC0-ware
MIDDLESEX,READING,69,Chair and Cabinet+AC0-ware Manufactories,10,,24300,121,,,Chair and Cabinet+AC0-ware
MIDDLESEX,CAMBRIDGE,45,Chair and Cabinet+AC0-ware Manufactories,3,,3000,17,,,Chair and Cabinet+AC0-ware
MIDDLESEX,BURLINGTON,44,Chair and Cabinet+AC0-ware Manufactories,1,,1,2,,,Chair and Cabinet+AC0-ware
MIDDLESEX,HOPKINTON,57,Chair and Cabinet+AC0-ware Manufactories,1,,1,,,,Chair and Cabinet+AC0-ware
MIDDLESEX,HOLLISTON,55,Chair and Cabinet+AC0-ware Manufactories,1,,300,1,,,Chair and Cabinet+AC0-ware
MIDDLESEX,BILLERICA,41,Chair and Cabinet+AC0-ware Manufactories,1,,500,2,,,Chair and Cabinet+AC0-ware
MIDDLESEX,MEDFORD,64,Chair and Cabinet+AC0-ware Manufactories,1,,600,,2,,Chair and Cabinet+AC0-ware
MIDDLESEX,CHARLESTOWN,47,Chair and Cabinet+AC0-ware Manufactories,5,,14800,117,,,Chair and Cabinet+AC0-ware
MIDDLESEX,ASHBY,40,woods,,,1525,,,,Charcoal
MIDDLESEX,DUNSTABLE,52,woods,,,9800,,,,Charcoal
MIDDLESEX,CONCORD,50,woods,,,15000,5,,,Charcoal
MIDDLESEX,DRACUT,51,dairy,,,3400,,,,Cheese
MIDDLESEX,CHARLESTOWN,47,Clock Manufactories,1,,2000,4,,,clocks
MIDDLESEX,HOPKINTON,57,distributed,,,5100,,3,6,Clothing
MIDDLESEX,READING,69,Coach Lace Manufactories,1,,1000,,1,11,Coach Lace
MIDDLESEX,HOLLISTON,55,Comb Manufactories,1,,8000,20,,,Comb
MIDDLESEX,CAMBRIDGE,46,distributed,,,6000,18,,,Confectionary
MIDDLESEX,OWELL,60,Copper Manufactories,1,,5000,4,,,copper
MIDDLESEX,ASHBY,39,Cordage  Manufactories,1,,1500,2,,,cordage
MIDDLESEX,SOMERVILLE,72,Cordage  Manufactories,1,,2000,2,,,cordage
MIDDLESEX,SOMERVILLE,71,Cordage  Manufactories,3,,3400,9,,,cordage
MIDDLESEX,CAMBRIDGE,45,Cordage  Manufactories,4,,3600,32,,,cordage
MIDDLESEX,MALDEN,62,Cordage Manufactories,2,,680,3,,,cordage
MIDDLESEX,SHIRLEY,71,distributed,,,2600,2,,,Corn and other Brooms
MIDDLESEX,WATERTOWN,79,Cotton Mills,1,,10000,15,,20,cotton consumed
MIDDLESEX,OWELL,59,Cotton Mills,29,,8475000,,1297,5899,cotton consumed
MIDDLESEX,WAYLAND,82,Mills for printing Woollen and Cotton Stuffs and Silk and Cotton Hand kerchiefs,1,,15000,20,,,cotton goods printed
MIDDLESEX,BOXBOROUGH,43,crops,,,200,,,,Cranberries
MIDDLESEX,SUDBURY,75,crops,,,842,,,,Cranberries
MIDDLESEX,HOLLISTON,56,crops,,,1000,,,,Cranberries picked
MIDDLESEX,READING,69,crops,,,400,,,,Cranberries raised
MIDDLESEX,SHERBURNE,70,crops,,,560,,,,Cranberries raised
MIDDLESEX,MALDEN,62,Establishments for Cutlery,1,,25,1,,,Cutlery
MIDDLESEX,FRAMINGHAM,53,Establishments for Cutlery,1,,1,1,,,Cutlery
MIDDLESEX,SHERBURNE,69,distributed,,,100,,,,Cutlery
MIDDLESEX,LITTLETON,59,Dry Goods and Grocery Stores,3,,7000,,,,Dry Goods and Grocery Stores
MIDDLESEX,NEWTON,67,distributed,,,1000,6,,,Dye Stuffs
MIDDLESEX,BILLERICA,42,distributed,,,23240,8,,,dye stuffs ground
MIDDLESEX,WAYLAND,82,Mills for Dye Woods Drugs and Spices,3,,27000,13,,,dye wood
MIDDLESEX,WESTON,84,Earthen  Ware  Manufactories,1,,200,4,,,Earthen  Ware
MIDDLESEX,CAMBRIDGE,46,distributed,,,300,2,,,Earthen Ware
MIDDLESEX,CHELMSFORD,48,Establishments for Fire Engines,1,,,1,,,engines
MIDDLESEX,CAMBRIDGE,46,distributed,,,3000,5,,,Fancy and Shaving Soap
MIDDLESEX,OWELL,61,Files cut,4608,,,1,,,Files cut
MIDDLESEX,BOXBOROUGH,42,woods,,,,1,,,Fire Wood
MIDDLESEX,WALTHAM,78,woods,,,,1,,,Fire Wood
MIDDLESEX,NATICK,65,woods,,,,4,,,Fire Wood
MIDDLESEX,READING,69,woods,,,,0,,,Fire Wood
MIDDLESEX,TOWNSEND,76,woods,,,,1,,,Fire Wood
MIDDLESEX,HOLLISTON,56,woods,,,,2,,,Fire Wood
MIDDLESEX,WAYLAND,81,woods,,,,2,,,Fire Wood
MIDDLESEX,BEDFORD,40,woods,,,,3,,,Fire Wood
MIDDLESEX,STONEHAM,73,woods,,,,3,,,Fire Wood
MIDDLESEX,ACTON,39,woods,,,,4,,,Fire Wood
MIDDLESEX,HOPKINTON,57,woods,,,,4,,,Fire Wood
MIDDLESEX,NEWTON,67,woods,,,,4,,,Fire Wood
MIDDLESEX,WESTON,83,woods,,,,4,,,Fire Wood
MIDDLESEX,FRAMINGHAM,53,woods,,,,5,,,Fire Wood
MIDDLESEX,WOBURN,85,woods,,,,5,,,Fire Wood
MIDDLESEX,CHELMSFORD,49,woods,,,,6,,,Fire Wood
MIDDLESEX,SHIRLEY,71,woods,,,,6,,,Fire Wood
MIDDLESEX,GROTON,55,woods,,,,8,,,Fire Wood
MIDDLESEX,MALDEN,62,woods,,,,8,,,Fire Wood
MIDDLESEX,LITTLETON,58,woods,,,,10,,,Fire Wood
MIDDLESEX,BILLERICA,41,woods,,,,14,,,Fire Wood
MIDDLESEX,CONCORD,50,woods,,,,15,,,Fire Wood
MIDDLESEX,LEXINGTON,58,woods,,,,15,,,Fire Wood
MIDDLESEX,TYNGSBOROUGH,77,woods,,,,18,,,Fire Wood
MIDDLESEX,STOW,74,woods,,,,25,,,Fire Wood
MIDDLESEX,LINCOLN,58,woods,,,,88,,,Fire Wood
MIDDLESEX,TEWKSBURY,75,woods,,,,60,,,Fire Wood
MIDDLESEX,SUDBURY,75,woods,,,,40,,,Fire Wood
MIDDLESEX,WAYLAND,80,woods,,,,,6,,Fire Wood
MIDDLESEX,BILLERICA,41,Flouring Mills,1,,11000,3,,,flour
MIDDLESEX,WILMINGTON,85,Bakeries,1,,1500,12,,,flour consumed
MIDDLESEX,SOMERVILLE,72,Establishments for Chemical Preparations,2,,75000,6,,,Chemical Preparations
MIDDLESEX,CHARLESTOWN,47,Establishments for Chemical Preparations,1,,5000,3,,,Chemical Preparations
MIDDLESEX,NEWTON,66,Establishments for Chemical Preparations,1,,80000,25,,,Chemical Preparations
MIDDLESEX,CAMBRIDGE,44,Establishments for Chemical Preparations,2,,2200,9,,,Chemical Preparations
MIDDLESEX,NEWTON,66,Establishments for Cotton Woollen and other Machinery,3,,32000,184,,,Cotton Woollen and other Machinery
MIDDLESEX,PEPPERELL,68,Establishments for Cotton Woollen and other Machinery,1,,7000,6,,,Cotton Woollen and other Machinery
MIDDLESEX,OWELL,60,Establishments for Cotton Woollen and other Machinery,5,,352000,420,,,Cotton Woollen and other Machinery
MIDDLESEX,WESTON,83,Establishments for Cutlery,1,,1200,5,,,Cutlery
MIDDLESEX,CAMBRIDGE,44,Establishments for Ice Cutters or Ice Ploughs,1,,300,2,,,Ice Cutters or Ice Ploughs
MIDDLESEX,CAMBRIDGE,44,Establishments for Latches and Door+AC0-handles,1,,150,4,,,Latches and Door+AC0-handles
MIDDLESEX,WOBURN,86,Establishments for Morocco and currying Goat Skins,2,,3000,,9,,Morocco and currying Goat Skins
MIDDLESEX,FRAMINGHAM,53,Establishments  for repairing Watches  and  Jewelry,2,,200,2,,,repairing Watches  and  Jewelry
MIDDLESEX,FRAMINGHAM,53,Establishments for Woollen and other Machinery,2,,800,3,,,Woollen and other Machinery
MIDDLESEX,MALDEN,62,Forges,7,,1825,12,,,Forges
MIDDLESEX,MALDEN,63,Picture Frame Manufactories,1,,800,,4,,frames
MIDDLESEX,CAMBRIDGE,46,distributed,,,2000,50,,,Fringes and Tassels
MIDDLESEX,TOWNSEND,76,Furnaces for Hollow Ware and Castings other than Pig Iron,1,,1500,4,,,Hollow Ware and Castings other than Pig Iron
MIDDLESEX,CHELMSFORD,48,Furnaces for Hollow Ware and Castings other than Pig Iron,5,,30000,70,,,Hollow Ware and Castings other than Pig Iron
MIDDLESEX,CAMBRIDGE,44,Glass Manufactories,3,,362000,241,,,glass
MIDDLESEX,NEWTON,67,Glue Manufactories ,3,,4500,11,,,Glue Manufactories
MIDDLESEX,CHELMSFORD,48,Establishments for Worsted Goods,1,,60000,,40,35,goods
MIDDLESEX,SOMERVILLE,71,distributed,,,15000,,32,5,Goods bleached or colored
MIDDLESEX,WALTHAM,78,Establishments for Bleaching or Coloring Cotton Goods,1,,50000,,,8,Goods bleached or colored
MIDDLESEX,OWELL,59,Establishments for bleaching or coloring Cotton Goods not connected with calico establishments,1,,1,80,,,Goods bleached or colored
MIDDLESEX,BILLERICA,41,Establishments for bleaching or coloring Cotton Goods,1,,6000,8,,,Goods bleached or colored
MIDDLESEX,ACTON,39,distributed,,,,5501,,,Grain ground
MIDDLESEX,FRAMINGHAM,53,Grist Mills,2,,,,,,Grain ground
MIDDLESEX,LITTLETON,59,Grist Mills,2,,,,,,Grain ground
MIDDLESEX,SHERBURNE,70,Establishments for Fire Arms,1,,40,1,,,guns
MIDDLESEX,OWELL,60,Soap and Tallow Candle Manufactories,3,,29000,18,,,hard soap
MIDDLESEX,MALDEN,62,Harness Manufactories,2,,1000,4,,,harnesses
MIDDLESEX,WOBURN,85,Harness Manufactories,1,,375,2,,,harnesses
MIDDLESEX,FRAMINGHAM,53,distributed,,,700,4,,,hats
MIDDLESEX,ACTON,38,Hat and Cap Manufactories,1,,200,14,,,hats and caps
MIDDLESEX,GROTON,54,Hat and Cap Manufactories,1,,1,1,,,hats and caps
MIDDLESEX,WAYLAND,81,Hat and Cap Manufactories,1,,4000,14,,,hats and caps
MIDDLESEX,WALTHAM,78,Hat and Cap Manufactories,1,,15000,,17,9,hats and caps
MIDDLESEX,WILMINGTON,84,Hat and Cap Manufactories,2,,300,6,,,hats and caps
MIDDLESEX,MEDFORD,64,Hat and Cap Manufactories,2,,18000,,14,,hats and caps
MIDDLESEX,CAMBRIDGE,45,Hat and Cap Manufactories,3,,3700,17,,,hats and caps
MIDDLESEX,OWELL,60,Hat and Cap Manufactories,4,,20000,85,,,hats and caps
MIDDLESEX,SHERBURNE,70,Tanneries,1,,700,4,,,hides tanned
MIDDLESEX,FRAMINGHAM,53,Tanneries,1,,1000,1,,,hides tanned
MIDDLESEX,BILLERICA,41,Tanneries,1,,2000,2,,,hides tanned
MIDDLESEX,MARLBOROUGH,63,Tanneries,2,,5700,4,,,hides tanned
MIDDLESEX,WOBURN,85,Tanneries,10,,69730,124,,,hides tanned
MIDDLESEX,OWELL,60,Furnaces for Hollow Ware and Castings other than Pig Iron,2,,52000,70,,,hollow ware and castings
MIDDLESEX,NEWTON,66,Furnaces for Hollow Ware and Castings other than Pig Iron,1,,5000,14,,,hollow ware and castings
MIDDLESEX,WATERTOWN,79,Establishments  for Hosiery,1,,15000,,6,6,hosiery
MIDDLESEX,CAMBRIDGE,46,distributed,,,43000,28,,,Ice cut
MIDDLESEX,CAMBRIDGE,44,Musical Instrument Manufactories,1,,2500,7,,,instruments
MIDDLESEX,OWELL,62,distributed,,,2000,5,,,Iron and Brass Work for Piano Fortes
MIDDLESEX,NEWTON,66,Rolling Slitting and Nail Mills,1,,50000,20,,,iron and not made into nails
MIDDLESEX,MALDEN,62,Rolling Slitting and Nail Mills,1,,75000,50,,,iron and not made into nails
MIDDLESEX,CAMBRIDGE,46,distributed,,,200,3,,,Ladders
MIDDLESEX,MALDEN,63,distributed,,,,,15,,Lasts
MIDDLESEX,CONCORD,50,Lead Manufactories,1,,,,,,Lead
MIDDLESEX,WILMINGTON,85,Patent Leather Manufactories,1,,,10,,,leather
MIDDLESEX,LITTLETON,59,Curriers' Shops,1,,1,,,,Leather curried
MIDDLESEX,HOLLISTON,55,distributed,,,5000,56,,,Leather curried
MIDDLESEX,SHIRLEY,71,Tanneries,1,,1200,3,,,leather tanned and curried
MIDDLESEX,WESTON,83,Tanneries,1,,2500,4,,,leather tanned and curried
MIDDLESEX,BRIGHTON,43,Tanneries,1,,3000,3,,,leather tanned and curried
MIDDLESEX,ASHBY,39,Tanneries,1,,6000,2,,,leather tanned and curried
MIDDLESEX,GROTON,54,Tanneries,2,,6000,6,,,leather tanned and curried
MIDDLESEX,TEWKSBURY,75,Tanneries,2,,7000,13,,,leather tanned and curried
MIDDLESEX,TOWNSEND,76,Tanneries,3,,9150,10,,,leather tanned and curried
MIDDLESEX,CHARLESTOWN,47,Tanneries,4,,49000,50,,,leather tanned and curried
MIDDLESEX,CAMBRIDGE,45,Tanneries,6,,5100,20,,,leather tanned and curried
MIDDLESEX,BOXBOROUGH,42,mines,,,,3,,,Lime
MIDDLESEX,WESTON,83,Lock  Manufactories,1,,1200,5,,,locks
MIDDLESEX,OWELL,60,Lock Manufactories,1,,3000,6,,,locks
MIDDLESEX,BILLERICA,42,woods,,,18350,,,,Logwood  cut
MIDDLESEX,WESTON,83,distributed,,,2000,3,,,Loom Pickers
MIDDLESEX,OWELL,61,distributed,,,8000,8,,,Loom Pickers
MIDDLESEX,OWELL,61,woods,,,,15,,,lumber 
MIDDLESEX,BOXBOROUGH,42,woods,,,,1,,,lumber 
MIDDLESEX,FRAMINGHAM,53,woods,,,,1,,,lumber 
MIDDLESEX,WESTON,83,woods,,,,1,,,lumber 
MIDDLESEX,WOBURN,85,woods,,,,1,,,lumber 
MIDDLESEX,BEDFORD,40,woods,,,,2,,,lumber 
MIDDLESEX,NATICK,65,woods,,,,2,,,lumber 
MIDDLESEX,HOPKINTON,57,woods,,,,3,,,lumber 
MIDDLESEX,TOWNSEND,76,woods,,,,5,,,lumber 
MIDDLESEX,TYNGSBOROUGH,77,woods,,,,5,,,lumber 
MIDDLESEX,STOW,74,woods,,,,8,,,lumber 
MIDDLESEX,CONCORD,50,woods,,,,10,,,lumber 
MIDDLESEX,READING,69,woods,,,,10,,,lumber 
MIDDLESEX,SHIRLEY,71,woods,,,,10,,,lumber 
MIDDLESEX,GROTON,55,woods,,,,28,,,lumber 
MIDDLESEX,CHELMSFORD,49,woods,,,,39,,,lumber 
MIDDLESEX,ACTON,39,woods,,,,50,,,lumber 
MIDDLESEX,TEWKSBURY,75,woods,,,,70,,,lumber 
MIDDLESEX,STONEHAM,73,woods,,,,2,,,lumber 
MIDDLESEX,LITTLETON,59,Saw Mills,2,,,,,,lumber sawed
MIDDLESEX,SUDBURY,75,Saw Mills,4,,,35,,,lumber sawed
MIDDLESEX,WOBURN,85,Establishments for Machinery,1,,500,4,,,machinery
MIDDLESEX,CHELMSFORD,48,Establishments for Cotton Woolen and other Machinery,1,,43000,65,,,machinery
MIDDLESEX,WESTON,83,Establishments for Cotton Woolen and other Machinery,1,,3500,40,,,machinery
MIDDLESEX,MALDEN,63,Machine Shops,1,,,,50,,machinery
MIDDLESEX,WALTHAM,78,Establishments for Cotton Woolen and other Machinery,1,,10000,,30,,machinery
MIDDLESEX,CHARLESTOWN,48,Vessels employed in Mackerel and Cod Fisheries,3,195,3500,22,,,mackerel taken
MIDDLESEX,WAYLAND,82,Mills for sawing and turning Mahogany,2,,10000,14,,,mahogany sawed
MIDDLESEX,GROTON,55,quarries,,,500,2,,,Marble and Slate
MIDDLESEX,CAMBRIDGE,46,distributed,,,1000,3,,,Marble Monuments Chimney Pieces and other Marble
MIDDLESEX,OWELL,61,distributed,,,,10,,,Marble wrought
MIDDLESEX,MALDEN,63,Grist Mills,1,,,,3,,meal ground
MIDDLESEX,STONEHAM,73,distributed,,,,1,,,Mechanics' Tools
MIDDLESEX,SOMERVILLE,72,distributed,,,,6,,,Mechanics' Tools
MIDDLESEX,BILLERICA,41,distributed,,,,3,,,Mechanics' Tools
MIDDLESEX,CAMBRIDGE,45,distributed,,,,4,,,Mechanics' Tools
MIDDLESEX,OWELL,62,distributed,,,28000,160,,,Men's  Clothing
MIDDLESEX,OWELL,62,distributed,,,5000,17,,,Merchandise Boxes and Folding Boards
MIDDLESEX,FRAMINGHAM,54,Millinery Establishments,3,,,,,10,millinery
MIDDLESEX,CHARLESTOWN,48,Morocco Manufactories,5,,22000,58,,,Morocco
MIDDLESEX,HOPKINTON,56,Machines for Nails,1,,,1,,,nails
MIDDLESEX,CHARLESTOWN,48,Lard Oil Manufactories,1,,6000,18,,,oil
MIDDLESEX,CHARLESTOWN,47,Mills for Linseed Oil,1,,20000,10,,,oil
MIDDLESEX,MEDFORD,65,Mills for Linseed Oil,1,,30000,,11,,oil
MIDDLESEX,CHARLESTOWN,47,Oil and Sperm Candle Manufactories,3,,28000,16,,,oil
MIDDLESEX,CAMBRIDGE,46,energy imports oil,,,17000,10,,,Oil bleached
MIDDLESEX,SOMERVILLE,72,distributed,,,2000,2,,,Paints
MIDDLESEX,GROTON,55,distributed,,,,,,12,Palm+AC0-leaf Hats
MIDDLESEX,TOWNSEND,76,distributed,,,,,,153,Palm+AC0-leaf Hats
MIDDLESEX,ASHBY,40,distributed,,,,,,133,Palm+AC0-leaf Hats
MIDDLESEX,SHIRLEY,71,distributed,,,,,,140,Palm+AC0-leaf Hats
MIDDLESEX,CAMBRIDGE,46,distributed,,,2300,16,,,Paper Hangings
MIDDLESEX,NEWTON,67,woods,,,,10,,,Peat
MIDDLESEX,ACTON,39,distributed,,,,12,,,Pencils
MIDDLESEX,WOBURN,86,distributed,,,300,,4,,Piano Forte Keys
MIDDLESEX,SUDBURY,74,Plough Manufactories,1,,100,1,,,ploughs and other agricultural tools
MIDDLESEX,WESTON,83,Plough Manufactories,2,,700,2,,,ploughs and other agricultural tools
MIDDLESEX,CHELMSFORD,48,Plough Manufactories,1,,200,2,,,ploughs and other agricultural tools
MIDDLESEX,HOPKINTON,56,Plough Manufactories,1,,,1,,,ploughs and other agricultural tools
MIDDLESEX,TOWNSEND,76,distributed,,,96,1,,,ploughs and other agricultural tools
MIDDLESEX,CAMBRIDGE,46,distributed,,,500,4,,,Pocket Books
MIDDLESEX,OWELL,61,Powder  Mills,3,,100000,25,,,powder
MIDDLESEX,ACTON,38,Powder Mills,1,,2000,6,,,powder
MIDDLESEX,OWELL,62,distributed,,,15000,,25,10,Printed Cotton Bocking
MIDDLESEX,WOBURN,85,distributed,,,,2,,,Pumps
MIDDLESEX,HOLLISTON,56,distributed,,,,3,,,Pumps
MIDDLESEX,CONCORD,50,Establishments for Rifles,1,,500,2,,,rifles
MIDDLESEX,WALTHAM,78,Establishments for Fire Arms,1,,,1,,,rides and  fowling pieces
MIDDLESEX,WOBURN,85,Establishments for Fire Arms,1,,100,1,,,rifles
MIDDLESEX,WATERTOWN,79,Saddle Harness and Trunk Manufactories,2,,1000,4,,,Saddle Harness and Trunk
MIDDLESEX,SHERBURNE,69,Saddle Harness and Trunk Manufactories,1,,,1,,,Saddle Harness and Trunk
MIDDLESEX,GROTON,54,Saddle Harness and Trunk Manufactories,2,,400,4,,,Saddle Harness and Trunk
MIDDLESEX,NEWTON,66,Saddle Harness and Trunk Manufactories,2,,1200,4,,,Saddle Harness and Trunk
MIDDLESEX,WESTON,83,Saddle Harness and Trunk Manufactories,1,,500,4,,,Saddle Harness and Trunk
MIDDLESEX,HOLLISTON,55,Saddle Harness and Trunk Manufactories,1,,500,2,,,Saddle Harness and Trunk
MIDDLESEX,WALTHAM,78,Saddle Harness and Trunk Manufactories,1,,1000,1,,,Saddle Harness and Trunk
MIDDLESEX,FRAMINGHAM,53,Saddle Harness and Trunk Manufactories,2,,300,4,,,Saddle Harness and Trunk
MIDDLESEX,CHELMSFORD,49,Saddle Harness and Trunk Manufactories,1,,75,1,,,Saddle Harness and Trunk
MIDDLESEX,SHIRLEY,71,Saddle Harness and Trunk Manufactories,1,,100,2,,,Saddle Harness and Trunk
MIDDLESEX,NATICK,65,Saddle Harness and Trunk Manufactories,1,,200,1,,,Saddle Harness and Trunk
MIDDLESEX,WAYLAND,81,Saddle Harness and Trunk Manufactories,1,,200,2,,,Saddle Harness and Trunk
MIDDLESEX,STOW,74,Saddle Harness and Trunk Manufactories,1,,500,2,,,Saddle Harness and Trunk
MIDDLESEX,SOMERVILLE,72,Saddle Harness and Trunk Manufactories,1,,800,,,,Saddle Harness and Trunk
MIDDLESEX,PEPPERELL,68,Saddle Harness and Trunk Manufactories,1,,1000,2,,,Saddle Harness and Trunk
MIDDLESEX,BRIGHTON,43,Saddle Harness and Trunk Manufactories,1,,1000,3,,,Saddle Harness and Trunk
MIDDLESEX,HOPKINTON,56,Saddle Harness and Trunk Manufactories,1,,,,1,,Saddle Harness and Trunk
MIDDLESEX,CAMBRIDGE,45,Saddle Harness and Trunk Manufactories,8,,2250,14,,,Saddle Harness and Trunk
MIDDLESEX,ASHBY,39,distributed,,,,2,,,Saddles Harnesses and Trunks
MIDDLESEX,CAMBRIDGE,46,distributed,,,2600,14,,,Sashes Blinds
MIDDLESEX,WOBURN,86,Saw Manufactories,1,,3000,,10,,Saw
MIDDLESEX,FRAMINGHAM,53,Saw mills,3,,7500,3,,,lumber 
MIDDLESEX,WAYLAND,81,Saw Manufactories,1,,25000,18,,,saws hatchets and other edge tools
MIDDLESEX,OWELL,61,distributed,,,4000,6,,,Scales or Balances
MIDDLESEX,CHELMSFORD,48,Wood  Screw  Manufactories,1,,,1,,,screws
MIDDLESEX,CHELMSFORD,48,Scythe Manufactories,1,,7000,13,,,scythes
MIDDLESEX,OWELL,62,distributed,,,3500,,6,25,Sets Loom Heddles or Harnesses
MIDDLESEX,WOBURN,85,Silk Manufactories,1,,6000,,1,16,sewing silk
MIDDLESEX,NATICK,66,distributed,,,,2,,,Shoe Boxes
MIDDLESEX,SOMERVILLE,72,distributed,,,,350,,300,Shoes
MIDDLESEX,BOXBOROUGH,42,distributed,,,,,4,4,Shoes
MIDDLESEX,BURLINGTON,44,distributed,,,,,16,15,Shoes
MIDDLESEX,LITTLETON,58,distributed,,,,,10,,Shoes
MIDDLESEX,READING,69,distributed,,,,,358,385,Shoes
MIDDLESEX,STONEHAM,73,distributed,,,,,405,448,Shoes
MIDDLESEX,WAYLAND,80,distributed,,,,,38,42,Shoes
MIDDLESEX,WESTFORD,82,distributed,,,,,40,35,Shoes
MIDDLESEX,WAYLAND,81,distributed,,,1000,2,,,Shovels Spades Forks and Hoes
MIDDLESEX,TOWNSEND,76,distributed,,,300,2,,,Shovels Spades Forks and Hoes
MIDDLESEX,OWELL,61,distributed,,,14000,46,,,Shuttles Bobbins and Druggists' Boxes
MIDDLESEX,MALDEN,63,Morocco  and  Kid  Manufactories,1,,6500,,8,,skins dressed
MIDDLESEX,WATERTOWN,80,distributed,,,500,3,,,Snuff Tobacco and Cigars
MIDDLESEX,SOMERVILLE,72,distributed,,,1200,2,,,Snuff Tobacco and Cigars
MIDDLESEX,OWELL,61,distributed,,,7000,10,,,Snuff Tobacco and Cigars
MIDDLESEX,CHARLESTOWN,48,distributed,,,7800,10,,,Snuff Tobacco and Cigars
MIDDLESEX,CAMBRIDGE,45,distributed,,,47000,67,,,Snuff Tobacco and Cigars
MIDDLESEX,PEPPERELL,68,Soap and Tallow Candle Manufactories,1,,500,,,,soap
MIDDLESEX,CHARLESTOWN,47,Soap and Tallow Candle Manufactories,2,,11500,11,,,soap
MIDDLESEX,WATERTOWN,80,Soap and Tallow Candle Manufactories,3,,20000,12,,,soap
MIDDLESEX,CONCORD,50,Soap and Tallow Candle Manufactories,1,,1500,1,,,soap
MIDDLESEX,MEDFORD,64,Soap and Tallow Candle Manufactories,1,,5500,,4,,soap
MIDDLESEX,CAMBRIDGE,45,Soap and Tallow Candle Manufactories,19,,191100,96,,,soap
MIDDLESEX,CHELMSFORD,49,Soap and Tallow Candle Manufactories,1,,1,,,,Soap and Tallow Candle
MIDDLESEX,GROTON,55,quarries,,,2000,3,,,Soap Stone quarried
MIDDLESEX,WESTON,83,Cotton Mills,1,,4000,,12,,spindles
MIDDLESEX,DRACUT,50,Cotton Mills,1,,15000,,10,40,spindles
MIDDLESEX,NEWTON,66,Cotton Mills,1,,80000,,70,143,spindles
MIDDLESEX,SHIRLEY,70,Cotton Mills,3,,19300,,20,29,spindles
MIDDLESEX,HOPKINTON,56,Cotton Mills,3,,32000,,40,50,spindles
MIDDLESEX,WALTHAM,78,Cotton Mills,3,,390000,,50,350,spindles+ACQ-
MIDDLESEX,BILLERICA,41,Soap and Tallow  Candle Manufactories,1,,400,2,,,soft soap
MIDDLESEX,NEWTON,67,Soap and Tallow Candle Manufactories,2,,16000,12,,,soft soap
MIDDLESEX,WATERTOWN,79,Starch Manufactories,1,,2500,7,,,starch from wheat or flour
MIDDLESEX,CAMBRIDGE,44,Starch Manufactories,1,,3000,4,,,starch from wheat or flour
MIDDLESEX,GROTON,54,Paper Manufactories,2,,6500,12,,,Rag stock used
MIDDLESEX,FRAMINGHAM,53,Paper Manufactories,2,,45000,33,,,Rag stock used
MIDDLESEX,SUDBURY,74,Paper Manufactories,1,,10000,12,,,Rag stock used
MIDDLESEX,WALTHAM,78,Paper Manufactories,1,,12000,6,,,Rag stock used
MIDDLESEX,PEPPERELL,68,Paper Manufactories,2,,19000,38,,,Rag stock used
MIDDLESEX,SHIRLEY,70,Paper Manufactories,3,,11475,18,,,Rag stock used
MIDDLESEX,NEWTON,66,Paper Manufactories,4,,183662,73,,,Rag stock used
MIDDLESEX,OWELL,60,Paper Manufactories,1,,10000,10,,,Rag stock used
MIDDLESEX,DRACUT,51,Paper Manufactories,1,,10000,5,,,Rag stock used
MIDDLESEX,WATERTOWN,79,Paper Manufactories,1,,10000,7,,,Rag stock used
MIDDLESEX,MALDEN,63,distributed,,,200,,2,,Stone cut
MIDDLESEX,CAMBRIDGE,46,distributed,,,2000,4,,,Stoves
MIDDLESEX,OWELL,62,distributed,,,16000,20,,,Stoves
MIDDLESEX,SUDBURY,75,distributed,,,,,,120,Straw Bonnets and Hats
MIDDLESEX,FRAMINGHAM,53,distributed,,,,,,50,Straw Bonnets and Hats
MIDDLESEX,HOPKINTON,57,distributed,,,,,,125,Straw Bonnets and Hats
MIDDLESEX,SHERBURNE,70,distributed,,,,,,4,Straw Bonnets and Hats
MIDDLESEX,WAYLAND,80,distributed,,,,,,38,Straw Bonnets and Hats
MIDDLESEX,ACTON,39,distributed,,,,,,2,straw braid
MIDDLESEX,BOXBOROUGH,42,distributed,,,,,,4,Straw Braid
MIDDLESEX,MARLBOROUGH,64,distributed,,,,,,182,Straw Braid  and not made into bonnets and  hats
MIDDLESEX,HOLLISTON,56,distributed,,,,,,240,Straw Braid  and not made into Bonnets and Hats
MIDDLESEX,NATICK,65,distributed,,,,,,3,Straw Braid  and not made into Bonnets and Hats
MIDDLESEX,CAMBRIDGE,46,breweries,,,1000,2,,,Strong Beer
MIDDLESEX,SOMERVILLE,73,Razor Strop Manufactories,1,,3000,4,,,strops
MIDDLESEX,CAMBRIDGE,46,distributed,,,10000,20,,,Surgical and other Instruments from Glass Brass and Britannia
MIDDLESEX,SUDBURY,75,distributed,,,5250,,,,Tallow Candles
MIDDLESEX,MALDEN,63,Tassel Manufactories,1,,1500,,3,9,Tassels
MIDDLESEX,NATICK,66,distributed,,,,1,,,Treenails
MIDDLESEX,CAMBRIDGE,45,Upholstery Manufactories,1,,200,1,,,Upholstery
MIDDLESEX,OWELL,60,Upholstery Manufactories,2,,600,3,,,Upholstery
MIDDLESEX,NEWTON,66,Upholstery Manufactories,3,,12000,36,,,Upholstery
MIDDLESEX,WALTHAM,78,Establishments for Rail+AC0-road Cars Coaches Wagons and other Vehicles,3,,7000,,,,vehicles
MIDDLESEX,SHERBURNE,69,Establishments for Rail+AC0-road Cars Coaches Wagons and other Vehicles,2,,100,3,,,vehicles
MIDDLESEX,NEWTON,66,Establishments for Rail+AC0-road Cars Coaches Wagons and other Vehicles,3,,2100,7,,,vehicles
MIDDLESEX,WOBURN,85,Establishments for Rail+AC0-road Cars Coaches Wagons and other Vehicles,3,,1530,6,,,vehicles
MIDDLESEX,CHARLESTOWN,47,Establishments for Rail+AC0-road Cars Coaches Wagons and other Vehicles,5,,3500,10,,,vehicles
MIDDLESEX,WATERTOWN,79,Establishments for Rail+AC0-road Cars Coaches Wagons and other Vehicles,5,,1000,10,,,vehicles
MIDDLESEX,NATICK,65,Establishments for Rail+AC0-road Cars Coaches Wagons and other Vehicles,1,,500,,,,vehicles
MIDDLESEX,MEDFORD,64,Establishments for Rail+AC0-road Cars Coaches Wagons and other Vehicles,2,,4000,11,,,vehicles
MIDDLESEX,GROTON,54,Establishments for Rail+AC0-road Cars Coaches Wagons and other Vehicles,1,,300,4,,,vehicles
MIDDLESEX,TOWNSEND,76,Establishments for Rail+AC0-road Cars Coaches Wagons and other Vehicles,5,,840,4,,,vehicles
MIDDLESEX,STOW,74,Establishments for Rail+AC0-road Cars Coaches Wagons and other Vehicles,1,,200,2,,,vehicles
MIDDLESEX,STONEHAM,73,Establishments for Rail+AC0-road Cars Coaches Wagons and other Vehicles,1,,300,2,,,vehicles
MIDDLESEX,BOXBOROUGH,42,Establishments for Rail+AC0-road Cars Coaches Wagons and other Vehicles,1,,1000,2,,,vehicles
MIDDLESEX,SHIRLEY,71,Establishments for Rail+AC0-road Cars Coaches Wagons and other Vehicles,1,,1000,10,,,vehicles
MIDDLESEX,BILLERICA,41,Establishments for Rail+AC0-road Cars Coaches Wagons and other Vehicles,2,,1100,3,,,vehicles
MIDDLESEX,WESTFORD,82,Establishments for Rail+AC0-road Cars Coaches Wagons and other Vehicles,3,,2000,6,,,vehicles
MIDDLESEX,SOMERVILLE,72,Establishments for Rail+AC0-road Cars Coaches Wagons and other Vehicles,3,,3800,4,,,vehicles
MIDDLESEX,OWELL,60,Establishments for Rail+AC0-road Cars Coaches Wagons and other Vehicles,4,,7000,15,,,vehicles
MIDDLESEX,CAMBRIDGE,45,Establishments for Rail+AC0-road Cars Coaches Wagons and other Vehicles,16,,32000,118,,,vehicles
MIDDLESEX,SUDBURY,74,Establishments for Rail+AC0-road Cars Coaches Wagons and other Vehicles,3,,900,3,,,vehicles
MIDDLESEX,HOLLISTON,55,Establishments for Rail+AC0-road Cars Coaches Wagons and other Vehicles,3,,1112,8,,,vehicles
MIDDLESEX,HOPKINTON,56,Establishments for Rail+AC0-road Cars Coaches Wagons and other Vehicles,1,,1,2,,,vehicles
MIDDLESEX,WAYLAND,81,Establishments for Rail+AC0-road Cars Coaches Wagons and other Vehicles,4,,1000,9,,,vehicles
MIDDLESEX,CARLISLE,46,Establishments for Rail+AC0-road Cars Coaches Wagons and other Vehicles,2,,2,2,,,vehicles
MIDDLESEX,PEPPERELL,68,Establishments for Wagons and other Vehicles,2,,10500,13,,,vehicles
MIDDLESEX,MALDEN,62,Establishments for Wagons and other Vehicles,3,,2000,8,,,vehicles
MIDDLESEX,CHELMSFORD,49,Establishments for Wagons and other Vehicles,3,,1650,7,,,vehicles
MIDDLESEX,BRIGHTON,43,Establishments for Wagons and other Vehicles,2,,800,6,,,vehicles
MIDDLESEX,WESTON,83,Establishments for Wagons and other Vehicles,3,,1300,4,,,vehicles
MIDDLESEX,READING,69,Establishments for Rail+AC0-road Cars Coaches Wagons and other Vehicles,1,,500,3,,,vehicles
MIDDLESEX,FRAMINGHAM,53,Establishments for Chaises Wagons and Sleighs,3,,1500,6,,,vehicles
MIDDLESEX,ASHBY,39,distributed,,,750,1,,,vehicles
MIDDLESEX,WOBURN,86,distributed,,,13000,,16,,Veneers sawed
MIDDLESEX,MALDEN,62,Establishments for Britannia Ware,1,,8000,7,,,Stone ware
MIDDLESEX,CHARLESTOWN,48,Stone Ware Manufactories,1,,4400,14,,,Tin ware
MIDDLESEX,WAYLAND,81,Tin Ware Manufactories,1,,500,2,,,Tin ware
MIDDLESEX,HOLLISTON,55,Tin Ware Manufactories,1,,300,1,,,Tin ware
MIDDLESEX,FRAMINGHAM,53,Tin Ware Manufactories,1,,500,4,,,Tin ware
MIDDLESEX,MEDFORD,64,Tin Ware Manufactories,1,,2000,3,,,Tin ware
MIDDLESEX,WATERTOWN,80,Tin Ware Manufactories,1,,300,2,,,Tin ware
MIDDLESEX,NEWTON,67,Tin Ware Manufactories,1,,800,3,,,Tin ware
MIDDLESEX,SOMERVILLE,72,Tin Ware Manufactories,1,,5000,3,,,Tin ware
MIDDLESEX,WOBURN,85,Tin Ware Manufactories,1,,50,1,,,Tin ware
MIDDLESEX,SHIRLEY,71,Tin Ware Manufactories,1,,150,1,,,Tin ware
MIDDLESEX,READING,69,Tin Ware Manufactories,1,,1000,4,,,Tin ware
MIDDLESEX,LEXINGTON,57,Tin Ware Manufactories,1,,1500,3,,,Tin ware
MIDDLESEX,CHARLESTOWN,47,Tin Ware Manufactories,3,,4800,16,,,Tin ware
MIDDLESEX,MALDEN,62,Tin Ware Manufactories,4,,10500,17,,,Tin ware
MIDDLESEX,CAMBRIDGE,45,Tin Ware Manufactories,5,,3700,11,,,Tin ware
MIDDLESEX,OWELL,61,Tin Ware Manufactories,6,,6000,20,,,Tin ware
MIDDLESEX,WALTHAM,78,Tin Ware Manufactories,1,,1000,1,,,Tin ware
MIDDLESEX,GROTON,54,Tin Ware Manufactories,2,,46001700,7,,,Tin ware
MIDDLESEX,SOMERVILLE,72,Tin Ware Manufactories,1,,3000,4,,,Tin ware
MIDDLESEX,OWELL,61,distributed,,,6000,8,,,Weavers' Reeds
MIDDLESEX,FRAMINGHAM,54,Wheelwrights' Establishments,6,,,6,,,wheels
MIDDLESEX,CAMBRIDGE,45,distributed,,,,1,,,Whips
MIDDLESEX,BRIGHTON,43,distributed,,,,2,,,Whips
MIDDLESEX,OWELL,61,distributed,,,,4,,,Whips
MIDDLESEX,SHERBURNE,70,distributed,,,,6,,,Whips
MIDDLESEX,WOBURN,86,Window Sash Blind and Door Manufactories,5,,5800,,28,,Window Sash Blind and  Door
MIDDLESEX,WOBURN,86,distributed,,,,,16,,Wooden Door Knobs
MIDDLESEX,WOBURN,85,distributed,,,,1,,,Wooden Ware including farming utensils
MIDDLESEX,BILLERICA,41,Mills for Carpeting,3,,21900,,69,11,wool consumed
MIDDLESEX,FRAMINGHAM,53,Mills for Carpeting,3,,50000,,191,41,wool consumed
MIDDLESEX,OWELL,60,Mills for Carpeting,3,,321000,,,188,wool consumed
MIDDLESEX,BILLERICA,41,Woollen Mills,1,,30000,,23,15,wool consumed
MIDDLESEX,FRAMINGHAM,52,Woollen and Worsted Mills,3,,400000,,227,190,wool consumed
MIDDLESEX,PEPPERELL,68,Woollen Mills,1,,5000,,9,4,wool consumed
MIDDLESEX,DRACUT,51,Woollen Mills,1,,50000,,60,60,wool consumed
MIDDLESEX,STOW,73,Woollen Mills,1,,60000,45,,30,wool consumed
MIDDLESEX,CONCORD,50,Woollen Mills,1,,,,30,30,wool consumed
MIDDLESEX,WOBURN,85,Woollen Mills,1,,,,8,4,wool consumed
MIDDLESEX,OWELL,59,Woollen Mills,5,,826000,,318,684,wool consumed
MIDDLESEX,OWELL,60,Establishments for Hosiery,2,,7000,13,11,,worsted cotton and woollen hose
MIDDLESEX,DRACUT,51,Mills for Carpeting,1,,3500,,13,2,yarn consumed
MIDDLESEX,CHARLESTOWN,48,Vessels launched,3,750,,18,,,
MIDDLESEX,MEDFORD,65,Vessels launched,24,9660,,250,,,
