county,city,page,manufacturing site,number  factories,tonnage,capital,employeeS,employeesM,employeesF,goods0
NORFOLK,BELLINGHAM,241,distributed,,,500,53,,,Agricultural Tools
NORFOLK,CANTON,245,distributed,,,1500,9,,,all other
NORFOLK,ROXBURV,260,Establishments for Rifles and Fowling Pieces,1,,500,2,,,arms
NORFOLK,ROXBURV,259,distributed,,,6000,9,,,articles
NORFOLK,ROXBURV,259,Brass Foundries,1,,2000,2,,,articles
NORFOLK,SHARON,262,Axe Manufactories,1,,,2,,,axes and other edge tools
NORFOLK,WALPOLE,264,Iron Axletree Manufactories,1,,3800,9,,,axletrees
NORFOLK,ROXBURV,259,Forges,18,,1550,60,,,bar iron anchors and other wrought iron
NORFOLK,CANTON,244,Forges,1,,20000,30,,,bar iron anchors and other wrought iron
NORFOLK,ROXBURV,261,woods,,,,2,,,Barrels
NORFOLK,WRENTHAM,267,distributed,,,,5,,,Baskets
NORFOLK,FOXBOROUGH,251,distributed,,,,250002,,,Baskets
NORFOLK,WALPOLE,264,Hat and Cap Manufactories,1,,700,,,,bats and caps
NORFOLK,ROXBURV,261,Breweries,2,,,9,,,beer brewed
NORFOLK,MEDWAY,254,Bell Foundries,1,,5000,,4,,bells
NORFOLK,QUINCY,257,distributed,,,,2,,,Blacking
NORFOLK,FOXBOROUGH,251,Bonnet Block Manufactories,1,,300,1,,,blocks
NORFOLK,RANDOLPH,258,distributed,,,,1,,,Blocks and Pumps
NORFOLK,BRAINTREE,242,distributed,,,,1,,,Blocks and Pumps
NORFOLK,ROXBURV,260,distributed,,,,6,,,Blocks and Pumps
NORFOLK,BELLINGHAM,241,workshops,,,,2,,,Boats built
NORFOLK,WRENTHAM,267,workshops,,,,6,,,Boats built
NORFOLK,FRANKLIN,252,workshops,,,,11,,,Boats built
NORFOLK,WRENTHAM,267,Boot and Shoe Boxes manufactured,3500,,,3,,,Boot and Shoe Boxes 
NORFOLK,WRENTHAM,266,distributed,,,,,32,2,Boots
NORFOLK,CANTON,245,distributed,,,,,5,3,Boots
NORFOLK,DORCHESTER,249,distributed,,,,,3,5,Boots
NORFOLK,BELLINGHAM,241,distributed,,,,,85,11,Boots
NORFOLK,COHASSET,246,distributed,,,,,55,15,Boots
NORFOLK,DEDHAM,247,distributed,,,,,35,24,Boots
NORFOLK,MEDWAY,254,distributed,,,,,71,31,Boots
NORFOLK,ROXBURV,260,distributed,,,,,82,34,Boots
NORFOLK,SHARON,262,distributed,,,,,83,53,Boots
NORFOLK,QUINCY,257,distributed,,,,,203,98,Boots
NORFOLK,BRAINTREE,242,distributed,,,,,401,202,Boots
NORFOLK,STOUGHTON,263,distributed,,,,,527,306,Boots
NORFOLK,WEYMOUTH,265,distributed,,,,,1202,633,Boots
NORFOLK,RANDOLPH,258,distributed,,,,,,649,Boots
NORFOLK,WALPOLE,264,distributed,,,,12,,,Boots
NORFOLK,BROOKLINE,243,distributed,,,,,7,,Boots
NORFOLK,DOVER,250,distributed,,,,,9,,Boots
NORFOLK,FOXBOROUGH,251,distributed,,,,,2,,Boots
NORFOLK,FRANKLIN,252,distributed,,,,,3,,Boots
NORFOLK,MILTON,255,distributed,,,,,6,,Boots
NORFOLK,FOXBOROUGH,251,Box Manufactories,1,,3000,3,,,boxes
NORFOLK,ROXBURV,260,Soap Fish and Candle Box Manufactories,2,,2,14,,,boxes
NORFOLK,ROXBURV,260,Bakeries,9,,20000,54,,,bread
NORFOLK,MEDWAY,254,distributed,,,,2,,,Bricks
NORFOLK,DORCHESTER,249,distributed,,,,9,,,Bricks
NORFOLK,ROXBURV,260,distributed,,,,77,,,Bricks
NORFOLK,DOVER,250,Brush  Manufactories,1,,500,2,,,brushes
NORFOLK,MEDFIELD,253,Brush  Manufactories,2,,2700,4,,,brushes
NORFOLK,RANDOLPH,258,quarries,,,,6,,,Building Stone quarried and prepared
NORFOLK,QUINCY,257,quarries,,,,6,,,Building Stone quarried and prepared
NORFOLK,COHASSET,246,quarries,,,,6,,,Building Stone quarried and prepared
NORFOLK,WEYMOUTH,265,quarries,,,,10,,,Building Stone quarried and prepared
NORFOLK,MILTON,255,quarries,,,,150,,,Building Stone quarried and prepared
NORFOLK,CANTON,245,quarries,,,,1,,,Building Stone quarried and prepared
NORFOLK,FOXBOROUGH,251,quarries,,,,1,,,Building Stone quarried and prepared
NORFOLK,BRAINTREE,242,quarries,,,,53,,,Building Stone quarried and prepared
NORFOLK,WALPOLE,264,Cabinet Ware Manufactories,1,,500,5,,,Cabinet Ware
NORFOLK,MEDWAY,253,Calico Manufactories  .,1,,1,,,,Calico
NORFOLK,WALPOLE,264,Card Manufactories,1,,1,,,,Card
NORFOLK,WALPOLE,263,distributed,,,400,,5,,Carpeting  from listing
NORFOLK,QUINCY,257,Chair and Cabinet Ware Manufactories,1,,1000,2,,,Chair and Cabinet Ware
NORFOLK,DORCHESTER,249,Chair and Cabinet Ware Manufactories,16,,20000,120,,,Chair and Cabinet Ware
NORFOLK,RANDOLPH,258,Chair and Cabinet Ware Manufactories,1,,300,,,,Chair and Cabinet Ware
NORFOLK,MEDWAY,254,Chair and Cabinet Ware Manufactories,3,,400,3,,,Chair and Cabinet Ware
NORFOLK,MILTON,255,Chair and Cabinet Ware Manufactories,7,,11700,32,,,Chair and Cabinet Ware
NORFOLK,ROXBURV,260,Chair and Cabinet Ware Manufactories,8,,23700,70,,,Chair and Cabinet Ware
NORFOLK,BROOKLINE,243,Chair and Cabinet Ware Manufactories,1,,50,1,,,Chair and Cabinet Ware
NORFOLK,WEYMOUTH,265,Chair and Cabinet Ware Manufactories,2,,1800,4,,,Chair and Cabinet Ware
NORFOLK,WRENTHAM,266,Chair and Cabinet Ware Manufactories,3,,4500,19,,,Chair and Cabinet Ware
NORFOLK,MEDFIELD,253,Chair and Cabinet Ware Manufactories,1,,500,2,,,Chair and Cabinet Ware
NORFOLK,STOUGHTON,263,woods,,,400,2,,,charcoal
NORFOLK,BRAINTREE,242,Chocolate Mills,1,,2500,3,,,chocolate
NORFOLK,MILTON,255,Chocolate Mills,1,,7000,4,,,chocolate
NORFOLK,DORCHESTER,249,Chocolate Mills,2,,38000,15,,,chocolate prepared
NORFOLK,DEDHAM,247,distributed,,,5300,,6,4,Cigars
NORFOLK,ROXBURV,259,Clock Manufactories,1,,1,1,,,clocks
NORFOLK,MEDWAY,254,Clock Manufactories,1,,150,1,,,clocks
NORFOLK,DORCHESTER,249,distributed,,,10000,10,,,Confectionary
NORFOLK,CANTON,244,Copper Manufactories,1,,50000,38,,,copper
NORFOLK,WALPOLE,264,Cordage Manufactories,1,,500,,,,cordage
NORFOLK,DORCHESTER,248,Cordage Manufactories,1,,1000,4,,,cordage
NORFOLK,ROXBURV,260,Cordage Manufactories,4,,246000,174,,,cordage
NORFOLK,BRAINTREE,242,Cotton Mills,1,,1500,,12,13,cotton consumed
NORFOLK,DEDHAM,246,Cotton Mills,2,,61200,,29,75,cotton consumed
NORFOLK,DORCHESTER,248,Cotton Mills,1,,150000,,40,110,cotton consumed
NORFOLK,WALPOLE,263,Cotton Mills,5,,43000,,,2245,cotton consumed
NORFOLK,DORCHESTER,248,distributed,,,,1,,,Earthen Ware
NORFOLK,WRENTHAM,266,Establishments for Fire Engines,1,,,1,,,engines
NORFOLK,ROXBURV,259,Establishments for Fire Engines,1,,,24,,,engines
NORFOLK,ROXBURV,259,Establishments for Butts or Hinges,1,,3000,16,,,Butts or Hinges
NORFOLK,ROXBURV,259,Establishments for Chemical Preparations,3,,50500,29,,,Chemical Preparations
NORFOLK,STOUGHTON,263,woods,,,,4,,,Fire Wood
NORFOLK,WRENTHAM,267,woods,,,,5,,,Fire Wood
NORFOLK,RANDOLPH,258,woods,,,,12,,,Fire Wood
NORFOLK,WEYMOUTH,265,woods,,,,4,,,Fire Wood
NORFOLK,QUINCY,257,woods,,,,15,,,Fire Wood
NORFOLK,BRAINTREE,242,woods,,,,2,,,Fire Wood
NORFOLK,DEDHAM,247,woods,,,,3,,,Fire Wood
NORFOLK,BELLINGHAM,241,woods,,,,4,,,Fire Wood
NORFOLK,BROOKLINE,243,woods,,,,4,,,Fire Wood
NORFOLK,DORCHESTER,249,woods,,,,4,,,Fire Wood
NORFOLK,NEEDHAM,256,woods,,,,4,,,Fire Wood
NORFOLK,FRANKLIN,252,woods,,,,5,,,Fire Wood
NORFOLK,MILTON,255,woods,,,,6,,,Fire Wood
NORFOLK,CANTON,245,woods,,,,8,,,Fire Wood
NORFOLK,DOVER,250,woods,,,,10,,,Fire Wood
NORFOLK,WALPOLE,264,woods,,,,15,,,Fire Wood
NORFOLK,COHASSET,246,woods,,,,20,,,Fire Wood
NORFOLK,SHARON,262,woods,,,,30,,,Fire Wood
NORFOLK,NEEDHAM,256,Establishments for Hinges and Blind Fastenings,1,,500,15,,,Hinges and Blind Fastenings
NORFOLK,DORCHESTER,248,Establishments for Chemical Preparations,1,,10000,,,,Chemical Preparations
NORFOLK,DORCHESTER,248,Establishments for Chronometers and Thermometers,1,,1200,5,,,Chronometers and Thermometers
NORFOLK,DEDHAM,248,Establishments for Marbling and Fancy Colored Papers and Cards,1,,7500,,5,10,Marbling and Fancy Colored Papers and Cards
NORFOLK,DEDHAM,247,Establishments for Shovels Spades Forks and Hoes,2,,600,5,,,Shovels Spades Forks and Hoes
NORFOLK,FOXBOROUGH,251,Establishments for Shovels Spades Forks and Hoes,1,,5000,,,,Shovels Spades Forks and Hoes
NORFOLK,MEDFIELD,252,Establishments for Shovels Spades Forks and Hoes,1,,200,4,,,Shovels Spades Forks and Hoes
NORFOLK,ROXBURV,259,Establishments for Silk and Worsted Fringe and Tassels,1,,6000,,15,45,Silk and Worsted Fringe and Tassels
NORFOLK,MEDWAY,253,Establishments for Bleaching or Coloring Cotton Thread,2,,2,2,,,Bleaching or Coloring Cotton Thread
NORFOLK,ROXBURV,259,Establishments for Staining and Stamping Paper,4,,,13,,,Staining and Stamping Paper
NORFOLK,ROXBURV,261,orchards,378218,,,,,,Fruit
NORFOLK,BRAINTREE,242,Establishments for Cotton Gins,1,,10000,12,,,gins
NORFOLK,NEEDHAM,256,Glue Manufactories,3,,1500,9,,,glue
NORFOLK,ROXBURV,260,Glue Manufactories,2,,5000,8,,,glue and gums
NORFOLK,DEDHAM,247,Glue Manufactories,1,,100,1,,,glue and gums
NORFOLK,BELLINGHAM,241,Glue Manufactories,1,,200,1,,,glue and gums
NORFOLK,WALPOLE,263,Establishments for Bleaching or Coloring Cotton Goods,1,,3000,7,,,goods bleached or colored
NORFOLK,WALPOLE,264,Grist Mills,4,,,,,,milled grain
NORFOLK,ROXBURV,260,Soap and Tallow Manufactories,5,,23500,31,,,hard and soft soap
NORFOLK,WALPOLE,264,Harness Manufactories,2,,200,,,,harnesses
NORFOLK,ROXBURV,259,Hat and Cap Manufactories,1,,400,2,,,hats and caps
NORFOLK,DEDHAM,247,Hat and Cap Manufactories,1,,100,1,,,hats and caps
NORFOLK,DORCHESTER,248,Hat and Cap Manufactories,1,,800,3,,,hats and caps
NORFOLK,QUINCY,257,Tanneries,7,,120110,26,,,hides tanned
NORFOLK,DORCHESTER,249,Tanneries,6,,40000,45,,,hides tanned
NORFOLK,WALPOLE,264,Hoe  Manufactories,1,,6000,12,,,hoes
NORFOLK,NEEDHAM,256,distributed,,,,4,,,Hogshead Hoops prepared
NORFOLK,ROXBURV,259,Furnaces for Hollow Ware and Castings other than Pig Iron,1,,25000,50,,,hollow ware and castings
NORFOLK,FOXBOROUGH,250,Furnaces for Hollow Ware and Castings other than Pig Iron,1,,20000,25,,,hollow ware and castings
NORFOLK,WALPOLE,264,Furnaces for Hollow Ware and Castings other than Pig Iron,1,,3000,6,,,hollow ware and castings
NORFOLK,CANTON,244,Furnaces for Hollow Ware and Castings other than Pig Iron,1,,10000,20,,,hollow ware and castings
NORFOLK,DEDHAM,246,Furnaces for Hollow Ware and Castings other than Pig Iron,1,,4500,12,,,hollow ware and castings
NORFOLK,STOUGHTON,263,Hoops prepared,43000,,400,2,,,Hoops prepared
NORFOLK,SHARON,262,Hoops prepared,86000,,,,,,Hoops prepared
NORFOLK,BROOKLINE,243,Establishments for Hosiery,2,,1000,,3,,hosiery
NORFOLK,NEEDHAM,256,Establishments for Hosiery,1,,,113,,,hosiery
NORFOLK,ROXBURV,259,Establishments for Hosiery,1,,,,2,,hosiery
NORFOLK,DEDHAM,248,Turning Establishments,1,,,,9,,in iron
NORFOLK,ROXBURV,259,Rolling Slitting and Nail Mills,3,,100000,240,,,iron and not made into nails
NORFOLK,DOVER,250,Rolling Slitting and  Nail Mills,3,,40000,40,,,iron and not made into nails
NORFOLK,WEYMOUTH,265,Rolling Slitting and Nail Mills,3,,70000,100,,,iron and not made into nails
NORFOLK,ROXBURV,261,animals,,,15000,,,,Jerked Beef
NORFOLK,ROXBURV,261,distributed,,,,50,,,Knit Goods and Yarn
NORFOLK,MEDFIELD,253,Tanneries,2,,2000,2,,,leather tanned and curried
NORFOLK,BRAINTREE,242,Tanneries,1,,2000,4,,,leather tanned and curried
NORFOLK,FOXBOROUGH,251,Tanneries,1,,5000,3,,,leather tanned and curried
NORFOLK,WEYMOUTH,265,Tanneries,1,,5000,8,,,leather tanned and curried
NORFOLK,MILTON,255,Tanneries,2,,11200,12,,,leather tanned and curried
NORFOLK,DEDHAM,247,Tanneries,2,,17000,15,,,leather tanned and curried
NORFOLK,BROOKLINE,243,Tanneries,2,,24000,7,,,leather tanned and curried
NORFOLK,ROXBURV,261,woods,,,,17,,,Looking Glass Frames Sashes 
NORFOLK,RANDOLPH,258,woods,,,,2,,,lumber 
NORFOLK,WALPOLE,264,woods,,,,2,,,lumber 
NORFOLK,WRENTHAM,267,woods,,,,2,,,lumber 
NORFOLK,FOXBOROUGH,251,woods,,,,3,,,lumber 
NORFOLK,BELLINGHAM,241,woods,,,,10,,,lumber 
NORFOLK,FRANKLIN,252,woods,,,,10,,,lumber 
NORFOLK,MEDWAY,254,woods,,,,10,,,lumber 
NORFOLK,WALPOLE,264,Establishments for Cotton Woollen and other Machinery,3,,5100,8,,,machinery
NORFOLK,CANTON,244,Establishments for Cotton Woollen and other Machinery,2,,3500,11,,,machinery
NORFOLK,MEDWAY,254,Establishments for Cotton Woollen and other Machinery,2,,1500,,,,machinery and repairs done
NORFOLK,MEDWAY,254,Bonnet  Pressing  Machine  Manufactories,1,,100,,2,,machines
NORFOLK,FOXBOROUGH,251,Planing Machine  Manufactories,1,,15000,25,,,machines
NORFOLK,QUINCY,257,Vessels employed in Mackerel and Cod Fisheries,4,,3650,22,,,mackerel taken
NORFOLK,COHASSET,246,Vessels employed in Mackerel and Cod Fisheries,44,,44000,400,,,mackerel taken
NORFOLK,CANTON,245,Marble  Monument  and Grave Stone Manufactories,1,,1000,8,,,Marble  Monument  and Grave Stone
NORFOLK,BRAINTREE,243,Grist  Mills,3,,6000,,14,,meal
NORFOLK,RANDOLPH,258,distributed,,,,2,,,Mechanics' Tools
NORFOLK,STOUGHTON,263,distributed,,,,8,,,Mechanics' Tools
NORFOLK,ROXBURV,261,Oakum Manufactories,1,,10000,16,,,oakum
NORFOLK,DEDHAM,247,Chair and Cabinet Ware Manufactories,8,,15900,58,,,Chair and Cabinet Ware
NORFOLK,MEDWAY,253,Woollen Mills,1,,5000,,5,,wool consumed
NORFOLK,MEDWAY,254,distributed,,,500,4,,,Organs
NORFOLK,FRANKLIN,252,distributed,,,1500,7,,,other articles
NORFOLK,ROXBURV,261,Patent Corselet Manufoctories,1,,1,2,,,Patent Corselet
NORFOLK,NEEDHAM,256,woods,,,,1,,,Peat
NORFOLK,DORCHESTER,248,Card Manufactories,1,,5000,14,,,playing cards
NORFOLK,MEDWAY,254,Plough Manufactories,1,,,1,,,ploughs and other agricultural tools
NORFOLK,DEDHAM,248,Pocket Book and Rule Manufactories,1,,4000,,5,4,pocket books
NORFOLK,SHARON,262,Cotton Mills,2,,4000,,12,20,printing cloth
NORFOLK,MEDWAY,254,Establishments for Wool and Flocks from Woollen Rags,1,,1000,,3,6,rags used
NORFOLK,ROXBURV,261,India Rubber Manufactories,1,,,40,,,rubber used
NORFOLK,ROXBURV,261,Distilleries,1,,,3,,,rum
NORFOLK,MEDFIELD,253,crops,5000,,5000,,,,rye
NORFOLK,ROXBURV,259,Saddle Harness and Trunk Manufactories,7,,1450,11,,,Saddle Harness and Trunk
NORFOLK,DORCHESTER,248,Saddle Harness and Trunk Manufactories,3,,750,4,,,Saddle Harness and Trunk
NORFOLK,MEDWAY,254,Saddle Harness and Trunk  Manufactories,2,,200,2,,,Saddle Harness and Trunk
NORFOLK,MEDFIELD,253,Saddle Harness and Trunk Manufactories,1,,150,1,,,Saddle Harness and Trunk
NORFOLK,STOUGHTON,262,Saddle Harness and Trunk Manufactories,2,,200,,,,Saddle Harness and Trunk
NORFOLK,BROOKLINE,243,Saddle Harness and Trunk Manufactories,1,,350,2,,,Saddle Harness and Trunk
NORFOLK,COHASSET,245,Saddle Harness and Trunk Manufactories,1,,400,1,,,Saddle Harness and Trunk
NORFOLK,BRAINTREE,242,Saddle Harness and Trunk Manufactories,2,,500,2,,,Saddle Harness and Trunk
NORFOLK,CANTON,244,Saddle Harness and Trunk Manufactories,1,,500,3,,,Saddle Harness and Trunk
NORFOLK,WRENTHAM,266,Saddle Harness and Trunk Manufactories,2,,600,2,,,Saddle Harness and Trunk
NORFOLK,WEYMOUTH,265,Saddle Harness and Trunk Manufactories,2,,600,4,,,Saddle Harness and Trunk
NORFOLK,RANDOLPH,258,Saddle Harness and Trunk Manufactories,3,,750,3,,,Saddle Harness and Trunk
NORFOLK,MILTON,255,Saddle Harness and Trunk Manufactories,1,,1000,2,,,Saddle Harness and Trunk
NORFOLK,QUINCY,257,Saddle Harness and Trunk Manufactories,3,,3500,12,,,Saddle Harness and Trunk
NORFOLK,QUINCY,257,Establishments for Salt,1,,1000,1,,,salt
NORFOLK,COHASSET,245,Establishments for Salt,4,,10000,4,,,salt
NORFOLK,WEYMOUTH,265,Sash Door  and  Blind Manufactories,6,,,,,,Sash Door  and  Blind
NORFOLK,WALPOLE,264,Saw Mills,3,,,,,,lumber 
NORFOLK,MEDWAY,254,Scythes and Hoes Manufactories,,,350,,,,scythes and hoes
NORFOLK,CANTON,244,Silk Manufactories,2,,8000,,9,28,sewing silk
NORFOLK,DEDHAM,246,Silk Manufactories,1,,10000,,6,34,sewing silk
NORFOLK,NEEDHAM,256,Silk Manufactories,,,,,2,3,Sewing Silk
NORFOLK,ROXBURV,260,Establishments for Sheet Lead and Pipe White Lead and other Paints,1,,100000,54,,,sheet  lead and  pipe
NORFOLK,MEDFIELD,253,distributed,,,,,2,2,Shoes
NORFOLK,NEEDHAM,256,distributed,,,,,38,8,Shoes
NORFOLK,STOUGHTON,263,Soap and Tallow Candle Manufactories,2,,700,3,,,soap
NORFOLK,DORCHESTER,249,Soap and Tallow Candle Manufactories,2,,4500,9,,,soap
NORFOLK,FOXBOROUGH,250,Cotton Mills,2,,5000,,4,10,spindles
NORFOLK,WRENTHAM,266,Cotton Mills,5,,20000,,41,39,spindles
NORFOLK,BELLINGHAM,241,Cotton Mills,3,,49000,,26,47,spindles
NORFOLK,FRANKLIN,252,Cotton Mills,7,,42500,,45,49,spindles
NORFOLK,MEDWAY,253,Cotton Mills,9,,101500,80,,60,spindles
NORFOLK,NEEDHAM,256,Cotton Mills,1,,10000,134,20,,spindles
NORFOLK,CANTON,244,Cotton Mills,4,,13500,24,26,,spindles
NORFOLK,ROXBURV,261,Turpentine and Rosin Manufactories,1,,,4,,,spirits  turpentine
NORFOLK,DORCHESTER,248,Starch Manufactories,1,,20000,16,,,starch
NORFOLK,ROXBURV,259,Starch Manufactories,3,,12000,12,,,starch
NORFOLK,WALPOLE,264,distribued,,,5000,,,225,Straw Bonnets and Hats
NORFOLK,ROXBURV,260,Establishments for Cannons,1,,100000,22,,,steel and iron cannon and carriages
NORFOLK,MILTON,255,Paper Manufactories,2,,25000,30,,,stock consumed
NORFOLK,DEDHAM,247,Paper Manufactories,1,,5000,5,,,stock consumed
NORFOLK,BRAINTREE,242,Paper Manufactories,1,,10000,10,,,stock consumed
NORFOLK,NEEDHAM,256,Paper Manufactories,6,,68000,,,,stock consumed
NORFOLK,DORCHESTER,248,Paper Manufactories,2,,35000,30,,,stock consumed
NORFOLK,WALPOLE,264,Paper Manufactories,3,,33500,21,,,stock consumed
NORFOLK,ROXBURV,260,quarries,,,,34,,,Stone quarried and prepared
NORFOLK,RANDOLPH,258,distributed,,,,1,,,Straw Bonnets and Hats
NORFOLK,WRENTHAM,267,distributed,,,,,,495,Straw Bonnets and Hats
NORFOLK,DEDHAM,247,distributed,,,,,,1,Straw Bonnets and Hats
NORFOLK,SHARON,262,distributed,,,,,,67,Straw Bonnets and Hats
NORFOLK,MEDFIELD,253,distributed,,,,,,125,Straw Bonnets and Hats
NORFOLK,MEDWAY,254,distributed,,,,,,261,Straw Bonnets and Hats
NORFOLK,FRANKLIN,252,distributed,,,,,40,1055,Straw Bonnets and Hats
NORFOLK,FOXBOROUGH,251,distributed,,,,,74,1349,Straw Bonnets and Hats
NORFOLK,STOUGHTON,263,distributed,,,,,,11,Straw Braid
NORFOLK,BELLINGHAM,241,distributed,,,,,,40,Straw Braid
NORFOLK,CANTON,245,distributed,,,,,,12,Straw Braid
NORFOLK,BRAINTREE,242,Tack and Brad Manufactories,1,,6000,17,,,tacks and brads
NORFOLK,WEYMOUTH,265,Tack and Brad Manufactories,1,,10000,15,,,tacks and brads
NORFOLK,WALPOLE,264,Tanneries,1,,,,,,leather tanned and curried
NORFOLK,ROXBURV,260,Tanneries and Curriers' Establishments,16,,108000,112,,,leather tanned and curried
NORFOLK,DEDHAM,246,Cotton Thread Manufactories,1,,3000,,,8,thread
NORFOLK,DEDHAM,247,Tin Ware and Sheet Iron Manufactories,2,,600,3,,,tin ware
NORFOLK,MEDWAY,254,Tin Ware Manufactories,1,,,2,,,tin ware
NORFOLK,BRAINTREE,242,Establishments for   Shovels Spades Forks and Hoes,1,,14000,6,,,tools
NORFOLK,WALPOLE,264,Twine Manufactories,1,,2200,4,,,twine
NORFOLK,ROXBURV,259,Upholstery Manufactories,1,,10000,,,,Upholstery
NORFOLK,FRANKLIN,252,Establishments for Wagons and Sleighs,2,,1400,4,,,vehicles
NORFOLK,STOUGHTON,262,Establishments for Rail+AC0-road Cars Coaches Chaises and other Vehicles,1,,150,2,,,vehicles
NORFOLK,WALPOLE,264,Establishments for Wagons and Sleighs,8,,5100,32,,,vehicles
NORFOLK,WRENTHAM,266,Establishments for Rail+AC0-road Cars Coaches Chaises and other Vehicles,3,,1000,7,,,vehicles
NORFOLK,RANDOLPH,258,Establishments for Rail+AC0-road Cars Coaches Chaises and other Vehicles,1,,500,,,,vehicles
NORFOLK,RANDOLPH,258,Establishments for Vehicles,1,,500,1,,,vehicles
NORFOLK,MILTON,255,Establishments for Rail+AC0-road Cars Coaches Chaises and other Vehicles,2,,1000,4,,,vehicles
NORFOLK,BELLINGHAM,241,Establishments for Rail+AC0-road Cars Coaches Chaises and other Vehicles,2,,700,4,,,vehicles
NORFOLK,ROXBURV,260,Establishments for Rail+AC0-road Cars Coaches Chaises and other Vehicles,6,,9250,41,,,vehicles
NORFOLK,MEDWAY,254,Establishments for Coaches Chaises and other Vehicles,4,,1000,6,,,vehicles
NORFOLK,COHASSET,245,Establishments for Rail+AC0-road Cars Coaches Chaises and other Vehicles,2,,1000,3,,,vehicles
NORFOLK,DEDHAM,247,Establishments for Rail+AC0-road Cars Coaches Chaises and other Vehicles,4,,1400,8,,,vehicles
NORFOLK,MEDFIELD,253,Establishments for Rail+AC0-road Cars Coaches Chaises and other Vehicles,2,,450,6,,,vehicles
NORFOLK,BROOKLINE,243,Establishments for Coaches Chaises and other Vehicles,2,,3000,6,,,vehicles
NORFOLK,QUINCY,257,Establishments for Coaches Chaises and other Vehicles,3,,2200,12,,,vehicles
NORFOLK,DORCHESTER,249,Establishments for Coaches Chaises and other Vehicles,12,,3000,23,,,vehicles
NORFOLK,CANTON,244,Establishments for Rail+AC0-road Cars Coaches Chaises and other Vehicles,1,,300,2,,,vehicles
NORFOLK,WEYMOUTH,265,Establishments for Rail+AC0-road Cars Coaches Chaises and other Vehicles,4,,800,5,,,vehicles
NORFOLK,FOXBOROUGH,251,Establishments for Rail+AC0-road Cars Coaches Chaises and other Vehicles,3,,1050,,,,vehicles
NORFOLK,BRAINTREE,242,distributed,,,5500,21,,,vehicles
NORFOLK,WRENTHAM,267,distributed,,,161,1,,,Walking Canes
NORFOLK,DORCHESTER,248,Establishments for Britannia Ware,1,,10000,40,,,ware
NORFOLK,MEDFIELD,253,Tin Ware Manufactories,1,,800,3,,,ware
NORFOLK,ROXBURV,260,Tin Ware Manufactories,5,,650,9,,,ware
NORFOLK,BRAINTREE,242,Tin Ware Manufactories,1,,150,1,,,ware
NORFOLK,QUINCY,257,Tin Ware Manufactories,1,,1000,1,,,ware
NORFOLK,CANTON,244,Tin Ware Manufactories,1,,1000,2,,,ware
NORFOLK,DORCHESTER,249,Tin Ware Manufactories,4,,7000,27,,,ware
NORFOLK,RANDOLPH,258,Tin Ware Manufactories,1,,700,1,,,ware
NORFOLK,QUINCY,257,distributed,,,,2,,,Wax Blenched
NORFOLK,DOVER,250,distributed,,,,3,,,Whips
NORFOLK,WEYMOUTH,265,distributed,,,,4,,,Wooden Ware
NORFOLK,BELLINGHAM,241,Woollen Mills,1,,8000,,7,7,wool consumed
NORFOLK,CANTON,244,Mills for Carpeting,1,,1200,,22,5,wool consumed
NORFOLK,ROXBURV,258,Mills for Carpeting,1,,75000,,100,60,wool consumed
NORFOLK,WRENTHAM,266,Mills for Carpeting,2,,5000,,,357,wool consumed
NORFOLK,SHARON,262,Woollen Mills,1,,,,,,wool consumed
NORFOLK,BRAINTREE,242,Woollen Mills,1,,3000,,4,2,wool consumed
NORFOLK,FOXBOROUGH,250,Woollen Mills,1,,20000,,12,6,wool consumed
NORFOLK,WALPOLE,263,Woollen Mills,3,,16000,,30,17,wool consumed
NORFOLK,DEDHAM,246,Woollen Mills,3,,75000,,80,80,wool consumed
NORFOLK,STOUGHTON,262,Cotton Mills,3,,3,,,,
NORFOLK,ROXBURV,259,Establishments for   Worsted Goods,2,,,,10,20,worsted yarn 
NORFOLK,QUINCY,257,Vessels employed in Whale Fishery,1,94,,,,,
NORFOLK,QUINCY,257,Vessels launched,2,60,,3,,,
NORFOLK,COHASSET,246,Vessels launched,1,131,,6,,,
NORFOLK,CANTON,245,Bobbin Manufactories,1,,300,3,,,
