county,city,page,manufacturing site,number  factories,tonnage,capital,employeeS,employeesM,employeesF,goods0
PLYMOUTH,BRIDGEWATER,292,Hollow Auger Manufactories,1,,,1,,,augers
PLYMOUTH,KINGSTON,302,distributed,,,,6,,,augers
PLYMOUTH,KINGSTON,302,Axe Manufactories,1,,400,2,,,axes and other edge tools
PLYMOUTH,HINGHAM,299,Axe Manufactories,2,,2000,6,,,axes and other edge tools
PLYMOUTH,ROCHESTER,309,forges,1,,2600,3,,,bar iron anchors cables and other wrought iron
PLYMOUTH,PLYMOUTH,307,forges,1,,,3,,,bar iron anchors and cables
PLYMOUTH,HINGHAM,299,forges,9,,3600,11,,,bar iron anchors cables and other wrought iron
PLYMOUTH,MIDDLEBOROUGH,303,forges,1,,1000,2,,,bar iron anchors cables and other wrought iron
PLYMOUTH,HANOVER,297,forges,3,,18000,11,,,bar iron anchors cables and other wrought iron
PLYMOUTH,WAREHAM,312,forges,2,,120000,25,,,bar iron anchors cables and other wrought iron
PLYMOUTH,HANSON,298,forges,1,,5000,4,,,bar iron anchors cables and other wrought iron
PLYMOUTH,ROCHESTER,310,distributed,,,,2,,,Blocks and Pumps
PLYMOUTH,DUXBURV,295,distributed,,,,4,,,Blocks and Pumps
PLYMOUTH,MIDDLEBOROUGH,304,distributed,,,,1,,,Blocks and Pumps
PLYMOUTH,PLYMOUTH,307,distributed,,,,3,,,Blocks and Pumps
PLYMOUTH,MIDDLEBOROUGH,305,distributed,,,,239,,,Blocks and Pumps
PLYMOUTH,HINGHAM,300,distributed,,,,2,,,Blocks Spars and Pumps
PLYMOUTH,DUXBURV,295,quarries,,,,5,,,Building Stone quarried and prepared
PLYMOUTH,ROCHESTER,310,workshops,,,,3,,,Boats built
PLYMOUTH,ABINGTON,291,distributed,,,,14,,,Boot and Shoe Boxes
PLYMOUTH,MARSHFIELD,303,distributed,,,,,4,,Boots
PLYMOUTH,ROCHESTER,310,distributed,,,,,4,,Boots
PLYMOUTH,CARVER,293,distributed,,,,,5,4,Boots
PLYMOUTH,HULL,301,distributed,,,,,5,,Boots
PLYMOUTH,WAREHAM,312,distributed,,,,,8,,Boots
PLYMOUTH,PLYMOUTH,307,distributed,,,,,17,3,Boots
PLYMOUTH,SCITUATE,311,distributed,,,,,22,15,Boots
PLYMOUTH,KINGSTON,302,distributed,,,,,32,25,Boots
PLYMOUTH,PEMBROKE,306,distributed,,,,,56,82,Boots
PLYMOUTH,MIDDLEBOROUGH,304,distributed,,,,,60,18,Boots
PLYMOUTH,HALIFAX,296,distributed,,,,,64,30,Boots
PLYMOUTH,MIDDLEBOROUGH,304,distributed,,,,,70,20,Boots
PLYMOUTH,HINGHAM,300,distributed,,,,,92,44,Boots
PLYMOUTH,WAREHAM,313,distributed,,,,,132,22,Boots
PLYMOUTH,HANSON,299,distributed,,,,,133,175,Boots
PLYMOUTH,DUXBURV,295,distributed,,,,,148,100,Boots
PLYMOUTH,HANOVER,298,distributed,,,,,166,78,Boots
PLYMOUTH,DUXBURV,296,distributed,,,,,250,133,Boots
PLYMOUTH,MIDDLEBOROUGH,305,distributed,,,,,301,203,Boots
PLYMOUTH,ABINGTON,291,distributed,,,,,2193,1361,Boots
PLYMOUTH,DUXBURV,295,Brass Foundries,1,,3002,,,3002,Brass
PLYMOUTH,BRIDGEWATER,292,brass foundries,1,,96000,125,,,Brass
PLYMOUTH,PLYMOUTH,307,distributed,,,,2,,,Bricks
PLYMOUTH,SCITUATE,311,distributed,,,,5,,,Bricks
PLYMOUTH,BRIDGEWATER,293,distributed,,,,6,,,Bricks
PLYMOUTH,DUXBURV,295,distributed,,,,6,,,Bricks
PLYMOUTH,MIDDLEBOROUGH,305,Brush  Manufactories,1,,6000,21,,,brushes
PLYMOUTH,DUXBURV,296,quarries,,,,1,,,Building Stone quarried and prepared
PLYMOUTH,ROCHESTER,310,quarries,,,,2,,,Building Stone quarried and prepared
PLYMOUTH,PEMBROKE,306,quarries,,,,3,,,Building Stone quarried and prepared
PLYMOUTH,PLYMOUTH,307,quarries,,,,4,,,Building Stone quarried and prepared
PLYMOUTH,WAREHAM,312,quarries,,,,10,,,Building Stone quarried and prepared
PLYMOUTH,MIDDLEBOROUGH,304,quarries,,,,12,,,Building Stone quarried and prepared
PLYMOUTH,PLYMOUTH,308,Coopers' Shops,5,,5,10,,,casks
PLYMOUTH,MIDDLEBOROUGH,304,Chair and Cabinet Ware Manufactories,3,,1520,6,,,Chair and Cabinet Ware
PLYMOUTH,HINGHAM,300,Chair and Cabinet Ware Manufactories,4,,4900,15,,,Chair and Cabinet Ware
PLYMOUTH,MIDDLEBOROUGH,305,Chair and Cabinet Ware Manufactories,2,,18571,48,,,Chair and Cabinet Ware
PLYMOUTH,ROCHESTER,310,Chair and Cabinet Ware Manufactories,2,,500,2,,,Chair and Cabinet Ware
PLYMOUTH,PLYMOUTH,307,Chair and Cabinet Ware Manufactories,1,,300,2,,,Chair and Cabinet Ware
PLYMOUTH,DUXBURV,294,Chair and Cabinet Ware Manufactories,1,,300,2,,,Chair and Cabinet Ware
PLYMOUTH,WAREHAM,312,Chair and Cabinet Ware Manufactories,1,,1000,3,,,Chair and Cabinet Ware
PLYMOUTH,PEMBROKE,306,Chair and Cabinet Ware Manufactories,1,,1,1,,,Chair and Cabinet Ware
PLYMOUTH,CARVER,293,woods,,,17800,6,,,charcoal
PLYMOUTH,MIDDLEBOROUGH,304,woods,,,671100,,,,charcoal
PLYMOUTH,PLYMOUTH,308,fisheries,,,500,,,,Cod Liver Oil
PLYMOUTH,ROCHESTER,310,Vessels employed in the Mackerel and Cod Fisheries,2,,2,21,,,codfish
PLYMOUTH,WAREHAM,312,Vessels employed in the Mackerel and Cod Fisheries,1,,2500,11,,,codfish
PLYMOUTH,ABINGTON,291,distributed,,,20000,2,,,Confectionary
PLYMOUTH,HINGHAM,300,Cordage Manufactories,1,,10000,22,,,cordage
PLYMOUTH,DUXBURV,294,Cordage Manufactories,1,,51000,5,,,cordage
PLYMOUTH,PLYMOUTH,307,Cordage Manufactories,5,,133700,139,,,cordage
PLYMOUTH,HALIFAX,296,distributed,,,125,1,,,Corn and other Brooms
PLYMOUTH,BRIDGEWATER,293,distributed,,,300,,,,Corn and other Brooms
PLYMOUTH,PLYMPTON,308,Cotton Mills,1,,15000,,7,20,cotton consumed
PLYMOUTH,MIDDLEBOROUGH,303,Cotton Mills,2,,32000,,30,47,cotton consumed
PLYMOUTH,WAREHAM,311,Cotton Mills,2,,5000,,,,Cotton Mills
PLYMOUTH,MIDDLEBOROUGH,303,Rolling Slitting and Nail Mills,1,,8500,23,,,cut nails
PLYMOUTH,MIDDLEBOROUGH,304,Latch and Door Handle Manufactories,1,,600,3,,,door handles and latches
PLYMOUTH,BRIDGEWATER,292,distributed,,,,2,,,Door Handles and Latches
PLYMOUTH,BRIDGEWATER,292,Establishments Steam Engines and Boilers,1,,,,,,engines and boilers
PLYMOUTH,CARVER,293,woods,,,,8,,,Fire Wood
PLYMOUTH,ROCHESTER,310,woods,,,,50,,,Fire Wood
PLYMOUTH,PLYMPTON,309,woods,,,,20,6,,Fire Wood
PLYMOUTH,DUXBURV,296,woods,,,,2,,,Fire Wood
PLYMOUTH,HANSON,299,woods,,,,2,,,Fire Wood
PLYMOUTH,BRIDGEWATER,293,woods,,,,3,,,Fire Wood
PLYMOUTH,HANOVER,298,woods,,,,8,,,Fire Wood
PLYMOUTH,KINGSTON,302,woods,,,,10,,,Fire Wood
PLYMOUTH,SCITUATE,311,woods,,,,10,,,Fire Wood
PLYMOUTH,MIDDLEBOROUGH,304,woods,,,,12,,,Fire Wood
PLYMOUTH,WAREHAM,313,woods,,,,24,,,Fire Wood
PLYMOUTH,DUXBURV,295,woods,,,,30,,,Fire Wood
PLYMOUTH,PLYMOUTH,308,woods,,,,50,,,Fire Wood
PLYMOUTH,HINGHAM,300,Establishments Fire Arms,1,,100,1,,,fowling+AC0-pieces
PLYMOUTH,KINGSTON,302,distributed,,,500,2,,,Frames  Harnesses
PLYMOUTH,PLYMOUTH,308,fisheries,,,,18,,,Fresh  Fish and Lobsters
PLYMOUTH,HANOVER,297,Cotton Gin Manufactories,1,,500,1,,,gins
PLYMOUTH,BRIDGEWATER,292,Cotton Gin Manufactories,2,,65000,35,,,gins
PLYMOUTH,HINGHAM,299,Establishments Worsted Goods,1,,3000,,16,64,goods
PLYMOUTH,HINGHAM,299,Establishments  Bleaching or Coloring Cotton Goods not connected wit h Calico Establishments,1,,1500,5,,,goods bleached or colored
PLYMOUTH,BRIDGEWATER,292,Soap and Tallow Candle Manufactories,1,,1,,,,hard soap
PLYMOUTH,DUXBURV,296,Soap and Tallow Candle Manufactories,1,,1,1,,,hard soap
PLYMOUTH,HANSON,298,Soap Manufactories,2,,50,2,,,hard soap
PLYMOUTH,HANSON,298,Harness Manufactorics,1,,15,,,,harnesses
PLYMOUTH,MIDDLEBOROUGH,305,Hat and Cap Manufactories,1,,500,3,,,hats and caps
PLYMOUTH,ROCHESTER,309,Hat and Cap Manufactories,1,,133,1,,,hats and caps
PLYMOUTH,HINGHAM,300,Hat and Cap Manufactories,3,,1800,23,,,hats and caps
PLYMOUTH,HANOVER,297,Tanneries,2,,1150,3,,,hides tanned
PLYMOUTH,SCITUATE,311,Tanneries,1,,250,1,,,hides tanned
PLYMOUTH,WAREHAM,312,Tanneries,1,,1500,2,,,hides tanned
PLYMOUTH,PLYMOUTH,307,Tanneries,1,,3000,2,,,hides tanned
PLYMOUTH,HINGHAM,300,Tanneries,3,,10500,6,,,hides tanned
PLYMOUTH,CARVER,293,Furnaces     Hollow Ware  and  Castings  other   than Pig Iron,5,,23400,59,,,hollow ware and castings
PLYMOUTH,BRIDGEWATER,292,Furnaces    Hollow Ware and  Castings  other  than Pig  Iron,3,,3,,,,hollow ware and castings
PLYMOUTH,WAREHAM,313,Fu rnaces    Hollow Ware and Castings other than Pig Iron,3,,12500,33,,,hollow ware and castings
PLYMOUTH,MIDDLEBOROUGH,304,Furnaces     Hollow Ware  and Castings other than Pig Iron,1,,1000,18,,,hollow ware and castings
PLYMOUTH,HANOVER,297,Furnaces    Hollow Ware  and Castings other than Pig Iron,1,,1000,3,,,hollow ware and castings
PLYMOUTH,HINGHAM,299,Furnaces    Hollow Ware and Castings  other than Pig Iron,2,,11000,16,,,hollow ware and castings
PLYMOUTH,WAREHAM,312,Furnaces    Hollow Ware and Castings other than Pig Iron,1,,15000,15,,,hollow ware and castings
PLYMOUTH,KINGSTON,302,Pig Iron,1,,7000,10,,,hollow ware and castings
PLYMOUTH,MIDDLEBOROUGH,305,Musical Instrument Manufactories,1,,350,2,,,instruments
PLYMOUTH,PLYMOUTH,308,Rivet Manufactories,1,,10000,15,,,iron
PLYMOUTH,DUXBURV,295,Rolling Slitting and Nail Mills,1,,15000,30,,,iron and not made into nails
PLYMOUTH,WAREHAM,312,Rolling Slitting and Nail Mills,4,,1000000,450,,,iron and not made into nails
PLYMOUTH,PLYMOUTH,307,Rolling Slitting and Nail Mills,2,,100000,50,,,iron and not made into nails
PLYMOUTH,BRIDGEWATER,292,Rolling Slitting and Nail Mills,2,,,,,,iron and not made into nails
PLYMOUTH,BRIDGEWATER,292,Establishments Butts and Hinforges,1,,,,,,iron butts or hinforges
PLYMOUTH,PLYMPTON,309,distributed,,,,,3,,Iron Rivets
PLYMOUTH,KINGSTON,302,Tanneries,2,,2000,2,,,leather  tanned  and curried
PLYMOUTH,DUXBURV,296,distributed,,,1000,4,,,Leather curried
PLYMOUTH,HANSON,299,Tanneries,1,,700,1,,,leather tanned and curried
PLYMOUTH,ABINGTON,291,Tanneries,1,,2000,2,,,leather tanned and curried
PLYMOUTH,DUXBURV,294,Tanneries,2,,2050,3,,,leather tanned and curried
PLYMOUTH,SCITUATE,311,fisheries,,,,15,,,Lobsters taken
PLYMOUTH,HANSON,299,woods,,,,2,,,Lumber
PLYMOUTH,MIDDLEBOROUGH,304,woods,,,,16,,,Lumber
PLYMOUTH,PLYMPTON,309,woods,,,,40,,,Lumber
PLYMOUTH,HINGHAM,300,woods,,,,2,,,Lumber
PLYMOUTH,KINGSTON,302,woods,,,,3,,,Lumber
PLYMOUTH,DUXBURV,295,woods,,,,4,,,Lumber
PLYMOUTH,DUXBURV,296,woods,,,,5,,,Lumber
PLYMOUTH,WAREHAM,313,woods,,,,6,,,Lumber
PLYMOUTH,CARVER,293,woods,,,,10,,,Lumber
PLYMOUTH,WAREHAM,312,woods,,,,13,,,Lumber
PLYMOUTH,ROCHESTER,310,woods,,,,58,,,Lumber
PLYMOUTH,HALIFAX,297,woods,,,,20462,,,Lumber
PLYMOUTH,SCITUATE,311,woods,,,,3,,,Lumber
PLYMOUTH,MIDDLEBOROUGH,306,distributed,,,300,1,,,Machines  Rolling Leather
PLYMOUTH,HINGHAM,300,Vessels employed in Mackerel and Cod Fisheries,28,,28,311,,,mackerel
PLYMOUTH,HULL,301,Vessels employed in the Mackerel and Cod Fisheries,4,153,1500,23,,,mackerel
PLYMOUTH,SCITUATE,311,Vessels employed in the Mackerel and Cod Fisheries,9,,11525,77,,,mackerel
PLYMOUTH,DUXBURV,295,Vessels employed in the Mackerel and Cod Fisheries,9,759,12000,64,,,mackerel
PLYMOUTH,KINGSTON,302,Vessels employed in the Mackerel and Cod Fisheries,15,1418,30000,128,,,mackerel
PLYMOUTH,PLYMOUTH,308,Vessels employed in the Mackerel and Cod Fisheries,55,4000,104993,465,,,mackerel taken
PLYMOUTH,HINGHAM,300,distributed,,,,1,,,Mechanics' Tools
PLYMOUTH,MIDDLEBOROUGH,304,distributed,,,,1,,,Mechanics' Tools
PLYMOUTH,SCITUATE,311,distributed,,,,1,,,Mechanics' Tools
PLYMOUTH,MIDDLEBOROUGH,306,distributed,,,,19,,,Mechanics' Tools
PLYMOUTH,HANSON,298,Rolling Slitting and Nail Mills,1,,3000,10,,,nails
PLYMOUTH,MIDDLEBOROUGH,304,distributed,,,500,3,,,Nail Casks
PLYMOUTH,PLYMOUTH,307,Oil and Sperm Candle Manufactories,2,,45000,7,,,oil
PLYMOUTH,ROCHESTER,310,distributed,,,4500,,,,Oil Casks
PLYMOUTH,DUXBURV,296,distributed,,,3000,7,,,other
PLYMOUTH,MIDDLEBOROUGH,306,distributed,,,400,6,,,Packing Boxes
PLYMOUTH,PEMBROKE,306,distributed,,,1000,19,,,Packing Boxes
PLYMOUTH,HINGHAM,300,Plough  Manufactories,1,,800,2,,,ploughs and other agricultural tools
PLYMOUTH,WAREHAM,313,Plough Man ufactories,1,,250,1,,,ploughs and other agricultural tools
PLYMOUTH,KINGSTON,302,,,,,2,,,Potters' Ware
PLYMOUTH,KINGSTON,301,forges,2,,10000,5,,,iron anchors cables and other wrought iron
PLYMOUTH,DUXBURV,296,Saddle Harness and Trunk Manufactories,3,,200,2,,,Saddle Harness and Trunk
PLYMOUTH,MIDDLEBOROUGH,305,Saddle Harness and Trunk Manufactories,1,,300,3,,,Saddle Harness and Trunk
PLYMOUTH,KINGSTON,302,Saddle Harness and Trunk Manufactories,1,,400,1,,,Saddle Harness and Trunk
PLYMOUTH,WAREHAM,312,Saddle Harness and Trunk Manufactories,1,,500,2,,,Saddle Harness and Trunk
PLYMOUTH,HINGHAM,300,Saddle Harness and Trunk Manufactories,3,,500,3,,,Saddle Harness and Trunk
PLYMOUTH,DUXBURV,294,Saddle Harness and Trunk Manufactories,2,,625,3,,,Saddle Harness and Trunk
PLYMOUTH,PLYMOUTH,307,Saddle Harness and Trunk Manufactories,3,,1300,4,,,Saddle Harness and Trunk
PLYMOUTH,MIDDLEBOROUGH,304,Saddle Harness and Trunk Manufactories,1,,200,1,,,Saddle Harness and Trunk
PLYMOUTH,ABINGTON,291,Saddle Harness and Trunk Manufactories,1,,500,2,,,Saddle Harness and Trunk
PLYMOUTH,DUXBURV,294,Establishments Salt,4,,3600,4,,,salt
PLYMOUTH,WAREHAM,312,Establishments Salt,1,,4000,1,,,salt
PLYMOUTH,HULL,301,Establishments Salt,2,,4000,3,,,salt
PLYMOUTH,HINGHAM,300,Establishments Salt,2,,6800,2,,,salt
PLYMOUTH,ROCHESTER,310,Establishments Salt,10,,5250,10,,,salt
PLYMOUTH,PLYMPTON,309,Saw Mills,5,,,5,,,Saw Mills
PLYMOUTH,MARSHFIELD,303,Cotton Mills,2,,18000,,8,26,sheeting
PLYMOUTH,WAREHAM,313,woods,,,2050,7,,,shingles box boards and laths
PLYMOUTH,PLYMOUTH,308,woods,,,,4,,,Ship Thimbles
PLYMOUTH,PLYMPTON,309,distributed,,,,4,,,Ship timber
PLYMOUTH,PLYMPTON,309,distributed,,,1000,2,,,Shoe Boxes
PLYMOUTH,HANSON,299,distributed,,,4950,9,,,Shoe Boxes
PLYMOUTH,HANSON,299,Shoe Fitting Machines,36,,,1,,,Shoe Fitting Machines
PLYMOUTH,MIDDLEBOROUGH,306,Shoe Last and  Boot  Tree Manufactories,1,,1500,7,,,Shoe Last and  Boot  Tree
PLYMOUTH,PLYMPTON,309,distributed,,,,,50,24,Shoes
PLYMOUTH,ROCHESTER,310,distributed,,,800,1,,,Snuff Tobacco and Cigars
PLYMOUTH,MIDDLEBOROUGH,304,distributed,,,1500,3,,,Snuff Tobacco and Cigars
PLYMOUTH,MIDDLEBOROUGH,305,distributed,,,5200,9,,,Snuff Tobacco and Cigars
PLYMOUTH,KINGSTON,302,Soap and Tallow Candle Manufactories,1,,1000,2,,,soap
PLYMOUTH,ROCHESTER,310,Vessels employed in the Whale Fishery,14,2538,166210,294,,,sperm oil imported
PLYMOUTH,PLYMOUTH,308,Vessels employed in the Whale Fishery,5,998,77000,107,,,sperm oil imported
PLYMOUTH,KINGSTON,301,Cotton Mills,1,,6000,,1,12,spindles
PLYMOUTH,PLYMOUTH,307,Cotton Mills,5,,23400,,31,47,spindles
PLYMOUTH,WAREHAM,312,woods,,,5000,12,,,staves
PLYMOUTH,BRIDGEWATER,292,Paper Manufactories,1,,4400,6,,,stock consumed
PLYMOUTH,WAREHAM,313,distributed,,,,,,46,Straw Bonnets and Hats
PLYMOUTH,MIDDLEBOROUGH,304,distributed,,,,,,196,Straw Bonnets and Hats
PLYMOUTH,HANSON,298,distributed,,,,1,,,tack machines
PLYMOUTH,SCITUATE,311,Tack and Brad Manufactories,2,,9000,18,,,tacks and brads
PLYMOUTH,KINGSTON,302,Tack and Brad Manufactories,3,,,,,,tacks and brads
PLYMOUTH,HANSON,298,Tack and Brad Manufactories,3,,10000,25,,,tacks and brads
PLYMOUTH,DUXBURV,295,Tack and Brad Manufactories,2,,9000,50,,,tacks and brads
PLYMOUTH,MIDDLEBOROUGH,304,Tack and Brad Manufactories,1,,5000,4,,,tacks and brads
PLYMOUTH,BRIDGEWATER,292,Tack and Brad Manufactories,1,,10000,8,,,tacks and brads
PLYMOUTH,ABINGTON,291,Tack and Brad Manufactories,2,,11200,27,,,tacks and brads
PLYMOUTH,HANOVER,297,Tack and Brad Manufactories,2,,14000,12,,,tacks and brads
PLYMOUTH,PLYMPTON,309,distributed,,,,1,,,tacks and brads
PLYMOUTH,MIDDLEBOROUGH,304,Tin Ware Manufactories,2,,750,,,,Tin Ware
PLYMOUTH,DUXBURV,294,Tin Ware Manufactories,1,,3000,10,,,Tin Ware
PLYMOUTH,WAREHAM,312,Vessels employed in the Whale Fishery,6,136689750,116000,140,,,tonnage  sperm oil imported
PLYMOUTH,DUXBURV,295,Turning and Carving Establishments,1,,75,2,,,Turning  and  Carving
PLYMOUTH,MIDDLEBOROUGH,304,Establishments Rail+AC0-road Cars Coaches Chaises and other Vehicles,917,,2000,9,,,vehicles
PLYMOUTH,DUXBURV,294,Establishments Rail+AC0-road Cars Coaches Chaises and other Vehicles,2,,350,,,,vehicles
PLYMOUTH,DUXBURV,296,Establishments Rail+AC0-road Cars Coaches Chaises and other Vehicles,4,,2000,8,,,vehicles
PLYMOUTH,MIDDLEBOROUGH,305,Establishments Rail+AC0-road Cars Coaches Chaises and other Vehicles,1,,300,3,,,vehicles
PLYMOUTH,HANOVER,297,Establishments Rail+AC0-road Cars Coaches Chaises and other Vehicles,1,,200,2,,,vehicles
PLYMOUTH,CARVER,293,Establishments Rail+AC0-road Cars Coaches Chaises and other Vehicles,1,,700,2,,,vehicles
PLYMOUTH,PLYMOUTH,307,Establishments Rail+AC0-road Cars Coaches Chaises and other Vehicles,2,,1500,2,,,vehicles
PLYMOUTH,HINGHAM,300,Establishments Rail+AC0-road Cars Coaches Chaises and other Vehicles,3,,1500,7,,,vehicles
PLYMOUTH,WAREHAM,313,Establishments Wagons Sleighs and other Vehicles,2,,2000,5,,,vehicles
PLYMOUTH,HANSON,298,Wagon Manufactories,1,,100,1,,,vehicles
PLYMOUTH,SCITUATE,311,distributed,,,200,2,,,Wagons
PLYMOUTH,MIDDLEBOROUGH,305,Tin Ware and  Stove Manufactories,2,,2200,11,,,ware
PLYMOUTH,HINGHAM,300,Tin Ware Manufactories,2,,1400,4,,,ware
PLYMOUTH,PLYMOUTH,307,Tin Ware Manufactories,2,,3300,7,,,ware
PLYMOUTH,CARVER,294,distributed,,,,2,,,Willow Baskets
PLYMOUTH,HANOVER,298,distributed,,,,5,,,Wooden  Ware
PLYMOUTH,PLYMPTON,309,distributed,27000,,,4,,,Wooden Hoops prepared
PLYMOUTH,MIDDLEBOROUGH,304,distributed,,,,2,,,Wooden Ware
PLYMOUTH,HINGHAM,300,distributed,,,,84,,,Wooden Ware
PLYMOUTH,HALIFAX,296,Woollen Mills,2,,,,40,30,wool consumed
PLYMOUTH,PLYMPTON,309,Woollen Mills,1,,6000,5,,10,wool consumed
PLYMOUTH,DUXBURV,294,Woollen Mills,1,,4000,,,2,Yarn and not made into cloth
PLYMOUTH,WAREHAM,313,Manufactories Shovels Spades and Hoes,1,,12000,8,,,
PLYMOUTH,PLYMPTON,309,Manufactories Shovels Spades and Hoes,1,,10000,20,,,
PLYMOUTH,MIDDLEBOROUGH,304,Manufactories Shovels Spades and Hoes,3,,,38,,,
PLYMOUTH,MIDDLEBOROUGH,305,Manufactories Shovels Spades and Hoes,1,,500,2,,,
PLYMOUTH,KINGSTON,302,Vessels launched,3,337,,9,,,
PLYMOUTH,HANOVER,298,Vessels launched,2,365,,20,,,
PLYMOUTH,HINGHAM,300,Vessels launched,1,550,,20,,,
PLYMOUTH,PLYMOUTH,308,Vessels launched,4,299,,35,,,
PLYMOUTH,DUXBURV,295,Vessels launched,4,655,,45,,,
PLYMOUTH,ROCHESTER,310,Vessels launched,7,2068,,73,,,
PLYMOUTH,KINGSTON,302,Tack and Brad Manufactories,,,8500,15,,,
