county,city,page,manufacturing site,number  factories,tonnage,capital,employeeS,employeesM,employeesF,goods0
SUFFOLK,BOSTON,5,Glass  Cutting  Establishments,1,,100,,5,,glass
SUFFOLK,CHELSEA,7,Brass Found ries,1,,200,1,,,Brass
SUFFOLK,CHELSEA,7,Shovel Spade Fork and Hoe Manufactories,1,,200,2,,,Shovel Spade Fork and Hoe
SUFFOLK,BOSTON,6,Plume Manufactories,1,,400,,1,,plumes
SUFFOLK,BOSTON,6,Rivet and Spike Manufactories,1,,400,,12,,Rivet and Spike
SUFFOLK,CHELSEA,7,Tin+AC0-ware  Manufactories,2,,600,3,,,Tin+AC0-ware
SUFFOLK,CHELSEA,8,crops,,,700,,,,Indian Com or Maize raised
SUFFOLK,BOSTON,2,Clock  Manufactories,2,,800,3,,,clocks
SUFFOLK,BOSTON,5,India Rubber  Factories,1,,800,,3,,India Rubber
SUFFOLK,BOSTON,1,Establishments for m.  Hosiery,1,,1000,,2,4,woollen hose
SUFFOLK,BOSTON,5,Meteorological  Instrument  Manufactories,1,,1000,,2,,instru+//0Awv/9AK0- men ts
SUFFOLK,BOSTON,6,Magnetical Instrument Manufactories,2,,1000,,15,,instruments
SUFFOLK,CHELSEA,8,distributed,,,1000,,5,,Stone Ware
SUFFOLK,BOSTON,3,Comb Manufactories,1,,1050,2,,,combs
SUFFOLK,BOSTON,6,Morocco  Working   Establishments,2,,1300,,6,1,0
SUFFOLK,BOSTON,6,Philosophical Instrument Manufactories,2,,1500,,,,instruments
SUFFOLK,CHELSEA,8,distributed,,,2000,5,,,Whiting
SUFFOLK,CHELSEA,8,distributed,,,2000,8,,,Paper stained
SUFFOLK,BOSTON,6,Saw Manufactories,1,,2000,,4,,saws
SUFFOLK,BOSTON,2,MusicaUnstrument Manufactories (exclusive  organs and piano fortes),4,,2300,7,,,MusicaUnstrument
SUFFOLK,BOSTON,4,Cork Cutters,3,,2400,7,,5,Cork Cutters
SUFFOLK,BOSTON,4,Artificial Flower Manufactories,1,,2500,,,18,flowers
SUFFOLK,BOSTON,7,Truss Manufactories,2,,2500,,5,4,trusses
SUFFOLK,BOSTON,7,Watch  Crystal  Manufactories,1,,2500,,1,6,Watch  Crystal
SUFFOLK,BOSTON,5,File  Manufactories,2,,2700,,8,,File
SUFFOLK,CHELSEA,7,Establishments for m.  Salt,2,,3000,3,,,salt
SUFFOLK,BOSTON,2,Establishments for the making  Chemical Preparations,1,,3000,4,,,for the making  Chemical Preparations
SUFFOLK,CHELSEA,7,Shops for m.  Iron Railing Fences and Safes,1,,3000,23,,,for m.  Iron Railing Fences and Safes
SUFFOLK,BOSTON,7,Wire+AC0-work  Manufactories,4,,3000,,11,,Wire+AC0-work
SUFFOLK,BOSTON,4,Band  and  Fancy Box  Man ufactories,4,,3100,,,25,boxes
SUFFOLK,BOSTON,6,Plane Manufactories,4,,4100,,10,,planes
SUFFOLK,BOSTON,6,Silver Plating Establishments,3,,4100,,14,,plated  ware
SUFFOLK,BOSTON,1,Establishments   for  m.    Cutlery,2,,4700,11,,,for  m.    Cutlery
SUFFOLK,CHELSEA,7,Furnaces for m.  Hollow+AC0-ware and Castings other than pig iron,1,,5000,12,,,hollow+AC0-ware and castings
SUFFOLK,BOSTON,2,Flint Glass  Manufactories,2,,5000,60,,,glass
SUFFOLK,BOSTON,6,Mineral  Teeth  Manufactories,1,,5000,,5,,Mineral  Teeth
SUFFOLK,BOSTON,6,Printers' Ink Manufactories,1,,5000,,4,,ink
SUFFOLK,BOSTON,6,Packing Box Man ufactories,2,,5000,,7,,boxes
SUFFOLK,BOSTON,5,Black Lead Manufactories,1,,6000,,4,,Black Lead
SUFFOLK,BOSTON,7,Varnish  Manufactories,3,,6500,,5,,varnish
SUFFOLK,BOSTON,2,Lead Pipe Manufactories,1,,8000,3,,,Lead Pipe
SUFFOLK,BOSTON,4,Axletree Manufactories,1,,8000,,12,,axletrees
SUFFOLK,BOSTON,5,Fringe and Tassel Manufactories,2,,8200,,4,40,Fringe and Tassel
SUFFOLK,BOSTON,2,Cordage  Mnnufactories,3,,8500,27,,,cordage
SUFFOLK,BOSTON,5,Gold  Beater's  Establishments,3,,8500,,11,9,Gold  Beater's
SUFFOLK,BOSTON,4,Cooper's shops,11,,8850,,26,,Cooper's
SUFFOLK,BOSTON,3,Establishments for m.  Cannon,1,,10000,20,,,for m.  Cannon
SUFFOLK,BOSTON,5,Friction Match Manufactories,1,,10000,,10,30,matches
SUFFOLK,BOSTON,7,Visiting Card  Manufactories,1,,10000,,4,4,cards
SUFFOLK,CHELSEA,8,distributed,,,10150,24,,,Snuff Tobacco and Cigars :
SUFFOLK,BOSTON,5,Last Man nfactories,3,,10800,,27,,lasts
SUFFOLK,BOSTON,6,Saltpetre Refineries,4,,11000,,7,,Saltpetre
SUFFOLK,BOSTON,6,Root  Beer  Manufactories,5,,12000,,29,,beer
SUFFOLK,BOSTON,4,Balance  Manufactories,2,,13000,,19,,Balance
SUFFOLK,CHELSEA,8,distributed,,,13500,,2,,Corn ground
SUFFOLK,BOSTON,2,Establishments for m.  Britannia Ware.and Block Tin,3,,15000,13,,,for m.  Britannia Ware.and Block Tin
SUFFOLK,BOSTON,5,Camphor Refineries,1,,15000,,3,,Camphor
SUFFOLK,BOSTON,7,Steam Warming Apparatus Manufactories,1,,15000,,20,,Steam Warming Apparatus
SUFFOLK,BOSTON,2,Saddle Harness  and  Trunk  Manufactories,24,,15400,126,,,Saddle Harness  and  Trunk
SUFFOLK,BOSTON,1,Lock  Manufactories,6,,16200,40,,,locks
SUFFOLK,BOSTON,3,Linseed Oil Mills,1,,20000,10,,,oil
SUFFOLK,BOSTON,4,Vessels employed in Whale Fishery,2,276,23000,43,,,sperm oil imported
SUFFOLK,BOSTON,7,Umbrella and Parasol Manttfactories,7,,23600,,27,,Umbrella and Parasol
SUFFOLK,BOSTON,6,Paper  Hanging Manufactories,9,,24000,,54,6,paper
SUFFOLK,BOSTON,1,Plough Manufactories,1,,25000,30,,,ploughs and other agricultural tools
SUFFOLK,BOSTON,4,Blank Book Manufactories,9,,27500,,42,16,books
SUFFOLK,BOSTON,5,Looking Glass and Picture Frame Manufactories,8,,28975,,,,frames
SUFFOLK,BOSTON,6,Organ Man ufactories,2,,30000,,26,,organs
SUFFOLK,BOSTON,2,Soap and Tallow Candle  Manufactories,7,,32300,24,,,hard  soap
SUFFOLK,BOSTON,6,Pickle and Preserve Man ufactories,2,,38000,,18,13,Pickle and Preserve
SUFFOLK,BOSTON,7,Type  and Stereotype  Foundries,3,,40000,,85,30,types +ACY-c made in two foundries
SUFFOLK,BOSTON,4,Coppersmith's  shops,14,,43000,,90,,Coppersmith's
SUFFOLK,BOSTON,3,Chair and Cabinet+AC0-ware Manufactories,35,,48450,159,,,0
SUFFOLK,BOSTON,2,Shops for m.   Iron Railing Fence and Safes,6,,50000,64,,,for m.   Iron Railing Fence and Safes
SUFFOLK,BOSTON,6,Salmratus Manufactories,9,,50000,,17,,salmratus
SUFFOLK,BOSTON,2,Brush  Manufactories,4,,50800,,66,22,Brush
SUFFOLK,BOSTON,3,distributed,,,50924,,35,30,Snuff Tobacco and Cigars
SUFFOLK,BOSTON,7,Spirits  Turpentine Manufactories,3,,53500,,12,,Spirits  Turpentine
SUFFOLK,BOSTON,2,Establishments for m.  Coaches Chaises Wagons Sleighs and other vehicles,23,,54300,150,,,vehicles
SUFFOLK,BOSTON,5,Globe Man ufactories,1,,60003,,60003,1,globes
SUFFOLK,BOSTON,4,Bakeries,47,,60250,,171,,bread  +ACY-C.
SUFFOLK,BOSTON,2,Establishments for m.  Gold and Silver Ware and Jewelry,19,,65025,118,,,for m.  Gold and Silver Ware and Jewelry
SUFFOLK,BOSTON,2,Hat and Cap Manufactories,46,,67350,,137,293,hats and caps
SUFFOLK,BOSTON,5,Currier's Establishments,20,,69600,82,,,leather dressed
SUFFOLK,BOSTON,5,Lamp Manufactories,6,,76550,,102,12,lamps
SUFFOLK,BOSTON,1,Forges,1,,80000,25,,,chain cables
SUFFOLK,BOSTON,5,Furriers Establish ments,15,,80300,32,,119,Furriers Establish ments
SUFFOLK,BOSTON,4,Vessels employed in Mackerel aud Cod fisheries,37,20,80634,348,,,mackerel taken
SUFFOLK,BOSTON,5,Lard Oil Manufactories,4,,85000,,19,,oil
SUFFOLK,BOSTON,2,Upholstery   Manufactories,35,,93100,,91,93,Upholstery
SUFFOLK,BOSTON,3,Establishments for m.  White Lead +//0Awv/9ALc-and other paints,1,,100000,30,,,white lead
SUFFOLK,BOSTON,4,Breweries,2,,110000,,18,,Breweries
SUFFOLK,BOSTON,2,Brass  Foundries,8,,119700,82,,,Brass
SUFFOLK,BOSTON,1,Establishments for m.  Steam Engines boilers and locomo+//0Awv/9AK0-tives,2,,120000,210,,,for m.  Steam Engines boilers and locomo+//0Awv/9AK0-tives
SUFFOLK,BOSTON,3,Tin  and Sheet  Iron  Manufactories,52,,145700,218,,,Tin  and Sheet  Iron
SUFFOLK,BOSTON,5,Distilleries,9,,174500,,47,,quantity    spirit
SUFFOLK,BOSTON,1,Establishmen ts for  m.   Machinery,19,,193300,404,,,for  m.   Machinery
SUFFOLK,BOSTON,1,Furnaces for m.   Castings other than pig iron,6,,219500,273,,,castings
SUFFOLK,BOSTON,2,Oil  and  Sperm  Candle  Manufactories,8,,240500,76,,,oil
SUFFOLK,BOSTON,6,Piano  Forte  Manufactories,13,,256000,,368,,instruments
SUFFOLK,BOSTON,5,Gas Manufactories,1,,275000,,50,,gas .
SUFFOLK,BOSTON,2,Sugar Refineries,2,,410000,106,,,sugar refined
SUFFOLK,BOSTON,3,distributed,,,,1,,,Whips
SUFFOLK,BOSTON,3,distributed,,,,1,,,Blacking
SUFFOLK,CHELSEA,8,distributed,,,,1,,,Blacking
SUFFOLK,CHELSEA,7,Soap Manufactories,1,,,3,,,soap
SUFFOLK,BOSTON,1,Shops  for m.    Fire  Engines,1,,,6,,,number
SUFFOLK,BOSTON,3,distributed,,,,7,,,Mathematical  Instruments
SUFFOLK,BOSTON,3,workshops,,,,10,,,Boats built
SUFFOLK,CHELSEA,8,distributed,,,,12,,,Boots and Shoes
SUFFOLK,CHELSEA,7,Tanneries,1,,,20,,,Tanneries
SUFFOLK,BOSTON,3,distributed,,,,21,,,Wooden+AC0-ware not otherwise enumerated including Farming utensils
SUFFOLK,BOSTON,3,distributed,,,,30,,,Bricks
SUFFOLK,BOSTON,3,distributed,,,,54,,,Blocks and Pumps
SUFFOLK,BOSTON,3,Vessels launched,8,2013,,55,,,
SUFFOLK,CHELSEA,8,quarries,,,,61,,,Bricks
SUFFOLK,BOSTON,3,quarries,,,,161,,,Marble prepared for market
SUFFOLK,BOSTON,3,distributed,,,,250,,,Building Stone prepared
SUFFOLK,BOSTON,3,distributed,,,,,275,78,Boots
SUFFOLK,BOSTON,3,distributed,,,,,,64,Straw Bonnets and Hats :
SUFFOLK,BOSTON,6,Optical Instrument Manufactories,2,,,,8,,instruments
SUFFOLK,CHELSEA,8,distributed,,,,,1,,Spice ground
